smiles,sigma_area,sigma_p_0,sigma_p_1,sigma_p_2,sigma_p_3,sigma_p_4,sigma_p_5,sigma_p_6,sigma_p_7,sigma_p_8,sigma_p_9,sigma_p_10,sigma_p_11,sigma_p_12,sigma_p_13,sigma_p_14,sigma_p_15,sigma_p_16,sigma_p_17,sigma_p_18,sigma_p_19,sigma_p_20,sigma_p_21,sigma_p_22,sigma_p_23,sigma_p_24,sigma_p_25,sigma_p_26,sigma_p_27,sigma_p_28,sigma_p_29,sigma_p_30,sigma_p_31,sigma_p_32,sigma_p_33,sigma_p_34,sigma_p_35,sigma_p_36,sigma_p_37,sigma_p_38,sigma_p_39,sigma_p_40,sigma_p_41,sigma_p_42,sigma_p_43,sigma_p_44,sigma_p_45,sigma_p_46,sigma_p_47,sigma_p_48,sigma_p_49,sigma_p_50,v_cosmo
C,56.00743999999999,0.0,0.0,0.0,0.0,0.0,0.0,0.0,0.0,0.0,0.0,0.0,0.0,0.0,0.0,0.0,0.0,0.0,0.0,0.0,0.0,0.0,2.70820528367328,5.456914716326702,8.984791791749657,5.88970293151595,6.03013126806407,7.29041678653869,15.823606926027496,3.82367029610415,0.0,0.0,0.0,0.0,0.0,0.0,0.0,0.0,0.0,0.0,0.0,0.0,0.0,0.0,0.0,0.0,0.0,0.0,0.0,0.0,0.0,0.0,37.95554
CC,77.55931000000011,0.0,0.0,0.0,0.0,0.0,0.0,0.0,0.0,0.0,0.0,0.0,0.0,0.0,0.0,0.0,0.0,0.0,0.0,0.0,0.0,0.0,0.198799547014486,7.401171457276471,9.896690544847653,15.425346806106598,10.1030053183925,14.971025993972198,17.035798062666792,2.52747226972342,0.0,0.0,0.0,0.0,0.0,0.0,0.0,0.0,0.0,0.0,0.0,0.0,0.0,0.0,0.0,0.0,0.0,0.0,0.0,0.0,0.0,0.0,58.80969
CCC,97.62584999999991,0.0,0.0,0.0,0.0,0.0,0.0,0.0,0.0,0.0,0.0,0.0,0.0,0.0,0.0,0.0,0.0,0.0,0.0,0.0,0.0,0.0,0.553394481501168,9.49494217575356,14.1121567601163,19.2641540193319,13.0603307833766,15.9882698465905,16.810671192795695,7.99005757305194,0.351873167482263,2.7722836736938975e-16,0.0,0.0,0.0,0.0,0.0,0.0,0.0,0.0,0.0,0.0,0.0,0.0,0.0,0.0,0.0,0.0,0.0,0.0,0.0,0.0,80.70296
CC(C)C,115.69517999999997,0.0,0.0,0.0,0.0,0.0,0.0,0.0,0.0,0.0,0.0,0.0,0.0,0.0,0.0,0.0,0.0,0.0,0.0,0.0,0.0,0.0,0.634894863692025,11.466097353914904,18.138549907585805,24.110810392814496,14.930240522718,14.5430131256388,17.1522826168043,13.8203366720081,0.898954544823542,7.705717361025529e-16,0.0,0.0,0.0,0.0,0.0,0.0,0.0,0.0,0.0,0.0,0.0,0.0,0.0,0.0,0.0,0.0,0.0,0.0,0.0,0.0,103.40846
CCCC,117.34339,0.0,0.0,0.0,0.0,0.0,0.0,0.0,0.0,0.0,0.0,0.0,0.0,0.0,0.0,0.0,0.0,0.0,0.0,0.0,0.0,0.0,0.544588135073877,9.800654396249534,17.897266022941903,23.9077512052113,17.5435397896482,18.2584038556234,19.214297548237894,9.84334519690273,0.333543850111165,2.8942343134159553e-16,0.0,0.0,0.0,0.0,0.0,0.0,0.0,0.0,0.0,0.0,0.0,0.0,0.0,0.0,0.0,0.0,0.0,0.0,0.0,0.0,102.43321
CCCCC,137.25438000000003,0.0,0.0,0.0,0.0,0.0,0.0,0.0,0.0,0.0,0.0,0.0,0.0,0.0,0.0,0.0,0.0,0.0,0.0,0.0,0.0,0.0,0.535564144503046,9.995777506829675,21.593446680140502,28.9729047723171,21.7793170385928,21.5974119367496,20.488963502122196,11.906394677346,0.38459974139912,3.426086067658879e-16,0.0,0.0,0.0,0.0,0.0,0.0,0.0,0.0,0.0,0.0,0.0,0.0,0.0,0.0,0.0,0.0,0.0,0.0,0.0,0.0,124.3021
CCC(C)C,133.44354000000004,0.0,0.0,0.0,0.0,0.0,0.0,0.0,0.0,0.0,0.0,0.0,0.0,0.0,0.0,0.0,0.0,0.0,0.0,0.0,0.0,0.0,0.702777946027283,12.646889674412604,20.195147153679603,27.514643527215597,17.9940148863977,19.2494742855239,21.0742714997614,13.1048904546379,0.961430572344065,8.01276912265564e-16,0.0,0.0,0.0,0.0,0.0,0.0,0.0,0.0,0.0,0.0,0.0,0.0,0.0,0.0,0.0,0.0,0.0,0.0,0.0,0.0,124.67696
CC(C)(C)C,130.2498,0.0,0.0,0.0,0.0,0.0,0.0,0.0,0.0,0.0,0.0,0.0,0.0,0.0,0.0,0.0,0.0,0.0,0.0,0.0,0.0,0.0,0.941707446433869,14.386381423583904,24.1352784962425,24.966041911185297,12.7019242665418,12.9957522766262,18.4810068379711,20.2185181880598,1.42318915335551,1.1352194534981118e-15,0.0,0.0,0.0,0.0,0.0,0.0,0.0,0.0,0.0,0.0,0.0,0.0,0.0,0.0,0.0,0.0,0.0,0.0,0.0,0.0,125.33547
CCCCCC,157.18793000000008,0.0,0.0,0.0,0.0,0.0,0.0,0.0,0.0,0.0,0.0,0.0,0.0,0.0,0.0,0.0,0.0,0.0,0.0,0.0,0.0,0.0,0.534265081259704,10.468583649590204,24.746686544328803,34.1311966386804,26.0638754078105,24.8653889030593,22.175454397475995,13.8396894388992,0.362789938895962,3.209506082381276e-16,0.0,0.0,0.0,0.0,0.0,0.0,0.0,0.0,0.0,0.0,0.0,0.0,0.0,0.0,0.0,0.0,0.0,0.0,0.0,0.0,146.12927
CCCC(C)C,153.20012999999994,0.0,0.0,0.0,0.0,0.0,0.0,0.0,0.0,0.0,0.0,0.0,0.0,0.0,0.0,0.0,0.0,0.0,0.0,0.0,0.0,0.0,0.658147607015329,12.952476794225303,23.944564164995004,32.6239128887292,21.977495135139,22.3909915482031,22.538344776598496,15.0283957318818,1.0858013532127,1.0263880259259524e-15,0.0,0.0,0.0,0.0,0.0,0.0,0.0,0.0,0.0,0.0,0.0,0.0,0.0,0.0,0.0,0.0,0.0,0.0,0.0,0.0,146.47461
CCC(C)CC,151.00224,0.0,0.0,0.0,0.0,0.0,0.0,0.0,0.0,0.0,0.0,0.0,0.0,0.0,0.0,0.0,0.0,0.0,0.0,0.0,0.0,0.0,1.16509316084061,13.700186187398703,21.604671645346503,30.853125651651997,21.3542212221169,23.4702632959238,26.084655657217393,11.8606032949455,0.90941988455859,8.189018703127774e-16,0.0,0.0,0.0,0.0,0.0,0.0,0.0,0.0,0.0,0.0,0.0,0.0,0.0,0.0,0.0,0.0,0.0,0.0,0.0,0.0,145.62074
CCC(C)(C)C,146.27045999999996,0.0,0.0,0.0,0.0,0.0,0.0,0.0,0.0,0.0,0.0,0.0,0.0,0.0,0.0,0.0,0.0,0.0,0.0,0.0,0.0,0.0,0.890524519020398,15.515756873847604,25.0418911104556,28.508711340113297,16.1314652393641,18.2859090227953,21.9601491387205,18.217488374021,1.71856438166216,1.5281800129380065e-15,0.0,0.0,0.0,0.0,0.0,0.0,0.0,0.0,0.0,0.0,0.0,0.0,0.0,0.0,0.0,0.0,0.0,0.0,0.0,0.0,146.22012
CC(C)C(C)C,147.3467599999999,0.0,0.0,0.0,0.0,0.0,0.0,0.0,0.0,0.0,0.0,0.0,0.0,0.0,0.0,0.0,0.0,0.0,0.0,0.0,0.0,0.0,0.876565835513199,14.920146755189103,22.898951438658106,29.203238839117095,20.0030599991048,19.4274884292351,22.483183123969695,15.58924936706,1.94487621215281,1.6327352728221405e-15,0.0,0.0,0.0,0.0,0.0,0.0,0.0,0.0,0.0,0.0,0.0,0.0,0.0,0.0,0.0,0.0,0.0,0.0,0.0,0.0,145.97466
CCCCCCC,176.93428000000003,0.0,0.0,0.0,0.0,0.0,0.0,0.0,0.0,0.0,0.0,0.0,0.0,0.0,0.0,0.0,0.0,0.0,0.0,0.0,0.0,0.0,0.527077517391213,10.876584417604208,28.072473469654906,39.3241479573832,30.0667936678952,28.341227226513,23.341796255680595,16.1121778348607,0.272001653017021,2.5402329491505652e-16,0.0,0.0,0.0,0.0,0.0,0.0,0.0,0.0,0.0,0.0,0.0,0.0,0.0,0.0,0.0,0.0,0.0,0.0,0.0,0.0,167.98102
CCCCC(C)C,173.31560000000007,0.0,0.0,0.0,0.0,0.0,0.0,0.0,0.0,0.0,0.0,0.0,0.0,0.0,0.0,0.0,0.0,0.0,0.0,0.0,0.0,0.0,0.621010877783307,13.356032098762704,27.489948260648404,37.7055522685234,26.1211537718015,25.2732996691979,24.787944350517797,16.8906293585561,1.07002934420897,9.732417375184034e-16,0.0,0.0,0.0,0.0,0.0,0.0,0.0,0.0,0.0,0.0,0.0,0.0,0.0,0.0,0.0,0.0,0.0,0.0,0.0,0.0,168.45948
CCCC(C)CC,170.99966000000018,0.0,0.0,0.0,0.0,0.0,0.0,0.0,0.0,0.0,0.0,0.0,0.0,0.0,0.0,0.0,0.0,0.0,0.0,0.0,0.0,0.0,1.08984715512233,14.099008507442903,25.301864719968705,35.9775370191069,25.182862237117,26.8595728897236,27.501480818343097,13.9630449678876,1.02444168528805,9.053057395899348e-16,0.0,0.0,0.0,0.0,0.0,0.0,0.0,0.0,0.0,0.0,0.0,0.0,0.0,0.0,0.0,0.0,0.0,0.0,0.0,0.0,167.57786
CCC(CC)CC,166.60221000000007,0.0,0.0,0.0,0.0,0.0,0.0,0.0,0.0,0.0,0.0,0.0,0.0,0.0,0.0,0.0,0.0,0.0,0.0,0.0,0.0,0.0,0.840826051062603,12.775871308153306,24.710903337227503,35.5259183932781,26.5528174664329,25.3249068278997,27.370219148872792,12.737652986606,0.763094480467179,7.183083762087807e-16,0.0,0.0,0.0,0.0,0.0,0.0,0.0,0.0,0.0,0.0,0.0,0.0,0.0,0.0,0.0,0.0,0.0,0.0,0.0,0.0,168.23201
CCCC(C)(C)C,165.98708000000008,0.0,0.0,0.0,0.0,0.0,0.0,0.0,0.0,0.0,0.0,0.0,0.0,0.0,0.0,0.0,0.0,0.0,0.0,0.0,0.0,0.0,0.753484076242435,15.739656326174906,28.256805213360003,34.7033596110567,19.9415276171833,21.1261159383168,23.6744651248014,19.6875058853921,2.10416020747243,1.8467144284588604e-15,0.0,0.0,0.0,0.0,0.0,0.0,0.0,0.0,0.0,0.0,0.0,0.0,0.0,0.0,0.0,0.0,0.0,0.0,0.0,0.0,168.07074
CCC(C)C(C)C,165.00478,0.0,0.0,0.0,0.0,0.0,0.0,0.0,0.0,0.0,0.0,0.0,0.0,0.0,0.0,0.0,0.0,0.0,0.0,0.0,0.0,0.0,0.969812123829813,16.808835976935004,22.631468693991007,35.1936705750019,21.9482165138074,23.7292150869741,27.059941211229297,14.8983280111655,1.765291807066,1.5280037806469437e-15,0.0,0.0,0.0,0.0,0.0,0.0,0.0,0.0,0.0,0.0,0.0,0.0,0.0,0.0,0.0,0.0,0.0,0.0,0.0,0.0,167.02001
CC(C)CC(C)C,167.3828,0.0,0.0,0.0,0.0,0.0,0.0,0.0,0.0,0.0,0.0,0.0,0.0,0.0,0.0,0.0,0.0,0.0,0.0,0.0,0.0,0.0,0.677763297007143,13.410227670844703,27.031995018621803,36.685457789799,25.0327108135552,21.3466638681396,23.794096438677094,17.8034307212388,1.60045438211665,1.4560091337281392e-15,0.0,0.0,0.0,0.0,0.0,0.0,0.0,0.0,0.0,0.0,0.0,0.0,0.0,0.0,0.0,0.0,0.0,0.0,0.0,0.0,168.82859
CCC(C)(C)CC,161.26507000000004,0.0,0.0,0.0,0.0,0.0,0.0,0.0,0.0,0.0,0.0,0.0,0.0,0.0,0.0,0.0,0.0,0.0,0.0,0.0,0.0,0.0978496911412875,1.941128105625,14.986122922580304,27.4836977679982,29.772866561021097,19.9978987876544,22.1670141269823,25.370502816841896,17.7357772115461,1.71221200860945,1.4780320523233065e-15,0.0,0.0,0.0,0.0,0.0,0.0,0.0,0.0,0.0,0.0,0.0,0.0,0.0,0.0,0.0,0.0,0.0,0.0,0.0,0.0,166.64671
CC(C)C(C)(C)C,159.16066,0.0,0.0,0.0,0.0,0.0,0.0,0.0,0.0,0.0,0.0,0.0,0.0,0.0,0.0,0.0,0.0,0.0,0.0,0.0,0.0,0.0,1.10526698407783,19.344966065136504,24.872632566765805,29.844517263926896,18.4866423167433,19.7810681913799,22.4184569663645,20.6990624399524,2.60804720565284,2.131305968536683e-15,0.0,0.0,0.0,0.0,0.0,0.0,0.0,0.0,0.0,0.0,0.0,0.0,0.0,0.0,0.0,0.0,0.0,0.0,0.0,0.0,166.63785
CCCCCCCC,197.0283900000001,0.0,0.0,0.0,0.0,0.0,0.0,0.0,0.0,0.0,0.0,0.0,0.0,0.0,0.0,0.0,0.0,0.0,0.0,0.0,0.0,0.0,0.523936875233506,11.24725171179191,31.223987464663807,44.6671636146106,34.2689440738784,31.9346510053684,25.110120767241696,17.661629677113,0.390704810098711,3.30389808266834e-16,0.0,0.0,0.0,0.0,0.0,0.0,0.0,0.0,0.0,0.0,0.0,0.0,0.0,0.0,0.0,0.0,0.0,0.0,0.0,0.0,189.79275
CCCCCC(C)C,193.13859000000008,0.0,0.0,0.0,0.0,0.0,0.0,0.0,0.0,0.0,0.0,0.0,0.0,0.0,0.0,0.0,0.0,0.0,0.0,0.0,0.0,0.0,0.606968922579871,13.326962499068507,31.149149755227903,43.0732002391436,30.0246168419074,29.2542211865699,25.908161954037997,18.6744874467893,1.12082115467558,8.947389325228184e-16,0.0,0.0,0.0,0.0,0.0,0.0,0.0,0.0,0.0,0.0,0.0,0.0,0.0,0.0,0.0,0.0,0.0,0.0,0.0,0.0,190.50564
CCCCC(C)CC,190.8589499999999,0.0,0.0,0.0,0.0,0.0,0.0,0.0,0.0,0.0,0.0,0.0,0.0,0.0,0.0,0.0,0.0,0.0,0.0,0.0,0.0,0.0,1.07865864578794,13.980251855440308,29.329562847630804,41.1744640910291,29.2557308394714,29.779256686612,29.509033837021192,15.7551326698227,0.996858527184458,8.545343052100627e-16,0.0,0.0,0.0,0.0,0.0,0.0,0.0,0.0,0.0,0.0,0.0,0.0,0.0,0.0,0.0,0.0,0.0,0.0,0.0,0.0,189.39249
CCCC(C)CCC,191.01498999999995,0.0,0.0,0.0,0.0,0.0,0.0,0.0,0.0,0.0,0.0,0.0,0.0,0.0,0.0,0.0,0.0,0.0,0.0,0.0,0.0,0.0,0.81769450173252,14.815363962295406,29.015657638789303,40.8248857450175,29.1424722952314,30.248677359598,29.22712577806769,15.8127715781326,1.11034114113554,9.35188763251532e-16,0.0,0.0,0.0,0.0,0.0,0.0,0.0,0.0,0.0,0.0,0.0,0.0,0.0,0.0,0.0,0.0,0.0,0.0,0.0,0.0,189.5453
CCCC(CC)CC,186.66897999999992,0.0,0.0,0.0,0.0,0.0,0.0,0.0,0.0,0.0,0.0,0.0,0.0,0.0,0.0,0.0,0.0,0.0,0.0,0.0,0.0,0.0,0.638100248647882,13.495871490353307,28.398355027687504,40.1599965346468,30.5942622885767,29.0199627045261,28.577732014375695,14.9263897099005,0.858309981285464,7.180597299968419e-16,0.0,0.0,0.0,0.0,0.0,0.0,0.0,0.0,0.0,0.0,0.0,0.0,0.0,0.0,0.0,0.0,0.0,0.0,0.0,0.0,190.31378
CCCCC(C)(C)C,185.82645000000016,0.0,0.0,0.0,0.0,0.0,0.0,0.0,0.0,0.0,0.0,0.0,0.0,0.0,0.0,0.0,0.0,0.0,0.0,0.0,0.0,0.0,0.765049104766053,15.783328526653808,33.2985311053264,38.3517218069461,23.4905138424137,24.8224351595897,25.1466731005523,22.284205434624,1.88399191912807,1.6549886039083032e-15,0.0,0.0,0.0,0.0,0.0,0.0,0.0,0.0,0.0,0.0,0.0,0.0,0.0,0.0,0.0,0.0,0.0,0.0,0.0,0.0,189.64276
CCCC(C)C(C)C,184.9036200000001,0.0,0.0,0.0,0.0,0.0,0.0,0.0,0.0,0.0,0.0,0.0,0.0,0.0,0.0,0.0,0.0,0.0,0.0,0.0,0.0,0.0,0.903589193872646,16.358968055247903,28.415687840489905,38.4198995461228,26.2482285310021,27.5503671240638,28.327815820340597,16.8020167788917,1.87704710996865,1.610416833971583e-15,0.0,0.0,0.0,0.0,0.0,0.0,0.0,0.0,0.0,0.0,0.0,0.0,0.0,0.0,0.0,0.0,0.0,0.0,0.0,0.0,188.97705
CCC(C)CC(C)C,185.17106000000013,0.0,0.0,0.0,0.0,0.0,0.0,0.0,0.0,0.0,0.0,0.0,0.0,0.0,0.0,0.0,0.0,0.0,0.0,0.0,0.0,0.0,1.07860514223259,14.152565408540408,29.320338963465304,39.8070887481406,28.0640062104471,25.9214008849953,28.4957386883786,16.833445882445,1.49787007135523,1.3084510318571892e-15,0.0,0.0,0.0,0.0,0.0,0.0,0.0,0.0,0.0,0.0,0.0,0.0,0.0,0.0,0.0,0.0,0.0,0.0,0.0,0.0,189.93692
CC(C)CCC(C)C,188.3298500000002,0.0,0.0,0.0,0.0,0.0,0.0,0.0,0.0,0.0,0.0,0.0,0.0,0.0,0.0,0.0,0.0,0.0,0.0,0.0,0.0,0.0,0.6830491361424,15.076716036944608,30.544620547443003,42.23757596605439,25.5756415189564,26.2039683192965,26.617530339207995,19.5800219969061,1.81072613904878,1.6523874194356533e-15,0.0,0.0,0.0,0.0,0.0,0.0,0.0,0.0,0.0,0.0,0.0,0.0,0.0,0.0,0.0,0.0,0.0,0.0,0.0,0.0,190.18599
CCCC(C)(C)CC,180.88696,0.0,0.0,0.0,0.0,0.0,0.0,0.0,0.0,0.0,0.0,0.0,0.0,0.0,0.0,0.0,0.0,0.0,0.0,0.0,0.0,0.0,1.37617443971704,16.081759660130608,30.403168015405704,36.225916849892,23.0171462286919,26.1459992571265,26.433490561474496,19.1303304626592,2.07297452490256,1.6631871106991939e-15,0.0,0.0,0.0,0.0,0.0,0.0,0.0,0.0,0.0,0.0,0.0,0.0,0.0,0.0,0.0,0.0,0.0,0.0,0.0,0.0,188.4088
CCC(C)C(C)CC,182.534,0.0,0.0,0.0,0.0,0.0,0.0,0.0,0.0,0.0,0.0,0.0,0.0,0.0,0.0,0.0,0.0,0.0,0.0,0.0,0.0,0.0,2.34509296883923,16.968182874367802,23.401125227030303,37.9981138907964,25.1128890622491,29.8995534387646,31.94554330217139,13.4955429533032,1.36795628247797,1.29818195833274e-15,0.0,0.0,0.0,0.0,0.0,0.0,0.0,0.0,0.0,0.0,0.0,0.0,0.0,0.0,0.0,0.0,0.0,0.0,0.0,0.0,187.44909
CCC(CC)C(C)C,180.9661600000001,0.0,0.0,0.0,0.0,0.0,0.0,0.0,0.0,0.0,0.0,0.0,0.0,0.0,0.0,0.0,0.0,0.0,0.0,0.0,0.0,0.0,2.13272611452535,15.538440222986903,25.39005851587161,37.8481535049692,26.9571971831149,25.7315779250103,30.518939238201593,15.4625623670219,1.38650492829828,1.294546645762014e-15,0.0,0.0,0.0,0.0,0.0,0.0,0.0,0.0,0.0,0.0,0.0,0.0,0.0,0.0,0.0,0.0,0.0,0.0,0.0,0.0,189.24398
CCC(C)(CC)CC,176.73765000000014,0.0,0.0,0.0,0.0,0.0,0.0,0.0,0.0,0.0,0.0,0.0,0.0,0.0,0.0,0.0,0.0,0.0,0.0,0.0,0.0,0.0472011502520221,1.70312013326767,15.252890493280203,27.703989772959503,34.7360870975133,24.3209250823532,27.1571082136799,28.71529975145519,15.3847346914989,1.71629361374024,1.4441588502234926e-15,0.0,0.0,0.0,0.0,0.0,0.0,0.0,0.0,0.0,0.0,0.0,0.0,0.0,0.0,0.0,0.0,0.0,0.0,0.0,0.0,187.57068
CCC(C)C(C)(C)C,176.70743000000007,0.0,0.0,0.0,0.0,0.0,0.0,0.0,0.0,0.0,0.0,0.0,0.0,0.0,0.0,0.0,0.0,0.0,0.0,0.0,0.0,0.0,1.65798870880496,19.389406433454003,26.6476271318952,34.9245722763755,20.6319271370151,23.9596298689182,27.443280142508897,19.6120737360473,2.44092456498092,1.9272912305863804e-15,0.0,0.0,0.0,0.0,0.0,0.0,0.0,0.0,0.0,0.0,0.0,0.0,0.0,0.0,0.0,0.0,0.0,0.0,0.0,0.0,187.69193
CC(C)CC(C)(C)C,179.59978000000012,0.0,0.0,0.0,0.0,0.0,0.0,0.0,0.0,0.0,0.0,0.0,0.0,0.0,0.0,0.0,0.0,0.0,0.0,0.0,0.0,0.0,1.20544459521767,17.246728828588406,31.200306918790403,36.7688107617835,21.2479486111281,20.7564526037666,25.7969236157904,23.1840086687101,2.19315539622493,1.7602433912944045e-15,0.0,0.0,0.0,0.0,0.0,0.0,0.0,0.0,0.0,0.0,0.0,0.0,0.0,0.0,0.0,0.0,0.0,0.0,0.0,0.0,191.13904
CCC(C)(C)C(C)C,174.62279000000012,0.0,0.0,0.0,0.0,0.0,0.0,0.0,0.0,0.0,0.0,0.0,0.0,0.0,0.0,0.0,0.0,0.0,0.0,0.0,0.0,0.0,1.27441096146432,20.288666512760603,24.518479593452003,34.1593519372852,21.8851801396771,24.8901902097015,26.614303840955895,18.3219300874665,2.67027671723698,2.299042475923928e-15,0.0,0.0,0.0,0.0,0.0,0.0,0.0,0.0,0.0,0.0,0.0,0.0,0.0,0.0,0.0,0.0,0.0,0.0,0.0,0.0,186.70317
CC(C)C(C)C(C)C,176.56630999999996,0.0,0.0,0.0,0.0,0.0,0.0,0.0,0.0,0.0,0.0,0.0,0.0,0.0,0.0,0.0,0.0,0.0,0.0,0.0,0.0,0.0,1.80799476772728,18.298277577777505,24.981340649353303,35.8904233973661,24.2039171993933,24.2070292937624,25.752970621891897,19.1219865885552,2.30236990417298,1.8893886757378338e-15,0.0,0.0,0.0,0.0,0.0,0.0,0.0,0.0,0.0,0.0,0.0,0.0,0.0,0.0,0.0,0.0,0.0,0.0,0.0,0.0,188.14286
CC(C)(C)C(C)(C)C,170.13661000000002,0.0,0.0,0.0,0.0,0.0,0.0,0.0,0.0,0.0,0.0,0.0,0.0,0.0,0.0,0.0,0.0,0.0,0.0,0.0,0.0,0.0,2.69541698312403,23.4819052190741,23.505259681098405,30.643403135241496,19.4365367890448,18.4466578793907,22.182494443649105,27.4143932968285,2.33054257254887,2.0225060306257388e-15,0.0,0.0,0.0,0.0,0.0,0.0,0.0,0.0,0.0,0.0,0.0,0.0,0.0,0.0,0.0,0.0,0.0,0.0,0.0,0.0,186.49039
CCCCCCCCC,216.92979000000017,0.0,0.0,0.0,0.0,0.0,0.0,0.0,0.0,0.0,0.0,0.0,0.0,0.0,0.0,0.0,0.0,0.0,0.0,0.0,0.0,0.0,0.547395799111872,11.60025611212681,34.53649970551271,50.0255376265471,38.2980259449422,35.2795528381625,26.351282357090696,19.984615177378,0.306624439128259,2.807774246140796e-16,0.0,0.0,0.0,0.0,0.0,0.0,0.0,0.0,0.0,0.0,0.0,0.0,0.0,0.0,0.0,0.0,0.0,0.0,0.0,0.0,211.69954
CC(C)CCC(C)(C)C,201.5996200000002,0.0,0.0,0.0,0.0,0.0,0.0,0.0,0.0,0.0,0.0,0.0,0.0,0.0,0.0,0.0,0.0,0.0,0.0,0.0,0.0,0.0,0.827256873641923,18.937991400824707,34.9520218066047,42.46797786947539,23.8742678328191,24.7889176027459,28.5011418861773,24.6935978197908,2.55644690792035,2.307197833800538e-15,0.0,0.0,0.0,0.0,0.0,0.0,0.0,0.0,0.0,0.0,0.0,0.0,0.0,0.0,0.0,0.0,0.0,0.0,0.0,0.0,212.4674
CCC(C)CC(C)(C)CC,212.15038000000004,0.0,0.0,0.0,0.0,0.0,0.0,0.0,0.0,0.0,0.0,0.0,0.0,0.0,0.0,0.0,0.0,0.0,0.0,0.0,0.0,0.0,2.35054326801665,19.350248627198603,31.592296288644302,43.8376793034205,28.8075024451768,29.7543095742677,33.88886828285139,20.055584357733,2.51334785269106,2.0502863379364964e-15,0.0,0.0,0.0,0.0,0.0,0.0,0.0,0.0,0.0,0.0,0.0,0.0,0.0,0.0,0.0,0.0,0.0,0.0,0.0,0.0,231.01034
CCC(C)(C)CC(C)C,194.47761000000008,0.0,0.0,0.0,0.0,0.0,0.0,0.0,0.0,0.0,0.0,0.0,0.0,0.0,0.0,0.0,0.0,0.0,0.0,0.0,0.0,0.0750981205887332,1.8172865217042,18.674180708087302,30.558074556746703,39.1969577738117,25.9631166828757,25.4963805647569,28.447305597778396,21.6220964716531,2.62711300199734,2.1023602077494836e-15,0.0,0.0,0.0,0.0,0.0,0.0,0.0,0.0,0.0,0.0,0.0,0.0,0.0,0.0,0.0,0.0,0.0,0.0,0.0,0.0,210.09003
CCC(CC)(CC)CC,188.7630900000001,0.0,0.0,0.0,0.0,0.0,0.0,0.0,0.0,0.0,0.0,0.0,0.0,0.0,0.0,0.0,0.0,0.0,0.0,0.0,0.0,0.0,0.23356045651918,13.305825460619907,32.8703430193564,38.0885643141417,26.0892450516803,31.375023624969,30.844890295596095,15.4531146849848,0.502523092132698,4.444957615407362e-16,0.0,0.0,0.0,0.0,0.0,0.0,0.0,0.0,0.0,0.0,0.0,0.0,0.0,0.0,0.0,0.0,0.0,0.0,0.0,0.0,208.76136
CCC(C)(C)C(C)(C)C,184.71061,0.0,0.0,0.0,0.0,0.0,0.0,0.0,0.0,0.0,0.0,0.0,0.0,0.0,0.0,0.0,0.0,0.0,0.0,0.0,0.0,0.0,1.05622418916416,21.139688220578403,27.645097773061103,33.610480192248,24.3790930836086,25.6753350676861,28.276545689434396,21.8282286305932,1.09991715362605,8.407800924154727e-16,0.0,0.0,0.0,0.0,0.0,0.0,0.0,0.0,0.0,0.0,0.0,0.0,0.0,0.0,0.0,0.0,0.0,0.0,0.0,0.0,205.62768
CC(C)C(C)C(C)(C)C,187.90836999999996,0.0,0.0,0.0,0.0,0.0,0.0,0.0,0.0,0.0,0.0,0.0,0.0,0.0,0.0,0.0,0.0,0.0,0.0,0.0,0.0,0.0,2.10420750453294,18.864751472402304,29.171066646731603,37.9927115119201,24.8635365310348,22.3626583725249,26.829513963060897,22.7331500021085,2.98677399568391,2.5795471758239845e-15,0.0,0.0,0.0,0.0,0.0,0.0,0.0,0.0,0.0,0.0,0.0,0.0,0.0,0.0,0.0,0.0,0.0,0.0,0.0,0.0,208.09922
CC(C)(C)CC(C)(C)C,189.89558000000008,0.0,0.0,0.0,0.0,0.0,0.0,0.0,0.0,0.0,0.0,0.0,0.0,0.0,0.0,0.0,0.0,0.0,0.0,0.0,0.0,0.0,1.63695467258704,19.396860614910903,35.4335497472521,37.52445519552809,20.3795137718687,18.9789355854676,24.580180399303504,28.7673296340447,3.19780037903745,2.5878031731508645e-15,0.0,0.0,0.0,0.0,0.0,0.0,0.0,0.0,0.0,0.0,0.0,0.0,0.0,0.0,0.0,0.0,0.0,0.0,0.0,0.0,210.99379
CC(C)C(C)(C)C(C)C,186.12318000000005,0.0,0.0,0.0,0.0,0.0,0.0,0.0,0.0,0.0,0.0,0.0,0.0,0.0,0.0,0.0,0.0,0.0,0.0,0.0,0.0,0.0460933835377275,1.98693919385198,18.068331929815503,30.339921844177,38.0789865768647,23.4365920722722,22.3861287801085,25.9691315056711,22.3664029223275,3.44465179137383,3.072226267768672e-15,0.0,0.0,0.0,0.0,0.0,0.0,0.0,0.0,0.0,0.0,0.0,0.0,0.0,0.0,0.0,0.0,0.0,0.0,0.0,0.0,207.60279
CC(C)CCCC(C)CCCC(C)CCCCC(C)CCCC(C)CCCC(C)C,602.0843300000006,0.0,0.0,0.0,0.0,0.0,0.0,0.0,0.0,0.0,0.0,0.0,0.0,0.0,0.0,0.0,0.0,0.0,0.0,0.0,0.0,0.0,0.229354691590314,28.035781827746327,94.67506898535464,146.263004996959,105.843854487197,97.5709815044179,80.91971535517729,47.4245016009325,1.12206655062564,1.0098641147811196e-15,0.0,0.0,0.0,0.0,0.0,0.0,0.0,0.0,0.0,0.0,0.0,0.0,0.0,0.0,0.0,0.0,0.0,0.0,0.0,0.0,668.54525
CCCCCCCCCC,236.9372800000001,0.0,0.0,0.0,0.0,0.0,0.0,0.0,0.0,0.0,0.0,0.0,0.0,0.0,0.0,0.0,0.0,0.0,0.0,0.0,0.0,0.0,0.568445096127891,12.07812709894331,37.926603740963806,54.7937500192622,42.8448927912564,38.4012062500244,28.090865266511496,21.8764419289044,0.356947808006173,3.0320596435190875e-16,0.0,0.0,0.0,0.0,0.0,0.0,0.0,0.0,0.0,0.0,0.0,0.0,0.0,0.0,0.0,0.0,0.0,0.0,0.0,0.0,233.48342
CCCC(C)(C)C(C)(C)C,204.91834000000003,0.0,0.0,0.0,0.0,0.0,0.0,0.0,0.0,0.0,0.0,0.0,0.0,0.0,0.0,0.0,0.0,0.0,0.0,0.0,0.0,0.0,2.20809416330575,25.02388111716,29.317716183037604,37.4866584671358,26.0913392038082,27.8783157666774,28.5483798177171,24.7660876186483,3.59786766250986,3.052050074154254e-15,0.0,0.0,0.0,0.0,0.0,0.0,0.0,0.0,0.0,0.0,0.0,0.0,0.0,0.0,0.0,0.0,0.0,0.0,0.0,0.0,227.88061
CC(C)(C)CCC(C)(C)C,213.6944100000001,0.0,0.0,0.0,0.0,0.0,0.0,0.0,0.0,0.0,0.0,0.0,0.0,0.0,0.0,0.0,0.0,0.0,0.0,0.0,0.0,0.0,0.969110484571102,21.27609850478961,40.0703733022254,42.738195648854,23.3512813096257,23.819769778603,28.1907541223503,29.8119964573029,3.46683039167805,2.7955201050161362e-15,0.0,0.0,0.0,0.0,0.0,0.0,0.0,0.0,0.0,0.0,0.0,0.0,0.0,0.0,0.0,0.0,0.0,0.0,0.0,0.0,234.65153
CCCCCCCCCCC,256.73316,0.0,0.0,0.0,0.0,0.0,0.0,0.0,0.0,0.0,0.0,0.0,0.0,0.0,0.0,0.0,0.0,0.0,0.0,0.0,0.0,0.0,0.549353565146754,12.411623493293511,40.94533976631921,60.4718354823837,46.6368297288802,42.2043586118156,29.426466181986097,23.7308450455081,0.35650812466686,2.8963652570818227e-16,0.0,0.0,0.0,0.0,0.0,0.0,0.0,0.0,0.0,0.0,0.0,0.0,0.0,0.0,0.0,0.0,0.0,0.0,0.0,0.0,255.39367
CCCCCCCCCCCC,276.6583400000002,0.0,0.0,0.0,0.0,0.0,0.0,0.0,0.0,0.0,0.0,0.0,0.0,0.0,0.0,0.0,0.0,0.0,0.0,0.0,0.0,0.0,0.562176346170177,12.795955880144817,44.39414826105481,65.3741653793334,50.9167193317558,45.5594330904349,31.073053545124697,25.6021847763077,0.380503389673862,3.02724935110333e-16,0.0,0.0,0.0,0.0,0.0,0.0,0.0,0.0,0.0,0.0,0.0,0.0,0.0,0.0,0.0,0.0,0.0,0.0,0.0,0.0,276.86058
CCCCCCCCCCCCC,296.87300000000033,0.0,0.0,0.0,0.0,0.0,0.0,0.0,0.0,0.0,0.0,0.0,0.0,0.0,0.0,0.0,0.0,0.0,0.0,0.0,0.0,0.0,0.538478146324409,12.958067453372216,48.69459415085981,69.3659449864383,55.6365724681172,49.4388582424447,32.7533847446357,26.7194267449277,0.767673062880307,6.990406822246129e-16,0.0,0.0,0.0,0.0,0.0,0.0,0.0,0.0,0.0,0.0,0.0,0.0,0.0,0.0,0.0,0.0,0.0,0.0,0.0,0.0,299.2361
CCCCCCCCCCCCCC,316.99831000000023,0.0,0.0,0.0,0.0,0.0,0.0,0.0,0.0,0.0,0.0,0.0,0.0,0.0,0.0,0.0,0.0,0.0,0.0,0.0,0.0,0.0,0.528937386337596,13.466432538302817,51.40453216229881,74.9673867269279,59.7336650282705,53.1398782649805,34.7881934919413,28.33644182768,0.632842573260823,5.72163408686839e-16,0.0,0.0,0.0,0.0,0.0,0.0,0.0,0.0,0.0,0.0,0.0,0.0,0.0,0.0,0.0,0.0,0.0,0.0,0.0,0.0,321.26017
CCCCCCCCCCCCCCC,336.6937300000004,0.0,0.0,0.0,0.0,0.0,0.0,0.0,0.0,0.0,0.0,0.0,0.0,0.0,0.0,0.0,0.0,0.0,0.0,0.0,0.0,0.0,0.555217821315978,13.823662014943418,54.67146842380061,80.0557116998467,63.9186612672893,56.3880815388315,36.3596522821073,30.2837713083034,0.6375036435622,5.717603849066028e-16,0.0,0.0,0.0,0.0,0.0,0.0,0.0,0.0,0.0,0.0,0.0,0.0,0.0,0.0,0.0,0.0,0.0,0.0,0.0,0.0,342.77872
CCCCCCCCCCCCCCCC,356.8653600000001,0.0,0.0,0.0,0.0,0.0,0.0,0.0,0.0,0.0,0.0,0.0,0.0,0.0,0.0,0.0,0.0,0.0,0.0,0.0,0.0,0.0,0.534222260400409,14.21859939186142,57.59209565744411,85.7984206685299,68.3673383134968,59.4991131423854,37.7527369075369,32.4534949248313,0.6493387335139,5.499074034130084e-16,0.0,0.0,0.0,0.0,0.0,0.0,0.0,0.0,0.0,0.0,0.0,0.0,0.0,0.0,0.0,0.0,0.0,0.0,0.0,0.0,364.78139
CCCCCCCCCCCCCCCCC,376.57937000000027,0.0,0.0,0.0,0.0,0.0,0.0,0.0,0.0,0.0,0.0,0.0,0.0,0.0,0.0,0.0,0.0,0.0,0.0,0.0,0.0,0.0,0.538795331481658,14.39933095789422,60.26822150378401,92.146493385266,72.0330105539403,63.2496611248447,39.3765898630239,34.0825384851427,0.48472879462272,4.1543929129897567e-16,0.0,0.0,0.0,0.0,0.0,0.0,0.0,0.0,0.0,0.0,0.0,0.0,0.0,0.0,0.0,0.0,0.0,0.0,0.0,0.0,386.48955
CCCCCCCCCCCCCCCCCC,396.2658500000002,0.0,0.0,0.0,0.0,0.0,0.0,0.0,0.0,0.0,0.0,0.0,0.0,0.0,0.0,0.0,0.0,0.0,0.0,0.0,0.0,0.0,0.515019471238219,15.40395476703952,63.69753119529931,96.2018257171225,76.7118875836976,66.0310770633148,40.5146718672284,36.1884832585596,1.00139907650026,8.404975081067841e-16,0.0,0.0,0.0,0.0,0.0,0.0,0.0,0.0,0.0,0.0,0.0,0.0,0.0,0.0,0.0,0.0,0.0,0.0,0.0,0.0,408.23721
CCCCCCCCCCCCCCCCCCC,416.1325499999997,0.0,0.0,0.0,0.0,0.0,0.0,0.0,0.0,0.0,0.0,0.0,0.0,0.0,0.0,0.0,0.0,0.0,0.0,0.0,0.0,0.0,0.549203279153876,15.532123238586523,66.91071984637401,101.68247139924,80.6341930207694,70.040871849841,42.2216544232016,37.6144150948012,0.946897848032025,8.072847908762859e-16,0.0,0.0,0.0,0.0,0.0,0.0,0.0,0.0,0.0,0.0,0.0,0.0,0.0,0.0,0.0,0.0,0.0,0.0,0.0,0.0,430.23537
CCCCCCC(C)(C)C,225.70297000000005,0.0,0.0,0.0,0.0,0.0,0.0,0.0,0.0,0.0,0.0,0.0,0.0,0.0,0.0,0.0,0.0,0.0,0.0,0.0,0.0,0.0,0.761319872244174,16.450285413522412,39.94951927694581,48.722796309805794,32.1582527633043,31.5661688942144,28.1282773716036,25.8074104346083,2.15893966375129,2.0023257698806393e-15,0.0,0.0,0.0,0.0,0.0,0.0,0.0,0.0,0.0,0.0,0.0,0.0,0.0,0.0,0.0,0.0,0.0,0.0,0.0,0.0,233.55221
CCCCCCCCCCCCCCCCCCCC,436.5402000000004,0.0,0.0,0.0,0.0,0.0,0.0,0.0,0.0,0.0,0.0,0.0,0.0,0.0,0.0,0.0,0.0,0.0,0.0,0.0,0.0,0.0,0.533569564797992,16.332854397679625,70.46152543592521,106.15081705682,86.155234031867,72.0582248088683,43.2125645432017,40.1569820368207,1.47842812401982,1.171224659863954e-15,0.0,0.0,0.0,0.0,0.0,0.0,0.0,0.0,0.0,0.0,0.0,0.0,0.0,0.0,0.0,0.0,0.0,0.0,0.0,0.0,452.3249
CCCCCCCCCCCCCCCCCCCCC,456.0726300000006,0.0,0.0,0.0,0.0,0.0,0.0,0.0,0.0,0.0,0.0,0.0,0.0,0.0,0.0,0.0,0.0,0.0,0.0,0.0,0.0,0.0,0.546225176302026,16.371652898673826,73.27693010044871,112.0717711935,89.0859541052654,77.0720450601099,45.6019496656305,40.9852958559823,1.06080594408795,8.179832589100138e-16,0.0,0.0,0.0,0.0,0.0,0.0,0.0,0.0,0.0,0.0,0.0,0.0,0.0,0.0,0.0,0.0,0.0,0.0,0.0,0.0,473.9613
CCCCCCCCCCCCCCCCCCCCCC,475.70944000000094,0.0,0.0,0.0,0.0,0.0,0.0,0.0,0.0,0.0,0.0,0.0,0.0,0.0,0.0,0.0,0.0,0.0,0.0,0.0,0.0,0.0,0.553813625103508,17.064179055099025,76.37193856095271,116.931207675022,94.3065625960641,79.1019895000792,46.3047619893177,43.5091744303784,1.56581256798427,1.4660652920144666e-15,0.0,0.0,0.0,0.0,0.0,0.0,0.0,0.0,0.0,0.0,0.0,0.0,0.0,0.0,0.0,0.0,0.0,0.0,0.0,0.0,495.48292
CCCCCCCCCCCCCCCCCCCCCCC,496.2701100000006,0.0,0.0,0.0,0.0,0.0,0.0,0.0,0.0,0.0,0.0,0.0,0.0,0.0,0.0,0.0,0.0,0.0,0.0,0.0,0.0,0.0,0.542988495498327,16.996807076852328,79.80570303932042,122.57227329997,97.8967994271238,83.7524657331601,48.7134938290097,44.9823503808953,1.00722871817064,8.253473124350457e-16,0.0,0.0,0.0,0.0,0.0,0.0,0.0,0.0,0.0,0.0,0.0,0.0,0.0,0.0,0.0,0.0,0.0,0.0,0.0,0.0,518.00767
CCCCCCCCCCCCCCCCCCCCCCCC,515.3987700000002,0.0,0.0,0.0,0.0,0.0,0.0,0.0,0.0,0.0,0.0,0.0,0.0,0.0,0.0,0.0,0.0,0.0,0.0,0.0,0.0,0.0,0.523654403875619,17.84440644069003,82.55745624372311,127.653728944042,101.588788920777,87.106136758411,50.223588954652,46.6515785083338,1.24943082549565,1.081053767923325e-15,0.0,0.0,0.0,0.0,0.0,0.0,0.0,0.0,0.0,0.0,0.0,0.0,0.0,0.0,0.0,0.0,0.0,0.0,0.0,0.0,539.18725
CCCCCCCCCCCCCCCCCCCCCCCCC,535.5346999999998,0.0,0.0,0.0,0.0,0.0,0.0,0.0,0.0,0.0,0.0,0.0,0.0,0.0,0.0,0.0,0.0,0.0,0.0,0.0,0.0,0.0,0.554076987065606,18.04067075863203,85.99827225190401,132.96598292962,106.017431590644,90.5363705614504,51.3699902785181,48.6933975213677,1.35850712079795,1.291554703025931e-15,0.0,0.0,0.0,0.0,0.0,0.0,0.0,0.0,0.0,0.0,0.0,0.0,0.0,0.0,0.0,0.0,0.0,0.0,0.0,0.0,561.33331
CCCCCCCCCCCCCCCCCCCCCCCCCC,556.1380700000003,0.0,0.0,0.0,0.0,0.0,0.0,0.0,0.0,0.0,0.0,0.0,0.0,0.0,0.0,0.0,0.0,0.0,0.0,0.0,0.0,0.0,0.531507392452652,18.300506745410733,89.51175121967871,137.961178381924,110.558959481104,94.1509780665779,53.504554813959,50.5032948636061,1.11533903528726,9.12562533364896e-16,0.0,0.0,0.0,0.0,0.0,0.0,0.0,0.0,0.0,0.0,0.0,0.0,0.0,0.0,0.0,0.0,0.0,0.0,0.0,0.0,583.28123
CCCCCCCCCCCCCCCCCCCCCCCCCCC,575.6572200000011,0.0,0.0,0.0,0.0,0.0,0.0,0.0,0.0,0.0,0.0,0.0,0.0,0.0,0.0,0.0,0.0,0.0,0.0,0.0,0.0,0.0,0.545963452307003,18.757463872289133,92.50387681386462,143.494152322322,114.313655493638,97.7916903997107,54.71837891131,52.2385012580017,1.29353747655795,1.0350327628275024e-15,0.0,0.0,0.0,0.0,0.0,0.0,0.0,0.0,0.0,0.0,0.0,0.0,0.0,0.0,0.0,0.0,0.0,0.0,0.0,0.0,605.5183
CCCCCCC(C)CC,230.5683400000001,0.0,0.0,0.0,0.0,0.0,0.0,0.0,0.0,0.0,0.0,0.0,0.0,0.0,0.0,0.0,0.0,0.0,0.0,0.0,0.0,0.0,0.882770056876158,15.395214764820109,35.22693805409461,51.7379863023359,37.6164674152116,36.5569025368943,32.59931259322099,19.3803017877348,1.1724464888116,1.022668712476998e-15,0.0,0.0,0.0,0.0,0.0,0.0,0.0,0.0,0.0,0.0,0.0,0.0,0.0,0.0,0.0,0.0,0.0,0.0,0.0,0.0,232.94435
CCCCCCCC(C)C,232.88742,0.0,0.0,0.0,0.0,0.0,0.0,0.0,0.0,0.0,0.0,0.0,0.0,0.0,0.0,0.0,0.0,0.0,0.0,0.0,0.0,0.0,0.628254834323276,14.462663047755711,37.315469757918805,53.3124760266575,38.6275765869995,35.686898062153,29.050296956557496,22.5575038017006,1.24628092593413,1.0516067492326114e-15,0.0,0.0,0.0,0.0,0.0,0.0,0.0,0.0,0.0,0.0,0.0,0.0,0.0,0.0,0.0,0.0,0.0,0.0,0.0,0.0,234.17783
CCCCCC(C)CCC,230.74391000000017,0.0,0.0,0.0,0.0,0.0,0.0,0.0,0.0,0.0,0.0,0.0,0.0,0.0,0.0,0.0,0.0,0.0,0.0,0.0,0.0,0.0,0.793202095069813,14.999829732042208,36.82157674981251,50.7612643444268,37.4671349459608,36.7720430753879,32.41770388672709,19.4466539198514,1.26450125072165,1.006267744605262e-15,0.0,0.0,0.0,0.0,0.0,0.0,0.0,0.0,0.0,0.0,0.0,0.0,0.0,0.0,0.0,0.0,0.0,0.0,0.0,0.0,233.20715
CCCCC(C)CCCC,230.52945999999997,0.0,0.0,0.0,0.0,0.0,0.0,0.0,0.0,0.0,0.0,0.0,0.0,0.0,0.0,0.0,0.0,0.0,0.0,0.0,0.0,0.0,0.806829910607529,14.754582014771708,36.56378210793451,51.2681872989896,37.1875581148024,36.5974322128534,33.29139856986669,19.0102080262462,1.04948174392794,9.27308290857259e-16,0.0,0.0,0.0,0.0,0.0,0.0,0.0,0.0,0.0,0.0,0.0,0.0,0.0,0.0,0.0,0.0,0.0,0.0,0.0,0.0,233.05494
,300.6415199999999,0.0,0.0,0.0,0.0,0.0,0.0,0.0,0.0,0.0,0.0,0.0,0.0,0.0,0.0,0.0,0.0,0.0,0.0,0.0,0.0,0.0,1.12362077597791,22.801812548554015,55.1071314974059,62.830143926843895,40.5340886212202,35.1454764566707,44.8587852284421,37.2471767181339,0.993284226751326,9.065923869365076e-16,0.0,0.0,0.0,0.0,0.0,0.0,0.0,0.0,0.0,0.0,0.0,0.0,0.0,0.0,0.0,0.0,0.0,0.0,0.0,0.0,362.71312
CCCCCCC(C)C,212.8610400000002,0.0,0.0,0.0,0.0,0.0,0.0,0.0,0.0,0.0,0.0,0.0,0.0,0.0,0.0,0.0,0.0,0.0,0.0,0.0,0.0,0.0,0.633715809792103,13.987444229598708,34.088267444497305,48.1134485942255,34.5640505461007,32.1141175588184,27.553784465941796,20.5380108336867,1.26820051733899,1.046014611386822e-15,0.0,0.0,0.0,0.0,0.0,0.0,0.0,0.0,0.0,0.0,0.0,0.0,0.0,0.0,0.0,0.0,0.0,0.0,0.0,0.0,211.96036
CCCCCC(C)CC,210.62847000000005,0.0,0.0,0.0,0.0,0.0,0.0,0.0,0.0,0.0,0.0,0.0,0.0,0.0,0.0,0.0,0.0,0.0,0.0,0.0,0.0,0.0,0.942566536836629,14.630853764925106,32.38955347700771,46.3898894553429,33.4102871346393,33.2350306194304,31.023946363280693,17.5282241568498,1.07811849168753,9.301731531391593e-16,0.0,0.0,0.0,0.0,0.0,0.0,0.0,0.0,0.0,0.0,0.0,0.0,0.0,0.0,0.0,0.0,0.0,0.0,0.0,0.0,211.12297
CCCCC(C)CCC,210.70988999999997,0.0,0.0,0.0,0.0,0.0,0.0,0.0,0.0,0.0,0.0,0.0,0.0,0.0,0.0,0.0,0.0,0.0,0.0,0.0,0.0,0.0,0.721473070543431,14.983109573580707,32.79238091225871,45.8825604602995,33.253292410963,33.227479087093,31.245728686277193,17.4914482730508,1.11241752593366,9.529829678675703e-16,0.0,0.0,0.0,0.0,0.0,0.0,0.0,0.0,0.0,0.0,0.0,0.0,0.0,0.0,0.0,0.0,0.0,0.0,0.0,0.0,211.21024
CCCCC(CC)CC,206.53293000000016,0.0,0.0,0.0,0.0,0.0,0.0,0.0,0.0,0.0,0.0,0.0,0.0,0.0,0.0,0.0,0.0,0.0,0.0,0.0,0.0,0.0,0.664198000456525,13.618254207500309,31.749768126941607,45.4873696896473,34.6051419012465,32.6640168750782,30.383386733892593,16.5757776238482,0.785016841388893,7.127233872296962e-16,0.0,0.0,0.0,0.0,0.0,0.0,0.0,0.0,0.0,0.0,0.0,0.0,0.0,0.0,0.0,0.0,0.0,0.0,0.0,0.0,212.10325
CCCCCC(C)(C)C,205.94755000000015,0.0,0.0,0.0,0.0,0.0,0.0,0.0,0.0,0.0,0.0,0.0,0.0,0.0,0.0,0.0,0.0,0.0,0.0,0.0,0.0,0.0,0.758116010782532,15.964870116715808,36.8490336153651,43.523807658223,28.1254405517336,28.1399028768062,26.5801800318206,23.8995362066484,2.10666293190493,1.7004079440929537e-15,0.0,0.0,0.0,0.0,0.0,0.0,0.0,0.0,0.0,0.0,0.0,0.0,0.0,0.0,0.0,0.0,0.0,0.0,0.0,0.0,211.90529
CCCCCCCCC(C)CC,270.38505999999995,0.0,0.0,0.0,0.0,0.0,0.0,0.0,0.0,0.0,0.0,0.0,0.0,0.0,0.0,0.0,0.0,0.0,0.0,0.0,0.0,0.0,1.02600329988512,15.614867079512411,42.07127511086111,61.9967680071949,46.1448897887035,43.8317090061343,35.78182443061479,22.815074725133,1.10264855196083,1.0396771036413166e-15,0.0,0.0,0.0,0.0,0.0,0.0,0.0,0.0,0.0,0.0,0.0,0.0,0.0,0.0,0.0,0.0,0.0,0.0,0.0,0.0,276.74474
C1CCC1,104.73727,0.0,0.0,0.0,0.0,0.0,0.0,0.0,0.0,0.0,0.0,0.0,0.0,0.0,0.0,0.0,0.0,0.0,0.0,0.0,0.0,0.0,0.776456699694612,11.582726883672304,14.590988000323602,19.6060001499379,18.2366312268901,10.023100430470802,16.6320634922072,12.7475980465236,0.541705070279885,4.683634462496033e-16,0.0,0.0,0.0,0.0,0.0,0.0,0.0,0.0,0.0,0.0,0.0,0.0,0.0,0.0,0.0,0.0,0.0,0.0,0.0,0.0,90.19048
C1CCCC1,120.00490999999998,0.0,0.0,0.0,0.0,0.0,0.0,0.0,0.0,0.0,0.0,0.0,0.0,0.0,0.0,0.0,0.0,0.0,0.0,0.0,0.0,0.0,0.177075180971299,8.046131894745725,19.360784305855503,24.8222460656213,23.8614967096347,14.5875486012509,17.221000837647296,11.8853161834632,0.0433102208100654,3.8409568174249365e-17,0.0,0.0,0.0,0.0,0.0,0.0,0.0,0.0,0.0,0.0,0.0,0.0,0.0,0.0,0.0,0.0,0.0,0.0,0.0,0.0,109.29349
CC1CCCC1,138.43994000000004,0.0,0.0,0.0,0.0,0.0,0.0,0.0,0.0,0.0,0.0,0.0,0.0,0.0,0.0,0.0,0.0,0.0,0.0,0.0,0.0,0.0,0.310390278192105,9.173547087226543,22.177295415730704,29.8865123137328,25.7223067510954,18.4943929206672,18.287685969291097,14.0614625891583,0.326346674905885,2.7395421393204156e-16,0.0,0.0,0.0,0.0,0.0,0.0,0.0,0.0,0.0,0.0,0.0,0.0,0.0,0.0,0.0,0.0,0.0,0.0,0.0,0.0,132.25391
CCC1CCCC1,156.40642999999994,0.0,0.0,0.0,0.0,0.0,0.0,0.0,0.0,0.0,0.0,0.0,0.0,0.0,0.0,0.0,0.0,0.0,0.0,0.0,0.0,0.0,0.191161619310415,9.046974602554748,25.214761590391603,34.4841302671407,29.3939972292485,23.0209496611082,20.654321284048596,13.9799955890419,0.420138157155293,3.428604238143262e-16,0.0,0.0,0.0,0.0,0.0,0.0,0.0,0.0,0.0,0.0,0.0,0.0,0.0,0.0,0.0,0.0,0.0,0.0,0.0,0.0,153.80035
CC1(CCCC1)C,152.05545000000015,0.0,0.0,0.0,0.0,0.0,0.0,0.0,0.0,0.0,0.0,0.0,0.0,0.0,0.0,0.0,0.0,0.0,0.0,0.0,0.0,0.0,0.394185754822916,12.671455464879507,27.4101579264543,31.2328080006808,22.1062717733424,16.3957543006372,21.9492281521413,19.0454508844769,0.850137742564829,7.529202277903109e-16,0.0,0.0,0.0,0.0,0.0,0.0,0.0,0.0,0.0,0.0,0.0,0.0,0.0,0.0,0.0,0.0,0.0,0.0,0.0,0.0,154.57395
C[C@@H]1CCC[C@@H]1C,152.5884199999999,0.0,0.0,0.0,0.0,0.0,0.0,0.0,0.0,0.0,0.0,0.0,0.0,0.0,0.0,0.0,0.0,0.0,0.0,0.0,0.0,0.0,0.321187221157977,10.382499328214005,24.628069616497903,33.8042639351877,26.9226055289564,20.1191850019468,20.026820208597996,15.1792165380243,1.20457262141682,9.563809131242345e-16,0.0,0.0,0.0,0.0,0.0,0.0,0.0,0.0,0.0,0.0,0.0,0.0,0.0,0.0,0.0,0.0,0.0,0.0,0.0,0.0,154.26626
C[C@@H]1CCC[C@H]1C,152.85915000000014,0.0,0.0,0.0,0.0,0.0,0.0,0.0,0.0,0.0,0.0,0.0,0.0,0.0,0.0,0.0,0.0,0.0,0.0,0.0,0.0,0.0,0.481484575458019,12.234102818216405,23.039876417415304,31.5995765803007,26.7986740438331,20.5431991300309,24.1085128020716,13.3723300121517,0.681393620522427,6.45972350848562e-16,0.0,0.0,0.0,0.0,0.0,0.0,0.0,0.0,0.0,0.0,0.0,0.0,0.0,0.0,0.0,0.0,0.0,0.0,0.0,0.0,153.35225
C[C@@H]1CC[C@@H](C1)C,156.83712999999997,0.0,0.0,0.0,0.0,0.0,0.0,0.0,0.0,0.0,0.0,0.0,0.0,0.0,0.0,0.0,0.0,0.0,0.0,0.0,0.0,0.0,0.50512141561924,9.914781082944517,24.673509836072405,34.2195533964971,29.9639410509163,21.196270119727203,20.5934845436314,14.8466996603092,0.923768894282612,7.937680282033861e-16,0.0,0.0,0.0,0.0,0.0,0.0,0.0,0.0,0.0,0.0,0.0,0.0,0.0,0.0,0.0,0.0,0.0,0.0,0.0,0.0,154.59733
C[C@@H]1CC[C@H](C1)C,153.48197000000005,0.0,0.0,0.0,0.0,0.0,0.0,0.0,0.0,0.0,0.0,0.0,0.0,0.0,0.0,0.0,0.0,0.0,0.0,0.0,0.0,0.0,0.466153595479279,12.515565884436905,23.878810540761304,31.4985600330224,25.3239798132053,20.4413660233874,25.202922312238595,13.3341412655219,0.820470531946985,6.550249085099309e-16,0.0,0.0,0.0,0.0,0.0,0.0,0.0,0.0,0.0,0.0,0.0,0.0,0.0,0.0,0.0,0.0,0.0,0.0,0.0,0.0,153.37086
CCCC1CCCC1,176.37924000000015,0.0,0.0,0.0,0.0,0.0,0.0,0.0,0.0,0.0,0.0,0.0,0.0,0.0,0.0,0.0,0.0,0.0,0.0,0.0,0.0,0.0,0.250442162313528,9.73613911806886,28.490412328065304,39.6640537221537,32.6436764981689,26.7189452153846,22.424841046654496,16.0354284007867,0.415301508404028,3.818900829337299e-16,0.0,0.0,0.0,0.0,0.0,0.0,0.0,0.0,0.0,0.0,0.0,0.0,0.0,0.0,0.0,0.0,0.0,0.0,0.0,0.0,175.90846
CC(C)C1CCCC1,171.22517000000005,0.0,0.0,0.0,0.0,0.0,0.0,0.0,0.0,0.0,0.0,0.0,0.0,0.0,0.0,0.0,0.0,0.0,0.0,0.0,0.0,0.0,0.183941283787127,10.739400896091206,28.206118525447003,38.3819340632546,29.6230930990544,24.2115074281791,21.949379667151295,16.7877041511754,1.14209088585993,9.940507413034778e-16,0.0,0.0,0.0,0.0,0.0,0.0,0.0,0.0,0.0,0.0,0.0,0.0,0.0,0.0,0.0,0.0,0.0,0.0,0.0,0.0,175.85652
CCC1(CCCC1)C,167.6753000000001,0.0,0.0,0.0,0.0,0.0,0.0,0.0,0.0,0.0,0.0,0.0,0.0,0.0,0.0,0.0,0.0,0.0,0.0,0.0,0.0,0.0,0.547281296440635,13.489858947083505,27.104380426474904,33.9145489894926,27.5357129348123,22.3258186566065,26.091676034239995,15.7045597443056,0.961462970544089,8.111305033364889e-16,0.0,0.0,0.0,0.0,0.0,0.0,0.0,0.0,0.0,0.0,0.0,0.0,0.0,0.0,0.0,0.0,0.0,0.0,0.0,0.0,174.60609
CCCCC1CCCC1,196.13713,0.0,0.0,0.0,0.0,0.0,0.0,0.0,0.0,0.0,0.0,0.0,0.0,0.0,0.0,0.0,0.0,0.0,0.0,0.0,0.0,0.0,0.276188877580551,10.02728919469881,32.14149968345541,43.9927679026005,37.2577319114057,30.0103796664903,24.1556796363256,17.8736447307449,0.401948396698243,3.4386940220112083e-16,0.0,0.0,0.0,0.0,0.0,0.0,0.0,0.0,0.0,0.0,0.0,0.0,0.0,0.0,0.0,0.0,0.0,0.0,0.0,0.0,197.29594
C1CCCCC1,134.55154,0.0,0.0,0.0,0.0,0.0,0.0,0.0,0.0,0.0,0.0,0.0,0.0,0.0,0.0,0.0,0.0,0.0,0.0,0.0,0.0,0.0,0.0,5.274551793540218,23.696717814481403,29.011360482079,28.2025191220452,17.868215454208805,21.308605367067695,9.18956996657769,0.0,0.0,0.0,0.0,0.0,0.0,0.0,0.0,0.0,0.0,0.0,0.0,0.0,0.0,0.0,0.0,0.0,0.0,0.0,0.0,0.0,0.0,129.72191
CC1CCCCC1,150.87819000000013,0.0,0.0,0.0,0.0,0.0,0.0,0.0,0.0,0.0,0.0,0.0,0.0,0.0,0.0,0.0,0.0,0.0,0.0,0.0,0.0,0.0,0.156833701653037,7.028872111677918,24.932219109338003,34.8788114814067,27.8645250108,23.8007168384027,19.800795410472496,11.8309230894834,0.584493246765867,5.317377635212706e-16,0.0,0.0,0.0,0.0,0.0,0.0,0.0,0.0,0.0,0.0,0.0,0.0,0.0,0.0,0.0,0.0,0.0,0.0,0.0,0.0,150.41849
CCC1CCCCC1,168.95522,0.0,0.0,0.0,0.0,0.0,0.0,0.0,0.0,0.0,0.0,0.0,0.0,0.0,0.0,0.0,0.0,0.0,0.0,0.0,0.0,0.0,0.302914687880694,8.364020144903977,26.559986713234306,38.3186067302468,30.8698252424076,28.4773699157071,25.100473104530497,10.6466292999183,0.315394161170737,2.9586491559148686e-16,0.0,0.0,0.0,0.0,0.0,0.0,0.0,0.0,0.0,0.0,0.0,0.0,0.0,0.0,0.0,0.0,0.0,0.0,0.0,0.0,171.74131
CC1(CCCCC1)C,163.10495,0.0,0.0,0.0,0.0,0.0,0.0,0.0,0.0,0.0,0.0,0.0,0.0,0.0,0.0,0.0,0.0,0.0,0.0,0.0,0.0,0.0,0.38176366966841,11.599329079603008,29.8508952511971,33.7402457913142,23.9001205330355,22.2134622216301,24.079543452667497,15.9971924709388,1.3423975299454,1.2233261704997617e-15,0.0,0.0,0.0,0.0,0.0,0.0,0.0,0.0,0.0,0.0,0.0,0.0,0.0,0.0,0.0,0.0,0.0,0.0,0.0,0.0,171.50931
C[C@@H]1CCCC[C@@H]1C,166.26497000000006,0.0,0.0,0.0,0.0,0.0,0.0,0.0,0.0,0.0,0.0,0.0,0.0,0.0,0.0,0.0,0.0,0.0,0.0,0.0,0.0,0.0,0.192797546618601,8.827291550335639,27.866456898901305,37.5474752427875,31.9079158027232,21.426546223367502,22.631458541018695,14.8072993040087,1.05772889023892,1.0249797342048925e-15,0.0,0.0,0.0,0.0,0.0,0.0,0.0,0.0,0.0,0.0,0.0,0.0,0.0,0.0,0.0,0.0,0.0,0.0,0.0,0.0,173.55031
C[C@@H]1CCCC[C@H]1C,166.55035000000012,0.0,0.0,0.0,0.0,0.0,0.0,0.0,0.0,0.0,0.0,0.0,0.0,0.0,0.0,0.0,0.0,0.0,0.0,0.0,0.0,0.0,0.747874845558867,9.429803147151818,26.953420273283005,37.3559872857914,28.9082529795166,24.9305617880558,23.659244586473395,13.5669447158544,0.99826037831483,8.625937515182967e-16,0.0,0.0,0.0,0.0,0.0,0.0,0.0,0.0,0.0,0.0,0.0,0.0,0.0,0.0,0.0,0.0,0.0,0.0,0.0,0.0,172.40394
C[C@@H]1CCC[C@@H](C1)C,163.16121000000004,0.0,0.0,0.0,0.0,0.0,0.0,0.0,0.0,0.0,0.0,0.0,0.0,0.0,0.0,0.0,0.0,0.0,0.0,0.0,0.0,0.0524460081150626,1.88907221761181,9.358311648580989,25.561936250988605,34.9535942784526,29.2457455338337,23.328900597179,24.161685972785197,13.6952318169674,0.914285675485704,8.021518954673575e-16,0.0,0.0,0.0,0.0,0.0,0.0,0.0,0.0,0.0,0.0,0.0,0.0,0.0,0.0,0.0,0.0,0.0,0.0,0.0,0.0,171.97075
C[C@@H]1CCC[C@H](C1)C,166.9169700000001,0.0,0.0,0.0,0.0,0.0,0.0,0.0,0.0,0.0,0.0,0.0,0.0,0.0,0.0,0.0,0.0,0.0,0.0,0.0,0.0,0.0,0.370000413665212,10.713565654362707,27.811248775602905,36.0533072899042,28.5256543196471,24.1184315876205,23.582955539656098,14.5916672747484,1.15013914479297,1.002390960950961e-15,0.0,0.0,0.0,0.0,0.0,0.0,0.0,0.0,0.0,0.0,0.0,0.0,0.0,0.0,0.0,0.0,0.0,0.0,0.0,0.0,172.94657
CC1CCC(CC1)C,166.90155999999996,0.0,0.0,0.0,0.0,0.0,0.0,0.0,0.0,0.0,0.0,0.0,0.0,0.0,0.0,0.0,0.0,0.0,0.0,0.0,0.0,0.0,0.345022928733091,10.422632150671006,28.490327833350005,36.1057260800583,28.2712208643678,23.8173220892381,23.472774372492495,14.891386992403,1.08514668868615,9.0568225274457e-16,0.0,0.0,0.0,0.0,0.0,0.0,0.0,0.0,0.0,0.0,0.0,0.0,0.0,0.0,0.0,0.0,0.0,0.0,0.0,0.0,172.88107
CC1CCC(CC1)C,164.36526000000015,0.0,0.0,0.0,0.0,0.0,0.0,0.0,0.0,0.0,0.0,0.0,0.0,0.0,0.0,0.0,0.0,0.0,0.0,0.0,0.0,0.0,0.389053253462246,11.896468522206806,28.8755785571508,31.5900096026432,27.0639214934287,23.7602045100174,26.653359076834693,13.1138539401135,1.02281104414279,9.153074716294793e-16,0.0,0.0,0.0,0.0,0.0,0.0,0.0,0.0,0.0,0.0,0.0,0.0,0.0,0.0,0.0,0.0,0.0,0.0,0.0,0.0,172.03727
CC1CC(CC(C1)C)C,181.17774,0.0,0.0,0.0,0.0,0.0,0.0,0.0,0.0,0.0,0.0,0.0,0.0,0.0,0.0,0.0,0.0,0.0,0.0,0.0,0.0,0.139000389220065,1.96150900344482,11.604130523276709,28.052760861770107,40.3921465858649,30.6105037617843,24.1652985671293,24.709818913630695,17.84749939816,1.6950719957191,1.5155014910194378e-15,0.0,0.0,0.0,0.0,0.0,0.0,0.0,0.0,0.0,0.0,0.0,0.0,0.0,0.0,0.0,0.0,0.0,0.0,0.0,0.0,194.8573
CCCC1CCCCC1,188.82523999999995,0.0,0.0,0.0,0.0,0.0,0.0,0.0,0.0,0.0,0.0,0.0,0.0,0.0,0.0,0.0,0.0,0.0,0.0,0.0,0.0,0.0,0.245457562680012,8.809482352134818,30.17891085823261,43.3597220277338,34.5080599881488,32.2542528478057,26.51645589197119,12.5101838498992,0.442714621393836,3.8603730738792135e-16,0.0,0.0,0.0,0.0,0.0,0.0,0.0,0.0,0.0,0.0,0.0,0.0,0.0,0.0,0.0,0.0,0.0,0.0,0.0,0.0,193.55737
CC(C)C1CCCCC1,183.88542,0.0,0.0,0.0,0.0,0.0,0.0,0.0,0.0,0.0,0.0,0.0,0.0,0.0,0.0,0.0,0.0,0.0,0.0,0.0,0.0,0.0,0.418160661656884,11.148151648918407,27.723326047343107,41.0136505777695,32.5352305992015,31.223798667315,25.909693649276992,12.9858158499114,0.927592298607207,8.480461824575513e-16,0.0,0.0,0.0,0.0,0.0,0.0,0.0,0.0,0.0,0.0,0.0,0.0,0.0,0.0,0.0,0.0,0.0,0.0,0.0,0.0,193.4376
CC1CCC(C(C1C)C)C,192.5141100000002,0.0,0.0,0.0,0.0,0.0,0.0,0.0,0.0,0.0,0.0,0.0,0.0,0.0,0.0,0.0,0.0,0.0,0.0,0.0,0.0,0.0,0.441036978300897,13.682724626071208,31.563701064205805,42.9605540206011,32.4576196632454,25.219817328116903,23.7154938583458,20.0765156045486,2.39664685656445,2.1931389388023034e-15,0.0,0.0,0.0,0.0,0.0,0.0,0.0,0.0,0.0,0.0,0.0,0.0,0.0,0.0,0.0,0.0,0.0,0.0,0.0,0.0,214.51072
CCCCC1CCCCC1,208.28214000000017,0.0,0.0,0.0,0.0,0.0,0.0,0.0,0.0,0.0,0.0,0.0,0.0,0.0,0.0,0.0,0.0,0.0,0.0,0.0,0.0,0.0,0.261124586538886,9.02431266373839,33.94237957387941,47.9923309211943,38.8899235614026,34.9183206960991,28.252619014156892,14.5602529586604,0.440876024330156,4.0482812276600376e-16,0.0,0.0,0.0,0.0,0.0,0.0,0.0,0.0,0.0,0.0,0.0,0.0,0.0,0.0,0.0,0.0,0.0,0.0,0.0,0.0,214.73017
C1CCC2CCCCC2C1,185.89848,0.0,0.0,0.0,0.0,0.0,0.0,0.0,0.0,0.0,0.0,0.0,0.0,0.0,0.0,0.0,0.0,0.0,0.0,0.0,0.0,0.0,0.0,5.0995023970312126,33.3835591567364,40.8473473065036,42.2048539041934,25.324556994407104,25.262294220747595,13.7763660203807,0.0,0.0,0.0,0.0,0.0,0.0,0.0,0.0,0.0,0.0,0.0,0.0,0.0,0.0,0.0,0.0,0.0,0.0,0.0,0.0,0.0,0.0,200.93227
C1CCC2CCCCC2C1,184.44899000000015,0.0,0.0,0.0,0.0,0.0,0.0,0.0,0.0,0.0,0.0,0.0,0.0,0.0,0.0,0.0,0.0,0.0,0.0,0.0,0.0,0.0,0.0,4.97564770036345,30.006511678643207,44.5638328383485,39.4997281567747,30.3798443003634,22.6274282959498,12.1355087387236,0.260488290833547,2.260805722498181e-16,0.0,0.0,0.0,0.0,0.0,0.0,0.0,0.0,0.0,0.0,0.0,0.0,0.0,0.0,0.0,0.0,0.0,0.0,0.0,0.0,198.10631
C1CCC(CC1)C2CCCCC2,219.3367,0.0,0.0,0.0,0.0,0.0,0.0,0.0,0.0,0.0,0.0,0.0,0.0,0.0,0.0,0.0,0.0,0.0,0.0,0.0,0.0,0.0,0.0,7.0629535086766015,33.93563563238341,50.0857058834777,47.1222436757905,40.7752087389073,30.27401655775819,10.0809360030063,0.0,0.0,0.0,0.0,0.0,0.0,0.0,0.0,0.0,0.0,0.0,0.0,0.0,0.0,0.0,0.0,0.0,0.0,0.0,0.0,0.0,0.0,240.19773
CCC1(CCCCC1)CC,193.03790999999995,0.0,0.0,0.0,0.0,0.0,0.0,0.0,0.0,0.0,0.0,0.0,0.0,0.0,0.0,0.0,0.0,0.0,0.0,0.0,0.0,0.0856466853148015,1.56820098290851,11.755932946485007,32.9324135905603,38.755897087091,30.9701198767797,30.2520552741549,31.34532182733309,14.3992718712055,0.973049858167131,8.934418985069118e-16,0.0,0.0,0.0,0.0,0.0,0.0,0.0,0.0,0.0,0.0,0.0,0.0,0.0,0.0,0.0,0.0,0.0,0.0,0.0,0.0,213.15793
CCCCCCCCCCC1CCCCC1,328.1523800000001,0.0,0.0,0.0,0.0,0.0,0.0,0.0,0.0,0.0,0.0,0.0,0.0,0.0,0.0,0.0,0.0,0.0,0.0,0.0,0.0,0.0,0.273170415589728,11.184246399394718,53.533387668732715,79.0837107347963,64.6105888455203,55.5664107152845,38.045479329178995,25.1655504163214,0.689835475181472,5.451944227151954e-16,0.0,0.0,0.0,0.0,0.0,0.0,0.0,0.0,0.0,0.0,0.0,0.0,0.0,0.0,0.0,0.0,0.0,0.0,0.0,0.0,345.5636
C1CCCCCC1,148.93161000000018,0.0,0.0,0.0,0.0,0.0,0.0,0.0,0.0,0.0,0.0,0.0,0.0,0.0,0.0,0.0,0.0,0.0,0.0,0.0,0.0,0.0,0.0,2.6087090097016397,25.589581411312604,32.9596350907644,33.8496799938311,25.739364021291102,21.54284348309699,6.64179699000233,0.0,0.0,0.0,0.0,0.0,0.0,0.0,0.0,0.0,0.0,0.0,0.0,0.0,0.0,0.0,0.0,0.0,0.0,0.0,0.0,0.0,0.0,149.98349
C1CCCCCCC1,164.13763000000003,0.0,0.0,0.0,0.0,0.0,0.0,0.0,0.0,0.0,0.0,0.0,0.0,0.0,0.0,0.0,0.0,0.0,0.0,0.0,0.0,0.0,0.0,3.620339290682302,30.846324730657404,39.8152487969165,30.0400278961177,22.895587299603,27.273791831345292,9.64631015467782,0.0,0.0,0.0,0.0,0.0,0.0,0.0,0.0,0.0,0.0,0.0,0.0,0.0,0.0,0.0,0.0,0.0,0.0,0.0,0.0,0.0,0.0,171.38689
CC(C)CCCC(C)C,209.18154000000015,0.0,0.0,0.0,0.0,0.0,0.0,0.0,0.0,0.0,0.0,0.0,0.0,0.0,0.0,0.0,0.0,0.0,0.0,0.0,0.0,0.0,0.693719462356719,15.643575440247506,33.26925488444461,48.11198599378789,30.0741341968997,30.5262198335813,27.414099687299995,21.5166284929103,1.93192200847215,1.7307474006164684e-15,0.0,0.0,0.0,0.0,0.0,0.0,0.0,0.0,0.0,0.0,0.0,0.0,0.0,0.0,0.0,0.0,0.0,0.0,0.0,0.0,212.90544
CCC(CC)C(C)(C)C,191.87025000000003,0.0,0.0,0.0,0.0,0.0,0.0,0.0,0.0,0.0,0.0,0.0,0.0,0.0,0.0,0.0,0.0,0.0,0.0,0.0,0.0,0.0,1.38985603996519,18.678099650707704,29.4273255777998,39.5224768532025,24.6984483804096,26.0159435374623,29.794714054825196,20.100095707779,2.24329019784873,1.7439935162658696e-15,0.0,0.0,0.0,0.0,0.0,0.0,0.0,0.0,0.0,0.0,0.0,0.0,0.0,0.0,0.0,0.0,0.0,0.0,0.0,0.0,210.37489
CCC(C(C)C)C(C)C,193.73069000000012,0.0,0.0,0.0,0.0,0.0,0.0,0.0,0.0,0.0,0.0,0.0,0.0,0.0,0.0,0.0,0.0,0.0,0.0,0.0,0.0,0.0,2.19546717953551,20.254304079200704,25.293615746905303,38.233371536667,30.2181869112576,25.830619070204,30.039494929532996,19.4359231628416,2.22970738385541,1.9540698697626947e-15,0.0,0.0,0.0,0.0,0.0,0.0,0.0,0.0,0.0,0.0,0.0,0.0,0.0,0.0,0.0,0.0,0.0,0.0,0.0,0.0,209.47015
C=C,72.38225000000003,0.0,0.0,0.0,0.0,0.0,0.0,0.0,0.0,0.0,0.0,0.0,0.0,0.0,0.0,0.0,0.0,0.0,0.0,0.0919555737592123,4.59043985948463,6.97301834568176,8.86371317972544,4.520217989445101,5.622927661406411,6.99911422759289,5.11265124232625,3.3101764062989605,6.029701388497589,4.25401631060403,1.42517516567898,4.417173494005717,3.94324644583828,1.70172386682083,3.27194923630177,1.24810449381938,0.0069451127127826,0.0,0.0,0.0,0.0,0.0,0.0,0.0,0.0,0.0,0.0,0.0,0.0,0.0,0.0,0.0,53.92983
CC=C,93.32025,0.0,0.0,0.0,0.0,0.0,0.0,0.0,0.0,0.0,0.0,0.0,0.0,0.0,0.0,0.0,0.0,0.0,0.0,0.0,0.472631649859985,5.79852603890556,10.2122936366051,12.612997184848098,8.07523825056429,9.46922137276546,9.55232222912174,11.3032844356693,4.310780082783581,5.50186180487554,4.31477085674446,1.4165378467914524,3.47041344830698,3.02056600783888,2.00742867941111,1.78137647490845,0.0,0.0,0.0,0.0,0.0,0.0,0.0,0.0,0.0,0.0,0.0,0.0,0.0,0.0,0.0,0.0,75.60203
CCC=C,113.2655099999999,0.0,0.0,0.0,0.0,0.0,0.0,0.0,0.0,0.0,0.0,0.0,0.0,0.0,0.0,0.0,0.0,0.0,0.0,0.0,0.455545912528242,3.97703225969182,9.86820996608278,16.0341848515249,14.973217358395598,11.4777297287394,12.7935937561154,12.1879672306408,9.380848540314489,5.56298612210919,3.66312299747638,2.461075909298811,3.54718799853083,3.23711808050875,1.96966494757844,1.67602434046408,0.0,0.0,0.0,0.0,0.0,0.0,0.0,0.0,0.0,0.0,0.0,0.0,0.0,0.0,0.0,0.0,97.45523
C/C=C\C,111.63863999999992,0.0,0.0,0.0,0.0,0.0,0.0,0.0,0.0,0.0,0.0,0.0,0.0,0.0,0.0,0.0,0.0,0.0,0.0,0.0,0.24500962265298,3.13863604260591,12.7777377475289,12.7617867792778,14.7040669703395,11.9020612724684,11.7621464052238,15.2431627167258,8.705176792973457,4.71144499355891,2.72993797162687,3.4063681439332094,2.17774211220745,3.12301540562331,2.81329859295792,1.31030025882631,0.1267481714693897,0.0,0.0,0.0,0.0,0.0,0.0,0.0,0.0,0.0,0.0,0.0,0.0,0.0,0.0,0.0,95.66768
C/C=C/C,113.22854,0.0,0.0,0.0,0.0,0.0,0.0,0.0,0.0,0.0,0.0,0.0,0.0,0.0,0.0,0.0,0.0,0.0,0.0,0.0,0.0,1.19320217896664,13.2701411880867,13.482757342450402,16.891681641783897,11.2592191625282,12.4201968342894,14.8884807955265,9.124036924321818,4.43244019074347,4.06136704354265,3.5499399997409005,2.70856009133727,2.57092944803318,2.68350120196332,0.692085956685663,0.0,0.0,0.0,0.0,0.0,0.0,0.0,0.0,0.0,0.0,0.0,0.0,0.0,0.0,0.0,0.0,96.2258
CC(=C)C,111.90710999999996,0.0,0.0,0.0,0.0,0.0,0.0,0.0,0.0,0.0,0.0,0.0,0.0,0.0,0.0,0.0,0.0,0.0,0.0,0.0,0.0250960387941546,3.66750782664079,14.270054083914,15.328483878793396,13.044791434955098,9.14532782421728,10.7300532310198,15.789419769989498,7.254584421615489,4.02859606420512,4.79745185974443,4.007394291975671,2.56284154526254,2.71629145774204,2.27519188996896,2.05909082138605,0.2049335597756286,0.0,0.0,0.0,0.0,0.0,0.0,0.0,0.0,0.0,0.0,0.0,0.0,0.0,0.0,0.0,97.75945
CCCC=C,132.80409999999995,0.0,0.0,0.0,0.0,0.0,0.0,0.0,0.0,0.0,0.0,0.0,0.0,0.0,0.0,0.0,0.0,0.0,0.0,0.0,0.425824139521928,3.83550723340106,7.76429908279912,19.4295664701152,18.5879272975667,17.5163144945019,13.9675545677892,15.0349231711619,13.350753326979296,6.24863298916617,4.03300967555748,2.4507640519876013,2.94443889427885,3.18621340704876,2.3462850508071,1.66244465383235,0.0196414934853435,0.0,0.0,0.0,0.0,0.0,0.0,0.0,0.0,0.0,0.0,0.0,0.0,0.0,0.0,0.0,119.25272
CC/C=C\C,131.77753000000007,0.0,0.0,0.0,0.0,0.0,0.0,0.0,0.0,0.0,0.0,0.0,0.0,0.0,0.0,0.0,0.0,0.0,0.0,0.0,0.0294400615914174,2.11362168506398,10.9770032048237,16.2281445887814,19.6509828077723,15.8068148518167,15.8902261586847,16.6127953711707,12.951011356289497,6.51749515455484,2.70960242536556,2.9566225432019997,2.36196422989987,3.2606689657775,2.44094311719089,1.21196338384069,0.0582300941743433,0.0,0.0,0.0,0.0,0.0,0.0,0.0,0.0,0.0,0.0,0.0,0.0,0.0,0.0,0.0,117.93431
CC/C=C/C,133.3625800000001,0.0,0.0,0.0,0.0,0.0,0.0,0.0,0.0,0.0,0.0,0.0,0.0,0.0,0.0,0.0,0.0,0.0,0.0,0.0,0.0,0.696217410055921,10.0694786952529,17.998454342683,20.659445494693795,16.2273409225188,15.4762426390113,16.937415220387,14.100824596482896,5.84146339671322,3.47092069926248,3.56654273177122,2.93083645524934,2.91122090191163,2.01430648823902,0.461870005767563,0.0,0.0,0.0,0.0,0.0,0.0,0.0,0.0,0.0,0.0,0.0,0.0,0.0,0.0,0.0,0.0,118.19817
CCC(=C)C,129.2554699999999,0.0,0.0,0.0,0.0,0.0,0.0,0.0,0.0,0.0,0.0,0.0,0.0,0.0,0.0,0.0,0.0,0.0,0.0,0.0,0.0,1.70337062990491,12.1525349557469,18.5031393819287,18.549823890339898,13.5854044602202,15.0678972184378,16.2820953141587,11.268007290062796,4.19450476475989,4.55959140659122,3.486633296879711,2.96469001044938,2.08441056129088,2.673304824446,1.99164150751934,0.1884204872635746,0.0,0.0,0.0,0.0,0.0,0.0,0.0,0.0,0.0,0.0,0.0,0.0,0.0,0.0,0.0,118.26961
CC(C)C=C,128.6801499999999,0.0,0.0,0.0,0.0,0.0,0.0,0.0,0.0,0.0,0.0,0.0,0.0,0.0,0.0,0.0,0.0,0.0,0.0,0.0,0.236099457906693,3.24218760648969,9.20842660513762,19.0213713129172,18.599556663036,15.4874232463491,13.3132704045672,12.4766532242025,14.192212200918195,6.79555731609914,3.98294450264989,1.751664778518712,3.26047988692853,3.08781895982131,2.04447853433014,1.87474284447256,0.1052624556554248,0.0,0.0,0.0,0.0,0.0,0.0,0.0,0.0,0.0,0.0,0.0,0.0,0.0,0.0,0.0,119.00801
CC=C(C)C,129.99178000000012,0.0,0.0,0.0,0.0,0.0,0.0,0.0,0.0,0.0,0.0,0.0,0.0,0.0,0.0,0.0,0.0,0.0,0.0,0.0,0.250508963578353,2.05577594204357,12.1163655993086,14.8058293590209,20.273406986910295,12.7973290442478,13.2514269123192,19.6233423354263,13.194380417061597,6.52194266354438,3.24351975582618,3.6425926829395094,2.84627434397724,2.3357774815971,2.23051161483775,0.802795897361335,0.0,0.0,0.0,0.0,0.0,0.0,0.0,0.0,0.0,0.0,0.0,0.0,0.0,0.0,0.0,0.0,117.65839
CCCCC=C,153.04588000000007,0.0,0.0,0.0,0.0,0.0,0.0,0.0,0.0,0.0,0.0,0.0,0.0,0.0,0.0,0.0,0.0,0.0,0.0,0.0,0.403502476488794,3.80710088955261,7.31614201980924,19.7107268500553,23.6628377575372,22.7232997851339,17.7024281677595,16.7499760030793,16.240593753680198,7.82468584830693,4.07128502407204,2.017462302201952,3.84142645026764,3.17195219891319,2.06107845806382,1.74138201507846,0.0,0.0,0.0,0.0,0.0,0.0,0.0,0.0,0.0,0.0,0.0,0.0,0.0,0.0,0.0,0.0,141.28793
CCC/C=C\C,151.3615900000001,0.0,0.0,0.0,0.0,0.0,0.0,0.0,0.0,0.0,0.0,0.0,0.0,0.0,0.0,0.0,0.0,0.0,0.0,0.0,0.0127571471405663,1.91334717406952,9.68000156959297,18.556967910989503,23.6647412466152,21.4662228527331,18.026768577502,19.0701755950157,16.352027805290195,7.34948658738881,3.00499191341754,2.93425464256352,2.36062231112535,3.05963579319122,2.34129102811503,1.46061838421287,0.1076794610369778,0.0,0.0,0.0,0.0,0.0,0.0,0.0,0.0,0.0,0.0,0.0,0.0,0.0,0.0,0.0,139.86727
CCC/C=C/C,153.39875999999992,0.0,0.0,0.0,0.0,0.0,0.0,0.0,0.0,0.0,0.0,0.0,0.0,0.0,0.0,0.0,0.0,0.0,0.0,0.0,0.0,0.6736099059838,9.01804619104769,19.198737520417403,25.1546591508864,21.8578139466934,18.2706220550889,19.364756907943,17.496065314173997,6.57237888434937,3.84951475071614,3.91915519613464,2.62110451309376,2.52813869192709,2.40278696399324,0.471370007551087,0.0,0.0,0.0,0.0,0.0,0.0,0.0,0.0,0.0,0.0,0.0,0.0,0.0,0.0,0.0,0.0,140.36223
CC/C=C\CC,150.85425000000004,0.0,0.0,0.0,0.0,0.0,0.0,0.0,0.0,0.0,0.0,0.0,0.0,0.0,0.0,0.0,0.0,0.0,0.0,0.0,0.0,0.15669019637829,7.79910317199287,21.3843790559918,24.4598051173827,20.9283610394619,20.0609603446707,18.7710682232131,17.028463305025596,4.92027235278734,4.17063217590776,1.7658244367338716,2.53232416441382,2.91942271287103,2.18456334973232,1.64738950444714,0.1249908489898047,0.0,0.0,0.0,0.0,0.0,0.0,0.0,0.0,0.0,0.0,0.0,0.0,0.0,0.0,0.0,139.52032
CC/C=C/CC,153.03342999999995,0.0,0.0,0.0,0.0,0.0,0.0,0.0,0.0,0.0,0.0,0.0,0.0,0.0,0.0,0.0,0.0,0.0,0.0,0.0,0.0,0.20675557797237,5.9107668073254,20.5791414408732,23.1877173981429,23.3521942506657,21.9532768619873,20.2060280418822,18.97290929122899,3.72730926584363,4.47541668242443,4.22263703230604,1.30097427517204,2.39784923791736,2.04498445921432,0.495469377044076,0.0,0.0,0.0,0.0,0.0,0.0,0.0,0.0,0.0,0.0,0.0,0.0,0.0,0.0,0.0,0.0,139.33598
CCCC(=C)C,149.42210000000006,0.0,0.0,0.0,0.0,0.0,0.0,0.0,0.0,0.0,0.0,0.0,0.0,0.0,0.0,0.0,0.0,0.0,0.0,0.0,0.0,0.753503337755212,8.73597098138611,18.6586081764548,23.8130942743097,19.9668290046634,18.498326398112,21.6172939553094,16.089530551696598,5.10136618810164,5.0084635880589,3.218987137606731,3.1853483722179,2.86813663692916,1.86849183616998,0.0381495612285259,0.0,0.0,0.0,0.0,0.0,0.0,0.0,0.0,0.0,0.0,0.0,0.0,0.0,0.0,0.0,0.0,140.80428
CCC(C)C=C,146.02107,0.0,0.0,0.0,0.0,0.0,0.0,0.0,0.0,0.0,0.0,0.0,0.0,0.0,0.0,0.0,0.0,0.0,0.0,0.0,0.208951251076455,3.09685366718881,8.4984194388817,20.9033725503813,21.7341546562188,18.822979862767,16.3394906344245,16.8374907024396,16.034287982016597,7.76872416098723,3.26906990358258,1.9512120553653711,3.20109036017687,3.15299656203082,2.18362733681021,1.8304932718012,0.1878556038509856,0.0,0.0,0.0,0.0,0.0,0.0,0.0,0.0,0.0,0.0,0.0,0.0,0.0,0.0,0.0,139.81529
CC(C)CC=C,148.80443999999997,0.0,0.0,0.0,0.0,0.0,0.0,0.0,0.0,0.0,0.0,0.0,0.0,0.0,0.0,0.0,0.0,0.0,0.0,0.0,0.532785989057439,4.04857266410075,8.40762245944017,20.0675645199657,21.9253800482314,19.1916923158533,16.1183499780551,15.8474922159372,17.790137481332795,8.39299200452834,4.0344842132304,2.412681702190181,3.11433040021541,3.15772013004409,2.38488246411956,1.35396616750611,0.0237852461920214,0.0,0.0,0.0,0.0,0.0,0.0,0.0,0.0,0.0,0.0,0.0,0.0,0.0,0.0,0.0,141.58097
CCC=C(C)C,149.78894000000008,0.0,0.0,0.0,0.0,0.0,0.0,0.0,0.0,0.0,0.0,0.0,0.0,0.0,0.0,0.0,0.0,0.0,0.0,0.0,0.0120270065647399,1.81762025619737,9.6696719287985,18.850396870280605,23.284971839140397,18.2102008293511,16.5352629759518,21.2186888340702,18.4301103034606,6.53522058159356,4.11328563498045,3.3487253056871102,2.65971681186093,2.80313014945901,1.64129723951507,0.658613433088635,0.0,0.0,0.0,0.0,0.0,0.0,0.0,0.0,0.0,0.0,0.0,0.0,0.0,0.0,0.0,0.0,139.90367
CC/C(=C\C)/C,147.2209099999999,0.0,0.0,0.0,0.0,0.0,0.0,0.0,0.0,0.0,0.0,0.0,0.0,0.0,0.0,0.0,0.0,0.0,0.0,0.0,0.0,1.22576018767539,10.9587078024684,17.788480253000902,22.471110173208498,16.9121367771323,17.8471520075359,21.6086633311841,17.251989916316596,6.80665320819017,3.43465418890263,2.9797703509327604,2.61223163500492,2.6804655240102,1.87156766186623,0.77156698257089,0.0,0.0,0.0,0.0,0.0,0.0,0.0,0.0,0.0,0.0,0.0,0.0,0.0,0.0,0.0,0.0,140.04889
CCC(C)CC=C,166.27138000000002,0.0,0.0,0.0,0.0,0.0,0.0,0.0,0.0,0.0,0.0,0.0,0.0,0.0,0.0,0.0,0.0,0.0,0.0,0.0,0.511155315049909,4.10206743990155,8.79223343439394,20.6270513754717,24.3507772584885,23.0712035981277,18.3175066053225,21.6717270272,19.961624281508296,8.25373481105557,3.45561805620147,2.7348596194025205,3.58289014786823,2.95894003846128,2.47956334513176,1.4004276464151,0.0,0.0,0.0,0.0,0.0,0.0,0.0,0.0,0.0,0.0,0.0,0.0,0.0,0.0,0.0,0.0,162.36218
C/C=C\C(C)C,145.62240999999992,0.0,0.0,0.0,0.0,0.0,0.0,0.0,0.0,0.0,0.0,0.0,0.0,0.0,0.0,0.0,0.0,0.0,0.0,0.0,0.0,1.33826888322117,10.3000079740832,21.2887995701937,20.7864957018736,19.1986304412493,15.938812723994,16.6220180084985,17.934810977385396,6.65072884417051,3.47996094969645,2.567300132934791,2.75485060121493,2.88666583152898,2.03331651814982,1.74014376820819,0.1015990735973848,0.0,0.0,0.0,0.0,0.0,0.0,0.0,0.0,0.0,0.0,0.0,0.0,0.0,0.0,0.0,139.43535
C/C=C/C(C)C,148.82046000000005,0.0,0.0,0.0,0.0,0.0,0.0,0.0,0.0,0.0,0.0,0.0,0.0,0.0,0.0,0.0,0.0,0.0,0.0,0.0,0.0,0.43028994819569,8.45651324913553,20.9017676325557,24.0113165004598,20.3358318175204,16.9022717437189,17.1629813749682,17.852551516673795,7.96948549624818,3.65345516874362,3.3134568376717404,2.36354263664098,2.84197696794891,1.83299601189649,0.792023097622121,0.0,0.0,0.0,0.0,0.0,0.0,0.0,0.0,0.0,0.0,0.0,0.0,0.0,0.0,0.0,0.0,139.65728
CCC(=C)CC,145.85958999999986,0.0,0.0,0.0,0.0,0.0,0.0,0.0,0.0,0.0,0.0,0.0,0.0,0.0,0.0,0.0,0.0,0.0,0.0,0.0,0.0,1.00821554412747,8.64236794006042,21.2141117522639,23.201150864189596,17.4451111550281,19.2531524030097,17.0930050489843,16.474310524828198,5.46753104883573,3.46753353838089,3.38706256176057,2.94671554270666,2.76901182312301,2.2491057743202,0.943593267726982,0.2976112106541345,0.0,0.0,0.0,0.0,0.0,0.0,0.0,0.0,0.0,0.0,0.0,0.0,0.0,0.0,0.0,141.5364
CC(C)C(=C)C,144.93733000000012,0.0,0.0,0.0,0.0,0.0,0.0,0.0,0.0,0.0,0.0,0.0,0.0,0.0,0.0,0.0,0.0,0.0,0.0,0.0,0.0,2.39178322310382,11.4669144300826,19.1729381787797,20.7750509351087,16.7950985413368,16.9720835719008,17.3409893393957,17.253672525681097,6.42889074768139,3.25782647649299,4.135819657322699,2.44193660370914,2.91072748209505,1.98786698415056,1.53857159414304,0.0671597090160391,0.0,0.0,0.0,0.0,0.0,0.0,0.0,0.0,0.0,0.0,0.0,0.0,0.0,0.0,0.0,140.4912
CC(C)(C)C=C,143.48527999999988,0.0,0.0,0.0,0.0,0.0,0.0,0.0,0.0,0.0,0.0,0.0,0.0,0.0,0.0,0.0,0.0,0.0,0.0,0.0,0.224347621862587,3.13277088420319,8.60563226707169,23.826204471151595,19.5978296686606,16.0644351805996,13.6528020760845,14.018946494329,19.966439046965498,8.95297955556438,3.79108324094623,2.1682476161793014,2.44746675890294,3.41095537274154,2.36854224525474,1.2565974994825,0.0,0.0,0.0,0.0,0.0,0.0,0.0,0.0,0.0,0.0,0.0,0.0,0.0,0.0,0.0,0.0,141.15004
CC(=C(C)C)C,145.19149999999993,0.0,0.0,0.0,0.0,0.0,0.0,0.0,0.0,0.0,0.0,0.0,0.0,0.0,0.0,0.0,0.0,0.0,0.0,0.0,0.78288569660351,2.95457549375768,10.108654341976,17.608330313801005,22.318792972741797,14.0168818650253,14.1092900807956,20.6701355527492,19.502455505049294,9.1530349810528,3.54866949629649,3.2364193264489205,2.8117724856734,2.39731669968687,1.878042969261,0.0942422190810584,0.0,0.0,0.0,0.0,0.0,0.0,0.0,0.0,0.0,0.0,0.0,0.0,0.0,0.0,0.0,0.0,138.04887
CCCC(=C)CC,166.67442,0.0,0.0,0.0,0.0,0.0,0.0,0.0,0.0,0.0,0.0,0.0,0.0,0.0,0.0,0.0,0.0,0.0,0.0,0.0,0.0,0.782005313667346,9.1184794358333,22.547390619088,27.086046770415297,22.2465181074826,21.7959129734928,20.5465259475447,19.82516912693229,6.43762436512658,3.76784554493654,2.846147997136991,2.70314770259738,2.91592019593835,2.46978051723092,1.26461514601983,0.3212902365570614,0.0,0.0,0.0,0.0,0.0,0.0,0.0,0.0,0.0,0.0,0.0,0.0,0.0,0.0,0.0,161.50438
CCCCCC=C,173.03796,0.0,0.0,0.0,0.0,0.0,0.0,0.0,0.0,0.0,0.0,0.0,0.0,0.0,0.0,0.0,0.0,0.0,0.0,0.0,0.403386150984122,3.79655868838628,7.1980619192833,19.755798463977705,27.9188945026628,27.7301308744254,22.1029347826312,19.4562374405138,17.907586459170798,9.79987916088741,4.11082562383662,2.1816515531921317,3.68919893708405,3.15502245787985,2.03978384483098,1.79200914025356,0.0,0.0,0.0,0.0,0.0,0.0,0.0,0.0,0.0,0.0,0.0,0.0,0.0,0.0,0.0,0.0,163.39637
CCCC/C=C\C,171.02874999999997,0.0,0.0,0.0,0.0,0.0,0.0,0.0,0.0,0.0,0.0,0.0,0.0,0.0,0.0,0.0,0.0,0.0,0.0,0.0,0.0,0.855327196543736,9.05785883746788,19.078303996756805,28.7000386782599,27.3026763719207,22.8618610480907,21.8861487610484,17.626434979532196,8.00835772318165,3.49974038087413,2.6341741580446407,2.4554743636731,3.03148737460307,2.28694962514682,1.59238040995905,0.1515360948971507,0.0,0.0,0.0,0.0,0.0,0.0,0.0,0.0,0.0,0.0,0.0,0.0,0.0,0.0,0.0,161.7888
CCCC/C=C/C,172.92430999999996,0.0,0.0,0.0,0.0,0.0,0.0,0.0,0.0,0.0,0.0,0.0,0.0,0.0,0.0,0.0,0.0,0.0,0.0,0.0,0.0,0.656570870617019,8.81328728417069,19.554250151873305,29.5000298794041,26.914002115501,21.9665873493992,21.7514333275274,18.996966914244094,9.33592498202564,3.33894884380075,3.55519729457697,3.03681767640477,2.83870123080811,2.07165089390674,0.593941185740192,0.0,0.0,0.0,0.0,0.0,0.0,0.0,0.0,0.0,0.0,0.0,0.0,0.0,0.0,0.0,0.0,162.03164
CCC/C=C/CC,172.9583500000001,0.0,0.0,0.0,0.0,0.0,0.0,0.0,0.0,0.0,0.0,0.0,0.0,0.0,0.0,0.0,0.0,0.0,0.0,0.0,0.0,0.197418350183371,5.80742204272787,23.933691047631704,28.6187784116707,26.6321345217655,21.3722888498451,21.1758938938883,22.291283190798097,8.56751569168511,2.96637457952031,3.6068442556808695,2.54708208856303,3.23772160993408,1.77476909231296,0.229132373793117,0.0,0.0,0.0,0.0,0.0,0.0,0.0,0.0,0.0,0.0,0.0,0.0,0.0,0.0,0.0,0.0,161.74896
CCCCC(=C)C,169.71255999999994,0.0,0.0,0.0,0.0,0.0,0.0,0.0,0.0,0.0,0.0,0.0,0.0,0.0,0.0,0.0,0.0,0.0,0.0,0.0,0.0,2.13532012803959,10.5476174185259,21.155325573808906,26.0966578413631,23.4968983654059,20.9073387223802,21.7828134377522,18.496502833737495,7.74443566642212,3.5379025576953,4.307859062606749,2.39494951343398,2.85421746227011,2.56308596787949,1.55043716141959,0.1411982872593147,0.0,0.0,0.0,0.0,0.0,0.0,0.0,0.0,0.0,0.0,0.0,0.0,0.0,0.0,0.0,163.22273
CCC(CC)C=C,163.65355000000002,0.0,0.0,0.0,0.0,0.0,0.0,0.0,0.0,0.0,0.0,0.0,0.0,0.0,0.0,0.0,0.0,0.0,0.0,0.0,0.276942337006194,3.31809642989456,7.67464329992732,21.3136582098745,23.3113606397884,23.3584025281616,19.4134666955861,20.5950536951072,20.833876755607793,8.31152164071058,4.10436761906135,2.5139937732798514,2.12255650838197,3.25272817951431,2.30401178506108,0.921424109634549,0.0274457934026676,0.0,0.0,0.0,0.0,0.0,0.0,0.0,0.0,0.0,0.0,0.0,0.0,0.0,0.0,0.0,161.74149
CCCC(C)C=C,166.32399999999998,0.0,0.0,0.0,0.0,0.0,0.0,0.0,0.0,0.0,0.0,0.0,0.0,0.0,0.0,0.0,0.0,0.0,0.0,0.0,0.193194154041911,3.09069907476198,7.25646728878772,22.9695153279293,25.3328228093533,24.7182423765419,19.4835525740631,19.5825232696262,18.444895938154396,8.58374480052099,3.76195148367889,2.7896375137738407,2.32401821977288,3.74602501476324,1.73888928566365,2.2885839610423,0.0192369075243889,0.0,0.0,0.0,0.0,0.0,0.0,0.0,0.0,0.0,0.0,0.0,0.0,0.0,0.0,0.0,162.21753
CC(=C)C(C)(C)C,156.96428000000003,0.0,0.0,0.0,0.0,0.0,0.0,0.0,0.0,0.0,0.0,0.0,0.0,0.0,0.0,0.0,0.0,0.0,0.0,0.0,0.0,2.19778576330218,11.4700125157837,22.4473110256554,22.3437910437401,18.2567174429816,16.0621700944544,17.7533876219859,22.09506501580979,8.4160916494531,3.53864394005997,3.33713345981701,2.62914031727447,2.62254998157778,2.67300814340291,1.12147198470172,0.0,0.0,0.0,0.0,0.0,0.0,0.0,0.0,0.0,0.0,0.0,0.0,0.0,0.0,0.0,0.0,161.26701
CCC/C=C\CC,170.81638999999984,0.0,0.0,0.0,0.0,0.0,0.0,0.0,0.0,0.0,0.0,0.0,0.0,0.0,0.0,0.0,0.0,0.0,0.0,0.0,0.0,0.166826602873363,6.55197055292187,23.043929331317106,28.7059579429088,26.4598486813034,22.4405284384358,21.5947376992553,20.098823105496898,6.13807484700338,4.30514206765503,2.191522491720822,2.11846488561362,3.03311419365976,2.26234935608907,1.61506614549089,0.0900336582547564,0.0,0.0,0.0,0.0,0.0,0.0,0.0,0.0,0.0,0.0,0.0,0.0,0.0,0.0,0.0,161.39194
CCCCCCC=C,192.6879199999999,0.0,0.0,0.0,0.0,0.0,0.0,0.0,0.0,0.0,0.0,0.0,0.0,0.0,0.0,0.0,0.0,0.0,0.0,0.0,0.397488095080974,3.81010536380713,7.08566830914837,20.185979739032305,31.4537889816341,32.4792381669002,26.2559889324196,22.6214949810316,19.858994116860796,11.7022273834684,3.97841382411861,2.5869054179824715,3.05647255693557,3.14402117852461,2.367945440567,1.68129541907478,0.0218920934134115,0.0,0.0,0.0,0.0,0.0,0.0,0.0,0.0,0.0,0.0,0.0,0.0,0.0,0.0,0.0,185.24021
CCCCC/C=C/C,193.01859000000007,0.0,0.0,0.0,0.0,0.0,0.0,0.0,0.0,0.0,0.0,0.0,0.0,0.0,0.0,0.0,0.0,0.0,0.0,0.0,0.0,0.655896004082608,8.70890657218673,19.749589937247706,33.2981493655149,31.9212193558124,26.7854820297186,24.5669484893286,20.675350514778295,10.9687729480409,3.91502091438282,3.142624194207031,2.93588000708635,3.08498375456527,1.92326559731523,0.686500315732636,0.0,0.0,0.0,0.0,0.0,0.0,0.0,0.0,0.0,0.0,0.0,0.0,0.0,0.0,0.0,0.0,184.10883
CC(=C)CC(C)(C)C,174.4502899999999,0.0,0.0,0.0,0.0,0.0,0.0,0.0,0.0,0.0,0.0,0.0,0.0,0.0,0.0,0.0,0.0,0.0,0.0,0.0,0.0,1.25174464573552,8.19762197924655,25.123402302997103,29.642919726957896,21.9881498228135,17.0601478347044,20.1244785341842,22.438569915952,13.5448266460854,4.58403491989162,3.664523905341691,2.2962293773756,2.13119310208949,1.24378608774669,0.897606149680902,0.2610550491973545,0.0,0.0,0.0,0.0,0.0,0.0,0.0,0.0,0.0,0.0,0.0,0.0,0.0,0.0,0.0,185.00253
CC(=CC(C)(C)C)C,176.96605000000002,0.0,0.0,0.0,0.0,0.0,0.0,0.0,0.0,0.0,0.0,0.0,0.0,0.0,0.0,0.0,0.0,0.0,0.0,0.0,0.0,0.925309215452158,10.0789778442018,23.1166882963255,26.9299134281052,24.4607265019067,18.9331470502969,20.7831300780521,25.49587773063239,12.4608937890772,3.12281747289987,3.839066620127589,2.7056014340351,2.08390746834062,1.64046631886868,0.389526751678213,0.0,0.0,0.0,0.0,0.0,0.0,0.0,0.0,0.0,0.0,0.0,0.0,0.0,0.0,0.0,0.0,182.63931
CCCCC(=C)CC,185.93354999999983,0.0,0.0,0.0,0.0,0.0,0.0,0.0,0.0,0.0,0.0,0.0,0.0,0.0,0.0,0.0,0.0,0.0,0.0,0.0,0.0,0.926926726775445,6.66189176655005,22.755729140510503,33.26888165298,28.6197649638362,24.1749107351353,22.6465603366894,22.320543649588497,7.90669531628652,4.66577302481501,3.349801800316131,1.88788444537325,2.89221385746501,2.45598344054893,1.20288689183562,0.1971022512939626,0.0,0.0,0.0,0.0,0.0,0.0,0.0,0.0,0.0,0.0,0.0,0.0,0.0,0.0,0.0,185.45244
CCCCCCCC=C,212.6888,0.0,0.0,0.0,0.0,0.0,0.0,0.0,0.0,0.0,0.0,0.0,0.0,0.0,0.0,0.0,0.0,0.0,0.0,0.0,0.402857867404817,3.81943591078674,6.97651895633277,20.495090131678307,34.9326455263731,37.6722525861259,30.868054015577,25.7725729432452,21.204932784484996,13.7091134599117,3.97233541107571,2.5963773623781115,3.04293473346659,3.15035188025633,2.38621863605458,1.66450357273142,0.0226042221167481,0.0,0.0,0.0,0.0,0.0,0.0,0.0,0.0,0.0,0.0,0.0,0.0,0.0,0.0,0.0,207.44386
CCCCCCCCC=C,232.60790000000011,0.0,0.0,0.0,0.0,0.0,0.0,0.0,0.0,0.0,0.0,0.0,0.0,0.0,0.0,0.0,0.0,0.0,0.0,0.0,0.400988741841317,3.76743303678455,7.13126028122895,20.944966646791706,38.0280849413227,42.7995096684072,35.2134479491707,29.1992470910163,22.5978753044808,15.7900987273539,3.67222284540823,2.3245956532061114,3.77394657638203,3.09999096039632,1.95205044988604,1.90308628192661,0.0090948443966748,0.0,0.0,0.0,0.0,0.0,0.0,0.0,0.0,0.0,0.0,0.0,0.0,0.0,0.0,0.0,229.25003
CCCCCCCCCC=C,252.63717999999992,0.0,0.0,0.0,0.0,0.0,0.0,0.0,0.0,0.0,0.0,0.0,0.0,0.0,0.0,0.0,0.0,0.0,0.0,0.0,0.401350626396119,3.83077879542643,6.93467115683966,21.09442000279741,41.8526948350031,48.0244530889235,39.0813299134902,32.959116308912,24.257743197909296,17.3080510619826,4.02381938055213,2.5828416103621814,3.05442853268581,3.14455327251688,2.39013657683887,1.67329859531745,0.0234930440462848,0.0,0.0,0.0,0.0,0.0,0.0,0.0,0.0,0.0,0.0,0.0,0.0,0.0,0.0,0.0,251.48652
CCCCCCCCCCC=C,272.7580500000002,0.0,0.0,0.0,0.0,0.0,0.0,0.0,0.0,0.0,0.0,0.0,0.0,0.0,0.0,0.0,0.0,0.0,0.0,0.0,0.403725552710058,3.79688747417292,7.09177375619551,21.41489917601191,44.809932710283704,53.2919970665311,43.3071295796994,36.7498020304811,25.803551031232796,18.9966831126181,4.16582735822159,2.4112124830480517,3.40843668794382,3.11876024519151,2.36014953479578,1.62728220086287,0.0,0.0,0.0,0.0,0.0,0.0,0.0,0.0,0.0,0.0,0.0,0.0,0.0,0.0,0.0,0.0,273.22515
CCCCCCCCCCCC=C,292.21700000000004,0.0,0.0,0.0,0.0,0.0,0.0,0.0,0.0,0.0,0.0,0.0,0.0,0.0,0.0,0.0,0.0,0.0,0.0,0.0,0.379312660357449,3.79700823015657,7.14915025464641,21.792307477949212,48.137008030795506,58.3902002722108,47.6868283271293,39.676045521709,26.811482601243497,21.4413122242978,4.00509871354119,2.1935498798713113,3.80472079648813,3.10269467810304,1.96072659518451,1.87976908315366,0.0097846531626584,0.0,0.0,0.0,0.0,0.0,0.0,0.0,0.0,0.0,0.0,0.0,0.0,0.0,0.0,0.0,295.18803
CCCCCCCCCCCCC=C,313.0948700000001,0.0,0.0,0.0,0.0,0.0,0.0,0.0,0.0,0.0,0.0,0.0,0.0,0.0,0.0,0.0,0.0,0.0,0.0,0.0,0.394893561063343,3.77831931251698,7.08462854560024,22.116258780712418,51.976205349430906,63.3742436006147,51.6836870964758,43.8447811456398,29.081661515619196,22.909800221296,3.74841842388454,2.3859343329706713,3.75982457882779,3.11296711066267,1.98115253573587,1.8444866200886,0.0176072688606139,0.0,0.0,0.0,0.0,0.0,0.0,0.0,0.0,0.0,0.0,0.0,0.0,0.0,0.0,0.0,317.5805
CCCCCCCCCCCCCC=C,332.81356000000017,0.0,0.0,0.0,0.0,0.0,0.0,0.0,0.0,0.0,0.0,0.0,0.0,0.0,0.0,0.0,0.0,0.0,0.0,0.0,0.409604398346948,3.79695380160503,7.00784350904414,22.486059407497113,55.311542943186005,68.6522044459583,55.6069793015387,47.4171754565953,30.3676932704614,24.5905423764854,4.45752151257627,2.320921401811332,3.10992527856424,3.26808163201553,2.27467244598648,1.71209746731884,0.0237413510091422,0.0,0.0,0.0,0.0,0.0,0.0,0.0,0.0,0.0,0.0,0.0,0.0,0.0,0.0,0.0,339.72167
CCCCCCCCCCCCCCC=C,352.8434800000002,0.0,0.0,0.0,0.0,0.0,0.0,0.0,0.0,0.0,0.0,0.0,0.0,0.0,0.0,0.0,0.0,0.0,0.0,0.0,0.42100871954798,3.75954343927635,7.14787444927737,23.049837996450613,58.08818844647101,73.6877067660751,60.0915980701538,50.8623158011625,32.2848992535497,26.3285284318741,4.10841885217884,2.5077247395687414,3.46598255193174,3.02367134115019,2.29574185023212,1.69827015128599,0.0221691398140868,0.0,0.0,0.0,0.0,0.0,0.0,0.0,0.0,0.0,0.0,0.0,0.0,0.0,0.0,0.0,361.17025
CCCCCCCCCCCCCCCCC=C,391.6838600000002,0.0,0.0,0.0,0.0,0.0,0.0,0.0,0.0,0.0,0.0,0.0,0.0,0.0,0.0,0.0,0.0,0.0,0.0,0.0,0.017004570965323,2.24774449137492,5.9432126928469,18.744302705583717,62.46384927921521,89.297198620913,76.2822692433563,56.6626926920884,39.568594818722495,25.3732047144848,3.3911568803109,3.76769386549227,3.51600891514463,3.28079263573601,1.12813387376533,0.0,0.0,0.0,0.0,0.0,0.0,0.0,0.0,0.0,0.0,0.0,0.0,0.0,0.0,0.0,0.0,0.0,403.72081
CC(C)CCCC=C,188.8147,0.0,0.0,0.0,0.0,0.0,0.0,0.0,0.0,0.0,0.0,0.0,0.0,0.0,0.0,0.0,0.0,0.0,0.0,0.0,0.410239837166032,3.85365117235227,7.38779019025888,22.718247820317103,30.2139379425527,30.761522637444795,22.1275079966585,21.107458988301,19.408184559251296,13.7514970335709,3.86610994021386,2.4223379902746713,3.57691455389193,3.46859089653537,2.14997854892333,1.59072989228738,0.0,0.0,0.0,0.0,0.0,0.0,0.0,0.0,0.0,0.0,0.0,0.0,0.0,0.0,0.0,0.0,185.62783
C1CC=CC1,116.00164999999994,0.0,0.0,0.0,0.0,0.0,0.0,0.0,0.0,0.0,0.0,0.0,0.0,0.0,0.0,0.0,0.0,0.0,0.0,0.0,0.411670688498813,2.91956270556532,6.24905376263231,15.418248558044802,17.832649645031,15.8095789140154,13.0683311425932,14.5809533494688,11.709725071523597,3.32249772267302,2.54663176256832,4.404617732375638,1.4499321278654,2.81783624842952,2.5956813619785,0.864679206736294,0.0,0.0,0.0,0.0,0.0,0.0,0.0,0.0,0.0,0.0,0.0,0.0,0.0,0.0,0.0,0.0,103.30457
C1CCC=CC1,129.76029999999994,0.0,0.0,0.0,0.0,0.0,0.0,0.0,0.0,0.0,0.0,0.0,0.0,0.0,0.0,0.0,0.0,0.0,0.0,0.0,0.0,0.588888753436727,6.45626348723444,17.1494769564467,20.8885032985533,22.1944074355521,17.1507715618074,17.9503952230941,8.806935929395639,3.3709699572531,3.43958264564753,2.424546928430321,2.58016712444353,2.56192359159637,2.23499506448184,1.71545903459602,0.2470130080308115,0.0,0.0,0.0,0.0,0.0,0.0,0.0,0.0,0.0,0.0,0.0,0.0,0.0,0.0,0.0,121.82564
C1CCC=CCC1,145.78816000000006,0.0,0.0,0.0,0.0,0.0,0.0,0.0,0.0,0.0,0.0,0.0,0.0,0.0,0.0,0.0,0.0,0.0,0.0,0.0,0.0,0.310764665710158,4.98340428977777,17.751883433741003,26.2589884711476,25.1301382898282,19.8058416118374,20.729088064908,11.825557868787996,4.09725481425227,4.01470165933648,1.9902737188068615,2.5005127549052,2.77185498676171,1.84531361266272,1.46821031508687,0.3043714424498104,0.0,0.0,0.0,0.0,0.0,0.0,0.0,0.0,0.0,0.0,0.0,0.0,0.0,0.0,0.0,144.38895
C1CCC/C=C\CC1,158.9986700000001,0.0,0.0,0.0,0.0,0.0,0.0,0.0,0.0,0.0,0.0,0.0,0.0,0.0,0.0,0.0,0.0,0.0,0.0,0.0,0.0,0.30356926288484,5.3758787133505,17.543347853434902,26.1289403997037,29.6011488079352,22.5616392720265,21.6866528096955,16.693423389333095,5.77015322090671,2.965485034694,3.4235844385233896,2.27027700329919,1.54694776081063,1.26364053385161,1.44156669879442,0.4224148007559142,0.0,0.0,0.0,0.0,0.0,0.0,0.0,0.0,0.0,0.0,0.0,0.0,0.0,0.0,0.0,164.03773
CCCCC/C=C\C,191.04242,0.0,0.0,0.0,0.0,0.0,0.0,0.0,0.0,0.0,0.0,0.0,0.0,0.0,0.0,0.0,0.0,0.0,0.0,0.0,0.0,1.77988198685251,9.49780874739814,19.060476175551106,31.7801082490865,31.8201559559875,26.2469842677423,23.8348209209219,20.465022389227396,11.1992377694475,2.9216671713891,3.05801692254898,2.1071758366082,3.52191851588717,2.04890720670884,1.52577450839089,0.1744633762519837,0.0,0.0,0.0,0.0,0.0,0.0,0.0,0.0,0.0,0.0,0.0,0.0,0.0,0.0,0.0,183.62073
CCCC/C=C/CC,193.0904,0.0,0.0,0.0,0.0,0.0,0.0,0.0,0.0,0.0,0.0,0.0,0.0,0.0,0.0,0.0,0.0,0.0,0.0,0.0,0.0,0.195455994505971,5.57198883451204,23.983441062170005,33.2327326317833,31.8153852917477,25.4232611653638,24.0045233652295,23.72296627166689,10.4349835713328,3.22623705962718,3.22817204547858,3.35463848841667,2.76275829311503,1.91769761109657,0.216158313953982,0.0,0.0,0.0,0.0,0.0,0.0,0.0,0.0,0.0,0.0,0.0,0.0,0.0,0.0,0.0,0.0,183.79023
CCC/C=C\CCC,190.52290000000008,0.0,0.0,0.0,0.0,0.0,0.0,0.0,0.0,0.0,0.0,0.0,0.0,0.0,0.0,0.0,0.0,0.0,0.0,0.0,0.0,0.160760688168269,5.6963190030509,24.318272819723905,33.3566057969782,32.2120478072569,24.4153913890704,23.4972504843249,23.458091106856298,7.81740687544732,4.13347549614704,1.942634201326572,2.41541335452985,3.14852562638063,2.05385495682783,1.75230910357336,0.1445412903377007,0.0,0.0,0.0,0.0,0.0,0.0,0.0,0.0,0.0,0.0,0.0,0.0,0.0,0.0,0.0,182.8423
CCC/C=C/CCC,193.40534000000005,0.0,0.0,0.0,0.0,0.0,0.0,0.0,0.0,0.0,0.0,0.0,0.0,0.0,0.0,0.0,0.0,0.0,0.0,0.0,0.0,0.203625310078102,5.01128252486661,25.386452876522103,32.8456100812206,32.4522268201757,23.1677514077296,23.9693245537279,25.861947329926792,9.46937325835081,3.33988957407374,3.3129807941568,4.42860597680243,1.96781716403326,1.40162353461272,0.586828793722888,0.0,0.0,0.0,0.0,0.0,0.0,0.0,0.0,0.0,0.0,0.0,0.0,0.0,0.0,0.0,0.0,184.27854
CCCC/C=C\CC,190.7122000000001,0.0,0.0,0.0,0.0,0.0,0.0,0.0,0.0,0.0,0.0,0.0,0.0,0.0,0.0,0.0,0.0,0.0,0.0,0.0,0.0,0.155934864912901,6.13650594999428,23.358149119137504,33.789559934899,31.0201004461809,26.2913853021859,23.7211511024569,22.643595760480892,7.94460432044304,4.25806818293084,1.995531176257552,2.48696506836559,2.99905544450199,2.06397110147497,1.7183195896545,0.1293026361233557,0.0,0.0,0.0,0.0,0.0,0.0,0.0,0.0,0.0,0.0,0.0,0.0,0.0,0.0,0.0,183.32555
CCCCCCCCCCCCCCCC=C,371.02214000000026,0.0,0.0,0.0,0.0,0.0,0.0,0.0,0.0,0.0,0.0,0.0,0.0,0.0,0.0,0.0,0.0,0.0,0.0,0.0,0.0227869822323807,2.26339663779573,5.66512281048866,18.95201880777982,59.90681258702341,83.2540208330357,71.4555812251389,53.289872509774106,37.12635156792379,23.7721190409116,4.01390612234051,3.127415669057491,3.72000618047806,2.99793135987548,1.44097296831341,0.0138246978312352,0.0,0.0,0.0,0.0,0.0,0.0,0.0,0.0,0.0,0.0,0.0,0.0,0.0,0.0,0.0,0.0,383.14219
CCCCCCCCCCCCCCCCCC=C,412.6623400000002,0.0,0.0,0.0,0.0,0.0,0.0,0.0,0.0,0.0,0.0,0.0,0.0,0.0,0.0,0.0,0.0,0.0,0.0,0.0,0.408589740715444,3.79215889572035,7.01883014383421,24.043351697799014,68.51189846658382,89.2518846544469,72.3831602476146,61.3263275395386,36.687511618089,31.878686089317,4.65319369806396,2.319897959411752,3.10860258273028,3.26859542412445,2.27841833350726,1.70698018919927,0.0242527193042805,0.0,0.0,0.0,0.0,0.0,0.0,0.0,0.0,0.0,0.0,0.0,0.0,0.0,0.0,0.0,427.75106
CCCCCCCCCCCCCCCCCCC=C,432.6291000000002,0.0,0.0,0.0,0.0,0.0,0.0,0.0,0.0,0.0,0.0,0.0,0.0,0.0,0.0,0.0,0.0,0.0,0.0,0.0,0.402093559689935,3.79588791249077,7.0263795820544,24.546473175405023,71.59752794424621,94.1741911344208,76.5794819870928,65.1060047820088,38.4149659042798,33.6322198489556,4.67031764489307,2.3714037433625323,3.06507934501381,3.20532659280804,2.28721612331877,1.73477694923784,0.0197537707220464,0.0,0.0,0.0,0.0,0.0,0.0,0.0,0.0,0.0,0.0,0.0,0.0,0.0,0.0,0.0,449.36294
C=CC1=CCCCC1,161.34073,0.0,0.0,0.0,0.0,0.0,0.0,0.0,0.0,0.0,0.0,0.0,0.0,0.0,0.0,0.0,0.0,0.0,0.0,0.0,0.397699062506284,5.33746439192902,15.6109694863244,24.7248395411402,22.4880310518629,18.8546489127107,17.8148794235733,13.0861729774819,6.51604219145367,6.91097216267781,6.70010774477534,5.567181875545011,5.14873404632729,5.06071890422719,4.79773789660771,2.32453033085728,0.0,0.0,0.0,0.0,0.0,0.0,0.0,0.0,0.0,0.0,0.0,0.0,0.0,0.0,0.0,0.0,160.9375
CC1=CCCC1,135.17934000000002,0.0,0.0,0.0,0.0,0.0,0.0,0.0,0.0,0.0,0.0,0.0,0.0,0.0,0.0,0.0,0.0,0.0,0.0,0.0,0.0,1.00694289775088,7.07256032665412,16.751188027213903,21.927351733223,19.8868064327987,15.2229644187884,20.0287223192112,15.282519639717297,4.64152598681159,3.19546878014961,2.6327164218024905,3.07428038408557,1.86225385943323,1.87535026886707,0.646327766233761,0.0723607372592261,0.0,0.0,0.0,0.0,0.0,0.0,0.0,0.0,0.0,0.0,0.0,0.0,0.0,0.0,0.0,125.46571
CC1CCC=C1,133.78971999999993,0.0,0.0,0.0,0.0,0.0,0.0,0.0,0.0,0.0,0.0,0.0,0.0,0.0,0.0,0.0,0.0,0.0,0.0,0.0,0.397460025379921,2.74163388614085,5.70659445696141,17.1377033135111,19.9881839777954,20.4697757888147,17.6143943202809,15.3972079791077,15.381828299883695,4.25937897180697,3.51322891646893,3.37486158817676,2.00725020625595,2.66036497122243,2.01985188916464,1.04711660531623,0.0728848037123352,0.0,0.0,0.0,0.0,0.0,0.0,0.0,0.0,0.0,0.0,0.0,0.0,0.0,0.0,0.0,125.22937
CC1CC=CC1,133.95593000000008,0.0,0.0,0.0,0.0,0.0,0.0,0.0,0.0,0.0,0.0,0.0,0.0,0.0,0.0,0.0,0.0,0.0,0.0,0.0,0.375959071745801,2.83736087686417,5.86711951253174,16.6615832526887,20.0201750548181,20.6722628180691,17.6770495832273,16.8993176798956,13.384111695826796,4.77116964755993,3.24268617271154,3.21124939783717,2.17382545514689,2.96165171026422,2.15527105889348,0.972993414081324,0.0721435978381968,0.0,0.0,0.0,0.0,0.0,0.0,0.0,0.0,0.0,0.0,0.0,0.0,0.0,0.0,0.0,125.62004
CCCC(C)C(=C)C,182.81443,0.0,0.0,0.0,0.0,0.0,0.0,0.0,0.0,0.0,0.0,0.0,0.0,0.0,0.0,0.0,0.0,0.0,0.0,0.0,0.0,2.11008126863867,10.0776728691323,22.110865477944703,28.3358266892035,24.8476521360138,23.8103011330545,24.7018808124588,21.504795940886893,8.74952819814984,4.1894317950651,2.7771624837514612,2.8648233675602,3.12188973443363,1.89914973290487,1.62972722394397,0.0836411368577648,0.0,0.0,0.0,0.0,0.0,0.0,0.0,0.0,0.0,0.0,0.0,0.0,0.0,0.0,0.0,183.7005
CC1=CC[C@@H](CC1)C(=C)C,194.85076999999995,0.0,0.0,0.0,0.0,0.0,0.0,0.0,0.0,0.0,0.0,0.0,0.0,0.0,0.0,0.0,0.0,0.0,0.0,0.0,0.0043462696690374,2.33363349221744,16.9325574934087,27.2255822750533,31.088173522237096,20.9634627714068,22.3608719377549,23.9607121178818,14.809807486411197,6.88164694240454,7.54001190636651,5.639072561501702,4.85465231707031,5.69075112151521,2.73647052533268,1.66457753900869,0.1644397207600787,0.0,0.0,0.0,0.0,0.0,0.0,0.0,0.0,0.0,0.0,0.0,0.0,0.0,0.0,0.0,205.31495
CC1=CCC(=C(C)C)CC1,196.30197,0.0,0.0,0.0,0.0,0.0,0.0,0.0,0.0,0.0,0.0,0.0,0.0,0.0,0.0,0.0,0.0,0.0,0.0,0.0,0.103680119810774,3.01246939969022,15.2239429125583,24.4746634217886,31.860154120349296,22.5792308833497,22.3502896715745,26.7700183721343,15.3196305036262,10.3809250544504,5.41604831961944,4.88682637012186,5.13777867409116,5.04092656161902,3.11576744720323,0.629618168012973,0.0,0.0,0.0,0.0,0.0,0.0,0.0,0.0,0.0,0.0,0.0,0.0,0.0,0.0,0.0,0.0,202.52675
C=CCC1=CCCCC1,181.13024,0.0,0.0,0.0,0.0,0.0,0.0,0.0,0.0,0.0,0.0,0.0,0.0,0.0,0.0,0.0,0.0,0.0,0.0,0.0,0.632446180634062,4.95420041698905,11.5623800971187,23.9288529156695,24.5575405029413,27.1719778041241,21.9297306791418,20.8417765744373,12.792075109327198,7.28995543868953,5.43845033158691,4.269867450837911,7.5047966394069,4.65689375675999,2.61352034231226,0.985775760023478,0.0,0.0,0.0,0.0,0.0,0.0,0.0,0.0,0.0,0.0,0.0,0.0,0.0,0.0,0.0,0.0,181.32579
C=C=C,88.86898999999997,0.0,0.0,0.0,0.0,0.0,0.0,0.0,0.0,0.0,0.0,0.0,0.0,0.0,0.0,0.0,0.0,0.0,1.97045887007568,6.29820222475628,7.26996738107706,6.09583885427042,3.63208493936358,4.91379500781295,4.71810663522673,4.9944389166691,5.58431551123259,5.99615157807697,3.2486999985326412,6.66760831298886,7.24495014458905,10.696508892588596,5.43079729668694,3.91161747977407,0.195447956278442,0.0,0.0,0.0,0.0,0.0,0.0,0.0,0.0,0.0,0.0,0.0,0.0,0.0,0.0,0.0,0.0,0.0,69.82226
CC=C=C,109.25458000000002,0.0,0.0,0.0,0.0,0.0,0.0,0.0,0.0,0.0,0.0,0.0,0.0,0.0,0.0,0.0,0.0,0.0,0.0539989869517586,2.4697885276347,5.06990227785518,8.88814588577828,8.75842731418049,10.0971879913477,9.04784938506648,8.48740787026554,9.4554535829522,9.32834950233131,5.11315773831035,4.40034804205165,7.78863144548824,7.1908096311711205,8.95301669819733,3.43539016562549,0.716714954792192,0.0,0.0,0.0,0.0,0.0,0.0,0.0,0.0,0.0,0.0,0.0,0.0,0.0,0.0,0.0,0.0,0.0,90.77537
C=CC=C,108.63597999999996,0.0,0.0,0.0,0.0,0.0,0.0,0.0,0.0,0.0,0.0,0.0,0.0,0.0,0.0,0.0,0.0,0.0,0.0,0.0,3.37929179550477,11.2827226262861,13.0317157215802,8.48082591774897,7.20017401298674,7.84480779814239,7.12175911168742,9.30980552918238,8.940978011701658,5.98396680567941,8.98064113660944,8.79005877011048,7.22181286584407,1.06741989693592,0.0,0.0,0.0,0.0,0.0,0.0,0.0,0.0,0.0,0.0,0.0,0.0,0.0,0.0,0.0,0.0,0.0,0.0,91.73714
CCC=C=C,129.09424,0.0,0.0,0.0,0.0,0.0,0.0,0.0,0.0,0.0,0.0,0.0,0.0,0.0,0.0,0.0,0.0,0.0,0.0676024432867667,2.24272329605319,4.48734701764167,5.2127220290806,11.4498496023278,12.0440442717043,15.405263364727398,12.2514209153051,12.4643393069746,12.2391497243957,8.543409111530268,5.61332117670451,7.62290211465847,6.734680468986141,8.0805480575762,3.60549390106372,1.02942319798354,0.0,0.0,0.0,0.0,0.0,0.0,0.0,0.0,0.0,0.0,0.0,0.0,0.0,0.0,0.0,0.0,0.0,112.39657
C/C=C\C=C,127.19096000000002,0.0,0.0,0.0,0.0,0.0,0.0,0.0,0.0,0.0,0.0,0.0,0.0,0.0,0.0,0.0,0.0,0.0,0.0,0.611648118680692,4.2710920372031,12.1165314813316,13.2645024875873,14.076162539752698,9.79265336170325,9.68969830583343,11.2918615797293,9.58831596192646,8.074792666462288,4.94175986147985,5.83790055930655,6.09773732681953,7.7608063900516,6.29688958381837,3.35429755309574,0.124310185218245,0.0,0.0,0.0,0.0,0.0,0.0,0.0,0.0,0.0,0.0,0.0,0.0,0.0,0.0,0.0,0.0,112.30092
C/C=C/C=C,129.4118,0.0,0.0,0.0,0.0,0.0,0.0,0.0,0.0,0.0,0.0,0.0,0.0,0.0,0.0,0.0,0.0,0.0,0.0,0.0,2.95931515984898,12.3601619676051,15.7532773680668,14.110348173294998,10.1139083220471,10.3048599754912,10.8830197421174,10.4028367759817,7.13241306000668,6.43349073147072,6.45559664075406,4.918985622252871,7.96773255210119,6.00956387865886,3.18767809774922,0.418611932553125,0.0,0.0,0.0,0.0,0.0,0.0,0.0,0.0,0.0,0.0,0.0,0.0,0.0,0.0,0.0,0.0,113.27493
C=CCC=C,128.88988000000012,0.0,0.0,0.0,0.0,0.0,0.0,0.0,0.0,0.0,0.0,0.0,0.0,0.0,0.0,0.0,0.0,0.0,0.0,0.0,4.9889371289513,13.0232085351068,13.4785944336161,12.0336319525147,12.1049382820571,11.3231240185811,8.61957181947252,8.25170407757663,7.4895342003476015,11.2926466336877,4.39223967073672,4.27410325717767,6.79973663383628,4.76240173170266,4.75481774285845,1.3006898817768,0.0,0.0,0.0,0.0,0.0,0.0,0.0,0.0,0.0,0.0,0.0,0.0,0.0,0.0,0.0,0.0,114.04961
CC=C=CC,129.70897999999994,0.0,0.0,0.0,0.0,0.0,0.0,0.0,0.0,0.0,0.0,0.0,0.0,0.0,0.0,0.0,0.0,0.0,0.0,0.0860290555579365,2.58782545609157,6.86431106130469,13.5912957075174,15.7092066342963,12.6707064450531,12.5168348243649,13.8167582857637,12.7113094759209,7.694512907923089,4.83277268891368,5.61031184236935,7.896580273331148,8.11436842021117,4.71250526582946,0.293651655551526,0.0,0.0,0.0,0.0,0.0,0.0,0.0,0.0,0.0,0.0,0.0,0.0,0.0,0.0,0.0,0.0,0.0,111.48614
CC(=C)C=C,124.87254999999996,0.0,0.0,0.0,0.0,0.0,0.0,0.0,0.0,0.0,0.0,0.0,0.0,0.0,0.0,0.0,0.0,0.0,0.0,0.129435193631,4.42267594239329,12.1043865570121,14.1524064848377,12.3135901392712,9.19950500229212,9.15098344369326,9.65831853542624,9.55125561627307,9.54234668031416,5.92346048725153,6.66353739895085,7.849632609820509,6.53038869838848,5.41803971309135,2.24792346879636,0.0146640285567641,0.0,0.0,0.0,0.0,0.0,0.0,0.0,0.0,0.0,0.0,0.0,0.0,0.0,0.0,0.0,0.0,113.20828
C=CCCC=C,148.6288,0.0,0.0,0.0,0.0,0.0,0.0,0.0,0.0,0.0,0.0,0.0,0.0,0.0,0.0,0.0,0.0,0.0,0.0,0.0,1.62828038158873,10.0940545114604,16.468455232828,21.607045627116797,14.3904074836636,15.7121497125201,14.2234250519583,8.412876434509792,5.084519291941593,11.7753828523985,6.44207126031843,3.4287716003682926,7.12447487148761,5.30194194349978,4.46201114873473,2.47293259560536,0.0,0.0,0.0,0.0,0.0,0.0,0.0,0.0,0.0,0.0,0.0,0.0,0.0,0.0,0.0,0.0,136.0932
CC(=C=C)C,128.62543000000016,0.0,0.0,0.0,0.0,0.0,0.0,0.0,0.0,0.0,0.0,0.0,0.0,0.0,0.0,0.0,0.0,0.0,0.0,0.416553563426286,3.49212921071092,6.20523266465319,13.6057083301297,15.791837174476198,10.6739207843714,11.370262566664,15.2258668113024,13.2060509816905,5.89671386054763,6.35579987814655,5.57041491844001,8.539511794174887,7.39803358010275,4.35840228910997,0.518991592053787,0.0,0.0,0.0,0.0,0.0,0.0,0.0,0.0,0.0,0.0,0.0,0.0,0.0,0.0,0.0,0.0,0.0,113.68738
CC1=CC=CC1,129.93484999999987,0.0,0.0,0.0,0.0,0.0,0.0,0.0,0.0,0.0,0.0,0.0,0.0,0.0,0.0,0.0,0.0,0.0,0.0,0.168451884532185,4.07941642551084,9.20288903080543,15.0699913101995,13.2859018717496,12.7119438455688,13.0369108667682,12.4188559925073,9.48324673121982,8.193285235478598,5.39652011696821,4.21363237620578,6.958510555465077,3.47841595950921,6.26376713758209,5.23886474403391,0.734245915895331,0.0,0.0,0.0,0.0,0.0,0.0,0.0,0.0,0.0,0.0,0.0,0.0,0.0,0.0,0.0,0.0,118.93043
CC=CCC=C,149.03484999999998,0.0,0.0,0.0,0.0,0.0,0.0,0.0,0.0,0.0,0.0,0.0,0.0,0.0,0.0,0.0,0.0,0.0,0.0,0.0,1.11497009612173,9.55947566306082,20.0952142413174,19.970516063803295,13.8838096694702,13.0581968006321,12.4621417586963,13.4280378801397,8.55160108729529,7.30129746748396,7.23756603486117,4.804058965287561,4.37587483474141,6.35130330056648,4.36564346377776,2.33118146624011,0.1439612065046957,0.0,0.0,0.0,0.0,0.0,0.0,0.0,0.0,0.0,0.0,0.0,0.0,0.0,0.0,0.0,134.98735
C/C=C/C=C/C,149.6916899999999,0.0,0.0,0.0,0.0,0.0,0.0,0.0,0.0,0.0,0.0,0.0,0.0,0.0,0.0,0.0,0.0,0.0,0.0,0.0,0.260169316533139,7.79273682249078,18.1507753296806,20.891705325303196,14.4018988457994,14.133362132783,14.7681830617195,15.7604249928036,9.049536528806778,6.71626801660172,7.23387634789917,4.709155023053062,4.60877980068306,6.99302242217442,4.20181713074428,0.0199789029242192,0.0,0.0,0.0,0.0,0.0,0.0,0.0,0.0,0.0,0.0,0.0,0.0,0.0,0.0,0.0,0.0,134.21825
C1C=CC=C1,110.30642,0.0,0.0,0.0,0.0,0.0,0.0,0.0,0.0,0.0,0.0,0.0,0.0,0.0,0.0,0.0,0.0,0.0,0.0,0.977633643100907,7.59591888057245,11.8391994597493,10.5056977969191,7.9015374290858205,9.23026461152408,11.381053784471398,6.34057913038009,4.97270340400219,7.3145819289297185,3.86553720232226,5.91016334350002,5.63751362044722,3.87131368412469,6.67746616570932,5.58702547317076,0.698230441990691,0.0,0.0,0.0,0.0,0.0,0.0,0.0,0.0,0.0,0.0,0.0,0.0,0.0,0.0,0.0,0.0,96.95887
C1C=CC2C1C3CC2C=C3,167.41649999999998,0.0,0.0,0.0,0.0,0.0,0.0,0.0,0.0,0.0,0.0,0.0,0.0,0.0,0.0,0.0,0.0,0.0,0.0,0.0,0.890122039517717,5.08504294087688,10.6419336006223,18.358139558110704,22.7602530077371,22.1332563057378,22.7522864382352,20.9526366550545,14.368966913615496,7.68046186938685,5.44828594362616,6.803680608302249,4.2927766899929,3.58486331978142,1.26977361636801,0.394020493034702,0.0,0.0,0.0,0.0,0.0,0.0,0.0,0.0,0.0,0.0,0.0,0.0,0.0,0.0,0.0,0.0,175.39352
CC1=CCC(C=C1)C(C)C,195.84990999999997,0.0,0.0,0.0,0.0,0.0,0.0,0.0,0.0,0.0,0.0,0.0,0.0,0.0,0.0,0.0,0.0,0.0,0.0,0.0,0.723319293628632,4.63296973912201,13.654099985155,25.271943461132803,30.466973973657996,25.1880756644073,21.1287474578916,19.0306321692388,19.821586796412795,10.663977071539,4.86429556042352,5.26506020425092,6.50008766332127,5.55537936038146,2.49911010137322,0.583651498063672,0.0,0.0,0.0,0.0,0.0,0.0,0.0,0.0,0.0,0.0,0.0,0.0,0.0,0.0,0.0,0.0,204.02209
CC(C)C1CCC(=C)C=C1,194.97883,0.0,0.0,0.0,0.0,0.0,0.0,0.0,0.0,0.0,0.0,0.0,0.0,0.0,0.0,0.0,0.0,0.0,0.0,0.0,1.26562767227689,6.3210049518916,12.7368507718635,26.9514386411136,29.0959409330171,25.1225342118314,20.3822361485329,16.978947614992,18.057523639357296,9.8325294668271,6.10129938685259,5.82100885186596,5.50782374004214,6.58360251085841,3.72168813971888,0.498773318958645,0.0,0.0,0.0,0.0,0.0,0.0,0.0,0.0,0.0,0.0,0.0,0.0,0.0,0.0,0.0,0.0,203.82435
CC(=C)C(=C)C,140.25415000000004,0.0,0.0,0.0,0.0,0.0,0.0,0.0,0.0,0.0,0.0,0.0,0.0,0.0,0.0,0.0,0.0,0.0,0.0,0.0,1.93350988929382,9.61446132288705,17.7054280598475,16.492032321198998,11.4060594800554,11.1633712402462,11.1504667707365,16.0870545980155,8.81202163326972,7.32054276406828,8.66076295782307,7.135816301268861,5.35877510060274,5.27404479017954,2.13980277050684,0.0,0.0,0.0,0.0,0.0,0.0,0.0,0.0,0.0,0.0,0.0,0.0,0.0,0.0,0.0,0.0,0.0,133.45126
C/C=C/C=C\C,147.73047000000008,0.0,0.0,0.0,0.0,0.0,0.0,0.0,0.0,0.0,0.0,0.0,0.0,0.0,0.0,0.0,0.0,0.0,0.0,0.0607454738333732,1.44490952678199,8.78138495574045,15.9506463130839,20.492507742383495,14.0378176698753,14.1566368132115,14.2513475592242,15.7485468590783,8.54506850432202,7.18600007602367,5.42801716997443,4.511736596200971,5.27648701215221,7.4125160170456,4.14312176691605,0.302979944152597,0.0,0.0,0.0,0.0,0.0,0.0,0.0,0.0,0.0,0.0,0.0,0.0,0.0,0.0,0.0,0.0,133.54934
C1/C=C/CC/C=C\CC/C=C/C1,213.35613999999984,0.0,0.0,0.0,0.0,0.0,0.0,0.0,0.0,0.0,0.0,0.0,0.0,0.0,0.0,0.0,0.0,0.0,0.0,0.0,0.505461652625148,2.67345100681759,21.62056145504,28.715180465196404,38.22966712000849,24.6081847094731,22.5537873062863,17.9395170578651,11.855897406974098,9.14616601024571,7.00185957964801,8.189201859020258,6.80755368009339,5.32823004769358,4.85970128015342,3.00347200840706,0.3182473544521734,0.0,0.0,0.0,0.0,0.0,0.0,0.0,0.0,0.0,0.0,0.0,0.0,0.0,0.0,0.0,238.36043
CC(=C)CCC(=C)C,182.08464999999987,0.0,0.0,0.0,0.0,0.0,0.0,0.0,0.0,0.0,0.0,0.0,0.0,0.0,0.0,0.0,0.0,0.0,0.0,0.0,0.122791004676619,7.43736277522153,23.3244057316802,25.368301722340096,20.026326767033495,15.2377351498626,19.5228298471321,19.2988641076297,10.963514351088298,7.95392492548172,8.30810365737052,6.683787180683832,5.00744559127545,6.528527076891,4.20492599473745,2.09580411689527,0.0,0.0,0.0,0.0,0.0,0.0,0.0,0.0,0.0,0.0,0.0,0.0,0.0,0.0,0.0,0.0,180.02906
CC(=CC=C(C)C)C,181.7527399999999,0.0,0.0,0.0,0.0,0.0,0.0,0.0,0.0,0.0,0.0,0.0,0.0,0.0,0.0,0.0,0.0,0.0,0.0,0.0,1.74349461656933,5.93168968207635,20.9812495698038,22.9070934942497,21.402640253419897,16.2946122886224,16.5691509056169,27.378736478637595,13.173887230146496,5.88606681026895,7.8239920210023,5.036317869450802,4.05257226562291,5.21422978524907,6.8309752507975,0.526031478465907,0.0,0.0,0.0,0.0,0.0,0.0,0.0,0.0,0.0,0.0,0.0,0.0,0.0,0.0,0.0,0.0,176.40647
C1CC=CC=C1,126.83638999999997,0.0,0.0,0.0,0.0,0.0,0.0,0.0,0.0,0.0,0.0,0.0,0.0,0.0,0.0,0.0,0.0,0.0,0.0,0.0,0.749023450401317,8.30482713516628,16.9282274783072,18.511098479617996,12.7668352900869,13.6927296615553,10.1185676586489,6.465068433027981,7.783924841859398,3.85871950275038,3.59742736420414,5.715788238472488,6.43151394596782,4.71573515600327,6.79099615875743,0.405907205173168,0.0,0.0,0.0,0.0,0.0,0.0,0.0,0.0,0.0,0.0,0.0,0.0,0.0,0.0,0.0,0.0,116.2047
C1C=CCC=C1,126.48648999999996,0.0,0.0,0.0,0.0,0.0,0.0,0.0,0.0,0.0,0.0,0.0,0.0,0.0,0.0,0.0,0.0,0.0,0.0,0.0,0.165873754003118,7.61754113433556,18.3498745850314,16.3904770668295,15.0887535363515,15.262650769777798,8.69151078331183,5.2400638715136605,6.35264769584814,6.54529612319261,2.90245341205739,6.074617912367037,6.94585547271266,4.75493261650068,5.26422933036512,0.839711935801958,0.0,0.0,0.0,0.0,0.0,0.0,0.0,0.0,0.0,0.0,0.0,0.0,0.0,0.0,0.0,0.0,115.72684
C1/C=C\CC/C=C\C1,156.87196999999998,0.0,0.0,0.0,0.0,0.0,0.0,0.0,0.0,0.0,0.0,0.0,0.0,0.0,0.0,0.0,0.0,0.0,0.0,0.0,0.0240126399755465,1.38220867210287,12.7761457727013,22.639595303156504,28.418132441225698,22.5150127933639,18.2959109687661,11.582828512573904,5.745748402215981,7.88982925899846,5.41206374464757,4.853959329993521,5.05661303327168,4.23017045980188,3.99390038793813,1.95927059971309,0.0965676795538553,0.0,0.0,0.0,0.0,0.0,0.0,0.0,0.0,0.0,0.0,0.0,0.0,0.0,0.0,0.0,157.79357
C#C,68.01662999999998,0.0,0.0,0.0,0.0,0.0,0.0,0.0,0.0,0.0,0.0,0.0,0.0,0.3941101651529833,0.858518501597814,4.960705888692203,3.4559222195647026,0.576883366232696,2.37223679074789,1.22014825064417,1.53280481736753,0.210076752061058,4.33359484603103,2.889288401907889,4.230422517911892e-16,0.9754690188947356,7.91168376719262,4.161921201204381,0.2373460127082729,2.44227431196548,11.185214192211,0.9725056161153132,8.99597156088775,7.965954302713,0.364000016107451,0.0,0.0,0.0,0.0,0.0,0.0,0.0,0.0,0.0,0.0,0.0,0.0,0.0,0.0,0.0,0.0,0.0,50.24972
CC#C,89.24425,0.0,0.0,0.0,0.0,0.0,0.0,0.0,0.0,0.0,0.0,0.0,0.0,0.0,0.501270534931032,0.7876825166140645,2.019808508330478,1.61929482159958,0.0949982798785626,4.88691349599324,5.49731452996772,7.62934475086545,5.09558765203286,4.649119082089342,9.69199355262452,4.36278832114155,2.61886283712144,2.95195719343998,5.398171579382159,2.81256152245,3.60352720280418,1.9131873339242411,8.02472499737004,4.10232498908643,9.51361484904987,1.46920144930327,0.0,0.0,0.0,0.0,0.0,0.0,0.0,0.0,0.0,0.0,0.0,0.0,0.0,0.0,0.0,0.0,70.40955
CCC#C,109.28242000000004,0.0,0.0,0.0,0.0,0.0,0.0,0.0,0.0,0.0,0.0,0.0,0.0,0.0,0.502005602163285,0.7313565454732835,2.0316143655085477,1.6478347014401,0.0746135730407465,1.6236138365157,4.14954236311682,7.05279443347136,8.9274856499953,9.832081771276922,13.475268142675096,7.14891463199815,5.61779794159144,8.79817925152655,6.235774465061649,3.46118726339448,2.71267554997894,2.61160980749698,6.89433969703821,4.83774939611255,9.38667748763656,1.52930352348736,0.0,0.0,0.0,0.0,0.0,0.0,0.0,0.0,0.0,0.0,0.0,0.0,0.0,0.0,0.0,0.0,92.11831
CC#CC,110.41299000000004,0.0,0.0,0.0,0.0,0.0,0.0,0.0,0.0,0.0,0.0,0.0,0.0,0.0,0.0,0.0,0.0,0.0,0.0,0.393422418825358,8.23363200917851,10.837183764675,11.8774705827592,9.41010109239208,9.912769702778672,12.703913518389498,6.42476267653319,3.749223900325581,6.414080035433938,2.56690239589236,2.27898187626719,4.774760432693548,4.83603629306937,4.49354164548353,8.35725805358458,3.14894960171843,0.0,0.0,0.0,0.0,0.0,0.0,0.0,0.0,0.0,0.0,0.0,0.0,0.0,0.0,0.0,0.0,90.19716
CCCC#C,129.01949000000008,0.0,0.0,0.0,0.0,0.0,0.0,0.0,0.0,0.0,0.0,0.0,0.0,0.0,0.491436219749314,0.7160550408658597,2.052699966622568,1.6504007745079,0.069529689803097,1.46398751988138,3.0324875873351,5.57466222532994,9.29277117436838,14.530866301110402,17.724126261897897,10.475902617784,9.41486801700572,10.4797409742199,10.080817028642496,3.82286316980027,2.83407714374712,2.66898875228713,6.7621748442218,4.78145242253142,9.55437077397734,1.54521149431104,0.0,0.0,0.0,0.0,0.0,0.0,0.0,0.0,0.0,0.0,0.0,0.0,0.0,0.0,0.0,0.0,114.00895
CCC#CCC,149.90684999999996,0.0,0.0,0.0,0.0,0.0,0.0,0.0,0.0,0.0,0.0,0.0,0.0,0.0,0.0,0.0,0.0,0.0,0.0,0.0,1.26968850623177,8.65491935608725,17.05424659894,16.5085516093968,20.3745059895872,19.532945520238197,10.8453332286059,16.1593474645373,7.991329676595749,4.54399083560044,3.05542280617966,3.18452593234456,5.85712109997442,3.16819085917221,9.21265635086245,2.49407416564604,0.0,0.0,0.0,0.0,0.0,0.0,0.0,0.0,0.0,0.0,0.0,0.0,0.0,0.0,0.0,0.0,132.53648
CCCC#CC,150.23855999999992,0.0,0.0,0.0,0.0,0.0,0.0,0.0,0.0,0.0,0.0,0.0,0.0,0.0,0.0,0.0,0.0,0.0,0.0,0.202096134417225,4.51668880408349,8.53610608485472,13.1158296143109,18.3138155846696,18.7858738840733,18.9870816925554,13.2200340187599,11.3927572712772,11.358523991925296,4.17975700840617,2.48912096928864,4.1955283505469785,5.5021518682152,3.58731763465297,8.85599861439899,2.99987847356395,0.0,0.0,0.0,0.0,0.0,0.0,0.0,0.0,0.0,0.0,0.0,0.0,0.0,0.0,0.0,0.0,133.51425
CCC#CC,129.9920400000001,0.0,0.0,0.0,0.0,0.0,0.0,0.0,0.0,0.0,0.0,0.0,0.0,0.0,0.0,0.0,0.0,0.0,0.0,0.198258088157587,4.77675037151447,9.76119972459963,14.6074043108562,12.613298900972802,15.2715560186891,16.184287727732,8.5568547267515,9.82974284212543,7.226803449693718,3.51435084724542,2.68000658691847,3.894278408366239,5.64361087761595,3.53878557250336,8.84779586581214,2.84705568044607,0.0,0.0,0.0,0.0,0.0,0.0,0.0,0.0,0.0,0.0,0.0,0.0,0.0,0.0,0.0,0.0,111.35167
CCCCC#C,148.86821000000012,0.0,0.0,0.0,0.0,0.0,0.0,0.0,0.0,0.0,0.0,0.0,0.0,0.0,0.497233367871071,0.7115956309486416,2.029560707064368,1.67496776292143,0.0695949124006482,1.37751135813172,3.13670523427374,5.53300338231121,6.52132297676897,18.7652888080386,21.280857194456296,16.7588378324126,10.8983451001021,12.2126808729066,14.479200662860796,4.7337926002428,2.75547097567769,2.75321404701738,6.63233600305119,4.70543476598321,9.62529030978122,1.71596549477783,0.0,0.0,0.0,0.0,0.0,0.0,0.0,0.0,0.0,0.0,0.0,0.0,0.0,0.0,0.0,0.0,135.91492
CC(=C)C#C,123.76686,0.0,0.0,0.0,0.0,0.0,0.0,0.0,0.0,0.0,0.0,0.0,0.0,0.3565896207516243,0.589344703743917,2.2356256826990473,1.662261061700721,0.187888602421066,1.16513123985063,1.84898612681625,6.25466839552248,9.50268187461593,7.63122968937838,10.116097390058998,6.89379915335249,7.44788402793783,9.17121681043062,9.47995207376607,7.498933694113619,5.07316627908041,7.22251092094307,11.641304186683696,8.58876516841477,8.5906550830659,0.608168214652487,0.0,0.0,0.0,0.0,0.0,0.0,0.0,0.0,0.0,0.0,0.0,0.0,0.0,0.0,0.0,0.0,0.0,108.76543
CCCCCCC#C,188.50714,0.0,0.0,0.0,0.0,0.0,0.0,0.0,0.0,0.0,0.0,0.0,0.0,0.0,0.492471685411309,0.6874434279508437,2.0455552432351576,1.6814946355966,0.0729299890469935,1.39302861648745,3.12916028793565,5.44001902109239,5.68587497392676,19.322690335030103,30.3761048253574,27.116194437304294,18.5100492474387,16.8996330750623,19.109273891314697,8.21947557149479,2.82431432449894,2.80690094651834,6.53430781299643,4.71138854572302,9.71965543566382,1.72917367091398,0.0,0.0,0.0,0.0,0.0,0.0,0.0,0.0,0.0,0.0,0.0,0.0,0.0,0.0,0.0,0.0,179.83479
C=CC#C,105.07586999999998,0.0,0.0,0.0,0.0,0.0,0.0,0.0,0.0,0.0,0.0,0.0,0.0,0.4111786222844643,0.812612655621991,2.145643054409468,1.5597327545029112,0.203868763382915,3.00279561377213,5.47790924717206,6.83746978707854,4.78953658315989,4.44660744781867,6.5036109143756295,4.01790657405058,4.6887838498374,5.10547967535687,7.637843890448499,4.693291936552631,6.23761216806075,8.80218694945927,11.806821648683597,8.66573197552789,7.22924588844382,0.0,0.0,0.0,0.0,0.0,0.0,0.0,0.0,0.0,0.0,0.0,0.0,0.0,0.0,0.0,0.0,0.0,0.0,86.75385
CC(C)C#C,127.65876999999996,0.0,0.0,0.0,0.0,0.0,0.0,0.0,0.0,0.0,0.0,0.0,0.0,0.0,0.506034049453124,0.7732104061910685,2.0067267782197677,1.64726055338665,0.0540124855034212,1.24363683745768,1.35903263998588,5.56969529755603,12.3518527604194,13.8921382464513,15.718815676151898,10.1350454229593,8.15645381504333,15.6406009789481,7.566247786182998,3.80839215572822,2.53201625723965,2.7882154365533593,5.98768043978063,4.88144188613052,9.46327530683783,1.57698478381981,0.0,0.0,0.0,0.0,0.0,0.0,0.0,0.0,0.0,0.0,0.0,0.0,0.0,0.0,0.0,0.0,114.94948
CC#CC=C,126.33938,0.0,0.0,0.0,0.0,0.0,0.0,0.0,0.0,0.0,0.0,0.0,0.0,0.0,0.0,0.0,0.0,0.0,0.0914462462795267,5.17478758919958,10.3212054088404,12.8706909406957,8.93611788350617,7.666957248298062,10.765891603787,8.07799567870906,6.79016618606193,6.65929312493309,4.70450268168686,4.25042415680702,10.7303756304522,6.718083903431864,12.8638376292543,9.54419179508652,0.173412292970707,0.0,0.0,0.0,0.0,0.0,0.0,0.0,0.0,0.0,0.0,0.0,0.0,0.0,0.0,0.0,0.0,0.0,106.7175
C=CCC#C,124.72782999999995,0.0,0.0,0.0,0.0,0.0,0.0,0.0,0.0,0.0,0.0,0.0,0.0,0.0345969084662828,0.573863091533718,1.3539962696249186,1.875916892315169,1.12742683805991,1.36748280080043,4.83672738076394,8.420754567252,8.4781768032776,10.1997362588247,7.50010166213735,7.102373673257319,5.57738369889505,5.18057941167501,9.648225386285398,8.857942801039208,4.99691930525144,4.64905167397681,7.910531816124367,10.9759117612473,6.96903532267565,6.97989220047074,0.111203476045652,0.0,0.0,0.0,0.0,0.0,0.0,0.0,0.0,0.0,0.0,0.0,0.0,0.0,0.0,0.0,0.0,108.67096
C1=CC=C(C=C1)C#CC2=CC=CC=C2,237.5875899999997,0.0,0.0,0.0,0.0,0.0,0.0,0.0,0.0,0.0,0.0,0.0,0.0,0.0,0.0,0.0,0.0,0.0,0.302541936504879,12.2559341969865,20.990861342591,21.9586967016885,12.9672033595733,14.172875528325498,11.8926628647379,7.813231514405411,12.849461590092,11.0808873761921,18.025660603405104,23.2819430764884,31.6348903500954,26.620843931042003,11.7398956278717,0.0,0.0,0.0,0.0,0.0,0.0,0.0,0.0,0.0,0.0,0.0,0.0,0.0,0.0,0.0,0.0,0.0,0.0,0.0,236.00984
CCCCCCCC#C,208.54207000000005,0.0,0.0,0.0,0.0,0.0,0.0,0.0,0.0,0.0,0.0,0.0,0.0,0.0,0.489389184628761,0.7610903223697365,2.0340043975819477,1.64908036435055,0.0672467053346407,1.41809674411602,3.11931374476418,5.41741205752959,5.34953767456452,19.706456561710308,33.748158289579,32.6047788181942,22.9652995379101,20.1860659173962,20.310478110904196,9.91828756082201,3.72643260892315,2.3046643717841713,6.56298750229231,4.91079425083676,9.62333447006244,1.66916080434528,0.0,0.0,0.0,0.0,0.0,0.0,0.0,0.0,0.0,0.0,0.0,0.0,0.0,0.0,0.0,0.0,202.26129
CCCCCCCCC#C,228.38573,0.0,0.0,0.0,0.0,0.0,0.0,0.0,0.0,0.0,0.0,0.0,0.0,0.0,0.502559846441555,0.7062032671344447,2.0274601066714277,1.67326257890466,0.0694049936374614,1.37859952775404,3.03750125050945,5.49005481963343,5.62561959904269,20.068146885333206,37.3720501783352,37.189336648361,27.3308047625634,23.2628500836221,22.1133691842472,12.1274724374176,2.94949580938953,2.5819113417200006,6.83562475317312,4.60697485028468,9.84893709808771,1.58808997773612,0.0,0.0,0.0,0.0,0.0,0.0,0.0,0.0,0.0,0.0,0.0,0.0,0.0,0.0,0.0,0.0,223.95008
C1=CC=CC=C1,121.9197,0.0,0.0,0.0,0.0,0.0,0.0,0.0,0.0,0.0,0.0,0.0,0.0,0.0,0.0,0.0,0.0,0.0,0.0,1.14587881573271,11.3698351321772,13.1115994887873,12.3345088412932,8.92786321228029,7.16695707459954,7.985454399641279,4.62578987884731,5.03636662695266,9.153316250361176,6.94132437616084,4.25250730874438,12.989727267525495,7.52292061349068,8.53552546242134,0.820125250984609,0.0,0.0,0.0,0.0,0.0,0.0,0.0,0.0,0.0,0.0,0.0,0.0,0.0,0.0,0.0,0.0,0.0,110.22176
CC1=CC=CC=C1,140.91030999999992,0.0,0.0,0.0,0.0,0.0,0.0,0.0,0.0,0.0,0.0,0.0,0.0,0.0,0.0,0.0,0.0,0.0,0.0,0.298397746542622,6.55751455214336,13.5357090149357,16.2705067740024,13.9702969862699,9.47210331183503,9.87541231011298,11.7703125660252,11.5439326049672,4.9647721039896116,9.26751226062056,5.83567579530009,8.722332133838608,8.60530604126422,7.893681243035,2.32684455511746,0.0,0.0,0.0,0.0,0.0,0.0,0.0,0.0,0.0,0.0,0.0,0.0,0.0,0.0,0.0,0.0,0.0,132.24803
CCC1=CC=CC=C1,158.19515000000004,0.0,0.0,0.0,0.0,0.0,0.0,0.0,0.0,0.0,0.0,0.0,0.0,0.0,0.0,0.0,0.0,0.0,0.0,0.177727562034597,5.42036620578792,9.84518566941914,18.1829426396932,17.1512585427427,17.2922296057255,13.5066449297409,13.0026820116204,12.9549080123745,8.30849010276924,8.82804374408741,5.66121661779105,7.7040354667893185,9.00417796893886,8.49699744406108,2.65441451368783,0.0038289627364084,0.0,0.0,0.0,0.0,0.0,0.0,0.0,0.0,0.0,0.0,0.0,0.0,0.0,0.0,0.0,0.0,152.98483
CC1=CC=CC=C1C,157.46773000000002,0.0,0.0,0.0,0.0,0.0,0.0,0.0,0.0,0.0,0.0,0.0,0.0,0.0,0.0,0.0,0.0,0.0,0.0,0.0,4.04784531765769,14.124203530092,18.6235551238809,17.115727884669997,12.955473295207998,10.6220106266593,13.6834327208222,16.5167920181172,8.16967519395318,8.10996354582234,6.63013121739317,6.4583788157697,9.54995360157957,6.31549616253241,4.32980330370511,0.215287642137226,0.0,0.0,0.0,0.0,0.0,0.0,0.0,0.0,0.0,0.0,0.0,0.0,0.0,0.0,0.0,0.0,153.88669
CC1=CC(=CC=C1)C,159.97177,0.0,0.0,0.0,0.0,0.0,0.0,0.0,0.0,0.0,0.0,0.0,0.0,0.0,0.0,0.0,0.0,0.0,0.0,0.0144342525733969,2.86517789582592,12.6574992614291,19.1886591945053,19.024046670693195,12.7592607702539,11.545074817514704,16.3772884926807,17.2009967668761,7.47218962606617,7.91033738202178,6.30776749599072,6.60944446136722,9.92855736085899,6.69516499194114,3.28535489661991,0.130515662781762,0.0,0.0,0.0,0.0,0.0,0.0,0.0,0.0,0.0,0.0,0.0,0.0,0.0,0.0,0.0,0.0,153.76642
CC1=CC=C(C=C1)C,160.45659999999992,0.0,0.0,0.0,0.0,0.0,0.0,0.0,0.0,0.0,0.0,0.0,0.0,0.0,0.0,0.0,0.0,0.0,0.0,0.0,3.18456659335633,11.6019178856312,19.0386729016088,17.8513838435841,15.555627793050098,12.3513738747157,13.4307493552307,18.2599151901396,9.31113805034125,7.53402430957319,5.96352727938513,6.373722884932,10.0550300468963,6.94677589475359,2.97405289498381,0.024121201818122,0.0,0.0,0.0,0.0,0.0,0.0,0.0,0.0,0.0,0.0,0.0,0.0,0.0,0.0,0.0,0.0,154.46557
CCCC1=CC=CC=C1,178.2389799999999,0.0,0.0,0.0,0.0,0.0,0.0,0.0,0.0,0.0,0.0,0.0,0.0,0.0,0.0,0.0,0.0,0.0,0.0,0.184238436753082,5.53051927780527,9.63209279155476,15.6589589158469,21.3079863050877,20.6624798365942,18.9220333579613,14.7001387081255,15.8263601611153,12.2661711297429,10.1172212067491,5.80859869438193,7.811325438051668,8.77662779370549,7.95409767045332,3.06752348854426,0.0126067875272191,0.0,0.0,0.0,0.0,0.0,0.0,0.0,0.0,0.0,0.0,0.0,0.0,0.0,0.0,0.0,0.0,174.97883
CC(C)C1=CC=CC=C1,173.43986999999993,0.0,0.0,0.0,0.0,0.0,0.0,0.0,0.0,0.0,0.0,0.0,0.0,0.0,0.0,0.0,0.0,0.0,0.0,0.442241888756571,6.61032786692242,11.4315211275623,15.6294736210969,18.3474008015539,18.0139379601953,16.1656999024593,15.1520977939611,15.384612174509,12.640798202499498,9.75927850293477,6.95829962244,7.02694396976563,8.71199909079058,8.74864955363091,2.41658792092177,0.0,0.0,0.0,0.0,0.0,0.0,0.0,0.0,0.0,0.0,0.0,0.0,0.0,0.0,0.0,0.0,0.0,173.99542
CCC1=CC=CC=C1C,174.2555500000001,0.0,0.0,0.0,0.0,0.0,0.0,0.0,0.0,0.0,0.0,0.0,0.0,0.0,0.0,0.0,0.0,0.0,0.0,0.0,3.82967722357444,11.981674555729,19.0780345869788,18.225472125223,18.4120349877214,14.769505791045,17.3152234318915,17.8275949577236,11.2041489819622,8.3527882500297,7.13798640379396,5.383941620552352,9.60993777043083,6.23691799098477,4.54534995160045,0.345261370759097,0.0,0.0,0.0,0.0,0.0,0.0,0.0,0.0,0.0,0.0,0.0,0.0,0.0,0.0,0.0,0.0,175.81476
CCC1=CC=CC(=C1)C,177.01854999999995,0.0,0.0,0.0,0.0,0.0,0.0,0.0,0.0,0.0,0.0,0.0,0.0,0.0,0.0,0.0,0.0,0.0,0.0,0.0,1.92080406704093,9.63654522644739,18.9468637537306,22.3464080571966,21.290613800136597,16.1554402981856,17.1133676484228,17.0408822206413,12.006030779613296,8.12363341294005,5.90889952185835,5.51418346287199,10.1822252224442,6.38963751382355,4.22529653608961,0.217718478557058,0.0,0.0,0.0,0.0,0.0,0.0,0.0,0.0,0.0,0.0,0.0,0.0,0.0,0.0,0.0,0.0,174.40782
CCC1=CC=C(C=C1)C,177.9828800000002,0.0,0.0,0.0,0.0,0.0,0.0,0.0,0.0,0.0,0.0,0.0,0.0,0.0,0.0,0.0,0.0,0.0,0.0,0.0,2.12962273441027,8.73187213581905,19.9574200978032,21.356163887927,21.479522435620396,16.8096736177854,16.7973805773993,18.6168223426448,11.5485599226302,7.80861166976823,6.78163636923762,5.372788601992891,10.2165473202158,6.53537829229998,3.63762634333859,0.203253651107459,0.0,0.0,0.0,0.0,0.0,0.0,0.0,0.0,0.0,0.0,0.0,0.0,0.0,0.0,0.0,0.0,175.16542
CC1=C(C(=CC=C1)C)C,172.6613900000001,0.0,0.0,0.0,0.0,0.0,0.0,0.0,0.0,0.0,0.0,0.0,0.0,0.0,0.0,0.0,0.0,0.0,0.0,0.0,1.91885535778797,12.2712881839344,19.6883130811165,20.205143626096,16.6725878298205,15.7654894986033,16.98972002601,18.2988604336982,11.730223154185898,5.76740315816781,8.05147864364518,4.564904843144503,8.92130050677079,5.43684786939085,5.02608864972189,1.3528851379063,0.0,0.0,0.0,0.0,0.0,0.0,0.0,0.0,0.0,0.0,0.0,0.0,0.0,0.0,0.0,0.0,173.47825
CC1=CC(=C(C=C1)C)C,176.08500999999995,0.0,0.0,0.0,0.0,0.0,0.0,0.0,0.0,0.0,0.0,0.0,0.0,0.0,0.0,0.0,0.0,0.0,0.0,0.0,1.00941215326356,10.390877071355,20.5046065035042,22.534016241876795,17.7409357347813,15.376058966874,15.8427213803057,21.2422102118162,13.439087189568797,5.92133034149304,6.73939379381295,5.577654728280221,8.46631636851563,6.62914529678842,3.96511473068434,0.706129287079806,0.0,0.0,0.0,0.0,0.0,0.0,0.0,0.0,0.0,0.0,0.0,0.0,0.0,0.0,0.0,0.0,175.1515
CC1=CC(=CC(=C1)C)C,178.83146000000005,0.0,0.0,0.0,0.0,0.0,0.0,0.0,0.0,0.0,0.0,0.0,0.0,0.0,0.0,0.0,0.0,0.0,0.0,0.0,0.615785538747281,9.86157721081125,21.5403215868794,22.645812232015697,18.1806773585372,15.6442644073932,16.5095402095786,21.4355001706756,14.215928898231995,6.35030376577846,6.17996850537779,6.30869295461588,8.8757034811931,6.86109359923887,3.04932845302402,0.556961627901717,0.0,0.0,0.0,0.0,0.0,0.0,0.0,0.0,0.0,0.0,0.0,0.0,0.0,0.0,0.0,0.0,175.55351
CCCCC1=CC=CC=C1,197.69477999999995,0.0,0.0,0.0,0.0,0.0,0.0,0.0,0.0,0.0,0.0,0.0,0.0,0.0,0.0,0.0,0.0,0.0,0.0,0.192062671939289,5.47632229074164,9.22661798323266,14.7898695239843,22.5614242148473,26.1477928445098,23.7695799314088,17.5985303603934,18.0038529898627,15.408965184672798,10.7041364274834,6.24634453691604,7.159292327504839,9.21719350221137,7.82722400980222,3.32751341675012,0.0380577837392667,0.0,0.0,0.0,0.0,0.0,0.0,0.0,0.0,0.0,0.0,0.0,0.0,0.0,0.0,0.0,0.0,196.40914
CC(C)CC1=CC=CC=C1,193.20448000000016,0.0,0.0,0.0,0.0,0.0,0.0,0.0,0.0,0.0,0.0,0.0,0.0,0.0,0.0,0.0,0.0,0.0,0.0,0.231027332717624,5.58849065770923,9.78543158746595,14.8614312330999,22.994177283732,23.1662836986018,20.1280262571199,15.3878655685539,16.3586263657823,20.100684090061694,13.5514838779345,5.18062745828059,8.351569970124189,8.85990458251861,7.36765086281612,1.29070702673224,0.0004921467495958,0.0,0.0,0.0,0.0,0.0,0.0,0.0,0.0,0.0,0.0,0.0,0.0,0.0,0.0,0.0,0.0,200.13657
CCC(C)C1=CC=CC=C1,191.86443000000003,0.0,0.0,0.0,0.0,0.0,0.0,0.0,0.0,0.0,0.0,0.0,0.0,0.0,0.0,0.0,0.0,0.0,0.0,0.252317231333607,6.34159002511311,10.1019852338404,16.0598745841049,20.8686854909722,21.4024563019245,20.5681786517435,17.6337599530932,18.1606024357696,16.367124514980098,11.0351605302134,5.42331079118212,9.156037437988646,7.42619825337517,8.30166225494439,2.75371356034357,0.0117727490776187,0.0,0.0,0.0,0.0,0.0,0.0,0.0,0.0,0.0,0.0,0.0,0.0,0.0,0.0,0.0,0.0,197.01046
CC(C)(C)C1=CC=CC=C1,186.6680399999999,0.0,0.0,0.0,0.0,0.0,0.0,0.0,0.0,0.0,0.0,0.0,0.0,0.0,0.0,0.0,0.0,0.0,0.0,0.32522619780734,6.34285091434484,10.7456616456105,16.2614388075137,22.1615954865902,20.745966003139294,15.5626461617938,14.9179702743281,17.5830683653261,18.599031879112296,10.0606056241998,7.66538151199841,6.010533728608672,8.17855089250689,8.25675984586855,3.22786344311575,0.0228892181356532,0.0,0.0,0.0,0.0,0.0,0.0,0.0,0.0,0.0,0.0,0.0,0.0,0.0,0.0,0.0,0.0,196.44736
CC1=CC=CC=C1C(C)C,189.95602,0.0,0.0,0.0,0.0,0.0,0.0,0.0,0.0,0.0,0.0,0.0,0.0,0.0,0.0,0.0,0.0,0.0,0.0,0.0,3.92738436979019,11.0968996482733,17.7084718999866,23.4395160503078,20.9024669748598,17.5925012864236,17.4546642891509,18.8660286980256,16.959965524560495,8.69148743373669,7.65105228387749,5.0737368213568415,9.28657499640714,5.87370075346013,4.97344544802533,0.458123521758109,0.0,0.0,0.0,0.0,0.0,0.0,0.0,0.0,0.0,0.0,0.0,0.0,0.0,0.0,0.0,0.0,197.24398
CC1=CC(=CC=C1)C(C)C,192.43524999999988,0.0,0.0,0.0,0.0,0.0,0.0,0.0,0.0,0.0,0.0,0.0,0.0,0.0,0.0,0.0,0.0,0.0,0.0,0.050441217923441,3.46510849999739,10.715576784521,17.9109595148974,22.4694320420429,21.2932311497697,19.6060130518927,19.9870138004448,18.5191986555826,16.438688972627098,9.51347336571576,6.39954504677885,5.887545830687191,9.43366018690295,6.30296291488094,4.06446665843647,0.377932306898693,0.0,0.0,0.0,0.0,0.0,0.0,0.0,0.0,0.0,0.0,0.0,0.0,0.0,0.0,0.0,0.0,195.69461
CC1=CC=C(C=C1)C(C)C,194.84291000000007,0.0,0.0,0.0,0.0,0.0,0.0,0.0,0.0,0.0,0.0,0.0,0.0,0.0,0.0,0.0,0.0,0.0,0.0,0.0205051256588382,3.03665200049167,9.70134553114567,19.0805327289662,23.3173846866028,21.9313598722977,18.8683851636204,19.047296897568,19.9679794185345,17.759086348539295,10.2093142216282,6.34364230126876,6.23473291570189,9.13299741175677,6.58482002345318,3.48539247780812,0.121482874958078,0.0,0.0,0.0,0.0,0.0,0.0,0.0,0.0,0.0,0.0,0.0,0.0,0.0,0.0,0.0,0.0,198.57774
CCC1=CC=CC=C1CC,191.40737999999988,0.0,0.0,0.0,0.0,0.0,0.0,0.0,0.0,0.0,0.0,0.0,0.0,0.0,0.0,0.0,0.0,0.0,0.0,0.0,3.46267995330745,7.4089815708657,19.9406668383812,22.7297575241414,24.389495965058696,17.8398125108676,20.8192440121567,19.7505996358488,13.708252142677296,8.22271276946983,7.16167690268402,5.093112986832402,9.55229017521584,5.9467342785267,4.92315078880404,0.458211945162214,0.0,0.0,0.0,0.0,0.0,0.0,0.0,0.0,0.0,0.0,0.0,0.0,0.0,0.0,0.0,0.0,198.34592
CCC1=CC(=CC=C1)CC,194.37103,0.0,0.0,0.0,0.0,0.0,0.0,0.0,0.0,0.0,0.0,0.0,0.0,0.0,0.0,0.0,0.0,0.0,0.0,0.0,1.23819725998851,6.49280787252401,18.9325985449606,26.6328191689797,27.311964230719497,20.0338923937833,21.2448180033766,17.0654290414296,14.724009980384697,8.18001272666504,6.31732207149253,4.887077317697101,10.0126528274069,5.59146306944701,4.94868503923088,0.757280451914018,0.0,0.0,0.0,0.0,0.0,0.0,0.0,0.0,0.0,0.0,0.0,0.0,0.0,0.0,0.0,0.0,195.00195
CCC1=CC=C(C=C1)CC,194.52363000000005,0.0,0.0,0.0,0.0,0.0,0.0,0.0,0.0,0.0,0.0,0.0,0.0,0.0,0.0,0.0,0.0,0.0,0.0,0.0,1.22120401664023,6.46922117247618,18.7033093635411,26.7870145577719,26.938317161573295,20.5525410372142,20.0460296914814,18.8371320290443,14.723004059532297,7.36768777968771,7.17443115768229,4.504286372465613,9.60631574941782,6.58904053720653,4.54326148758963,0.460833826675571,0.0,0.0,0.0,0.0,0.0,0.0,0.0,0.0,0.0,0.0,0.0,0.0,0.0,0.0,0.0,0.0,194.78148
CC1=C(C(=C(C=C1)C)C)C,189.05235999999996,0.0,0.0,0.0,0.0,0.0,0.0,0.0,0.0,0.0,0.0,0.0,0.0,0.0,0.0,0.0,0.0,0.0,0.0,0.0,0.411350051359873,9.454784154071,23.7482853826397,25.2261764732504,17.5599470876972,15.942015671296,18.1490242933169,25.5781614272297,14.589610422197696,5.66328842279209,7.80059145225058,5.007048504213003,7.30326274954458,6.47274555966815,4.41570533279319,1.72267296442828,0.0076900512516237,0.0,0.0,0.0,0.0,0.0,0.0,0.0,0.0,0.0,0.0,0.0,0.0,0.0,0.0,0.0,195.43159
CC1=CC(=C(C(=C1)C)C)C,192.28913999999995,0.0,0.0,0.0,0.0,0.0,0.0,0.0,0.0,0.0,0.0,0.0,0.0,0.0,0.0,0.0,0.0,0.0,0.0,0.0,0.187840077566194,8.81906037093068,24.5242968171056,24.096495463409894,18.862220095146,17.4462039932703,18.1180493354601,25.456456598997697,15.825592647124196,6.99833374018954,7.36446353640267,5.285595899720742,7.4016480932136,7.06869972571446,3.71453436394417,1.11964924180412,0.0,0.0,0.0,0.0,0.0,0.0,0.0,0.0,0.0,0.0,0.0,0.0,0.0,0.0,0.0,0.0,196.48757
CC1=CC(=C(C=C1C)C)C,192.47556999999995,0.0,0.0,0.0,0.0,0.0,0.0,0.0,0.0,0.0,0.0,0.0,0.0,0.0,0.0,0.0,0.0,0.0,0.0,0.0,0.146749092317041,7.49184925467721,22.2449457877938,25.626837745277996,21.1580731322048,18.1916706794453,17.994887538631,26.300501031585195,15.447934282728696,7.70582357044193,5.90899980621983,5.332458825278861,7.12767287796416,6.76009519720749,3.7369407437526,1.30013043447406,0.0,0.0,0.0,0.0,0.0,0.0,0.0,0.0,0.0,0.0,0.0,0.0,0.0,0.0,0.0,0.0,196.38513
CCC1=CC=C(C=C1)C(C)(C)C,223.8122999999999,0.0,0.0,0.0,0.0,0.0,0.0,0.0,0.0,0.0,0.0,0.0,0.0,0.0,0.0,0.0,0.0,0.0,0.0,0.0222566554225846,2.06418069427627,7.15200692071225,18.1215506296765,31.2141595308428,30.083335094864896,23.8397815011296,21.5593310196528,22.1484801471439,25.994805752124392,8.51813133877428,8.4939287029757,4.973708043015763,8.04611064648943,6.31732872549375,4.66660007408527,0.596604523319722,0.0,0.0,0.0,0.0,0.0,0.0,0.0,0.0,0.0,0.0,0.0,0.0,0.0,0.0,0.0,0.0,239.23287
CC(C)(C)C1=CC=C(C=C1)C(C)(C)C,252.42274,0.0,0.0,0.0,0.0,0.0,0.0,0.0,0.0,0.0,0.0,0.0,0.0,0.0,0.0,0.0,0.0,0.0,0.0,0.146216959061208,2.74731884001751,6.84873978518797,18.5957834335892,37.3733984682237,32.1431780188175,27.2894221324176,20.7207737733677,24.0942714836907,39.553180710218285,11.0303916019415,5.83702504704664,6.561185891786349,8.33302324508139,6.36192581819579,4.47277532370984,0.314129467647086,0.0,0.0,0.0,0.0,0.0,0.0,0.0,0.0,0.0,0.0,0.0,0.0,0.0,0.0,0.0,0.0,282.66387
CC1=CC(=C(C(=C1C)C)C)C,204.93937,0.0,0.0,0.0,0.0,0.0,0.0,0.0,0.0,0.0,0.0,0.0,0.0,0.0,0.0,0.0,0.0,0.0,0.0,0.0,0.0,6.27018378236364,26.0264412489631,25.8560906071763,22.932690542536697,18.4787290408636,19.4160009481736,31.771377087463595,15.342761591908197,8.13782671522187,5.64148026113975,7.212867093931869,4.89489208064251,7.04992555328867,3.82959661566168,1.93600658613126,0.1425002445336667,0.0,0.0,0.0,0.0,0.0,0.0,0.0,0.0,0.0,0.0,0.0,0.0,0.0,0.0,0.0,215.92085
CC(C)C1=CC(=CC=C1)C(C)C,228.75324,0.0,0.0,0.0,0.0,0.0,0.0,0.0,0.0,0.0,0.0,0.0,0.0,0.0,0.0,0.0,0.0,0.0,0.0,0.0,2.99181488781726,7.43846964804024,19.9542499039239,28.1866612305948,28.3192678593218,25.5240695449118,24.2604812609011,21.4789076760934,28.068221151831292,11.2068124278506,5.20806230006198,7.207816883562698,8.01392950944309,6.1502922697202,4.42964272442239,0.314540721503464,0.0,0.0,0.0,0.0,0.0,0.0,0.0,0.0,0.0,0.0,0.0,0.0,0.0,0.0,0.0,0.0,242.35774
CC(C)C1=CC=C(C=C1)C(C)C,225.0029600000001,0.0,0.0,0.0,0.0,0.0,0.0,0.0,0.0,0.0,0.0,0.0,0.0,0.0,0.0,0.0,0.0,0.0,0.0,0.0,3.8591167064486,9.22078497311201,16.4371246219547,27.8750958612608,27.3065993710116,26.2183887957038,25.3367641101811,22.1733585396085,23.692256588785092,9.3326823676524,8.00113473993031,5.587051933447272,8.21056166301933,6.98751958307936,4.3565729838925,0.407947160912687,0.0,0.0,0.0,0.0,0.0,0.0,0.0,0.0,0.0,0.0,0.0,0.0,0.0,0.0,0.0,0.0,237.22471
CCC1=CC(=C(C=C1)CC)CC,227.58959999999996,0.0,0.0,0.0,0.0,0.0,0.0,0.0,0.0,0.0,0.0,0.0,0.0,0.0,0.0,0.0,0.0,0.0,0.0,0.0,0.468638158585522,3.82977063728914,18.6847226161905,32.2952752650282,32.7523968809797,26.8412955020544,26.6676327786989,24.9537640928049,22.263100970369393,7.26487227526936,6.76898503593073,5.648359301899151,6.31583446956718,6.61412911313371,4.95270110772192,1.26812179447724,0.0,0.0,0.0,0.0,0.0,0.0,0.0,0.0,0.0,0.0,0.0,0.0,0.0,0.0,0.0,0.0,240.05421
CC1=C(C(=C(C(=C1C)C)C)C)C,217.53266999999988,0.0,0.0,0.0,0.0,0.0,0.0,0.0,0.0,0.0,0.0,0.0,0.0,0.0,0.0,0.0,0.0,0.0,0.0,0.0,0.0,1.11071956586788,18.484831086859,33.7535755228625,34.819292133934695,26.283584282264,19.7272431928895,26.9378339788733,19.000835082097,8.84993620607737,3.67270839385742,7.174427344751567,4.23205763426722,7.70331908434026,3.12247452170055,1.62871723098207,1.031114738375538,0.0,0.0,0.0,0.0,0.0,0.0,0.0,0.0,0.0,0.0,0.0,0.0,0.0,0.0,0.0,234.13733
CCC1=C(C(=CC=C1)CC)CC,222.2038,0.0,0.0,0.0,0.0,0.0,0.0,0.0,0.0,0.0,0.0,0.0,0.0,0.0,0.0,0.0,0.0,0.0,0.0,0.0,0.987284563386533,5.57788305128881,20.3639513160111,30.2582133431924,29.760336367062497,23.8437226004896,27.7684413748899,23.6189727840633,19.270092053570497,7.63829406667477,7.97315196753796,4.545688376356183,7.17848755938093,6.2385543768948,5.6434062609024,1.53731993829831,0.0,0.0,0.0,0.0,0.0,0.0,0.0,0.0,0.0,0.0,0.0,0.0,0.0,0.0,0.0,0.0,238.29057
CCCCCCCC1=CC=CC=C1,257.4412299999999,0.0,0.0,0.0,0.0,0.0,0.0,0.0,0.0,0.0,0.0,0.0,0.0,0.0,0.0,0.0,0.0,0.0,0.0,0.165458605032879,5.36363836355326,9.26211061518477,14.6670641085349,23.301584373900308,37.2221132593017,38.9266000940302,30.8771872937995,26.625741931597,20.555903198371,16.8556629248921,5.91005056117849,7.394906309381418,9.0133976143069,8.04132185820183,3.21659768762792,0.0418912011057512,0.0,0.0,0.0,0.0,0.0,0.0,0.0,0.0,0.0,0.0,0.0,0.0,0.0,0.0,0.0,0.0,261.79492
CCC1=CC(=C(C(=C1)CC)CC)CC,260.24214999999975,0.0,0.0,0.0,0.0,0.0,0.0,0.0,0.0,0.0,0.0,0.0,0.0,0.0,0.0,0.0,0.0,0.0,0.0,0.0,0.0,1.25535890144769,9.65400280552443,40.0276419038969,37.0390005360694,37.5657933244459,36.1116869909827,34.8799698551638,28.53486107006439,7.75124520929821,6.87764279649249,5.431342634303641,6.32278033083694,5.41088362465045,2.8976139286767,0.482326088146106,0.0,0.0,0.0,0.0,0.0,0.0,0.0,0.0,0.0,0.0,0.0,0.0,0.0,0.0,0.0,0.0,285.2496
CCCCCCCCCCC1=CC=CC=C1,318.6997000000001,0.0,0.0,0.0,0.0,0.0,0.0,0.0,0.0,0.0,0.0,0.0,0.0,0.0,0.0,0.0,0.0,0.0,0.0,0.0,2.82669759779924,8.99276249407425,13.1806506491641,20.31819796413751,46.622000656699605,59.6758515305701,47.6736938953485,38.1458492179587,30.482072813726095,20.0375973795239,7.87540772262565,10.083836972185598,9.03623980162174,3.52458247027549,0.224258834289658,0.0,0.0,0.0,0.0,0.0,0.0,0.0,0.0,0.0,0.0,0.0,0.0,0.0,0.0,0.0,0.0,0.0,331.59924
CCC1=CC(=C(C(=C1CC)CC)CC)CC,281.84137999999984,0.0,0.0,0.0,0.0,0.0,0.0,0.0,0.0,0.0,0.0,0.0,0.0,0.0,0.0,0.0,0.0,0.0,0.0,0.0,0.106428603562842,6.44752782291591,21.6345231546155,33.5021591417525,39.1509177737472,35.2044255494761,40.2537691870377,32.1523666255908,31.61312527914059,10.58037544754,6.19331676319254,4.660461351941981,4.77942174393044,6.36338404877845,5.20034915059108,2.71861774871315,1.2802106074730977,0.0,0.0,0.0,0.0,0.0,0.0,0.0,0.0,0.0,0.0,0.0,0.0,0.0,0.0,0.0,315.54297
CCC1=C(C(=C(C(=C1CC)CC)CC)CC)CC,308.9368599999999,0.0,0.0,0.0,0.0,0.0,0.0,0.0,0.0,0.0,0.0,0.0,0.0,0.0,0.0,0.0,0.0,0.0,0.0,0.0,0.0,0.0,3.43053717621306,48.9951319250201,48.7731512523843,42.0943203766371,49.7008097053373,48.6782085150154,32.717670819693495,9.06565445850203,6.41458051191966,4.685370551986542,2.76774229088073,4.83223285503341,4.0045899366843,2.3985419858368,0.3783176388556593,0.0,0.0,0.0,0.0,0.0,0.0,0.0,0.0,0.0,0.0,0.0,0.0,0.0,0.0,0.0,363.88829
C1CCC(CC1)C2=CC=CC=C2,208.7709399999999,0.0,0.0,0.0,0.0,0.0,0.0,0.0,0.0,0.0,0.0,0.0,0.0,0.0,0.0,0.0,0.0,0.0,0.0,0.416580945403093,6.300662283312,10.6415958432407,12.1984420414826,17.654655121477504,28.2039955407399,30.4967754310448,23.7935515079042,21.652227928809,13.747287247814098,9.50358786779706,6.75758376172126,6.9732832010711,8.98262446528404,8.18126727254548,3.23365736167048,0.0331621786826284,0.0,0.0,0.0,0.0,0.0,0.0,0.0,0.0,0.0,0.0,0.0,0.0,0.0,0.0,0.0,0.0,220.87705
C1=CC=C(C=C1)C2=CC=CC=C2,198.9349699999999,0.0,0.0,0.0,0.0,0.0,0.0,0.0,0.0,0.0,0.0,0.0,0.0,0.0,0.0,0.0,0.0,0.777088951220795,3.76702204694321,6.08509581394125,19.1879506628238,17.8442830092498,13.443049145712,13.265561895837797,6.522416907744391,9.94984751210298,11.8124196448955,7.217702248973561,12.430288160845002,15.3535903659691,16.1912118793235,21.950021985076596,17.6623188595133,5.47510090982734,0.0,0.0,0.0,0.0,0.0,0.0,0.0,0.0,0.0,0.0,0.0,0.0,0.0,0.0,0.0,0.0,0.0,0.0,202.32518
C1=CC=C(C=C1)C2=CC=C(C=C2)C3=CC=CC=C3,275.98875,0.0,0.0,0.0,0.0,0.0,0.0,0.0,0.0,0.0,0.0,0.0,0.0,0.0,0.0,0.0,0.0,2.67093699741971,6.70328037667047,11.6668368285158,24.9696855658264,20.5751762252353,17.3868178309335,15.181450763296995,8.145482405501033,15.6669103353014,13.9165110703613,9.653245400625853,20.4552091988513,21.9317069405495,28.589222180605,31.050922674052597,23.0868948538581,4.33846035239573,0.0,0.0,0.0,0.0,0.0,0.0,0.0,0.0,0.0,0.0,0.0,0.0,0.0,0.0,0.0,0.0,0.0,0.0,294.60295
C1=CC=C(C=C1)C2=CC(=CC=C2)C3=CC=CC=C3,275.6645899999997,0.0,0.0,0.0,0.0,0.0,0.0,0.0,0.0,0.0,0.0,0.0,0.0,0.0,0.0,0.0,0.0,1.74816033343922,5.14992024904634,12.7876565969616,24.4674394717729,22.8428758235048,16.6772639579107,15.177961586592795,8.997252754982384,15.2527948884339,14.6271462262856,9.288976396563951,20.8053699517501,22.0205187275092,27.8999762506664,30.966884562199095,22.6484080645063,4.30598415787442,0.0,0.0,0.0,0.0,0.0,0.0,0.0,0.0,0.0,0.0,0.0,0.0,0.0,0.0,0.0,0.0,0.0,0.0,295.33084
C1=CC=C(C=C1)C2=CC=CC=C2C3=CC=CC=C3,268.3126599999998,0.0,0.0,0.0,0.0,0.0,0.0,0.0,0.0,0.0,0.0,0.0,0.0,0.0,0.0,0.0,0.0,0.0,0.0,3.09601674336803,22.2164497375439,26.3516324960407,26.945520901021,19.1028289815533,16.145327111914,14.6438338192454,16.4155172912511,12.6338057097245,19.068252997055,18.4644809684837,18.1638823864188,24.823311686978492,20.3641927968176,9.68829872412697,0.189307648457337,0.0,0.0,0.0,0.0,0.0,0.0,0.0,0.0,0.0,0.0,0.0,0.0,0.0,0.0,0.0,0.0,0.0,302.01722
CC(C1=CC=CC=C1)C2=CC=CC=C2,232.4102799999999,0.0,0.0,0.0,0.0,0.0,0.0,0.0,0.0,0.0,0.0,0.0,0.0,0.0,0.0,0.0,0.0,0.0,0.0,1.06711496603691,14.2384630133604,22.6076666368308,26.3447715335591,19.820761667685,17.6810068246502,16.1426077653275,13.160537074236,16.8046689497235,10.404680834428202,14.7552506415001,9.8565437232534,17.936524417305492,15.0107585846813,14.6056044058183,1.9733189616037,0.0,0.0,0.0,0.0,0.0,0.0,0.0,0.0,0.0,0.0,0.0,0.0,0.0,0.0,0.0,0.0,0.0,249.78899
C1=CC=C(C=C1)CC2=CC=CC=C2,219.26950000000008,0.0,0.0,0.0,0.0,0.0,0.0,0.0,0.0,0.0,0.0,0.0,0.0,0.0,0.0,0.0,0.0,0.432297073733676,1.12082100871328,3.22956451913261,17.9430321852633,23.9608004302467,21.7768294612786,16.124304099693795,10.2916014434681,9.588068165906092,14.2223088955414,12.9959675477042,9.423186212091151,17.6368325438208,9.75754804337125,20.68226946304539,13.9018878727138,14.3192579005252,1.86292313375074,0.0,0.0,0.0,0.0,0.0,0.0,0.0,0.0,0.0,0.0,0.0,0.0,0.0,0.0,0.0,0.0,0.0,225.42416
C1=CC=C(C=C1)CCC2=CC=CC=C2,238.29303,0.0,0.0,0.0,0.0,0.0,0.0,0.0,0.0,0.0,0.0,0.0,0.0,0.0,0.0,0.0,0.0,0.0,0.0,0.748644746217446,13.7903681022893,26.2259358607377,30.1987101074694,22.360740910565696,16.2104173220127,12.9340734696175,12.0217444086029,13.7832796792715,10.095035897867405,16.9560279691434,9.3286237419263,18.593416058528092,14.9539160916524,16.1974548310748,3.89464080302347,0.0,0.0,0.0,0.0,0.0,0.0,0.0,0.0,0.0,0.0,0.0,0.0,0.0,0.0,0.0,0.0,0.0,247.00324
C1=CC=C(C=C1)C(C2=CC=CC=C2)C3=CC=CC=C3,287.42416000000003,0.0,0.0,0.0,0.0,0.0,0.0,0.0,0.0,0.0,0.0,0.0,0.0,0.0,0.0,0.0,0.0,0.0,0.0,2.9264873530288,23.0934448146691,30.4845303412763,27.1432422430311,22.152138508889397,17.1874441055933,18.6320204488585,13.7410381564594,16.8079397920447,13.737834036998704,22.0153372479275,17.3279397166659,27.065498398515093,24.4363343392049,10.1264181228873,0.546512373950066,0.0,0.0,0.0,0.0,0.0,0.0,0.0,0.0,0.0,0.0,0.0,0.0,0.0,0.0,0.0,0.0,0.0,325.6305
CC(C)(CC(=C)C1=CC=CC=C1)C2=CC=CC=C2,280.87336,0.0,0.0,0.0,0.0,0.0,0.0,0.0,0.0,0.0,0.0,0.0,0.0,0.0,0.0,0.0,0.0,0.0,0.0273147015393476,2.07223089239696,14.8655774460173,22.1737874133492,29.5351389600486,25.9903911952014,24.891763947780497,19.3576178987627,18.8807634998322,22.828685262496,18.6215715927169,17.6442238762782,11.8670387009834,18.256486458731096,17.2314372883425,12.7818423539882,3.77505789735863,0.0724306141768847,0.0,0.0,0.0,0.0,0.0,0.0,0.0,0.0,0.0,0.0,0.0,0.0,0.0,0.0,0.0,0.0,332.58109
CCCCCC1=CC=CC=C1,217.45698,0.0,0.0,0.0,0.0,0.0,0.0,0.0,0.0,0.0,0.0,0.0,0.0,0.0,0.0,0.0,0.0,0.0,0.0,0.177067267258494,5.45082841271253,9.31779958614006,14.5590652966711,22.791352132325905,30.0072343562817,29.0114330308622,21.9302145604724,19.8957160398073,17.705105329061496,13.1692722199,5.59461927879293,7.670534147062138,8.89677906811173,7.90454031282109,3.31305870040715,0.0623602613117938,0.0,0.0,0.0,0.0,0.0,0.0,0.0,0.0,0.0,0.0,0.0,0.0,0.0,0.0,0.0,0.0,217.93469
CCCCCCC1=CC=CC=C1,237.40267999999992,0.0,0.0,0.0,0.0,0.0,0.0,0.0,0.0,0.0,0.0,0.0,0.0,0.0,0.0,0.0,0.0,0.0,0.0,0.188200428446522,5.46039051747879,9.15731584712758,14.5091852436221,23.002658485840104,33.8233217865902,34.2612034486291,26.3974197930313,22.8907125221507,19.255532164797696,14.9646094045539,5.57398331826131,7.726847504210348,8.79037244566503,8.11440224400893,3.23619926271175,0.0503255828745688,0.0,0.0,0.0,0.0,0.0,0.0,0.0,0.0,0.0,0.0,0.0,0.0,0.0,0.0,0.0,0.0,240.05013
CCCCCCCCC1=CC=CC=C1,277.2147900000002,0.0,0.0,0.0,0.0,0.0,0.0,0.0,0.0,0.0,0.0,0.0,0.0,0.0,0.0,0.0,0.0,0.0,0.0,0.188440990222755,5.47185499408899,9.14447038279759,14.5031777902401,23.806382527721706,40.5833849223118,44.0941203760992,35.0410026692204,29.9621135631107,22.031728580908,18.6071251726622,6.11787444009252,7.296099017979609,9.11277847367047,7.88697977919822,3.31306511239557,0.0541912072804033,0.0,0.0,0.0,0.0,0.0,0.0,0.0,0.0,0.0,0.0,0.0,0.0,0.0,0.0,0.0,0.0,283.77862
CCCCCCCCCC1=CC=CC=C1,297.1942100000001,0.0,0.0,0.0,0.0,0.0,0.0,0.0,0.0,0.0,0.0,0.0,0.0,0.0,0.0,0.0,0.0,0.0,0.0,0.180429062286115,5.41379229244653,9.23180499491936,14.5387792537638,24.347022183450303,43.5822179442605,49.5294076708363,38.9631116208484,33.1876910207236,23.6623072620499,20.9171346496925,5.8205771969867,7.620702024614978,8.91666726650779,7.93609688924089,3.29350352005526,0.0529651473171874,0.0,0.0,0.0,0.0,0.0,0.0,0.0,0.0,0.0,0.0,0.0,0.0,0.0,0.0,0.0,0.0,305.33595
CCCCCCCCCCCC1=CC=CC=C1,338.02550999999994,0.0,0.0,0.0,0.0,0.0,0.0,0.0,0.0,0.0,0.0,0.0,0.0,0.0,0.0,0.0,0.0,0.0,0.0,0.256676432540726,6.3175151905983,10.2136484853202,14.8836578754571,22.313252201231812,48.6229451193736,59.7268801938775,49.395170951835,40.5363908363051,27.0442855816774,25.2030563728235,5.57860521259243,8.340432596706329,8.69715789016079,8.19586597515176,2.69996908434835,0.0,0.0,0.0,0.0,0.0,0.0,0.0,0.0,0.0,0.0,0.0,0.0,0.0,0.0,0.0,0.0,0.0,349.24817
CCCCCCCCCCCCCC1=CC=CC=C1,377.1748100000002,0.0,0.0,0.0,0.0,0.0,0.0,0.0,0.0,0.0,0.0,0.0,0.0,0.0,0.0,0.0,0.0,0.0,0.0,0.170222180904022,5.35344072733,9.33321813774704,14.8336569371201,24.814623717560913,58.53577034622081,68.6248004411756,56.2635203146183,47.7337109563315,29.4551694460789,27.8390497011968,6.72985340695731,7.03833293422716,9.28378266097524,7.81287623745835,3.31451937968769,0.0382624744104308,0.0,0.0,0.0,0.0,0.0,0.0,0.0,0.0,0.0,0.0,0.0,0.0,0.0,0.0,0.0,0.0,393.27364
CCCCCCCCCCCCCCC1=CC=CC=C1,398.1852000000001,0.0,0.0,0.0,0.0,0.0,0.0,0.0,0.0,0.0,0.0,0.0,0.0,0.0,0.0,0.0,0.0,0.0,0.0,0.0,2.82517424718308,9.01065345534387,13.1309048596345,20.91428333356132,59.37909235792121,80.5279664104277,66.5547785643148,51.23508542714471,37.63660780966849,26.1184209524595,8.13439650512755,9.963196845105587,8.89840433077249,3.58531073283996,0.270924168495386,0.0,0.0,0.0,0.0,0.0,0.0,0.0,0.0,0.0,0.0,0.0,0.0,0.0,0.0,0.0,0.0,0.0,414.04868
CCCCCCCCCCCCC1=CC=CC=C1,356.62910000000034,0.0,0.0,0.0,0.0,0.0,0.0,0.0,0.0,0.0,0.0,0.0,0.0,0.0,0.0,0.0,0.0,0.0,0.0,0.179982132716348,5.4188308709363,9.22390835069471,14.4467400288356,24.721410167826516,55.28673213398131,63.584500746711,51.8914635376871,43.53529592902,28.0911881747682,26.4230990606804,6.05448018417949,7.635354918941498,8.81671339914036,8.10630327136456,3.17334997045803,0.0397471220588968,0.0,0.0,0.0,0.0,0.0,0.0,0.0,0.0,0.0,0.0,0.0,0.0,0.0,0.0,0.0,0.0,370.92396
CCC1=CC(=CC(=C1)C)C,196.05300999999997,0.0,0.0,0.0,0.0,0.0,0.0,0.0,0.0,0.0,0.0,0.0,0.0,0.0,0.0,0.0,0.0,0.0,0.0,0.0,0.27708224087457,6.86707750962842,21.0267323553187,26.790742064483,23.997917731320697,19.7634529854122,20.1610914304242,21.8668513396877,16.630395532401096,7.16366072478193,5.97710399923079,6.21884559320375,7.08712615360817,8.16666911155494,3.15613828286736,0.90212294520243,0.0,0.0,0.0,0.0,0.0,0.0,0.0,0.0,0.0,0.0,0.0,0.0,0.0,0.0,0.0,0.0,196.13117
CCC1=C(C=CC=C1C)C,186.93396,0.0,0.0,0.0,0.0,0.0,0.0,0.0,0.0,0.0,0.0,0.0,0.0,0.0,0.0,0.0,0.0,0.0,0.0,0.0,1.63800822508516,11.0671496836371,21.0245511295231,22.2040417940364,20.5530362883256,16.9928526069319,19.1761978600364,19.5969428667211,15.130148101450697,6.52852914134027,6.95386182629637,5.064977548983902,7.8754874656667,6.50808538320457,5.08162392000726,1.53846615875349,0.0,0.0,0.0,0.0,0.0,0.0,0.0,0.0,0.0,0.0,0.0,0.0,0.0,0.0,0.0,0.0,192.82283
CCC1=C(C=CC(=C1)C)C,191.48360999999989,0.0,0.0,0.0,0.0,0.0,0.0,0.0,0.0,0.0,0.0,0.0,0.0,0.0,0.0,0.0,0.0,0.0,0.0,0.0,0.94921828427788,10.4595974510081,20.976569311535,23.3702307796182,21.5589597833969,17.4815639344288,18.4708414158204,23.451186747582,16.122146407349298,6.24343582407435,6.37372522591902,6.16576007477522,7.27739269954402,7.57775957079516,4.20477311366803,0.800449376207529,0.0,0.0,0.0,0.0,0.0,0.0,0.0,0.0,0.0,0.0,0.0,0.0,0.0,0.0,0.0,0.0,194.84215
CCC1=C(C=C(C=C1)C)C,193.42910999999992,0.0,0.0,0.0,0.0,0.0,0.0,0.0,0.0,0.0,0.0,0.0,0.0,0.0,0.0,0.0,0.0,0.0,0.0,0.0,1.0289666051406,10.2562526643241,21.0172226466811,23.7917199899815,20.7151416329398,17.8001853748633,19.8134634930424,23.7016215183699,16.129442031259998,6.5118394185555,7.23875258490959,5.968082478818201,7.81138543825097,7.08055170870023,3.90532841327686,0.659154000885857,0.0,0.0,0.0,0.0,0.0,0.0,0.0,0.0,0.0,0.0,0.0,0.0,0.0,0.0,0.0,0.0,197.30887
CCC1=CC(=C(C=C1)C)C,193.47938000000016,0.0,0.0,0.0,0.0,0.0,0.0,0.0,0.0,0.0,0.0,0.0,0.0,0.0,0.0,0.0,0.0,0.0,0.0,0.0,0.566967209597347,9.1394929883978,21.4144856604813,24.8442360631786,22.2054746069016,18.8873386471132,19.1468397271449,21.5455667816272,16.474597630655495,6.57968440604802,7.19843024905601,5.664890803276811,7.05113497639898,7.72585729038986,4.17777148685679,0.856611472876243,0.0,0.0,0.0,0.0,0.0,0.0,0.0,0.0,0.0,0.0,0.0,0.0,0.0,0.0,0.0,0.0,196.01453
CCC1=CC=CC(=C1C)C,190.06290999999993,0.0,0.0,0.0,0.0,0.0,0.0,0.0,0.0,0.0,0.0,0.0,0.0,0.0,0.0,0.0,0.0,0.0,0.0,0.0,1.03677166901763,9.04549877959617,22.0288383983868,23.7902161797213,21.999671109135996,17.4204237083334,21.1743569024232,19.6688678275941,13.956422007578796,5.58981420368456,9.0977691949707,4.299035312098553,8.33733331327577,5.8264144444762,5.29424457354247,1.49723237616427,0.0,0.0,0.0,0.0,0.0,0.0,0.0,0.0,0.0,0.0,0.0,0.0,0.0,0.0,0.0,0.0,194.6422
CC(C)(C1=CC=CC=C1)C(C)(C)C2=CC=CC=C2,269.24487999999997,0.0,0.0,0.0,0.0,0.0,0.0,0.0,0.0,0.0,0.0,0.0,0.0,0.0,0.0,0.0,0.0,0.0,0.0,0.0317884212345448,8.75696030180303,21.0283407649292,25.1931553505532,29.7601506058714,26.728651219115495,21.9667586991439,20.3912279923318,24.5631456413426,22.525274278021197,14.0119056904934,13.6504459326996,11.358978061085802,16.0621435666809,8.42732823287386,4.55228454188139,0.236340699938671,0.0,0.0,0.0,0.0,0.0,0.0,0.0,0.0,0.0,0.0,0.0,0.0,0.0,0.0,0.0,0.0,330.1708
CCC(=C)C1=CC=CC=C1,187.39697000000007,0.0,0.0,0.0,0.0,0.0,0.0,0.0,0.0,0.0,0.0,0.0,0.0,0.0,0.0,0.0,0.0,0.0,0.0,1.74097878955007,10.2216207831727,14.514543901695,16.321806388923,15.8701981433774,15.7396657133109,15.0498029130492,16.2952880121938,15.2012120661,14.267232966202998,10.1307032760038,9.04370325015139,13.657693471158096,11.972702494939,6.36985726058477,0.999960569587946,0.0,0.0,0.0,0.0,0.0,0.0,0.0,0.0,0.0,0.0,0.0,0.0,0.0,0.0,0.0,0.0,0.0,191.29397
C/C=C(\C)/C1=CC=CC=C1,188.12798000000004,0.0,0.0,0.0,0.0,0.0,0.0,0.0,0.0,0.0,0.0,0.0,0.0,0.0,0.0,0.0,0.0,0.0,0.0,0.591242251205839,10.0953999907723,15.3612967362076,19.5199304160521,17.0340704147353,14.3477975179369,15.4923081731557,14.1720859012375,17.1304912242947,10.531469600903,10.1900635921045,9.50771455915498,11.471442336824298,12.6744675178843,8.83161483114702,1.17658493638401,0.0,0.0,0.0,0.0,0.0,0.0,0.0,0.0,0.0,0.0,0.0,0.0,0.0,0.0,0.0,0.0,0.0,188.14869
CCCC1=CC=CC=C1C,193.8387400000001,0.0,0.0,0.0,0.0,0.0,0.0,0.0,0.0,0.0,0.0,0.0,0.0,0.0,0.0,0.0,0.0,0.0,0.0,0.0,3.70790956921667,10.9283442244949,17.7019646518725,22.9789592166919,21.9898850241318,20.1417413959726,18.1409427687505,19.830408776833,16.542776693476597,8.48764907422758,7.09531290672805,5.373480255884272,9.65190112220024,6.12224601555635,4.71422382378655,0.430994480176534,0.0,0.0,0.0,0.0,0.0,0.0,0.0,0.0,0.0,0.0,0.0,0.0,0.0,0.0,0.0,0.0,198.42252
CCCC1=CC=CC(=C1)C,196.8677499999999,0.0,0.0,0.0,0.0,0.0,0.0,0.0,0.0,0.0,0.0,0.0,0.0,0.0,0.0,0.0,0.0,0.0,0.0,0.0,2.07893554561229,9.59074784509067,16.1867789594909,26.4082998023616,24.5871793421095,21.832538725382,18.9165397106026,19.6462700077761,16.374039470641097,8.41407271769765,6.33037647839502,5.83138553605271,9.17047875827979,7.34090082735197,3.94013434950897,0.219071923647039,0.0,0.0,0.0,0.0,0.0,0.0,0.0,0.0,0.0,0.0,0.0,0.0,0.0,0.0,0.0,0.0,196.59845
CCCC1=CC=C(C=C1)C,197.74475999999996,0.0,0.0,0.0,0.0,0.0,0.0,0.0,0.0,0.0,0.0,0.0,0.0,0.0,0.0,0.0,0.0,0.0,0.0,0.0,2.06828218066745,8.98786204315174,17.606234932474,25.3664132671384,23.8955706531253,22.4146508301159,19.2052315847914,21.2672262920996,15.553493242842595,8.52525103925744,6.89737542491707,5.289433725113412,10.341444414682,6.43332785077722,3.66666852918389,0.226293989662543,0.0,0.0,0.0,0.0,0.0,0.0,0.0,0.0,0.0,0.0,0.0,0.0,0.0,0.0,0.0,0.0,197.25615
C1=CC=C(C=C1)CC(C2=CC=CC=C2)C3=CC=CC=C3,302.3032699999999,0.0,0.0,0.0,0.0,0.0,0.0,0.0,0.0,0.0,0.0,0.0,0.0,0.0,0.0,0.0,0.0,0.0,0.0,0.0677807781463765,10.1671443040852,29.8890537562891,36.7532768173179,30.061597496495295,22.4288252321464,19.6495161232749,19.0596511350507,17.1256745989339,18.9836202687511,22.1879804386179,23.8535817039195,25.820690377058096,21.4487758996574,4.75113994285255,0.0549611274036093,0.0,0.0,0.0,0.0,0.0,0.0,0.0,0.0,0.0,0.0,0.0,0.0,0.0,0.0,0.0,0.0,0.0,349.74652
C1=CC=C(C=C1)C(C2=CC=CC=C2)(C3=CC=CC=C3)C4=CC=CC=C4,340.23072,0.0,0.0,0.0,0.0,0.0,0.0,0.0,0.0,0.0,0.0,0.0,0.0,0.0,0.0,0.0,0.0,0.0,0.0,1.85907144661955,23.5819325051602,31.6171073205966,32.6698170023432,27.772929460644296,23.1198809141566,21.8967246906252,20.3964329083579,19.4751876715148,22.769181606440604,30.7644300334026,20.1172036987498,32.29234207442189,29.6166966051724,2.28178206179439,0.0,0.0,0.0,0.0,0.0,0.0,0.0,0.0,0.0,0.0,0.0,0.0,0.0,0.0,0.0,0.0,0.0,0.0,413.95263
C=CC1=CC=CC=C1,154.48400999999993,0.0,0.0,0.0,0.0,0.0,0.0,0.0,0.0,0.0,0.0,0.0,0.0,0.0,0.0,0.0,0.0,0.0,0.444645683291168,5.05644658936884,14.4853831138759,14.9340569157074,12.0770337826818,9.62401375446834,8.59551868339081,7.5726955886984,8.89174779720464,7.66452054640266,11.305639005299698,7.16589100052114,11.625320930688,15.935717588026296,12.3442312659116,5.93982930439963,0.821318450063619,0.0,0.0,0.0,0.0,0.0,0.0,0.0,0.0,0.0,0.0,0.0,0.0,0.0,0.0,0.0,0.0,0.0,147.49996
CC1=CC=CC=C1C=C,170.6723,0.0,0.0,0.0,0.0,0.0,0.0,0.0,0.0,0.0,0.0,0.0,0.0,0.0,0.0,0.0,0.0,0.0,0.315193741228609,2.78992864917469,10.5199584871203,17.8478916511862,16.2557380554459,13.5003514627632,9.99850211126569,10.3826430475046,12.4833582671459,13.2330915878319,8.463063793833522,10.7965458093814,7.95032953566855,14.652597692265395,11.985405690314,7.88343817161577,1.61426224625441,0.0,0.0,0.0,0.0,0.0,0.0,0.0,0.0,0.0,0.0,0.0,0.0,0.0,0.0,0.0,0.0,0.0,168.78704
CC1=CC(=CC=C1)C=C,173.55986000000007,0.0,0.0,0.0,0.0,0.0,0.0,0.0,0.0,0.0,0.0,0.0,0.0,0.0,0.0,0.0,0.0,0.0,0.115574531349804,3.00975864636642,11.3727082083367,15.9059713592356,15.8998905381291,14.748185717381196,10.0717604660852,11.8736781354293,14.1560682279772,11.9458214176506,10.5621516552229,8.77306014741125,8.37190262103852,16.577922816111993,11.7092423228767,7.08345868390353,1.38270450549404,0.0,0.0,0.0,0.0,0.0,0.0,0.0,0.0,0.0,0.0,0.0,0.0,0.0,0.0,0.0,0.0,0.0,169.38456
CC1=CC=C(C=C1)C=C,174.09490000000025,0.0,0.0,0.0,0.0,0.0,0.0,0.0,0.0,0.0,0.0,0.0,0.0,0.0,0.0,0.0,0.0,0.0,0.173709478848497,3.09051927032927,10.7447154236094,16.1893573474002,16.1545567718462,14.6691425862341,10.4290126006828,10.987562732842502,15.9218373754303,11.5813647747968,9.62322258201863,9.88983102607927,7.8227259597521,16.191933889961394,12.6613967780632,6.10283078408798,1.86118061801761,0.0,0.0,0.0,0.0,0.0,0.0,0.0,0.0,0.0,0.0,0.0,0.0,0.0,0.0,0.0,0.0,0.0,169.85738
CC(=C)C1=CC=CC=C1,169.65227000000004,0.0,0.0,0.0,0.0,0.0,0.0,0.0,0.0,0.0,0.0,0.0,0.0,0.0,0.0,0.0,0.0,0.0,0.0,2.88369608294289,11.9563216590319,16.5099192889725,15.2069871576768,13.470531212457296,10.9757185761176,10.0234789697901,12.5059959820104,11.6184170202459,8.87617981662222,10.8710131399534,9.56335989022885,15.023689856874295,11.7534269398451,7.89087850406051,0.522655903170268,0.0,0.0,0.0,0.0,0.0,0.0,0.0,0.0,0.0,0.0,0.0,0.0,0.0,0.0,0.0,0.0,0.0,167.8954
C=CC1=CC(=CC=C1)C=C,187.6549899999999,0.0,0.0,0.0,0.0,0.0,0.0,0.0,0.0,0.0,0.0,0.0,0.0,0.0,0.0,0.0,0.0,0.0,1.58040002026592,8.96928821243564,16.2215877676585,15.718293474165,13.3335194703606,9.8907476971769,10.2774722733802,9.30854359377794,10.522236891548,11.7074520406213,14.083533172204197,7.13954833483111,20.5963128866031,19.8027439824813,11.1918186123669,6.31363547003878,0.99785610008456,0.0,0.0,0.0,0.0,0.0,0.0,0.0,0.0,0.0,0.0,0.0,0.0,0.0,0.0,0.0,0.0,0.0,185.60572
C#CC1=CC=CC=C1,152.2001499999999,0.0,0.0,0.0,0.0,0.0,0.0,0.0,0.0,0.0,0.0,0.0,0.0,0.3883474770028043,0.745389907705199,2.1871397752998876,1.6063309352655708,0.149629062381649,1.76025400815658,7.95996596822326,11.633241953179,10.1705562634995,7.32922620048327,9.822162628295128,5.6591495846900095,4.335871157795291,6.39385198289995,10.5910111110427,8.767461676630973,13.3060219033823,16.2022021958024,18.241860065439997,9.23124313786097,5.55706647633559,0.162166528627887,0.0,0.0,0.0,0.0,0.0,0.0,0.0,0.0,0.0,0.0,0.0,0.0,0.0,0.0,0.0,0.0,0.0,142.83842
CC(C)CC1=CC=C(C=C1)C=C,225.7852000000001,0.0,0.0,0.0,0.0,0.0,0.0,0.0,0.0,0.0,0.0,0.0,0.0,0.0,0.0,0.0,0.0,0.0,0.100312819819286,2.90377350737606,9.77042885850355,11.5478017822207,16.5283596131811,24.1256900700707,23.6164261313904,20.5148015561353,18.2930290788106,18.8868204142236,23.717714270048596,13.4013558758852,7.51304301082808,15.629970489532193,12.0143981157002,5.14015025476171,2.0811241515128,0.0,0.0,0.0,0.0,0.0,0.0,0.0,0.0,0.0,0.0,0.0,0.0,0.0,0.0,0.0,0.0,0.0,237.43061
C/C=C\C1=CC=CC=C1,171.22453000000007,0.0,0.0,0.0,0.0,0.0,0.0,0.0,0.0,0.0,0.0,0.0,0.0,0.0,0.0,0.0,0.0,0.0,0.0,1.18413811152021,10.3642921719619,18.4065410332136,16.5542926982973,16.686535683180395,9.84298648476684,10.9593253173823,12.2229740246953,10.4845664089615,9.85687810025659,9.11895529690998,8.01057666920354,17.35719260064119,11.4703923922092,8.06679806416621,0.638084942634025,0.0,0.0,0.0,0.0,0.0,0.0,0.0,0.0,0.0,0.0,0.0,0.0,0.0,0.0,0.0,0.0,0.0,167.88722
C/C=C/C1=CC=CC=C1,174.83049999999992,0.0,0.0,0.0,0.0,0.0,0.0,0.0,0.0,0.0,0.0,0.0,0.0,0.0,0.0,0.0,0.0,0.0,0.0718484828225411,2.65397480982484,11.0704958040618,16.1345316802169,16.8302149211598,15.8680014754832,11.4521211114029,11.6530378703934,12.1336077583852,11.538021333061,9.58332796304849,10.6120925110127,7.29467406591591,16.161080887962292,12.5524209559539,8.66957473324136,0.551473636053673,0.0,0.0,0.0,0.0,0.0,0.0,0.0,0.0,0.0,0.0,0.0,0.0,0.0,0.0,0.0,0.0,0.0,168.24139
CC(=C)C1=CC=C(C=C1)C=C,202.80831000000015,0.0,0.0,0.0,0.0,0.0,0.0,0.0,0.0,0.0,0.0,0.0,0.0,0.0,0.0,0.0,0.0,0.0,0.501724129708223,7.0579306434591,13.8829850118871,18.5475762598653,15.5379828701363,14.468399572953,11.5560532317818,12.0728975432587,14.9847968759193,13.7010870810343,12.4206098948655,11.7810514252184,15.9317288351526,20.12901686853,13.0636989482037,5.96450185562227,1.20626895240456,0.0,0.0,0.0,0.0,0.0,0.0,0.0,0.0,0.0,0.0,0.0,0.0,0.0,0.0,0.0,0.0,0.0,205.99122
CC(C)(C)C1=CC=C(C=C1)C=C,220.0548799999998,0.0,0.0,0.0,0.0,0.0,0.0,0.0,0.0,0.0,0.0,0.0,0.0,0.0,0.0,0.0,0.0,0.0,0.120791792285459,2.97593312255562,10.2030894421282,12.3816449335427,19.5025498053774,22.0681783592487,22.129041501533695,16.285300111811,16.1628475240803,19.5128018647034,22.054000880070195,11.7638279997833,9.25940104324808,13.958134464568994,12.8890746776614,6.90093378626154,1.88732869113983,0.0,0.0,0.0,0.0,0.0,0.0,0.0,0.0,0.0,0.0,0.0,0.0,0.0,0.0,0.0,0.0,0.0,234.07785
C1=CC=C2C=CC=CC2=C1,168.14597999999987,0.0,0.0,0.0,0.0,0.0,0.0,0.0,0.0,0.0,0.0,0.0,0.0,0.0,0.0,0.0,0.0,0.0,0.0,4.59086790768593,18.1119079761872,16.686973234743,12.9389132951264,9.34326715956192,9.14084885353431,8.4929797345416,6.85967586248831,8.65678146810706,9.29166247197184,9.81882688295488,17.3357584818607,20.423374401958895,15.4275281255217,1.02661414375612,0.0,0.0,0.0,0.0,0.0,0.0,0.0,0.0,0.0,0.0,0.0,0.0,0.0,0.0,0.0,0.0,0.0,0.0,167.11621
CC1=CC=CC2=CC=CC=C12,184.64707999999985,0.0,0.0,0.0,0.0,0.0,0.0,0.0,0.0,0.0,0.0,0.0,0.0,0.0,0.0,0.0,0.0,0.0,0.0,2.01303920957201,13.7508394699258,20.0066330974921,16.7324900716875,14.273804091315398,11.1093693345382,9.88312296987992,11.561410159716,12.1648124766426,10.624542553845,10.0282794164243,13.0335478828839,20.52412747222269,15.6242857604729,3.31677603338154,0.0,0.0,0.0,0.0,0.0,0.0,0.0,0.0,0.0,0.0,0.0,0.0,0.0,0.0,0.0,0.0,0.0,0.0,188.77197
CC1=CC2=CC=CC=C2C=C1,187.22886999999983,0.0,0.0,0.0,0.0,0.0,0.0,0.0,0.0,0.0,0.0,0.0,0.0,0.0,0.0,0.0,0.0,0.0,0.0,2.22229825030121,14.1747360696836,18.6206936678387,16.5845478046579,15.455858364119498,9.76865204352106,11.6527463420328,14.6143562749121,11.262340716323704,9.35119505135983,10.9509773824142,12.0779926379556,22.48712385020579,15.4790699652585,2.52628157941538,0.0,0.0,0.0,0.0,0.0,0.0,0.0,0.0,0.0,0.0,0.0,0.0,0.0,0.0,0.0,0.0,0.0,0.0,189.07812
CCC1=CC=CC2=CC=CC=C21,201.53844000000015,0.0,0.0,0.0,0.0,0.0,0.0,0.0,0.0,0.0,0.0,0.0,0.0,0.0,0.0,0.0,0.0,0.0,0.0,1.74151584601518,12.2377994562163,15.930430066119,20.7144012393281,17.401345463754,17.2834627474025,13.300012165201,14.1658517655172,13.4447358071594,12.3463489636655,10.4439102124341,11.9244261840736,20.590062490559593,15.6672237097498,4.34691388280488,0.0,0.0,0.0,0.0,0.0,0.0,0.0,0.0,0.0,0.0,0.0,0.0,0.0,0.0,0.0,0.0,0.0,0.0,209.03507
C1CCC2=CC=CC=C2C1,176.42270999999997,0.0,0.0,0.0,0.0,0.0,0.0,0.0,0.0,0.0,0.0,0.0,0.0,0.0,0.0,0.0,0.0,0.0,0.0,0.0,3.12395969342904,7.25726564903223,16.4401384495105,22.6535765959117,23.0087164268756,21.0441251882146,18.3832419098085,15.4509344323991,9.08889157333034,7.07884654476367,6.22582952547514,5.226262529666181,10.617368556054,4.97244242650199,5.20387395239418,0.647236546633205,0.0,0.0,0.0,0.0,0.0,0.0,0.0,0.0,0.0,0.0,0.0,0.0,0.0,0.0,0.0,0.0,179.80733
CC1=CC2=C(C=C1)C=C(C=C2)C,206.38163,0.0,0.0,0.0,0.0,0.0,0.0,0.0,0.0,0.0,0.0,0.0,0.0,0.0,0.0,0.0,0.0,0.0,0.0,1.07445275126099,9.78017444281793,18.8855987690394,20.2735320872685,20.1390121652662,14.8705591233699,13.055374343186802,17.4367107299687,18.9341332025991,10.4295002972744,9.2294137083842,9.80049630668207,22.49403420568439,17.0615730486668,2.91706481853062,0.0,0.0,0.0,0.0,0.0,0.0,0.0,0.0,0.0,0.0,0.0,0.0,0.0,0.0,0.0,0.0,0.0,0.0,211.16328
C1=CC=C(C=C1)C2=CC=CC3=CC=CC=C32,243.4760599999999,0.0,0.0,0.0,0.0,0.0,0.0,0.0,0.0,0.0,0.0,0.0,0.0,0.0,0.0,0.0,0.0,0.0,0.0,5.31904733479336,22.5332549008593,23.2397317037339,20.0385719307122,15.2147243711093,14.745251417247998,11.5577600492722,11.4391086395468,12.473411631965,19.1740134413625,16.5521199106299,25.9133793109477,25.8116255873876,17.2900684779499,2.15994558853469,0.0140457039475403,0.0,0.0,0.0,0.0,0.0,0.0,0.0,0.0,0.0,0.0,0.0,0.0,0.0,0.0,0.0,0.0,0.0,262.28564
CCCCCCCCCC1=CC=CC2=CC=CC=C21,340.9627600000001,0.0,0.0,0.0,0.0,0.0,0.0,0.0,0.0,0.0,0.0,0.0,0.0,0.0,0.0,0.0,0.0,0.0,0.0,1.74365255967996,11.877366523877,15.236846667404,17.1950941795239,25.44242474529721,43.6276876296154,48.6179248735618,40.7371009376696,33.7737521881556,27.546723285329897,22.0637696507342,12.0025212109702,20.894618108705192,15.8529020013713,4.35037543810483,0.0,0.0,0.0,0.0,0.0,0.0,0.0,0.0,0.0,0.0,0.0,0.0,0.0,0.0,0.0,0.0,0.0,0.0,362.94915
CCCCCCCCCCC1=CC=CC2=CC=CC=C21,361.18389,0.0,0.0,0.0,0.0,0.0,0.0,0.0,0.0,0.0,0.0,0.0,0.0,0.0,0.0,0.0,0.0,0.0,0.0,1.74019568786918,11.8439906184263,15.3769539957434,17.070123568551,25.655009665073912,47.1086468046885,53.9507096933296,45.0190424661657,37.3167134883512,29.056638070240496,24.0307416402864,11.8907828152211,20.894864860190193,15.9081513205134,4.3213253053496,0.0,0.0,0.0,0.0,0.0,0.0,0.0,0.0,0.0,0.0,0.0,0.0,0.0,0.0,0.0,0.0,0.0,0.0,385.20193
CCCCC1=CC=CC2=CC=CC=C21,240.31017,0.0,0.0,0.0,0.0,0.0,0.0,0.0,0.0,0.0,0.0,0.0,0.0,0.0,0.0,0.0,0.0,0.0,0.0,1.30465666722976,11.3252954653998,13.7271821052023,19.9591777246138,25.7673092718003,25.1559162999323,22.2342268230456,18.8889769156434,18.0737514760948,19.247776083036197,11.2372974705605,12.3014884201477,19.857757232834093,16.3998700207128,4.82948802374666,0.0,0.0,0.0,0.0,0.0,0.0,0.0,0.0,0.0,0.0,0.0,0.0,0.0,0.0,0.0,0.0,0.0,0.0,252.19516
CCCCCCC1=CC=CC2=CC=CC=C21,281.11271,0.0,0.0,0.0,0.0,0.0,0.0,0.0,0.0,0.0,0.0,0.0,0.0,0.0,0.0,0.0,0.0,0.0,0.0,1.70682933014685,11.9875594407285,15.0338829559428,17.114770620327,24.594571309252903,33.7277414022126,33.2804804847015,27.835955916826,23.6186427034959,22.817369941209,16.4233279106384,12.0779943306622,20.55102426284679,15.9029837453632,4.43957564564632,0.0,0.0,0.0,0.0,0.0,0.0,0.0,0.0,0.0,0.0,0.0,0.0,0.0,0.0,0.0,0.0,0.0,0.0,296.88079
CC1=CC2=C(C=C1)C=CC(=C2)C,206.31641000000008,0.0,0.0,0.0,0.0,0.0,0.0,0.0,0.0,0.0,0.0,0.0,0.0,0.0,0.0,0.0,0.0,0.0,0.0,0.947979259432978,9.47116799677295,19.3438525103908,20.995570582351,20.663473063492596,13.4857791129115,12.9418237993268,19.1216173452308,17.0739427143296,9.72202306059005,10.2402328068102,9.85036542796712,22.25532230378139,17.0662154517701,3.13704456484219,0.0,0.0,0.0,0.0,0.0,0.0,0.0,0.0,0.0,0.0,0.0,0.0,0.0,0.0,0.0,0.0,0.0,0.0,210.79916
C1=CC=C2C(=C1)C3=CC=CC4=C3C2=CC=C4,232.30159000000003,0.0,0.0,0.0,0.0,0.0,0.0,0.0,0.0,0.0,0.0,0.0,0.0,0.0,0.0,0.0,0.0,0.0,0.0,3.37574914506862,17.7879500289505,23.2332084568353,18.2176274979759,14.815165127619098,9.918303554814004,13.3660886011802,12.0024006284599,13.5948136145388,16.560867711196508,33.8024514681001,35.9774513698885,15.80274485529122,3.8442289157156,0.0025390243657991,0.0,0.0,0.0,0.0,0.0,0.0,0.0,0.0,0.0,0.0,0.0,0.0,0.0,0.0,0.0,0.0,0.0,0.0,248.45659
CCCC1=CC=CC2=CC=CC=C21,220.61693,0.0,0.0,0.0,0.0,0.0,0.0,0.0,0.0,0.0,0.0,0.0,0.0,0.0,0.0,0.0,0.0,0.0,0.0,1.3583910928004,11.4049006285477,14.3106318402158,20.7833472785785,24.159481173442195,19.9615349095678,16.8353962167617,16.6219590183316,15.1575467896888,16.483398821073198,10.2392859344894,12.5415678527119,19.756329503564793,16.3674588210404,4.63570011918581,0.0,0.0,0.0,0.0,0.0,0.0,0.0,0.0,0.0,0.0,0.0,0.0,0.0,0.0,0.0,0.0,0.0,0.0,230.52727
CCC1=CC2=CC=CC=C2C=C1,204.34526999999989,0.0,0.0,0.0,0.0,0.0,0.0,0.0,0.0,0.0,0.0,0.0,0.0,0.0,0.0,0.0,0.0,0.0,0.0,1.79643960013454,12.7752579293086,14.3839205403963,20.5212938478982,18.3376979078953,17.3516192984657,14.952025701101,14.6616582381156,13.9888674108248,12.8418811955153,9.99645195695502,11.1239458581027,22.43156966645599,15.9637524651365,3.21888838369431,0.0,0.0,0.0,0.0,0.0,0.0,0.0,0.0,0.0,0.0,0.0,0.0,0.0,0.0,0.0,0.0,0.0,0.0,209.89756
CC1C=CC2=CC=CC=C12,175.43295999999998,0.0,0.0,0.0,0.0,0.0,0.0,0.0,0.0,0.0,0.0,0.0,0.0,0.0,0.0,0.0,0.0,0.0,0.0,1.32916503409702,9.80803151639695,15.6068338312204,19.0649970419098,16.7705723233271,13.2374204382009,12.5928719597406,10.0166253393536,15.0626602289034,8.07418049730751,9.82969728176064,8.46123908682922,12.653003370521596,12.1976559374344,8.50134239338547,2.22666371961137,0.0,0.0,0.0,0.0,0.0,0.0,0.0,0.0,0.0,0.0,0.0,0.0,0.0,0.0,0.0,0.0,0.0,177.41382
CC1=CC2=CC=CC=C2C1,178.39315999999997,0.0,0.0,0.0,0.0,0.0,0.0,0.0,0.0,0.0,0.0,0.0,0.0,0.0,0.0,0.0,0.0,0.0,0.0,0.601462940385076,8.49295966966068,15.8121381775562,20.9621054943561,18.9943110923876,14.551514734341598,12.2353295678621,13.9615726944355,10.9536836718023,7.467658453209361,9.64252988144724,8.59434444181047,9.728759534454776,14.2952437710627,7.46217866777785,4.49867905423483,0.138688153215564,0.0,0.0,0.0,0.0,0.0,0.0,0.0,0.0,0.0,0.0,0.0,0.0,0.0,0.0,0.0,0.0,177.37221
CC1C(=C(C2=CC=CC=C12)C)C,207.71071,0.0,0.0,0.0,0.0,0.0,0.0,0.0,0.0,0.0,0.0,0.0,0.0,0.0,0.0,0.0,0.0,0.0,0.0,0.0964131527555756,4.21912119792422,15.1708040615193,23.0630679986497,23.9441375533726,20.5935583610177,17.1339785588994,18.5805099511512,20.9185457552425,12.6717721325065,7.96676347660141,9.52197087298191,9.65113293142872,11.8684640642737,6.41193515964122,5.43875639101748,0.459778381016873,0.0,0.0,0.0,0.0,0.0,0.0,0.0,0.0,0.0,0.0,0.0,0.0,0.0,0.0,0.0,0.0,220.38907
C1=CC=C(C=C1)C=C(C2=CC=CC=C2)C3=CC=CC=C3,301.1230600000001,0.0,0.0,0.0,0.0,0.0,0.0,0.0,0.0,0.0,0.0,0.0,0.0,0.0,0.0,0.0,0.0,0.0,0.0,4.32732679894595,27.3252441389349,28.0335891888654,26.0268399170906,21.390994236373096,16.7400745422037,18.2691686575663,15.7211829089908,14.8234783490463,22.293507933102,23.1272099778,25.5353495418925,30.985561948256397,20.3866846535676,6.13684720736455,0.0,0.0,0.0,0.0,0.0,0.0,0.0,0.0,0.0,0.0,0.0,0.0,0.0,0.0,0.0,0.0,0.0,0.0,337.09461
C1=CC=C(C=C1)C(=C(C2=CC=CC=C2)C3=CC=CC=C3)C4=CC=CC=C4,359.5374000000003,0.0,0.0,0.0,0.0,0.0,0.0,0.0,0.0,0.0,0.0,0.0,0.0,0.0,0.0,0.0,0.0,0.0,0.0,1.7852444517286,24.0686811443839,34.7179035556061,36.4055889095989,28.512558264347895,24.0624493603411,24.91436249458,23.8457251938569,22.5200676406266,21.750216318151605,26.5275798788387,18.4959005699058,31.37471423363579,32.7560410120098,7.80036697238859,0.0,0.0,0.0,0.0,0.0,0.0,0.0,0.0,0.0,0.0,0.0,0.0,0.0,0.0,0.0,0.0,0.0,0.0,438.96707
C1=CC=C(C=C1)/C=C\C2=CC=CC=C2,229.98927999999975,0.0,0.0,0.0,0.0,0.0,0.0,0.0,0.0,0.0,0.0,0.0,0.0,0.0,0.0,0.0,0.0,0.0,0.0,3.05110505447676,20.3308568552845,24.1046632182364,20.8156757015557,15.635077760986098,12.7451991626754,11.6856855321392,12.6469116432758,9.98155740465122,16.5318734336585,16.7824461975352,19.5558451455421,24.091665428144296,17.869696899226,4.14768855477258,0.0133320078400007,0.0,0.0,0.0,0.0,0.0,0.0,0.0,0.0,0.0,0.0,0.0,0.0,0.0,0.0,0.0,0.0,0.0,243.50344
C1=CC=C(C=C1)/C=C/C2=CC=CC=C2,236.3094299999999,0.0,0.0,0.0,0.0,0.0,0.0,0.0,0.0,0.0,0.0,0.0,0.0,0.0,0.0,0.0,0.0,0.0,2.77271308597417,10.2271265913494,21.1959116873401,21.7959057573828,16.6812435782121,14.071280492052,10.9752968716954,11.507674358505,12.4819021567035,9.23177118381848,17.981609214400397,12.7295996798303,19.3996846732805,29.06205251113419,21.0061370313996,5.18952112692198,0.0,0.0,0.0,0.0,0.0,0.0,0.0,0.0,0.0,0.0,0.0,0.0,0.0,0.0,0.0,0.0,0.0,0.0,240.55228
C1C2=CC=CC=C2C3=CC=CC=C31,204.92012999999997,0.0,0.0,0.0,0.0,0.0,0.0,0.0,0.0,0.0,0.0,0.0,0.0,0.0,0.0,0.0,0.0,0.0,0.0,0.727891734118736,11.6223543929637,20.5517774026002,19.2934605802459,19.149032206025097,13.8223532041628,12.3739776508342,12.0943500469626,11.0415512558251,14.7851124628956,15.9759167638629,21.6719199712737,16.935177867761205,13.4033175800377,1.47193688043055,0.0,0.0,0.0,0.0,0.0,0.0,0.0,0.0,0.0,0.0,0.0,0.0,0.0,0.0,0.0,0.0,0.0,0.0,211.96754
C1C=CC2=CC=CC=C21,158.4190999999999,0.0,0.0,0.0,0.0,0.0,0.0,0.0,0.0,0.0,0.0,0.0,0.0,0.0,0.0,0.0,0.0,0.0,0.0,2.19106055331404,12.448530797428,16.2423447226509,14.9078276011873,13.2210169126038,11.7078292851956,10.4324478506915,7.31679599601591,9.20605186071982,5.814555129649593,11.2076605614638,7.73658469893307,12.771510363866094,12.2036627901914,9.11015706310667,1.90106381298241,0.0,0.0,0.0,0.0,0.0,0.0,0.0,0.0,0.0,0.0,0.0,0.0,0.0,0.0,0.0,0.0,0.0,154.62567
C1=CC=C2C=C3C=CC=CC3=CC2=C1,215.28916999999993,0.0,0.0,0.0,0.0,0.0,0.0,0.0,0.0,0.0,0.0,0.0,0.0,0.0,0.0,0.0,0.0,0.0,0.0,1.86682492034251,17.369872796029,21.3896899859227,18.9152542328086,13.210590886429298,10.2820661758192,11.2522935994147,10.602202230191,12.5540597540626,14.318758317339803,26.6710466832472,37.1527088181185,18.661456388622415,1.04234521165243,0.0,0.0,0.0,0.0,0.0,0.0,0.0,0.0,0.0,0.0,0.0,0.0,0.0,0.0,0.0,0.0,0.0,0.0,0.0,224.22319
C1=CC=C2C(=C1)C=CC3=CC=CC=C32,212.39390000000012,0.0,0.0,0.0,0.0,0.0,0.0,0.0,0.0,0.0,0.0,0.0,0.0,0.0,0.0,0.0,0.0,0.0,1.41672914060047,2.48115233751564,17.23876354289,20.0351407982227,17.4657277511265,12.7004867808012,10.894118196118798,8.72138376999974,12.4523678534956,12.0572880073826,14.375265699957604,28.1722407697273,31.5026124794253,20.78739792322871,2.09322494950796,0.0,0.0,0.0,0.0,0.0,0.0,0.0,0.0,0.0,0.0,0.0,0.0,0.0,0.0,0.0,0.0,0.0,0.0,0.0,222.63772
C1=CC=C2C(=C1)C=CC3=C2C=CC4=CC=CC=C43,255.6821500000001,0.0,0.0,0.0,0.0,0.0,0.0,0.0,0.0,0.0,0.0,0.0,0.0,0.0,0.0,0.0,0.0,0.486881941435365,3.2976447243293,3.8732833627991,21.6953694779863,21.0981634999095,18.7867284978023,13.9114965585195,12.0994563869909,10.413102420638404,15.7815999824579,13.1372438129569,18.47355121757031,41.9167303756997,38.2458130859963,21.359565924064913,1.10551873084342,0.0,0.0,0.0,0.0,0.0,0.0,0.0,0.0,0.0,0.0,0.0,0.0,0.0,0.0,0.0,0.0,0.0,0.0,0.0,277.70191
C1=CC2=C3C(=C1)C=CC4=CC=CC(=C43)C=C2,226.68301999999983,0.0,0.0,0.0,0.0,0.0,0.0,0.0,0.0,0.0,0.0,0.0,0.0,0.0,0.0,0.0,0.0,0.0,0.0,2.61250050408457,18.6860847172399,22.9891624771623,16.417321151797,14.250903035410396,8.940496070309083,12.3953320517656,11.2718461166102,9.92263605279937,21.252426054073908,36.0064798183429,38.1357326561311,13.743427162562922,0.0586721317105974,0.0,0.0,0.0,0.0,0.0,0.0,0.0,0.0,0.0,0.0,0.0,0.0,0.0,0.0,0.0,0.0,0.0,0.0,0.0,244.07531
C1CC2=CC=CC3=C2C1=CC=C3,190.43534999999983,0.0,0.0,0.0,0.0,0.0,0.0,0.0,0.0,0.0,0.0,0.0,0.0,0.0,0.0,0.0,0.0,0.0,0.0,0.0,4.3926848824433,15.3236383483821,22.5135770378495,19.8825190505798,17.3962973434949,15.576393478458,13.6395473940492,12.0650944364334,9.862060887855344,12.2052958397109,17.2859504794631,18.0130743040612,11.9816199864224,0.297596530796743,0.0,0.0,0.0,0.0,0.0,0.0,0.0,0.0,0.0,0.0,0.0,0.0,0.0,0.0,0.0,0.0,0.0,0.0,196.12852
C1=CC2=C3C(=C1)C=CC3=CC=C2,186.2074,0.0,0.0,0.0,0.0,0.0,0.0,0.0,0.0,0.0,0.0,0.0,0.0,0.0,0.0,0.0,0.0,0.0,0.0,3.05925673154719,14.3279445130836,18.3902591896661,15.5311487345144,11.780912512001798,9.05030968188203,10.3864268431267,10.0132663977141,13.4442179259269,10.304427614619303,17.1491856213691,30.9838450383427,18.16372100257971,3.19339742953729,0.429080764089093,0.0,0.0,0.0,0.0,0.0,0.0,0.0,0.0,0.0,0.0,0.0,0.0,0.0,0.0,0.0,0.0,0.0,0.0,191.00084
C1C2CC3CC1CC(C2)C3,166.01382999999984,0.0,0.0,0.0,0.0,0.0,0.0,0.0,0.0,0.0,0.0,0.0,0.0,0.0,0.0,0.0,0.0,0.0,0.0,0.0,0.0,0.0,0.0,1.9713117053222315,28.500295452951608,43.4030756668471,31.320777499998,30.6248835688435,20.067161275520295,10.1263248305171,0.0,0.0,0.0,0.0,0.0,0.0,0.0,0.0,0.0,0.0,0.0,0.0,0.0,0.0,0.0,0.0,0.0,0.0,0.0,0.0,0.0,0.0,181.50083
C=CC1CC2CC1C=C2,167.42450000000008,0.0,0.0,0.0,0.0,0.0,0.0,0.0,0.0,0.0,0.0,0.0,0.0,0.0,0.0,0.0,0.0,0.0,0.0,0.0,1.62363414551362,6.51835534272742,14.8242759204997,22.7121717417044,20.9019425353033,18.5925850619891,17.8251520062278,17.2415148937759,12.399979748450598,8.18100766154246,6.58216095798956,4.734039439738941,5.05520660683236,4.79835348841982,2.58330926970311,2.52166429326665,0.3291468863153624,0.0,0.0,0.0,0.0,0.0,0.0,0.0,0.0,0.0,0.0,0.0,0.0,0.0,0.0,0.0,170.68202
C1C2CC3C4C1C5CC(C4)CC3C5C2,200.45662000000004,0.0,0.0,0.0,0.0,0.0,0.0,0.0,0.0,0.0,0.0,0.0,0.0,0.0,0.0,0.0,0.0,0.0,0.0,0.0,0.0,0.0,0.0,2.046687064138043,31.54244224702571,56.56335716611449,38.8495613142634,36.4399451006334,23.374035632409495,11.6405914754155,0.0,0.0,0.0,0.0,0.0,0.0,0.0,0.0,0.0,0.0,0.0,0.0,0.0,0.0,0.0,0.0,0.0,0.0,0.0,0.0,0.0,0.0,236.63887
CC12CC3CC(C1)CC(C3)(C2)C,198.01288000000005,0.0,0.0,0.0,0.0,0.0,0.0,0.0,0.0,0.0,0.0,0.0,0.0,0.0,0.0,0.0,0.0,0.0,0.0,0.0,0.0,0.0,0.210276512366041,8.089567339290413,36.54773789164571,52.87099799314769,29.0094344460032,24.3161026326137,22.4216902875931,22.4608485508444,2.0862243464958,1.78620630020581e-15,0.0,0.0,0.0,0.0,0.0,0.0,0.0,0.0,0.0,0.0,0.0,0.0,0.0,0.0,0.0,0.0,0.0,0.0,0.0,0.0,228.26474
CC1=CC2CCC1C2,154.90143000000012,0.0,0.0,0.0,0.0,0.0,0.0,0.0,0.0,0.0,0.0,0.0,0.0,0.0,0.0,0.0,0.0,0.0,0.0,0.0,0.0,0.923302304930076,8.01878466423072,17.140868448489105,25.4402800081777,22.7647502953599,18.6207224432724,21.2640968971573,20.947865092223697,7.09979047747701,3.29534132883353,3.3536478622853,2.25419697489635,1.79661542292587,0.996102251846396,0.736540139869356,0.2485253880253995,0.0,0.0,0.0,0.0,0.0,0.0,0.0,0.0,0.0,0.0,0.0,0.0,0.0,0.0,0.0,154.91169
CCC1CC2CC1C=C2,170.5583699999999,0.0,0.0,0.0,0.0,0.0,0.0,0.0,0.0,0.0,0.0,0.0,0.0,0.0,0.0,0.0,0.0,0.0,0.0,0.0,0.691007056365026,3.05912798844909,7.7327016484028,19.2990110404953,22.4606648945665,26.4668768822368,22.0669919293771,25.1485044423489,22.41854052829469,7.48503125775244,3.50906876006147,2.5536788202483307,3.07956618421817,1.76371639476669,1.48188041338523,0.613040037623445,0.7116357875077848,0.0173259339001394,6.123745545963331e-17,0.0,0.0,0.0,0.0,0.0,0.0,0.0,0.0,0.0,0.0,0.0,0.0,0.0,175.10322
C1CC2=CC=CC=C2C1,163.48624,0.0,0.0,0.0,0.0,0.0,0.0,0.0,0.0,0.0,0.0,0.0,0.0,0.0,0.0,0.0,0.0,0.0,0.0,0.0644115040475641,3.7885264833047,8.23349441064673,16.1181273642311,19.7212343784933,21.3212764092966,17.5328666876353,13.8631822165469,14.9674808068257,8.16608455960343,7.5026792397702,5.98147485320124,5.67065666578073,9.6008224220291,6.09303641593371,4.54654987224735,0.31433571040635,0.0,0.0,0.0,0.0,0.0,0.0,0.0,0.0,0.0,0.0,0.0,0.0,0.0,0.0,0.0,0.0,161.08174
CC1=CC=C(CC1)C(C)C,196.99766000000017,0.0,0.0,0.0,0.0,0.0,0.0,0.0,0.0,0.0,0.0,0.0,0.0,0.0,0.0,0.0,0.0,0.0,0.0,0.0,0.0,1.34539773955832,13.5406861748404,28.113300104115403,33.097930125226,25.2984079925967,23.0156201507306,21.8524245845751,18.144323235523096,7.86604315191694,5.24775664630911,4.503127939577991,3.86947486387629,5.29210063976758,4.8136612933638,0.997405358022817,0.0,0.0,0.0,0.0,0.0,0.0,0.0,0.0,0.0,0.0,0.0,0.0,0.0,0.0,0.0,0.0,204.38864
CC1=CCC(=CC1)C(C)C,197.18894,0.0,0.0,0.0,0.0,0.0,0.0,0.0,0.0,0.0,0.0,0.0,0.0,0.0,0.0,0.0,0.0,0.0,0.0,0.0,0.0,1.40645905243878,15.8723239974358,27.8337883075015,30.060764171694196,25.0530118877582,23.2092387833351,19.4838725031399,20.107301310954096,9.10829532792188,4.9472453320939,5.715440492846339,5.09180423050273,5.82984070169642,3.2941362121347,0.175417688546467,0.0,0.0,0.0,0.0,0.0,0.0,0.0,0.0,0.0,0.0,0.0,0.0,0.0,0.0,0.0,0.0,202.88314
C1C[C@H]2C[C@@H]1C=C2,135.60721,0.0,0.0,0.0,0.0,0.0,0.0,0.0,0.0,0.0,0.0,0.0,0.0,0.0,0.0,0.0,0.0,0.0,0.0,0.0,0.759475438115227,3.05155099551815,6.69952772418944,16.4033645919178,19.1844816682973,19.0978895569125,16.7404893805548,17.4668757449845,16.618617460480095,6.76080613972672,2.11526186018856,3.098497907966749,3.23086016368843,1.59852681307296,1.48168895781734,0.647727604858302,0.6515679917111189,0.0,0.0,0.0,0.0,0.0,0.0,0.0,0.0,0.0,0.0,0.0,0.0,0.0,0.0,0.0,131.80728
CC=C1CC2CC1C=C2,168.57901000000004,0.0,0.0,0.0,0.0,0.0,0.0,0.0,0.0,0.0,0.0,0.0,0.0,0.0,0.0,0.0,0.0,0.0,0.0,0.0130623289071448,1.6465514929389,4.45319464392616,15.5798517807934,20.0045936314661,24.032778318287395,17.9775723491027,19.4829715235582,20.9418753092402,13.0362607763268,6.954748644913,3.90041301585097,6.044702018608828,5.13135229319685,3.93624301334354,3.76505660577295,1.46079851311421,0.2169837406526956,0.0,0.0,0.0,0.0,0.0,0.0,0.0,0.0,0.0,0.0,0.0,0.0,0.0,0.0,0.0,169.36164
CC1(C2CCC(C2)C1=C)C,180.6382299999999,0.0,0.0,0.0,0.0,0.0,0.0,0.0,0.0,0.0,0.0,0.0,0.0,0.0,0.0,0.0,0.0,0.0,0.0,0.0,0.0,1.28437823546682,9.82472182456454,24.807612714923604,29.014509600233097,23.881161672049,19.3594652798521,19.8866140268883,27.869319221463694,9.47045405987659,3.25565288484269,3.27008091906765,2.27806649514019,2.77845929197134,2.63765760574033,0.7574485734164,0.2626275945035545,0.0,0.0,0.0,0.0,0.0,0.0,0.0,0.0,0.0,0.0,0.0,0.0,0.0,0.0,0.0,198.54292
CC1=CCC2CC1C2(C)C,184.54409000000004,0.0,0.0,0.0,0.0,0.0,0.0,0.0,0.0,0.0,0.0,0.0,0.0,0.0,0.0,0.0,0.0,0.0,0.0,0.0,0.0,0.242611219111677,5.94226610940519,17.672799153887404,27.9279364557217,30.5101138325255,27.6944640328246,28.7797448763205,24.257837040314797,12.9077045805149,2.81416597920655,2.8102156801375,1.83208964467938,0.720106691364721,0.432034703985619,0.0,0.0,0.0,0.0,0.0,0.0,0.0,0.0,0.0,0.0,0.0,0.0,0.0,0.0,0.0,0.0,0.0,198.7791
CC1(C2CCC(=C)C1C2)C,183.04235000000008,0.0,0.0,0.0,0.0,0.0,0.0,0.0,0.0,0.0,0.0,0.0,0.0,0.0,0.0,0.0,0.0,0.0,0.0,0.0,0.0,1.89149437130307,10.3038551222617,22.221545355401304,29.5289495429818,26.4493627120124,20.5794934212236,22.4031889601712,22.76247710633899,10.4278923149104,4.6362671941324,2.329080612009282,3.16901699720788,2.95997261905258,1.73195987372525,1.28521380008254,0.3625799971856583,0.0,0.0,0.0,0.0,0.0,0.0,0.0,0.0,0.0,0.0,0.0,0.0,0.0,0.0,0.0,198.77513
[HH],27.372159999999983,0.0,0.0,0.0,0.0,0.0,0.0,0.0,0.0,0.0,0.0,0.0,0.0,0.0,0.0,0.0,0.0,0.0,0.0,0.0,0.0,0.545316868188471,1.27928667476266,4.673601044973148,0.214475412075708,4.876917761345619,2.34606223865439,2.6797696246369,8.791331442841896,1.96539893252119,0.0,0.0,0.0,0.0,0.0,0.0,0.0,0.0,0.0,0.0,0.0,0.0,0.0,0.0,0.0,0.0,0.0,0.0,0.0,0.0,0.0,0.0,13.10017
[N+](=O)([N+](=O)[O-])[O-],102.66863,0.0,0.0,0.0,0.0,0.0,0.0,0.0,0.0,0.0,0.0,0.0,0.0,0.7353127270091038,0.907673713908721,2.718184990220827,1.6230928675762617,2.14626459608307,2.36548543148608,2.26649269945704,1.565930597655,4.25533844943372,1.27902619946076,3.1797884034960706,3.9091917858569696,2.9087591499674508,6.78909024030348,10.0810257583254,23.421318846074097,17.7977825012468,9.08821005363928,4.445829765655844,1.18483122314401,0.0,0.0,0.0,0.0,0.0,0.0,0.0,0.0,0.0,0.0,0.0,0.0,0.0,0.0,0.0,0.0,0.0,0.0,0.0,83.79672
[C-]#[O+],58.06721999999993,0.0,0.0,0.0,0.0,0.0,0.0,0.0,0.0,0.0,0.0,0.0,0.0,0.0,0.0,0.0,0.0,0.0,0.0,0.0,0.0,0.0,0.0,4.3535986726107545,15.614884994862996,5.180600603413971,10.8557901056352,8.07349923391256,6.711392564438759,3.87436716358096,0.880746064227756,2.219738425577289,0.302602171739686,0.0,0.0,0.0,0.0,0.0,0.0,0.0,0.0,0.0,0.0,0.0,0.0,0.0,0.0,0.0,0.0,0.0,0.0,0.0,40.4565
O=S=O,76.53064999999997,0.0,0.0,0.0,0.0,0.0,0.0,0.0,0.0,0.0,0.0,0.0,0.0,0.0,0.0,0.0,0.0,0.936481147490612,4.04761234144853,4.26664356495312,6.90481540764251,8.41984532550914,2.65019640904563,3.207880413206999,1.1167096753832404,2.34600624696087,2.46786433605185,1.7962929735241402,4.47469984185684,3.38867656979772,7.99639756155401,13.194905300812897,6.6543353464388,2.53750197870238,0.123785559620681,0.0,0.0,0.0,0.0,0.0,0.0,0.0,0.0,0.0,0.0,0.0,0.0,0.0,0.0,0.0,0.0,0.0,58.72262
FF,52.578749999999985,0.0,0.0,0.0,0.0,0.0,0.0,0.0,0.0,0.0,0.0,0.0,0.0,0.0,0.0,0.0,0.0,0.0,0.0,0.0,0.146298979670061,1.23810400981433,3.56329701051561,1.131283684031492,5.884281875123608,1.024454440844912,8.75128769751315,24.599577677152396,6.240164625334427,0.0,0.0,0.0,0.0,0.0,0.0,0.0,0.0,0.0,0.0,0.0,0.0,0.0,0.0,0.0,0.0,0.0,0.0,0.0,0.0,0.0,0.0,0.0,34.125
ClCl,78.72007000000005,0.0,0.0,0.0,0.0,0.0,0.0,0.0,0.0,0.0,0.0,0.0,0.0,0.0,0.0,0.0,0.0,0.925306858888688,1.14067929697264,4.88714445249145,0.0752493916472218,0.440323806448159,6.32069642337704,4.389356840092188,0.2707229300825989,0.0024716130695986,11.0039444560095,12.9267681543654,28.98519670205799,7.35220907449757,0.0,0.0,0.0,0.0,0.0,0.0,0.0,0.0,0.0,0.0,0.0,0.0,0.0,0.0,0.0,0.0,0.0,0.0,0.0,0.0,0.0,0.0,61.4032
BrBr,89.71273999999998,0.0,0.0,0.0,0.0,0.0,0.0,0.0,0.0,0.0,0.0,0.0,0.0,0.0,0.0,0.4114860429213033,0.7806139570786943,2.99937571303344,3.61138428696657,0.0,0.330131737446402,6.31568005801836,5.13506612909102,0.8987420754442036,9.579214068093461e-16,2.2088163792674824,12.8372917813055,8.172966027146392,20.335897660324605,25.675288151956,0.0,0.0,0.0,0.0,0.0,0.0,0.0,0.0,0.0,0.0,0.0,0.0,0.0,0.0,0.0,0.0,0.0,0.0,0.0,0.0,0.0,0.0,74.06799
C=O,61.888000000000005,0.0,0.0,0.0,0.0,0.0,0.0,0.0,0.0,0.0,0.0,0.0,0.0,0.0,0.0,0.0,0.0,0.0,1.35213448552625,11.8666678708905,9.66695043784902,4.25590530924678,2.06645781314152,2.0890764028185,1.73941452726993,1.5923429601149102,2.34453177828648,1.3716319054184605,0.9584431757649516,0.48986346493305,1.78051335289269,1.0181321076124707,1.88633221600173,1.48251116948721,3.58993259574615,4.15128873827187,4.047246468890058,2.8230403581983947,1.2924049099954753,0.0231779516436059,4.082644014885312e-17,0.0,0.0,0.0,0.0,0.0,0.0,0.0,0.0,0.0,0.0,0.0,43.48323
CC=O,82.79559000000005,0.0,0.0,0.0,0.0,0.0,0.0,0.0,0.0,0.0,0.0,0.0,0.0,0.0,0.0,0.0,0.0,0.0,0.735123432100221,5.30790889971436,12.0843478259461,8.7959695008693,6.67373720718432,6.47156220653152,6.565610888429479,5.15587032982056,3.91117184392402,2.7628738092369303,1.2516928980900597,0.936444627218166,0.449546530935004,1.1345479724895593,0.822746594451961,1.75368262668182,1.40078230147821,3.20976186581926,4.18414987799072,4.153524975474716,3.045683151639264,1.7981614027684325,0.1906892312060618,0.0,0.0,0.0,0.0,0.0,0.0,0.0,0.0,0.0,0.0,0.0,64.26813
CCC=O,102.45930000000004,0.0,0.0,0.0,0.0,0.0,0.0,0.0,0.0,0.0,0.0,0.0,0.0,0.0,0.0,0.0,0.0,0.0,0.0,0.915961288392502,7.38654972261014,12.5266643977083,14.1970708242548,11.3012971368904,9.30494533477322,7.85180476154342,6.08259095177243,7.55873791073825,1.7958536695044796,0.750536944813045,0.875953471857877,1.2286817508754295,1.27034950438894,2.10148446410779,1.45008028535695,2.2225073810507,4.698402433472449,4.005696378853656,3.0167315421845937,1.7067774449564022,0.2106223998942534,0.0,0.0,0.0,0.0,0.0,0.0,0.0,0.0,0.0,0.0,0.0,85.82363
CCCC=O,122.87011999999984,0.0,0.0,0.0,0.0,0.0,0.0,0.0,0.0,0.0,0.0,0.0,0.0,0.0,0.0,0.0,0.0,0.0,0.0,0.873454912541903,6.38873277795654,10.1618886580082,15.596718391779,15.5056002618451,14.461961479284298,10.1899307303225,10.6336512167669,8.91164943818826,5.902557109201958,1.45342312924978,1.00986752121982,1.4150808000514996,1.15560867204631,1.58000850866604,1.48446195474787,2.56261944525233,4.491239705425129,4.040794647686947,3.0748955798951236,1.753759324342652,0.2222157355216796,0.0,0.0,0.0,0.0,0.0,0.0,0.0,0.0,0.0,0.0,0.0,108.16459
CC(C)C=O,119.88094000000008,0.0,0.0,0.0,0.0,0.0,0.0,0.0,0.0,0.0,0.0,0.0,0.0,0.0,0.0,0.0,0.0,0.0,0.0,0.69034845657504,6.6801171316266,9.93252207506171,13.4136839915526,15.9458027678001,14.059070801407698,9.24716994028605,8.95746248914755,12.4268693842945,5.526465931255288,1.6227108622948,0.731662905873747,1.0010117595444297,1.19537514636313,1.95432084683105,1.92136984377169,1.40271805891939,4.39138707396636,4.206592771030967,3.2693877289631033,1.1185162387699437,0.1863737946643227,0.0,0.0,0.0,0.0,0.0,0.0,0.0,0.0,0.0,0.0,0.0,108.12011
CCCCC=O,142.3998900000001,0.0,0.0,0.0,0.0,0.0,0.0,0.0,0.0,0.0,0.0,0.0,0.0,0.0,0.0,0.0,0.0,0.0,0.0,0.645337249638937,6.37920066953494,9.94525797063971,13.4189816111067,19.9559159411585,18.0646586291053,15.6371859970699,11.7790045142464,11.3238435981991,10.124069395123096,2.35465914535643,0.8400052817244,1.2845892119319795,1.07468146868124,2.26283170110596,1.46091118933561,2.08334335362755,4.6641049599250595,4.086352538877896,2.8921847427582144,1.8673952424436415,0.2553755884095458,0.0,0.0,0.0,0.0,0.0,0.0,0.0,0.0,0.0,0.0,0.0,129.89735
CCCCCCC=O,182.29680999999988,0.0,0.0,0.0,0.0,0.0,0.0,0.0,0.0,0.0,0.0,0.0,0.0,0.0,0.0,0.0,0.0,0.0,0.0,0.653667008931057,6.17471917284619,10.1887698293659,12.406844639445,20.498902856268604,26.8331625197851,26.1640233640698,19.8455788868531,16.4964532537987,14.312868917143696,5.82305761611633,0.947973919866976,1.3019023841883195,1.10125011904525,2.22867235424986,1.46271688834954,2.07893735190329,4.646400854764929,4.100417350690975,2.883265793166074,1.8859861661224615,0.2612387530287537,0.0,0.0,0.0,0.0,0.0,0.0,0.0,0.0,0.0,0.0,0.0,174.06024
CCCCCC=O,162.33624999999995,0.0,0.0,0.0,0.0,0.0,0.0,0.0,0.0,0.0,0.0,0.0,0.0,0.0,0.0,0.0,0.0,0.0,0.0,0.631860311235909,6.33618498831334,9.95540782000502,12.8584248075991,20.2863733739602,22.3220768060364,21.7275767538332,15.0791216293905,13.8895276676863,12.452547773073997,3.96028088596986,0.90782687922526,1.2885785194521095,1.44469031019271,1.62151255972129,1.58169813987765,2.25249239155484,4.590623104493509,4.099592896292996,2.945515963691194,1.857778219059482,0.2465581993351037,0.0,0.0,0.0,0.0,0.0,0.0,0.0,0.0,0.0,0.0,0.0,151.9588
CCCCCCCC=O,202.15248000000008,0.0,0.0,0.0,0.0,0.0,0.0,0.0,0.0,0.0,0.0,0.0,0.0,0.0,0.0,0.0,0.0,0.0,0.0,0.585482860809335,6.53327456581629,9.98152267429355,12.4839904768211,20.085480532641203,31.0257935191334,31.1525608239559,24.3596164015965,19.3168359704542,15.855894650559996,7.83710066965802,1.03779746776993,1.4524817261435097,1.06626888297137,1.62048147349594,1.88376080321611,2.08904082717026,4.586034463324489,4.1446787614062055,2.992114399675864,1.826501593907632,0.2357664551792808,0.0,0.0,0.0,0.0,0.0,0.0,0.0,0.0,0.0,0.0,0.0,196.02933
CCCCCCCCC=O,222.06790000000004,0.0,0.0,0.0,0.0,0.0,0.0,0.0,0.0,0.0,0.0,0.0,0.0,0.0,0.0,0.0,0.0,0.0,0.0,0.545098551479087,6.53804142937925,10.1266071649156,12.3270226042935,20.594435704015908,34.396721803998,35.9118431484495,28.8590918615153,22.5617396472638,17.531702423047097,9.72841449491712,1.00852434819039,1.4929072202556597,1.03767257965981,1.66667464774726,1.865897206865,2.0448305871166,4.630176501922709,4.141500487949015,2.975113569015614,1.843783485726882,0.2401005322769318,0.0,0.0,0.0,0.0,0.0,0.0,0.0,0.0,0.0,0.0,0.0,217.8523
CCCCC(CC)C=O,196.19504,0.0,0.0,0.0,0.0,0.0,0.0,0.0,0.0,0.0,0.0,0.0,0.0,0.0,0.0,0.0,0.0,0.0,0.0,0.0,1.54967038163318,4.42833582458735,15.2257192008772,27.6983286191538,34.4378226976895,28.0977362594962,21.1583084604896,22.4518128826078,15.954700687253194,2.55902468118768,0.234909028465344,2.6299019722652384,1.69180469785212,0.911797064307037,2.12714331967082,3.58856757480705,3.877531383808009,3.3569677663169486,2.9250376661279613,1.243799860003753,0.0461199714001998,0.0,0.0,0.0,0.0,0.0,0.0,0.0,0.0,0.0,0.0,0.0,195.79922
C(=O)C=O,88.85057,0.0,0.0,0.0,0.0,0.0,0.0,0.0,0.0,0.0,0.0,0.0,0.0,0.0,0.0,0.0,0.0327551764812537,5.87203064701678,11.6093859297866,6.91693612992868,3.83487183488415,4.24221673507454,4.22730502518292,2.6412694221473205,3.2267477459212897,2.1181376643807894,1.0891065170541,2.2911564123293,2.7012635517778594,1.91177095682305,3.88304353742036,3.5695706097188302,5.7139565125259,5.11545604236632,8.97950378647713,5.65526334343555,2.9664502124061953,0.2523722068610861,8.792582006389735e-16,0.0,0.0,0.0,0.0,0.0,0.0,0.0,0.0,0.0,0.0,0.0,0.0,0.0,70.5604
CCCCC(C)C=O,177.51062999999994,0.0,0.0,0.0,0.0,0.0,0.0,0.0,0.0,0.0,0.0,0.0,0.0,0.0,0.0,0.0,0.0,0.0,0.0,0.0094368435563609,4.51243813746711,7.20365842987263,11.1501170025858,24.1153658679009,28.1447331269727,25.0480373587052,17.6164252162983,19.654691457842,15.547381145696797,3.11339208125996,0.908622507417707,1.0880629281348395,1.27354455009561,2.43927953627773,1.00507304719888,2.31472875456066,4.746696164914968,3.618209824373848,2.9392062837204724,0.9398615885698856,0.1216681465775633,0.0,0.0,0.0,0.0,0.0,0.0,0.0,0.0,0.0,0.0,0.0,173.15226
CCCC(C)CC=O,176.4382099999999,0.0,0.0,0.0,0.0,0.0,0.0,0.0,0.0,0.0,0.0,0.0,0.0,0.0,0.0,0.0,0.0,0.0,0.0,0.556459853080785,5.57391042510166,8.74747034868327,10.3665995535077,23.2428719816685,26.4454520425551,23.5987141072111,18.5070069369596,19.5904823294563,14.760975858251095,2.69630339517572,0.539631803535682,1.5627613851315392,1.36253655141235,1.28780566889269,1.85530464058102,3.75524200686337,4.063879210048299,3.4725295738734587,3.029673403740181,1.347824841004583,0.0747740832658898,0.0,0.0,0.0,0.0,0.0,0.0,0.0,0.0,0.0,0.0,0.0,174.21085
CCC=C(C)C=O,153.49983999999995,0.0,0.0,0.0,0.0,0.0,0.0,0.0,0.0,0.0,0.0,0.0,0.0,0.0,0.0,0.0,0.0,0.0,0.0,0.922185260079709,5.54602873391672,12.4907701659984,15.4252168310651,17.9675519360232,17.7118736411239,17.3147824287614,15.8921857521041,15.3947843449262,9.323259814082268,3.2863333360794,0.789927828140143,1.3455390620723997,0.841107604922638,1.35712943167508,0.612190762040313,2.86273395424822,1.6892558291438848,4.53598860191261,4.45084977892579,2.7958850718067625,0.8279265790850975,0.11633325186662,0.0,0.0,0.0,0.0,0.0,0.0,0.0,0.0,0.0,0.0,143.99474
CCC/C=C(\CC)/C=O,190.65202999999997,0.0,0.0,0.0,0.0,0.0,0.0,0.0,0.0,0.0,0.0,0.0,0.0,0.0,0.0,0.0,0.0,0.0,0.0,0.0,1.234011178086,9.26065456772302,21.3044258721163,27.1657466372388,27.137486947355,25.0785886484331,18.3412856839176,17.6062528698438,13.772598668861797,5.52727246650627,2.66532745674317,1.0404925077344214,0.866969839807237,1.34536773009949,0.958363620190792,2.87939224986143,2.1403458980202728,3.771876181085275,5.1566158804219455,2.187282661946245,0.976924496781637,0.234747937226383,0.0,0.0,0.0,0.0,0.0,0.0,0.0,0.0,0.0,0.0,186.88055
CCCCCCCCCC=O,242.05106000000012,0.0,0.0,0.0,0.0,0.0,0.0,0.0,0.0,0.0,0.0,0.0,0.0,0.0,0.0,0.0,0.0,0.0,0.0,0.660229869452464,6.19614445431761,10.0878513410235,12.3794767470578,21.571936882875907,37.0761515203507,41.4380050299012,32.768954772967,26.3653143919568,19.011431150285997,11.5408327538814,1.00109019372354,1.2999942063749998,1.08256608372466,2.24546883129411,1.46962178427496,2.06878000158973,4.643832813877749,4.1076694539952054,2.8839221919604743,1.889948795716912,0.2618367293973779,0.0,0.0,0.0,0.0,0.0,0.0,0.0,0.0,0.0,0.0,0.0,240.19593
CCCCCCCCCCC=O,261.91227999999984,0.0,0.0,0.0,0.0,0.0,0.0,0.0,0.0,0.0,0.0,0.0,0.0,0.0,0.0,0.0,0.0,0.0,0.0,0.691326602075548,6.16767663105068,10.0896122713069,12.3869914180034,21.896668496186507,40.3074161859081,46.7147505694967,36.6818156103472,30.2708320064287,20.509969449460797,13.2260992367368,1.003944993618,1.3107452634182897,1.0845675364627,2.24036339978843,1.46513746941856,2.07603293868423,4.6317712333434296,4.115880491293425,2.887712911503024,1.8908456488268015,0.2621196366416126,0.0,0.0,0.0,0.0,0.0,0.0,0.0,0.0,0.0,0.0,0.0,262.13849
CCCCCCCCCCCC=O,282.0237100000003,0.0,0.0,0.0,0.0,0.0,0.0,0.0,0.0,0.0,0.0,0.0,0.0,0.0,0.0,0.0,0.0,0.0,0.0,0.59857603574817,6.1966682442557,9.85563123150307,12.7683068799486,22.21793562076991,43.45954988511511,52.2752998779741,40.8764828712166,33.739683823472,21.867380430067197,15.1594876130891,1.01646620465667,1.3125913524124997,1.09193629134696,2.23501278618902,1.46754506610448,2.09628137928378,4.705140193439459,4.076662210751376,2.939515443788974,1.8257705920875016,0.2417859667799677,0.0,0.0,0.0,0.0,0.0,0.0,0.0,0.0,0.0,0.0,0.0,284.26408
CCCCCCCCCCCCC=O,301.7324000000002,0.0,0.0,0.0,0.0,0.0,0.0,0.0,0.0,0.0,0.0,0.0,0.0,0.0,0.0,0.0,0.0,0.0,0.0,0.702407222168387,6.37890819458819,10.0350024650027,12.2672992604262,22.49672274281171,46.75995174487001,57.2341089594516,45.2319531854218,37.129305797794,23.368593190874797,17.1300368730692,1.03499349612298,1.2943927649000495,1.09173539514374,2.23634018657884,1.46563515020683,2.06769258545847,4.6278035875065795,4.1145310471695655,2.9128233138840445,1.8822518092537217,0.2699110272968218,0.0,0.0,0.0,0.0,0.0,0.0,0.0,0.0,0.0,0.0,0.0,306.30216
C=CC=O,98.16132,0.0,0.0,0.0,0.0,0.0,0.0,0.0,0.0,0.0,0.0,0.0,0.0,0.0,0.0,0.0,0.0,0.537953973196362,4.38848258484914,8.69536385203545,9.185633091622,5.85400364335967,5.94910628660046,5.854107659627431,7.711870066619009,6.17717732005468,4.91545652790476,7.995087254874349,3.99644255236493,3.77835306902786,1.32209700130933,1.0658291416881305,0.926623370266918,1.64737456184863,2.28473285042415,2.09804473739028,4.16690852572214,4.400130839912926,3.1159023394605643,1.874466442691542,0.2201723071492838,0.0,0.0,0.0,0.0,0.0,0.0,0.0,0.0,0.0,0.0,0.0,80.76203
C/C=C\C=O,115.35593999999996,0.0,0.0,0.0,0.0,0.0,0.0,0.0,0.0,0.0,0.0,0.0,0.0,0.0,0.0,0.0,0.0,0.0,0.154685793519749,2.98953165034939,8.01790827340812,14.2236156082489,10.4002931295938,9.51879619576765,8.023182782043222,10.9486718785992,10.9431936709001,5.937542360045871,7.182035249715949,4.69767536407397,3.05005344683589,1.1824989763688818,1.12301387711487,1.78104267091702,1.1393136793404,2.59520616818599,2.074837453578143,3.7953229677504066,2.7638938438043934,1.9414927944995513,0.764393818122592,0.107738347215876,0.0,0.0,0.0,0.0,0.0,0.0,0.0,0.0,0.0,0.0,101.66443
C/C=C/C=O,118.26474999999996,0.0,0.0,0.0,0.0,0.0,0.0,0.0,0.0,0.0,0.0,0.0,0.0,0.0,0.0,0.0,0.0,0.0,0.0028327849556521,1.74021724780448,10.5295455016237,14.8943726976342,12.1534133845984,10.2203773929528,9.214971785926412,12.2215790832996,8.63636762657637,4.217944072641711,5.35443314122749,5.27204747177273,2.24659521021304,1.014307736473241,1.15227368373561,1.13270944018655,1.27859666159783,3.22085037355429,1.9704371696594951,4.874649185493378,4.039978794075402,2.157081400008354,0.6710307483108616,0.0481374056783811,0.0,0.0,0.0,0.0,0.0,0.0,0.0,0.0,0.0,0.0,102.2495
CC(=C)C=O,116.17691000000002,0.0,0.0,0.0,0.0,0.0,0.0,0.0,0.0,0.0,0.0,0.0,0.0,0.0,0.0,0.0,0.0,0.0,0.378713853435029,2.57913179281651,10.7719604149935,14.1474609538972,10.4649130720948,7.70007614906828,9.01427338654097,8.11302617898232,10.7281581738329,7.9165861302763405,4.68552928426522,4.27839421040808,4.78431461917227,1.156207435687073,1.19447292129148,0.880981739668282,2.931281659831,2.4814947697826,3.8365826807023216,4.734290288109972,2.3978374730040786,0.8207885757123489,0.1804342364274481,0.0,0.0,0.0,0.0,0.0,0.0,0.0,0.0,0.0,0.0,0.0,102.41229
CC(C=O)C1=CC=CC=C1,179.31002999999984,0.0,0.0,0.0,0.0,0.0,0.0,0.0,0.0,0.0,0.0,0.0,0.0,0.0,0.0,0.0,0.0,0.0,0.0532456207985891,5.69929498693484,17.3625917932293,18.8115923121558,16.3332141820054,13.6991421107558,12.702894119636198,10.5951190699848,12.5876908951183,7.307921196775121,9.19222944188311,7.32714896556008,7.58343494436444,10.232058351307598,9.05231328902936,4.59634671802146,2.26540513881579,3.2156808577543,4.602132842810088,3.255895585291137,2.320719176180303,0.5139584015880222,8.649672991310632e-16,0.0,0.0,0.0,0.0,0.0,0.0,0.0,0.0,0.0,0.0,0.0,181.02252
CC1=CC=CC=C1C=O,160.57076999999992,0.0,0.0,0.0,0.0,0.0,0.0,0.0,0.0,0.0,0.0,0.0,0.0,0.0,0.0,0.0,0.0,0.0,0.910356659430282,7.69514407012589,12.9976811019026,12.8904355276936,10.5951102262351,11.2481090603079,11.0171376050746,9.781747073453122,14.1085532578441,15.3734865037199,9.76521766733247,10.0653867023944,10.3152769677146,6.329554806947513,1.91514075630518,1.01995898447661,2.10269830388907,1.99389843482822,2.313701987041293,4.0686090701922035,2.151408044973887,1.4143469389730714,0.4978102491442907,0.0,0.0,0.0,0.0,0.0,0.0,0.0,0.0,0.0,0.0,0.0,158.06645
CC1=CC=C(C=C1)C=O,164.27400000000006,0.0,0.0,0.0,0.0,0.0,0.0,0.0,0.0,0.0,0.0,0.0,0.0,0.0,0.0,0.0,0.0,0.0,0.623902085942596,6.38924467113698,13.9290236675496,14.8445910897493,13.899726183919,11.3693367454855,11.1917839492148,11.1389876118706,13.8264307085223,10.8520994805165,9.72533635985316,11.4351617765651,11.1397338935924,3.965748053389836,1.36047487069736,1.0447600965482,2.18124602240403,2.59386058150342,2.7965522448031046,5.299844811624032,3.024392299589508,1.2423104564194531,0.3994523391032664,0.0,0.0,0.0,0.0,0.0,0.0,0.0,0.0,0.0,0.0,0.0,159.2026
C1=CC=C(C=C1)C=O,144.94652000000002,0.0,0.0,0.0,0.0,0.0,0.0,0.0,0.0,0.0,0.0,0.0,0.0,0.0,0.0,0.0,0.0,0.0,1.72421868018393,12.1395641197874,15.2598355228834,10.4495143150396,8.2034894982788,8.801222237999248,6.71441495611468,6.9923306402039,7.76406716293166,11.149105174716,9.235689563190984,12.1764486003295,11.0589258012394,3.924962105865526,1.20127001115742,1.15790079899049,2.78731465422231,2.18717195423533,3.6388410069076422,4.829572981889282,2.4117696296228286,0.9027328482946126,0.2361577359160781,0.0,0.0,0.0,0.0,0.0,0.0,0.0,0.0,0.0,0.0,0.0,137.04493
C1=CC(=CC=C1C=O)O,154.86400999999992,0.0,0.0,0.0,0.0,0.0,0.0771446416534869,0.8178110201304875,1.400782900956328,0.71606656192293,0.636895182405865,1.4140183703979188,1.0575804267173907,0.7334443117209756,0.744279523270814,0.6828521600770762,1.407622222614249,1.10103878249951,3.86797354661905,8.58270634065603,10.965234570562,7.49076166655563,6.03921828744529,6.303146756037841,7.44884877286892,7.787269143136059,5.59537213737632,10.5093402636939,13.7135117698736,13.8804046698803,10.6953166015914,3.131603368805796,2.86424448094385,1.99053942637856,3.61508518735333,5.6936525420795,2.5326654445981545,5.139663889637916,3.743148211873535,1.836284928845093,0.6371115923905591,0.0113702964302644,0.0,0.0,0.0,0.0,0.0,0.0,0.0,0.0,0.0,0.0,148.1857
C1=CC(=CC=C1C=O)C=O,168.41809000000006,0.0,0.0,0.0,0.0,0.0,0.0,0.0,0.0,0.0,0.0,0.0,0.0,0.0,0.0,0.0,0.0,1.32749932739833,10.0346239902119,16.5639075955931,10.2561457321313,9.46666581612308,7.40236238471401,9.70323108678283,8.55267992517341,8.807178804392223,15.4881523196618,16.6592991473431,11.712664664205397,1.68885787887092,1.99177958560157,2.8771078640510392,1.68688485273208,5.79166122085777,3.74875109954577,6.10864709423701,9.667569092075244,5.50180326584247,2.4883621319374507,0.8922551205182516,1.520943958993786e-15,0.0,0.0,0.0,0.0,0.0,0.0,0.0,0.0,0.0,0.0,0.0,164.20335
CC1=CC(=CC=C1)C=O,164.37122999999997,0.0,0.0,0.0,0.0,0.0,0.0,0.0,0.0,0.0,0.0,0.0,0.0,0.0,0.0,0.0,0.0,0.0,0.654561956645327,7.41222390457186,12.6692563248707,15.1650801472887,13.3091836032959,10.8169159872119,10.7896246078515,11.9721940989541,13.6682422361026,11.8463953840468,9.76998992604419,11.5395506526381,10.4833714944744,4.583637228406725,1.3171680089737,1.01889798828187,2.60078133322263,2.40465873916784,3.3058772077321232,5.205458857147961,2.5313275683180487,1.0341650454546727,0.2726676992983213,0.0,0.0,0.0,0.0,0.0,0.0,0.0,0.0,0.0,0.0,0.0,159.17639
CC1OC(OC(O1)C)C,170.76017000000002,0.0,0.0,0.0,0.0,0.0,0.0,0.0,0.0,0.0,0.0,0.0,0.0,0.0,0.0,0.0,0.0,0.0,0.0,0.0129836128727461,9.49330134724195,21.2241610829606,20.4168318331399,19.5734622706418,12.8701738885108,14.026178725795004,20.5730865542881,11.0268224937159,3.18151362284919,2.18700151008588,3.89026226956037,1.677199407800192,1.31905946555272,2.37895104941177,4.02894727607196,7.54658925288878,5.200995806823718,4.378097544565954,5.340506021627917,0.4140449635947684,7.355330619474069e-16,0.0,0.0,0.0,0.0,0.0,0.0,0.0,0.0,0.0,0.0,0.0,163.95881
CC(=O)C,102.64522,0.0,0.0,0.0,0.0,0.0,0.0,0.0,0.0,0.0,0.0,0.0,0.0,0.0,0.0,0.0,0.0,0.0,0.0,3.54806140612242,11.255502862531,10.8674692382609,9.79485985981282,8.8198022187194,8.261337611091411,13.6168823862884,6.56953279569402,4.66502315113482,1.5514042522146,1.62155883063563,1.05040022584671,0.1540958142951907,0.845599623229055,0.811877820681033,1.87885772426643,1.54132159683437,3.309055673094232,4.497698209575797,3.7705388568551728,2.5939181071600923,1.6204217356565016,0.0,0.0,0.0,0.0,0.0,0.0,0.0,0.0,0.0,0.0,0.0,86.41887
CCC(=O)C,120.81147999999996,0.0,0.0,0.0,0.0,0.0,0.0,0.0,0.0,0.0,0.0,0.0,0.0,0.0,0.0,0.0,0.0,0.0,0.0,1.73253294502934,8.39091955941228,11.224453751976,12.3638512012153,12.110163180224202,14.6490098126789,14.761568858568696,8.38523530539027,7.14899268531962,6.796972026857987,1.01274919719907,1.70285788967535,1.1093168750737703,0.573481631451698,0.928708944038393,2.11802105109567,1.93285024795678,0.7478981968805928,4.650564859594618,4.029392488505661,2.4921969262613226,1.7112014617614013,0.238540903833038,0.0,0.0,0.0,0.0,0.0,0.0,0.0,0.0,0.0,0.0,107.21017
CCC(=O)CC,139.83864999999992,0.0,0.0,0.0,0.0,0.0,0.0,0.0,0.0,0.0,0.0,0.0,0.0,0.0,0.0,0.0,0.0,0.0,0.0,0.0496190163845298,8.28597394289126,9.92093830630792,11.6967714512845,15.626408905468402,18.6159919161875,18.58564569993,10.8497046634317,10.7845221694144,12.265031135291096,2.14314430054132,1.96223520561612,0.7329319689437082,0.763369185725797,0.989584641305147,2.52365672099751,1.6029008476627,0.6516023400688564,4.364846032147318,3.6480885694397327,2.8933796509580114,0.8823033300023995,0.0,0.0,0.0,0.0,0.0,0.0,0.0,0.0,0.0,0.0,0.0,128.57539
CC(C)CC(=O)C,156.8082300000001,0.0,0.0,0.0,0.0,0.0,0.0,0.0,0.0,0.0,0.0,0.0,0.0,0.0,0.0,0.0,0.0,0.0,0.0,1.23557292784763,7.41988606052584,10.7064280167759,11.329788666855,17.4818657113287,19.5337316246195,20.8092955313332,15.5839604688762,11.409887142143402,14.359463487208597,5.72227306398623,1.81026832739621,1.50982407270297,0.806206093586652,0.825088804814047,2.05838808302005,1.81540102684031,1.577605879470054,3.9343301348013098,3.624873573441121,1.7959211417717733,1.2643433433238909,0.193826817331501,0.0,0.0,0.0,0.0,0.0,0.0,0.0,0.0,0.0,0.0,151.69573
CCC(C)C(=O)C,154.58545999999998,0.0,0.0,0.0,0.0,0.0,0.0,0.0,0.0,0.0,0.0,0.0,0.0,0.0,0.0,0.0,0.0,0.0,0.0143311478569244,1.1291331804002,4.62515808866735,8.29704893941538,15.3071252534516,20.1107128307743,21.7243784905339,18.6836285114275,17.6107026042013,12.2747814070165,10.200779289662895,2.67449548206539,1.8282385529906,1.056670960801371,0.690234751597319,1.04315218946825,1.60486483867509,1.8068300589255,2.0142260997396133,3.857210209005341,3.95793829965684,2.559266449244362,1.396141204633942,0.11841115978852,0.0,0.0,0.0,0.0,0.0,0.0,0.0,0.0,0.0,0.0,151.0854
CCCCC(=O)CC,179.57783,0.0,0.0,0.0,0.0,0.0,0.0,0.0,0.0,0.0,0.0,0.0,0.0,0.0,0.0,0.0,0.0,0.0,0.0,0.0102832181628028,6.92247557014882,10.184336118931,10.2498474209558,20.623511207487,26.5016120112237,28.022709550342697,17.2085245109682,16.0058023709938,17.597956395821992,4.8772071668744,2.06910416412104,0.9261290603741072,0.788456470686484,0.98838084536104,2.33899692484687,1.75465177621723,0.7996821474312878,4.170124639608569,4.002202686028511,2.6757874126139423,0.8600483308007233,0.0,0.0,0.0,0.0,0.0,0.0,0.0,0.0,0.0,0.0,0.0,172.21882
CCCC(=O)CCC,179.34244,0.0,0.0,0.0,0.0,0.0,0.0,0.0,0.0,0.0,0.0,0.0,0.0,0.0,0.0,0.0,0.0,0.0,0.0,0.0,5.91111309063165,10.0075802425377,10.0982529974717,23.995636342181,26.0250016428329,25.4129830214031,17.2922301996717,16.4853948212878,19.468717847348792,3.54044488500426,1.91990486687667,0.9588034402105798,0.783572795044582,1.0413772425987,2.2353344977094,1.80073232722225,0.6510145689129648,4.0732532039033895,3.938220542919281,2.756170160230992,0.9467012640006102,0.0,0.0,0.0,0.0,0.0,0.0,0.0,0.0,0.0,0.0,0.0,171.88086
CCCC(=O)CC,159.64456999999985,0.0,0.0,0.0,0.0,0.0,0.0,0.0,0.0,0.0,0.0,0.0,0.0,0.0,0.0,0.0,0.0,0.0,0.0,0.0762356794267539,6.94601189318604,10.1142739186107,11.0175911659335,19.9827605269747,22.1583090583463,21.7556974206364,14.1320560991673,13.7755671714716,15.589352137056895,2.82156661820887,2.22676241036588,0.7271356943260003,0.736857062464482,1.45063601586341,1.70358990987324,1.54025487175422,1.461757330906444,3.8209157581857,3.9793600225835895,2.856858103255162,0.7710211314026566,0.0,0.0,0.0,0.0,0.0,0.0,0.0,0.0,0.0,0.0,0.0,150.32225
CCCC(=O)C,141.05902999999995,0.0,0.0,0.0,0.0,0.0,0.0,0.0,0.0,0.0,0.0,0.0,0.0,0.0,0.0,0.0,0.0,0.0,0.0,1.41766985880135,7.54676067183169,10.9107323867075,11.9553883336047,16.391609270821,17.7432100330388,17.9966030816879,12.9467255313723,9.95846910049302,10.271981394125996,1.76538572051706,1.86638738557845,0.86237558406805,0.637205751370857,1.15071922170315,1.75352338603771,1.47196811237585,1.8730826422508744,4.31276922661597,4.23467733911246,2.1761014730442434,1.5977409576546409,0.217943537186374,0.0,0.0,0.0,0.0,0.0,0.0,0.0,0.0,0.0,0.0,129.35664
CC(C)C(=O)C,137.09634,0.0,0.0,0.0,0.0,0.0,0.0,0.0,0.0,0.0,0.0,0.0,0.0,0.0,0.0,0.0,0.0,0.0,0.0080867003851404,1.09495495290607,5.01346109081499,10.0536420557224,15.6509835474339,17.3887887415763,16.5945417315089,16.1814026923536,11.9504826050074,11.3147750921798,8.091690725745826,1.6686123286805,1.9623964613792,1.0876606329770606,0.60915146279557,0.95153740519723,2.17250168461712,1.44105681227882,2.0275039201719536,3.966461526070419,3.786865410102521,2.6570547270480223,1.3778547199424722,0.0448729731047827,0.0,0.0,0.0,0.0,0.0,0.0,0.0,0.0,0.0,0.0,129.81807
CCCCC(=O)C,160.9296700000002,0.0,0.0,0.0,0.0,0.0,0.0,0.0,0.0,0.0,0.0,0.0,0.0,0.0,0.0,0.0,0.0,0.0,0.0,1.28440942478891,7.92860957115823,10.4456572028078,11.3642466792129,17.207766303159904,22.7268752583725,23.728802843672295,15.3711085900551,12.3665742467498,12.641073549060597,3.51526041612256,1.72381253144481,1.1998326714189704,0.636299759696592,0.823708397396925,2.08873600344175,1.99361332425089,0.672813822858786,4.686989093694617,4.028615131884373,2.4461791301096825,1.8082306516157012,0.240455397026534,0.0,0.0,0.0,0.0,0.0,0.0,0.0,0.0,0.0,0.0,151.3887
CCCCCC(=O)C,180.67159000000004,0.0,0.0,0.0,0.0,0.0,0.0,0.0,0.0,0.0,0.0,0.0,0.0,0.0,0.0,0.0,0.0,0.0,0.0,1.08747772645053,9.43206092623574,9.72662488990494,9.60940639953346,17.504222613804604,26.7158053509038,29.0895979875138,19.5044974642368,15.300602159252104,14.943638742047996,5.83252533537446,1.7467675975079,0.5967826928357901,0.660914627713133,0.959522598020643,2.158262530763,1.65439831633862,1.6180852937868049,4.4846005020592585,4.048119737836472,2.5672384799006625,1.430438027979512,0.0,0.0,0.0,0.0,0.0,0.0,0.0,0.0,0.0,0.0,0.0,173.12813
CC(C)CCC(=O)C,176.61064999999996,0.0,0.0,0.0,0.0,0.0,0.0,0.0,0.0,0.0,0.0,0.0,0.0,0.0,0.0,0.0,0.0,0.0,0.0,1.4771649411274,7.68264743332657,11.2065958972864,11.3773287815971,18.9322183755836,25.3209273307919,25.582707067885597,17.1981559147747,13.136874071964602,14.690800381710597,7.38282777774712,2.56564029324134,0.532606151679207,0.743807744982999,1.27078362191561,1.16492746021985,1.97895490164862,2.227490308476403,4.027047210381541,4.280718149593509,2.3688807635378635,1.3770012184376217,0.0845442020897979,0.0,0.0,0.0,0.0,0.0,0.0,0.0,0.0,0.0,0.0,173.20001
CC(=CC(=O)C)C,152.39244000000008,0.0,0.0,0.0,0.0,0.0,0.0,0.0,0.0,0.0,0.0,0.0,0.0,0.0,0.0,0.0,0.0,0.0,0.0,0.473877170579874,7.08886178071339,16.4777966724857,17.9772463689132,13.5459233918679,11.529986096703302,16.2219864045641,16.9557350262187,12.8088423015389,7.474378381378569,5.29848910939472,5.16069363120543,3.2222744208262517,0.909434271706429,0.580048731686544,1.83396711236773,1.51542470942708,2.56361608359844,2.522751703825284,3.710208222294496,2.1776705095985127,1.524376987849241,0.818850911256284,0.0,0.0,0.0,0.0,0.0,0.0,0.0,0.0,0.0,0.0,143.28303
CC(=O)C(C)(C)C,150.12782,0.0,0.0,0.0,0.0,0.0,0.0,0.0,0.0,0.0,0.0,0.0,0.0,0.0,0.0,0.0,0.0,0.0,0.0,1.42550498300475,4.06095877600721,8.52287638293522,17.8917091685017,18.9892832151328,17.5641479526801,17.2501097542332,13.6772037592083,16.3211267778768,10.859419835889696,2.02951887899756,1.77313001213403,1.032607416365641,0.987263092653051,0.88114973387512,1.9260683634385,1.71853659767919,1.643506920987854,4.13133744908199,4.06401752396484,2.217840495924693,1.1024798392530415,0.0580230701746763,0.0,0.0,0.0,0.0,0.0,0.0,0.0,0.0,0.0,0.0,151.14746
CC(C)CC(=O)CC(C)C,210.96893000000003,0.0,0.0,0.0,0.0,0.0,0.0,0.0,0.0,0.0,0.0,0.0,0.0,0.0,0.0,0.0,0.0,0.0,0.0,0.132108808622245,5.06027516603293,9.17771902939984,10.438802432268,25.6237346836326,29.2897603095309,31.2407665815876,23.9015000750196,18.1614538000577,27.242426838096392,12.25967701542,1.93214762185468,1.3952249680448805,1.20466007292146,0.765986569696707,1.08791287429653,1.86173525344591,1.768968930180192,2.792695013097122,3.614496796039777,1.953179653340093,0.0636975074148702,0.0,0.0,0.0,0.0,0.0,0.0,0.0,0.0,0.0,0.0,0.0,218.21264
CC(C)C(=O)C(C)C,167.73170000000005,0.0,0.0,0.0,0.0,0.0,0.0,0.0,0.0,0.0,0.0,0.0,0.0,0.0,0.0,0.0,0.0,0.0,0.0,0.0,0.51840233986007,8.87619936385804,17.9405942846018,23.7433525827132,24.186246526360296,19.4393493165903,18.2221633919844,18.7747866340156,12.920094853995796,3.3722117379997,0.69790457098655,0.4077525673453252,1.16744788042025,0.932278306906649,1.57408741120033,1.7152573237308,1.6632967220779635,3.748897320841305,5.095496385841275,2.6599811996793945,0.0758992789909883,0.0,0.0,0.0,0.0,0.0,0.0,0.0,0.0,0.0,0.0,0.0,172.9191
C1CC(=O)NC1,120.50193000000004,0.0,0.0,0.0,0.0,0.0,0.0,0.0,0.0,0.0,0.0,0.1604958992799917,1.3916219382459478,1.0918739407784706,0.947232071106768,1.458398666026929,1.125142212788791,0.463053727939616,0.170217709127054,1.02519980067813,4.82711196097449,11.9457585029463,18.2812374671635,16.025008210318397,10.523557637774598,8.3513197218883,7.84871183747836,2.508668148237161,2.5011702401177796,1.80708243503709,1.32869913884151,1.7041750340023396,1.98020888046301,1.28512361077235,1.03111307704641,1.59902831951706,1.3322929158640393,0.9743325732075117,2.5927710294759243,4.444004774725596,5.306977514366748,3.70352522343004,0.766815780379839,0.0,0.0,0.0,0.0,0.0,0.0,0.0,0.0,0.0,107.78029
CN1CCCC1=O,139.73941999999997,0.0,0.0,0.0,0.0,0.0,0.0,0.0,0.0,0.0,0.0,0.0,0.0,0.0,0.0,0.0,0.0,0.0,0.0,0.0,2.53661497260736,14.7517896042165,25.5143600340462,20.5399370664209,16.6131899697028,15.553522871341498,10.4024939013998,4.5583867008834815,3.2229386158707594,2.35172629672191,1.04879430993523,0.7516876076473462,0.901194620801576,0.878791642121869,0.648291992773314,0.20054268222137,2.496452458455328,1.526923915343942,2.123931014177388,1.765794194640231,6.484479967777742,3.34495470172039,1.40792057062802,0.114700288545009,0.0,0.0,0.0,0.0,0.0,0.0,0.0,0.0,130.78207
CCCCC(=O)CCCC,219.0907699999999,0.0,0.0,0.0,0.0,0.0,0.0,0.0,0.0,0.0,0.0,0.0,0.0,0.0,0.0,0.0,0.0,0.0,0.0,0.0,5.62780138679422,10.3928499319032,8.81066072234434,25.063150207551104,35.2556100361445,36.9933061320591,23.1388083878738,21.5378799060152,22.94755763362519,7.87201615801725,1.93910389079349,1.118374655778401,0.851275001101668,0.960766869055773,2.51368781753973,1.61923032041241,0.8425371962812533,3.90712409584817,3.94220338201294,2.787245330647052,0.969580938201128,0.0,0.0,0.0,0.0,0.0,0.0,0.0,0.0,0.0,0.0,0.0,215.61875
CCCCCCCC(=O)C,220.64237999999995,0.0,0.0,0.0,0.0,0.0,0.0,0.0,0.0,0.0,0.0,0.0,0.0,0.0,0.0,0.0,0.0,0.0,0.0,1.5202828886766,7.1969488497776,10.9283899036123,11.0817160488712,17.970113769532308,33.9449797605529,38.8754743682535,28.7623527060709,21.0516467530952,17.635286068350396,9.09621216499159,2.10885126114763,0.9405022736213692,0.669050280069421,1.21780867888124,1.17429555720929,2.28216082212274,1.529288788728545,4.3508129351698495,4.075331306958101,2.314726131754693,1.654538230853511,0.261610451699085,0.0,0.0,0.0,0.0,0.0,0.0,0.0,0.0,0.0,0.0,216.79324
CC(=O)CC(=O)C,143.05074999999994,0.0,0.0,0.0,0.0,0.0,0.0,0.0,0.0,0.0,0.0,0.0,0.0,0.0,0.0,0.0,0.0,0.0,0.953045491307772,9.01902565809788,11.8752229925266,14.3582766841784,14.1874723396321,15.3508759098122,14.9095214879656,13.794340930898498,4.83547079762879,2.0593820368299007,1.9319379555690497,1.07328328147422,1.30719320039064,2.7671024171746086,2.41714461466675,2.88383442043435,4.74301715514041,5.63681671586971,6.76295511919948,6.721657243235032,4.349151520738458,1.1140220272294958,1.8667753962225813e-15,0.0,0.0,0.0,0.0,0.0,0.0,0.0,0.0,0.0,0.0,0.0,135.48991
CC1=CC(=O)CC(C1)(C)C,184.30884999999995,0.0,0.0,0.0,0.0,0.0,0.0,0.0,0.0,0.0,0.0,0.0,0.0,0.0,0.0,0.0,0.0,0.0,0.0,0.183687840457689,6.65976594833503,14.2720430649541,24.7131140102001,22.9845595561306,20.2764120896528,17.0933176688254,16.4329327040004,16.759717793918,13.493298733899596,5.46336620646035,2.20709373186339,1.8862428099851205,0.895036124511239,0.276307220311453,1.02703148896767,1.33656161301663,2.27374307689623,2.3449542323809687,4.894979434085691,3.888513478110812,2.599574030028782,2.24650389117576,0.100093251832122,0.0,0.0,0.0,0.0,0.0,0.0,0.0,0.0,0.0,194.37961
C1CCC(=O)C1,124.31004,0.0,0.0,0.0,0.0,0.0,0.0,0.0,0.0,0.0,0.0,0.0,0.0,0.0,0.0,0.0,0.0,0.0,0.0,0.841412956013105,6.48972128614682,9.32031705705889,17.7043538120369,17.9862770855519,14.0741335790744,12.1440346776554,11.0302809350326,8.95860402342368,1.1991290607269995,0.403106782214427,2.41247248458561,0.5140869804511418,0.848930462851896,0.736540070977096,2.20819097193638,1.51348010790976,2.2572084548335747,5.163850349359854,3.449565623585766,3.38977256020006,1.5265541304180834,0.138016547955633,0.0,0.0,0.0,0.0,0.0,0.0,0.0,0.0,0.0,0.0,113.80117
C1CCC(=O)CC1,138.65651000000005,0.0,0.0,0.0,0.0,0.0,0.0,0.0,0.0,0.0,0.0,0.0,0.0,0.0,0.0,0.0,0.0,0.0,0.0,0.180183815555013,4.42066340795501,6.69991661439908,17.5236590801777,22.3419653219747,20.1733603282155,17.9381943345393,14.0062816224145,8.42591166546797,3.170102819346539,1.05165677280972,1.4571410243243,0.300164294645784,0.71087679626911,0.921821551167792,1.37257733418128,1.90254316125096,2.371454072764964,4.895416211607768,4.051300106342403,2.401046817497823,2.2439786077197805,0.0962942393730112,0.0,0.0,0.0,0.0,0.0,0.0,0.0,0.0,0.0,0.0,133.57738
CCCCCCC(=O)C,200.36467000000013,0.0,0.0,0.0,0.0,0.0,0.0,0.0,0.0,0.0,0.0,0.0,0.0,0.0,0.0,0.0,0.0,0.0,0.0,1.38669276794939,7.728325570808,10.7678471873413,10.4360960803563,17.618772011005106,31.3700697789013,33.1514779670947,24.166511762512,17.696315138586005,16.477893904359995,7.09090619156517,1.82341532876102,1.2385644819585404,0.642478447792997,0.862176588545407,2.16767481438351,1.84760804277625,0.6408337547105031,4.728129597937687,4.019032094228183,2.4362870381776625,1.8300269914669212,0.23753445878218,0.0,0.0,0.0,0.0,0.0,0.0,0.0,0.0,0.0,0.0,195.07351
C1=CC=C(C=C1)C(=O)C2=CC=CC=C2,220.61948,0.0,0.0,0.0,0.0,0.0,0.0,0.0,0.0,0.0,0.0,0.0,0.0,0.0,0.0,0.0,0.0,0.0,0.415131735221033,12.7956603711156,20.1732808276254,19.98121347113,13.6950748412644,12.8779065171628,12.7478277789886,13.2945894720919,13.0437479713285,15.7578917018821,12.166932158157502,16.1007852553676,21.1679114264556,16.735721634648502,3.61517173675304,1.02556915699667,2.11765279896264,1.24439096890261,3.0055031892262516,4.114773047676058,3.5637799920854016,0.9789639469577748,1.6654011609277253e-15,0.0,0.0,0.0,0.0,0.0,0.0,0.0,0.0,0.0,0.0,0.0,229.12211
CC(=O)C1=CC=CC=C1,161.68408999999994,0.0,0.0,0.0,0.0,0.0,0.0,0.0,0.0,0.0,0.0,0.0,0.0,0.0,0.0,0.0,0.0,0.0,0.927516952913736,10.3492605444978,14.2998860262377,14.5075730082182,11.862462718769,9.88914948651888,9.780019032460393,11.8876485316284,8.91309308794698,10.6104934200794,7.4070295011548914,11.9629092906396,11.5030121134372,8.668193754786092,1.22950211611897,0.954040056411957,2.07114374241853,2.66564008116301,2.457435141311403,4.029068986213698,3.6053296974956015,1.4845771510607635,0.6191055585177514,0.0,0.0,0.0,0.0,0.0,0.0,0.0,0.0,0.0,0.0,0.0,157.13358
C1COC1=O,101.73057,0.0,0.0,0.0,0.0,0.0,0.0,0.0,0.0,0.0,0.0,0.0,0.0,0.0,0.0,0.0,0.0,0.519029827462476,6.59411001823368,12.7939294346317,10.4840585943136,6.95613656368325,9.16153298415445,6.373840158896009,3.917642328902069,1.94528002519667,2.1480027779979,1.89124232823857,1.6446751306496503,2.32444468193589,1.1740612014806,2.5371737036220785,3.36333025415358,3.45226813399958,4.48289712475541,6.59727544804422,7.663446487653955,4.344646140164909,1.3556145006407103,0.0059321511890401,1.042723161330953e-17,0.0,0.0,0.0,0.0,0.0,0.0,0.0,0.0,0.0,0.0,0.0,85.17453
C1CC(=O)OC1,117.38614999999996,0.0,0.0,0.0,0.0,0.0,0.0,0.0,0.0,0.0,0.0,0.0,0.0,0.0,0.0,0.0,0.0,0.0,0.879902407879937,6.72906373265341,14.1366436624311,17.7567533271947,12.5145787873612,9.23177872186851,8.597806560131298,5.9894268066062395,2.27121063536913,1.82147553512515,1.5870342806209905,2.31807905836723,2.10457101893305,0.6204495867535672,2.63445009527208,2.09332608714528,3.43301911246332,3.43318810482724,5.734255636851942,6.769961232572832,4.113999807448569,2.351981757056103,0.2631940450670635,0.0,0.0,0.0,0.0,0.0,0.0,0.0,0.0,0.0,0.0,0.0,104.40429
C1CCC(=O)OCC1,146.34337000000002,0.0,0.0,0.0,0.0,0.0,0.0,0.0,0.0,0.0,0.0,0.0,0.0,0.0,0.0,0.0,0.0,0.0,0.0639375614262805,2.7418877061266,9.1305758309619,15.6639318105449,19.0641373148154,22.490622646466296,16.367808940893596,11.620329159492,9.2678065850694,4.6232949987286105,1.4126700153122402,1.73191038525216,2.48536069115624,1.4682697092112609,0.918508571337856,2.11941046208377,1.61483753725727,2.60698306475421,2.879373685286612,4.211210645442541,7.243120537933059,3.5904661953447863,2.1777539750845323,0.849161970018499,0.0,0.0,0.0,0.0,0.0,0.0,0.0,0.0,0.0,0.0,144.13032
CC1CCC(=O)O1,135.89961999999989,0.0,0.0,0.0,0.0,0.0,0.0,0.0,0.0,0.0,0.0,0.0,0.0,0.0,0.0,0.0,0.0,0.0,0.572533756079666,4.17923600008143,11.1540745982548,19.4267564313858,17.3526010156186,12.4269405206082,10.9776466667491,10.7989176206066,7.33098579088153,3.616688796875041,2.21696467683628,1.86600542317815,2.2069753635078,1.8552808010756203,1.49815499626214,2.44163479747708,2.70381226436157,3.30637549724207,4.765643142585815,7.635641974463798,4.182113684306102,2.8897312740579624,0.494904907504724,0.0,0.0,0.0,0.0,0.0,0.0,0.0,0.0,0.0,0.0,0.0,126.05927
CCC(=O)C(C)C,156.36281000000002,0.0,0.0,0.0,0.0,0.0,0.0,0.0,0.0,0.0,0.0,0.0,0.0,0.0,0.0,0.0,0.0,0.0,0.0,0.304445745046086,3.36100599762261,8.50330864015799,17.1816570081533,19.9432948623608,22.352092548293896,17.9584454369037,13.4804835820619,17.2751276952691,12.337813415307297,2.92474941582655,1.56983840978593,1.0836756924699404,0.669700887642648,1.4794049612562,1.49572092887347,1.96871581839256,0.9993790659644765,4.13663929830472,4.0591719512079,2.824290234458802,0.453848404640149,0.0,0.0,0.0,0.0,0.0,0.0,0.0,0.0,0.0,0.0,0.0,151.24673
CC(=C)C(=O)C,132.75578999999993,0.0,0.0,0.0,0.0,0.0,0.0,0.0,0.0,0.0,0.0,0.0,0.0,0.0,0.0,0.0,0.0,0.0,0.38655612120298,4.87820628694713,8.64542177104185,11.246285520105,10.3625704083182,12.6069601305245,10.6037929296505,13.9845786734079,12.2660796500331,13.6625868340399,6.006577732230669,4.11343157193818,4.17755230151465,0.9554732308670196,0.977555511009335,1.30900530823265,1.54271061904648,1.3507026167737,2.9102723092602805,3.222472820208824,4.263251171410997,2.049113953694124,1.2208828797156512,0.0137496488263149,0.0,0.0,0.0,0.0,0.0,0.0,0.0,0.0,0.0,0.0,122.9903
C1CCC(CC1)C2CCCCC2=O,222.54528999999997,0.0,0.0,0.0,0.0,0.0,0.0,0.0,0.0,0.0,0.0,0.0,0.0,0.0,0.0,0.0,0.0,0.0,0.0,0.0,1.0117959405919,5.28998982882425,14.1599811599595,24.924180149622607,37.8769286684236,40.3363796323143,32.8471851174101,24.178149344837905,15.594357869151796,5.95864115207662,1.43598682463728,1.0900592056090703,1.02753299793451,0.735656951597111,1.63008292194628,1.68814142633804,1.7254935630977042,4.093734768249979,3.850939065413141,1.684726197103304,1.362239761080391,0.043107453780583,0.0,0.0,0.0,0.0,0.0,0.0,0.0,0.0,0.0,0.0,245.47783
C1=CC(=O)C=CC1=O,137.24887999999993,0.0,0.0,0.0,0.0,0.0,0.0,0.0,0.0,0.0,0.0,0.0,0.0,0.0,0.0,0.0,0.2296986043353976,5.84719002206213,9.24712371504088,7.32154166798337,4.83889154136944,4.56290056940022,9.34481493541042,15.621429233126,13.932464760435998,9.15972796482574,10.5816875801483,3.856413919908572,0.6968992016430552,1.25729168722421,1.91452363043634,2.777473687826239,3.74067050218476,6.15151560400183,3.95408114974928,6.42374562516359,7.773020406041127,5.844462864959188,2.171311126723853,3.803511249992267e-15,0.0,0.0,0.0,0.0,0.0,0.0,0.0,0.0,0.0,0.0,0.0,0.0,127.82148
C=C1CC(=O)O1,116.64812,0.0,0.0,0.0,0.0,0.0,0.0,0.0,0.0,0.0,0.0,0.0,0.0,0.0,0.0,0.0,1.8877579563978768,5.56811372656895,6.59412142918115,6.45661081367414,8.72693569160048,5.46002159666402,8.01772446412648,4.65454207194115,4.171774685020751,5.34860855368413,4.61450146100669,4.4489718224049,4.166793815322801,6.41437421844245,6.31650105529767,6.02875545623392,6.78015985495128,4.42065106199353,6.74575715306872,6.01002108168306,3.341310609097715,0.4741114216381293,1.6554636054307333e-15,0.0,0.0,0.0,0.0,0.0,0.0,0.0,0.0,0.0,0.0,0.0,0.0,0.0,100.98453
C=C=O,77.61892,0.0,0.0,0.0,0.0,0.0,0.0,0.0,0.0,0.0,0.0,0.0,0.0,0.0,0.0,0.0,1.3118870978454875,2.96769647604808,3.92088410096026,3.52449449082715,2.96364860546085,2.62171291971994,4.21184819819345,4.444947027375839,2.6490430902951707,4.29832046922695,4.8536850257092,5.91826691721179,4.11576144253543,4.99647290501288,4.09237329002106,9.032116780670396,7.46493617188956,3.18749126018902,1.04333373080749,0.0,0.0,0.0,0.0,0.0,0.0,0.0,0.0,0.0,0.0,0.0,0.0,0.0,0.0,0.0,0.0,0.0,58.82253
CO,67.90159,0.0,0.0,0.0,0.0,0.0,0.0,0.0,0.0,0.0,0.598418118076664,1.081461133364499,1.3035107485588295,0.6073713321682592,0.583950314756469,0.6439759792890719,1.3175441738147189,1.16042447015635,0.876047530339676,0.427920629839253,1.83275083199407,3.57574433405955,6.43077836149148,6.897190104646229,5.272596788800901,7.463464212936879,5.09413560208316,1.5816908790091906,2.2711405731407797,1.18085216621132,1.28189740061276,1.7619583995199295,1.46000436796843,0.278650501462483,1.02400116247333,0.810133957481565,2.056298411380238,0.8222184600704321,1.4358174324793878,3.112013193662537,1.806080292379052,1.80321604660364,0.0483320891688666,0.0,0.0,0.0,0.0,0.0,0.0,0.0,0.0,0.0,48.77104
CCO,88.40656999999997,0.0,0.0,0.0,0.0,0.0,0.0,0.0,0.0,0.0,0.169946820130075,0.4813683076042474,1.525734446503358,0.6297104257623205,0.510395660227992,0.7857482756858546,1.1928134179312393,0.906611929957989,0.75303956744295,0.848409055575674,1.04099805865268,3.50812402535197,9.2305019850593,10.0890760297658,10.655729236656398,8.51445161797234,6.40100191975301,7.81702323355373,4.172578695205979,1.24536242512305,1.58862261692001,1.52769790443122,1.12849226059218,0.558762253989264,1.06664874324456,0.957679132152879,1.4574533052066898,1.3168782509832413,1.7302086465064186,2.125517994336699,2.23191027663787,1.88200517454519,0.356068306537795,0.0,0.0,0.0,0.0,0.0,0.0,0.0,0.0,0.0,70.19948
CCCO,108.38829999999994,0.0,0.0,0.0,0.0,0.0,0.0,0.0,0.0,0.0,0.14930099896684,0.4877793898076873,1.574573262953588,0.5950963482718856,0.544175340199353,0.7671074018863375,1.1248698861255992,0.854885221696163,0.845248969578515,0.777629087655169,1.13152618663091,2.14245413553664,7.35798720560884,14.8169164620629,14.768569327398298,12.1304387514158,10.756428469244,9.90433208016363,7.973388736315517,1.86899283220618,1.48028136404299,1.53450018677085,1.15701259773205,0.689936902134812,0.849405398883057,0.939635717272397,1.5080945416205995,1.4092119187936705,1.5629549617814695,2.259840019094878,2.29256057606771,1.75156588685085,0.381599835230765,0.0,0.0,0.0,0.0,0.0,0.0,0.0,0.0,0.0,92.10607
CC(C)O,107.19986999999992,0.0,0.0,0.0,0.0,0.0,0.0,0.0,0.0,0.0,0.0677739881448051,0.3444060118551935,1.664552026943008,0.458853883623141,0.4608054408693,0.6170877927074337,1.7932332942063378,0.687276373569538,0.596609177902494,1.09811734400359,1.23598227012228,2.19172792911442,9.25855809678328,13.0779319419275,14.9062150282064,9.65990669473717,8.3786850313933,12.075410219822398,9.332882604234417,2.4664838940023,1.49847960953589,0.9910988576663116,1.22914582720559,0.857289598540294,0.40167454904762,0.954822287430561,0.6288594444234129,2.311237809075439,1.8646210318070016,1.1758468408374811,1.9732867066095787,2.39768004294561,0.543328350706828,0.0,0.0,0.0,0.0,0.0,0.0,0.0,0.0,0.0,92.41349
CCCCO,128.11686999999995,0.0,0.0,0.0,0.0,0.0,0.0,0.0,0.0,0.0,0.137741146739666,0.4243657370047315,1.6707746339752778,0.3775984822803243,0.639518881831274,0.8469665426679227,1.1400593647527997,0.968125210748003,0.700921313881277,0.787478540042584,1.16604892307365,2.01886980518998,6.11511266622695,17.1011027143912,18.4758617556048,18.1910479877438,13.0871172110774,11.1449324669119,12.029691684251397,3.31098622132229,1.55881547322786,1.0467938016555705,1.45447556330149,0.855828860032485,0.90651113088111,1.08466589899932,1.012603947925781,1.5617751821003505,1.6569373787112098,1.8849701862169796,2.428719788010949,1.9702077864427,0.360243712776926,0.0,0.0,0.0,0.0,0.0,0.0,0.0,0.0,0.0,113.87358
CC(C)CO,124.33867,0.0,0.0,0.0,0.0,0.0,0.0,0.0,0.0,0.0,0.184380822592702,0.4473441661571415,2.009793553884367,0.5577914573657886,0.331643184276667,0.7976499142766013,0.8761277182272809,1.19716318520896,0.81378371468871,0.817910960104703,0.74087740735752,0.534594582680082,4.68740526600613,17.0304986406713,17.7743133477996,17.3111789417139,11.462079944574,8.85676587918196,11.664810330069898,9.28485244117774,2.47451405114664,1.599833717540681,1.37078488797893,1.62746931351777,0.270657319232422,0.973832589604608,0.7190569441701303,1.506829431522401,1.7917922861057491,3.069177146472538,1.3526478966459128,0.201108958047162,0.0,0.0,0.0,0.0,0.0,0.0,0.0,0.0,0.0,0.0,113.93402
CCC(C)O,125.66631999999986,0.0,0.0,0.0,0.0,0.0,0.0,0.0,0.0,0.0,0.0531080788216487,0.4596319677986763,1.1944861836577787,0.9424937697218916,0.65638681399082,0.3366173796955345,1.0451019158597488,1.33811526215392,0.700254676984769,0.672689583061952,1.17573238430396,1.96454789255514,6.66713130406006,15.496844736625102,17.893099708678,15.2351882280182,11.3558530304126,13.7661900127109,12.316977343721597,6.16635442853404,1.76524948180417,1.0985365217493106,0.927117899624257,1.20114688281992,0.829524783932902,0.965234999216443,0.5228216086510334,1.9403612793354403,2.0660696592880496,2.2178834780459797,1.2708469003613416,1.09595180177654,0.328770002028123,0.0,0.0,0.0,0.0,0.0,0.0,0.0,0.0,0.0,113.74155
CC(C)(C)O,123.20073999999984,0.0,0.0,0.0,0.0,0.0,0.0,0.0,0.0,0.0,0.0045274690118356,0.4016405296775983,0.8498286599465192,0.9815633413640468,0.576302808812695,0.4429013667948312,1.160409020594299,1.08184176275699,0.471129543847683,1.31578261371322,0.902427903047019,3.30903413774554,11.9786698187614,12.962846455372302,17.614044913885696,10.3611465495194,9.52146749301245,14.808189010925798,13.751959971029695,4.63560842927071,1.30307046427937,1.0615043442170902,0.750285929637149,0.912364956059431,0.937478756346455,0.860511188444096,0.3601212954719657,1.3681445091837552,2.8130636161592752,1.0248285518321831,1.3796862737542894,2.5568306900802,0.741527625444843,0.0,0.0,0.0,0.0,0.0,0.0,0.0,0.0,0.0,114.85208
CCCCCO,148.24916000000002,0.0,0.0,0.0,0.0,0.0,0.0,0.0,0.0,0.0,0.143518713903381,0.4806270419059724,1.588341270621668,0.6138929735689806,0.441247910832466,0.8648343753677972,1.0643163696415296,0.863756604924319,0.873452224175306,0.735600928655882,1.10424388096231,1.97471393930983,5.52253399866732,17.014801285539402,23.740189053039,23.5267438269645,17.14385223602,13.6239491461562,14.155867973282197,4.77992419241519,1.63955712065527,1.58280914081529,1.10476525710531,0.75313229963111,0.833360236286049,0.95315354053606,1.4643902729384497,1.2783410855403514,1.6693052257566887,2.2280610454453793,2.24422199443956,1.79133959019126,0.450315244705984,0.0,0.0,0.0,0.0,0.0,0.0,0.0,0.0,0.0,135.91141
CCCC(C)O,144.90202000000008,0.0,0.0,0.0,0.0,0.0,0.0,0.0,0.0,0.0,0.0,0.1126388806226448,0.7359136700389869,0.8778508263539547,0.494071614796562,0.2586128668675443,0.9486361389859947,1.22750503495004,1.01064117144899,0.600377591706269,0.895186453640587,1.66998630609741,7.7270241440296,20.5707751061077,22.7691010625755,19.6220954056674,14.471016007548,15.0455246803913,14.806773723194697,4.59944856861444,1.69609461059858,0.605956135763883,0.779701115254113,1.32241010734248,0.410240822098804,1.10693397745769,0.4109754939699982,2.2634214010152194,2.086740218758381,0.8092988815183492,2.119076577937658,2.38208307517855,0.46590832946875,0.0,0.0,0.0,0.0,0.0,0.0,0.0,0.0,0.0,135.06275
CCC(C)(C)O,139.71715999999998,0.0,0.0,0.0,0.0,0.0,0.0,0.0,0.0,0.0,0.0,0.3060630659219715,0.812328108826959,0.8990412162427609,0.580349736570351,0.3437378724379564,1.387382413891778,0.924920279328359,0.395018925772093,0.955929120916003,1.0879204713283,2.59164997313666,9.18750812005539,17.2544261614122,18.2521668728219,15.1053459613794,14.0050830692496,16.8272294791676,16.937151959464295,6.75773887207407,1.75080362338274,1.3126643529132305,0.360785088110834,1.02667833089438,0.51047478907008,0.596867735704844,1.4673495141794093,1.0890045542282334,2.0704383076294164,0.9021793423019518,1.3218596132395892,1.92072074691035,0.776342321437268,0.0,0.0,0.0,0.0,0.0,0.0,0.0,0.0,0.0,135.99188
CCC(C)CO,142.2781700000001,0.0,0.0,0.0,0.0,0.0,0.0,0.0,0.0,0.0,0.0,0.2798118990446015,0.906682609122938,1.0364244716555997,0.257244046180001,0.4854481693373206,0.8588929147790403,1.12859488354899,1.33924184887271,0.327115916176461,1.04167328555466,2.27782671635533,7.74044778764101,18.7733042246501,22.1386600636487,18.1795432936965,14.428702739545,16.5159881980344,13.353575143182397,3.84581666053654,1.55988748583596,0.7807757027172647,1.26384612992509,1.05640204921069,0.835270891478396,1.00347346387414,1.3412784045772606,1.649134156358659,1.3753377541712108,2.090718814104959,2.453855944635559,1.706240712523,0.24695361902562,0.0,0.0,0.0,0.0,0.0,0.0,0.0,0.0,0.0,135.16446
CC(C)(C)CO,138.19552000000007,0.0,0.0,0.0,0.0,0.0,0.0,0.0,0.0,0.0,0.0,0.2734145274488795,0.7588147856883211,0.9282747635279768,0.536758324748231,0.6717380418620728,0.7709702542192518,0.813658238775517,1.10409972946431,0.576262968005495,0.92821083704549,2.03293177896384,8.33349747715041,22.545988640101,19.070475866402496,14.2292044210246,12.1017068494377,11.6286677361738,16.721791761462395,7.1370792037094,1.78407635513944,1.66202979886812,1.33936179613126,0.842846817846164,0.510712211079705,0.98646696207584,1.8263019798434488,1.0457476589337813,1.4396469008960386,1.948442781588969,2.1302792954581897,1.30852556980085,0.207535667127076,0.0,0.0,0.0,0.0,0.0,0.0,0.0,0.0,0.0,135.69505
CCCCCCO,167.76053000000007,0.0,0.0,0.0,0.0,0.0,0.0,0.0,0.0,0.0,0.156621384689044,0.3879445361140876,1.8368876288678873,0.2093864503289768,0.541261874347354,0.9190510173134552,1.2329961904581197,0.876650917881072,0.62665460932334,0.750391106252764,1.30310846602094,1.95998836171163,5.53252656314104,17.467227355948804,27.4095307747479,27.8796055322533,21.565066312486,16.1892698200962,16.143500850092696,6.85156670976655,1.69784454498909,1.0131865221264609,1.40192613953213,0.980532051701832,0.904262867072598,1.05309927101853,1.1096157833480105,1.3640065066773213,1.7578074360458886,1.8855147901777496,2.389991407253709,1.97012407366482,0.393382144550759,0.0,0.0,0.0,0.0,0.0,0.0,0.0,0.0,0.0,157.5095
CCCCC(C)O,165.59014000000008,0.0,0.0,0.0,0.0,0.0,0.0,0.0,0.0,0.0,0.0776822740718458,0.4695995609404533,1.2029942428225986,0.8994439221650976,0.669889763192231,0.3736177300297005,0.964963642957936,1.2731430321591,0.785545431593959,0.853676627550557,1.001334797036,1.89945519683594,5.9431219240331,17.366305591731205,25.018789849078,25.8617017109502,18.4023844094268,19.7108005852736,16.980980604639097,9.02470113315492,2.19003018077023,1.2458168338330806,1.13959835416232,0.914674216005843,0.870242338709029,1.05525518188824,0.4704629902451273,1.778815313141782,2.272632556515048,2.10131124402297,1.2861165345270016,1.12615110843757,0.358901118099493,0.0,0.0,0.0,0.0,0.0,0.0,0.0,0.0,0.0,157.6644
CCCC(C)CO,162.76842000000002,0.0,0.0,0.0,0.0,0.0,0.0,0.0,0.0,0.0,0.114341669874735,0.3463186959761846,1.7951511512264076,0.2368984829226716,0.561907835574096,0.9386897323880244,1.1224128642758795,1.04712169085078,0.57482007342917,0.890330206578953,1.06541917439554,1.39886184634372,5.58070564812822,18.898627594339604,25.1888221388807,23.9062512801083,18.2139941702905,18.5474735464859,17.049832856764596,8.40887918673026,2.11862126083338,1.267691156713301,0.737689130389491,1.10187800135893,0.836074513711254,1.18392692680434,1.6254115322703884,0.7725358878606797,1.5694385530088872,1.4710871317428902,2.574521175402308,1.29067477774504,0.332010106594897,0.0,0.0,0.0,0.0,0.0,0.0,0.0,0.0,0.0,157.67334
CCC(C)CCO,161.77039000000002,0.0,0.0,0.0,0.0,0.0,0.0,0.0,0.0,0.0,0.111080078289958,0.5437843594388022,1.5425596890030582,0.4171947794704509,0.766350320108292,0.4929644574475735,1.2268710397403386,0.945056928607128,0.670729226408887,0.866122231490228,1.06499185144672,2.67265062315027,6.85572248450118,18.146330185246704,25.399364766338,24.5854754655914,16.941604299951,16.7449141591023,17.949463441085697,5.96179045041146,1.67880162703347,1.0165319608849206,1.54037016263052,0.673193150440559,0.786662651596389,0.994269610584675,1.2816909985369709,1.6934697422232592,1.423343140550921,2.150485909929759,2.20841208345183,1.94853685753642,0.469601267770854,0.0,0.0,0.0,0.0,0.0,0.0,0.0,0.0,0.0,157.06593
CCC(C)(CC)O,155.96361999999996,0.0,0.0,0.0,0.0,0.0,0.0,0.0,0.0,0.0,0.0,0.2154008209768416,0.7510306771841361,0.780428501839022,0.588274356898943,0.8387330044205026,1.0217533671129198,0.722994510111966,0.767349816424601,0.499636720366336,1.24991167825995,1.7074525121264,7.62736711457736,20.1866116719246,18.9559684074675,19.8019888924614,17.8488298536842,19.6935568789246,19.587704249122694,8.37509510129275,1.92787201906767,1.5841116216329605,0.680057161729261,0.75019832861455,1.23189273377881,0.294521527399528,1.4403540585251788,0.7916169568242742,1.721372385905907,0.7324696383768937,1.5033499148359686,1.60207248587205,0.483643032260197,0.0,0.0,0.0,0.0,0.0,0.0,0.0,0.0,0.0,156.66963
CCC(CC)O,143.77616999999998,0.0,0.0,0.0,0.0,0.0,0.0,0.0,0.0,0.0,0.0,0.0951182727274821,0.6026273314400201,1.1493535165196391,0.359792896985614,0.1010092179935844,0.9182699475300856,1.36494806885817,1.04351286864155,0.482137879303862,0.826388446323713,1.57131098320535,6.72308948607159,19.375241083762,22.4246633985048,19.6356696873559,14.8011340531366,15.7888224451933,13.910613499551596,6.61396527202845,2.02294268983712,1.1867231732591306,0.615247597486311,1.02127043506598,0.513544064213284,1.07495524362968,0.5975065909182558,2.1709274284523103,2.2722978733903796,1.8594256134904708,1.288860857344441,1.04564469786775,0.319155379911534,0.0,0.0,0.0,0.0,0.0,0.0,0.0,0.0,0.0,134.69558
CCCCC(CC)CO,197.78800000000007,0.0,0.0,0.0,0.0,0.0,0.0,0.0,0.0,0.0,0.233215919626793,0.6217401628960063,1.9584569988762577,0.3858969186009388,0.482250253613851,0.7052086250788655,1.0817814871865092,1.19946200666039,0.564744817301806,0.976031427784982,0.642316451750558,0.649891233288363,5.70556238608956,19.298158902845607,32.3762560898386,36.3192612731964,24.8342719194747,21.1072843353606,21.526661881869195,9.6063644189023,2.24509458029591,0.5617859370598276,1.24621517772588,1.16082179472542,0.365641655894443,0.89572635727748,0.8464334387480456,2.306125407850147,1.5854782132698124,1.3637275601849606,2.0765586751337386,2.39193471029567,0.467638981296456,0.0,0.0,0.0,0.0,0.0,0.0,0.0,0.0,0.0,201.82008
CCCCC(C)CO,182.6452700000001,0.0,0.0,0.0,0.0,0.0,0.0,0.0,0.0,0.0,0.121142595693876,0.4268940512259204,1.9074477847371072,0.7438255683430998,0.296940987946724,0.6953044639665213,1.2053380429947091,1.07705838681017,0.591352203825048,0.910292754152556,0.767203323521577,0.573114491523499,2.55072377801401,16.369728144443407,30.6412188427481,32.0881300880812,25.1655418512036,20.9181779359755,20.676378554539696,8.52437404114714,2.43843467335366,0.9786334327273932,1.16692183357864,0.640676417388964,0.717460710070628,0.838576750112368,1.138835913498123,2.810206787721857,1.9208841292784131,1.6093900843598403,1.2174283230754606,0.898465756029087,0.0191672979122019,0.0,0.0,0.0,0.0,0.0,0.0,0.0,0.0,0.0,179.33177
CC(C)CCO,144.28908999999993,0.0,0.0,0.0,0.0,0.0,0.0,0.0,0.0,0.0,0.111155056193247,0.4467268776825104,1.945414637097597,0.6960134290266432,0.378323515967732,0.6251920716696665,1.3154444779615786,1.00568122919488,0.567803104443634,1.14081996146275,0.583421445947683,0.540453065059421,4.4237481632575,17.617315855065204,23.7237207751177,23.853836854989197,14.2717056404402,11.796723921171,16.952248573406795,5.61719731721162,1.3586472562817,0.6199330828470657,1.49768616266357,0.868700393824207,0.640524295708121,0.66234059637364,1.0947938838542932,2.845683759825734,1.1693615740447958,1.9412326853492088,2.541135015215929,1.4361053216451,0.0,0.0,0.0,0.0,0.0,0.0,0.0,0.0,0.0,0.0,135.98893
CC(C)C(C)O,140.87106999999995,0.0,0.0,0.0,0.0,0.0,0.0,0.0,0.0,0.0,0.0,0.3705954571896094,0.8237019760560912,1.315227800365589,0.285754522782494,0.5242630874716585,1.3351009367291886,1.25042004286958,0.387514555080323,0.811210897784012,1.61354393863278,0.951268683349911,4.99890474164356,17.0657791301954,19.1994551587583,19.3523896259066,15.1292171603891,15.064211686661,15.533370882427496,8.69865780418429,2.63749223470255,1.566811391512801,1.3821841907361,0.966970427158576,0.189777789929931,1.01620237195943,1.2480629068617703,1.5487898013822028,2.380647972234887,2.28706255935937,0.9364802656853884,0.0,0.0,0.0,0.0,0.0,0.0,0.0,0.0,0.0,0.0,0.0,135.75665
CCCCCCCO,188.01977000000005,0.0,0.0,0.0,0.0,0.0,0.0,0.0,0.0,0.0,0.115309212963622,0.5041028666854483,1.4749166632217885,0.6928012571291443,0.411130606197865,0.9088641567394232,1.1650251162346597,0.804627017887075,0.861516555360009,0.720992374369745,1.15721947520693,1.92382969365882,5.46553973410631,17.52992947430541,31.2885794427553,33.1961690798066,26.2312974308272,19.492341418129403,17.342731984918096,8.64285777101525,1.70596347318486,1.5537989603055402,1.16188293762258,0.721536074824253,0.823817073646443,0.966091434007173,1.41995802225274,1.3795694636777107,1.6030925976637391,2.226826107998379,2.30877588523413,1.77083736744221,0.447839270622182,0.0,0.0,0.0,0.0,0.0,0.0,0.0,0.0,0.0,179.60783
CCCCCC(C)O,185.7080100000001,0.0,0.0,0.0,0.0,0.0,0.0,0.0,0.0,0.0,0.0,0.3605615427520124,0.901198042257034,0.6474745564892784,0.632316843429354,0.8580490652930786,1.2153288083491791,1.01296948680805,0.472306549607622,0.45382261200886,1.47298367758546,1.7745122000244,8.71886355298903,16.800412910066903,28.6143754564133,29.5396453721247,23.322475684602,23.518926446184,19.526820816102997,9.64682698147936,1.22312667070319,1.7185424615758695,1.28787308966453,1.18963080665327,0.167832438364445,0.79500403511858,1.1768820875310313,1.905131231050828,1.4166252340651817,1.1170465890293404,1.799506340625759,2.01154263626801,0.409395774783419,0.0,0.0,0.0,0.0,0.0,0.0,0.0,0.0,0.0,180.30929
CC(C)CCCCO,184.2110499999999,0.0,0.0,0.0,0.0,0.0,0.0,0.0,0.0,0.0,0.101749643433499,0.4410536343996754,1.4400298341064883,0.823916888060335,0.447805879979457,0.7411927684494695,1.1050309420928193,0.993098821345452,0.776721588132804,0.37220303315219,1.50699334880206,2.09877460280198,5.53520547598192,20.385463461129703,29.8704110184022,32.0170350628526,21.7475857450606,18.2092688278911,16.641803027408297,10.6324913432997,1.76021446342864,1.1325927761261103,1.52005990041386,1.23172285655391,0.616920798337138,1.10029902984665,1.2411706032819805,1.370965407990271,1.5484054072398092,2.2963441724745386,2.30541555618376,1.74772402731281,0.451380054028058,0.0,0.0,0.0,0.0,0.0,0.0,0.0,0.0,0.0,180.24604
CC(C)CC(C)O,159.6084400000001,0.0,0.0,0.0,0.0,0.0,0.0,0.0,0.0,0.0,0.050262304968431,0.4207976950315673,1.4418569299981585,0.7008059785409242,0.37379684263162,0.8613564947210172,0.7093076472360192,0.973754727509288,1.29510546935877,0.704048811808262,1.05315302909877,2.96219187601683,6.24266877394692,20.897176526714205,25.164090251439,21.6486307694641,14.9905531127968,14.9478011496674,19.765250344933992,7.32135155809552,1.36141461603262,0.9029600033700392,1.02453877940461,1.50135231966335,0.577498549316178,1.03625617878292,0.5285639622728666,2.036775214008739,1.8152941193790009,1.1654267156910811,2.100151092510658,2.39658543930047,0.63766271628997,0.0,0.0,0.0,0.0,0.0,0.0,0.0,0.0,0.0,157.4203
CCCCCCCCO,207.60525000000013,0.0,0.0,0.0,0.0,0.0,0.0,0.0,0.0,0.0,0.163101964208885,0.3876837999090626,1.8338124815954076,0.2062417542866479,0.531872511041289,0.9300835151193192,1.1977362974799597,0.911707676359427,0.622653540789757,0.766336452479336,1.26993015239082,1.99099320963075,5.54980488142035,18.133819310639307,34.1226355608909,38.0843329894516,30.2876036103332,22.775793843614704,19.184477809168495,10.6580593771173,1.74753950180006,1.0271300529967806,1.40637089826919,0.998544092144923,0.883087977774176,1.06517054865484,1.0816250408551604,1.3657620784025717,1.7820998596957789,1.8557229216010895,2.405034923331129,1.9846370404955,0.393844326052424,0.0,0.0,0.0,0.0,0.0,0.0,0.0,0.0,0.0,201.33482
CCCCCCC(C)O,205.6982500000001,0.0,0.0,0.0,0.0,0.0,0.0,0.0,0.0,0.0,0.0,0.521655742414885,1.2773363344754487,0.7526079231096708,0.735885074360788,0.2591431806902508,1.1205743190397484,1.29827405603542,0.676903369873794,0.722969081185399,1.24171979397126,1.9980219873184,5.66670623229405,18.177363528914007,31.8001328052458,36.4654867218233,27.0642285778936,26.4729943886689,20.079208487205097,12.5807942257412,2.38068056574905,1.0287921047904014,1.19824857583736,0.94064904898747,0.639605296412729,1.02557012051774,0.5804447647125265,2.00410204817545,1.98787659641916,2.02333357437879,1.555671430977911,1.22801408365843,0.193255959122007,0.0,0.0,0.0,0.0,0.0,0.0,0.0,0.0,0.0,201.77709
CCCCCCCCCO,227.77272000000016,0.0,0.0,0.0,0.0,0.0,0.0,0.0,0.0,0.0,0.138938979587136,0.4707256465880804,1.5353229254255882,0.6617624483991914,0.447009749621431,0.8443937357474564,1.0819214494168596,0.860360916811349,0.863600742232113,0.697554788083559,1.18887289450099,1.98754610983433,5.37099065414356,18.243555324071007,37.9327882697863,43.5097180605796,34.7098891256579,26.385133698206005,20.333391572516597,12.4241006011766,1.69799831090143,1.5473060775677705,1.18753544563355,0.697243276890923,0.826966082767765,0.973674665868559,1.41554972269564,1.3836938237130507,1.5862863122936293,2.231817873386269,2.30270829242446,1.77537343599642,0.458988987475019,0.0,0.0,0.0,0.0,0.0,0.0,0.0,0.0,0.0,223.35326
CCCCCCCC(C)O,225.6864199999999,0.0,0.0,0.0,0.0,0.0,0.0,0.0,0.0,0.0,0.0,0.3132363225800574,0.8436717464953921,1.167568016231049,0.107693670860084,1.0562091112635184,0.9330694059744362,0.895231596126324,0.69223858106801,0.729619208393392,1.55112086461806,1.75625229031135,8.29517859989801,17.775785378002006,34.7955132033512,39.6147434300912,32.1931655356639,30.5981531893556,22.287530550469597,13.8764002078953,1.63770343331189,1.65605332778668,0.951409223275095,0.887281148569616,0.419237622449003,0.974194361655164,1.3455571007955898,1.2041464914023223,1.829279939232228,1.2430087992858811,1.876258232253969,1.70904418053791,0.470865230796106,0.0,0.0,0.0,0.0,0.0,0.0,0.0,0.0,0.0,224.16892
CCCCCCCCCCO,247.46543999999992,0.0,0.0,0.0,0.0,0.0,0.0,0.0,0.0,0.0,0.149077446715603,0.3829769179987966,1.8334348580456272,0.2253507772399689,0.545894880345134,0.9074406053583534,1.2205682389345895,0.897106275361918,0.615702983214409,0.773796838182043,1.28983964408223,1.92901511223668,5.50286264106902,18.894201291891612,40.75120764972,48.6458268872236,38.4236373496453,29.8682790134848,22.238933042052796,14.3480773342134,1.76147486879842,1.0195173738340106,1.3877535816172,0.975978765957157,0.917579982274962,1.05756841582317,1.1098817104982803,1.3608589703604217,1.7771207987923086,1.8800052609627296,2.461423698173729,1.97512046102484,0.337926324866804,0.0,0.0,0.0,0.0,0.0,0.0,0.0,0.0,0.0,244.95872
CCCCCCCCCCCO,267.23206,0.0,0.0,0.0,0.0,0.0,0.0,0.0,0.0,0.0,0.156823464454545,0.3844683963620626,1.8376639155131973,0.2118842236701948,0.529766512438871,0.9267588840867792,1.2179551691912396,0.894989434283105,0.619182928179791,0.754302152052705,1.29908129943218,1.98130777596509,5.50490410446038,19.17826848138191,44.03781061091091,53.8728181665749,42.71205300076,33.1026408584484,23.499737262136595,16.5209130688621,1.75158184588932,1.0226844581193906,1.38167225610345,0.99524771757501,0.904413852759642,1.05736435486474,1.0947359913522403,1.3603752188068214,1.7752786373429486,1.86594961163077,2.393437201471909,1.98213276636953,0.403856378549232,0.0,0.0,0.0,0.0,0.0,0.0,0.0,0.0,0.0,266.80076
CCCCCCCCCCCCO,287.1524800000002,0.0,0.0,0.0,0.0,0.0,0.0,0.0,0.0,0.0,0.157522656140497,0.3881803296983556,1.832734985909107,0.2124020282520427,0.550119440018854,0.9109356320115763,1.2088969510335796,0.901997976935986,0.62174414790439,0.781749544537075,1.2688182310943,1.97638611887355,5.53489869807215,19.612355656087612,47.11806780406901,59.10499977448,46.8104667580172,36.6883787661456,25.078876676060997,18.3734163327226,1.77536757537599,1.024786310025931,1.39063001860981,0.981774879849828,0.920196068258861,1.05649294979435,1.0822900240285604,1.373467495205981,1.7711281074993888,1.8606848563909295,2.400037053336289,1.9808395596076,0.401836593952241,0.0,0.0,0.0,0.0,0.0,0.0,0.0,0.0,0.0,288.3744
CCCCCCCCCCCCCO,307.6963800000002,0.0,0.0,0.0,0.0,0.0,0.0,0.0,0.0,0.0,0.13730696993277,0.4167080819291405,1.7512726223578077,0.2463023257802804,0.603834459006649,0.8258800058433716,1.2599367677699291,0.872528767380054,0.662571277260256,0.707341322498974,1.37208475444039,1.91695124985746,5.53600487685862,19.859882043358112,50.804813692747906,64.3474513177994,51.0174238355899,40.3588634335202,26.725541860682995,20.2584284968425,2.09684696217711,1.0622131743781809,1.37873832360973,0.580130039510188,0.641527322911602,1.06690805619016,1.35812541589373,1.5252890754333104,1.6295810605374197,1.8264983662530596,2.4743326139924293,1.98756298953145,0.387498438125116,0.0,0.0,0.0,0.0,0.0,0.0,0.0,0.0,0.0,310.83319
CCCCCCCCCCCCCCO,328.0900700000001,0.0,0.0,0.0,0.0,0.0,0.0,0.0,0.0,0.0,0.139131114563823,0.4675419430817514,1.538866507827968,0.6612104345264596,0.452442655852328,0.8378581898994674,1.0287087139271098,0.901013957061111,0.856169260319636,0.704883850767957,1.18150656355607,2.00193418535352,5.37043961729763,19.930394481549214,54.60337133726651,69.750526457746,55.860384639694,43.653292213888,27.956250812101196,22.0362366308782,1.76273646296429,1.55985350687612,1.18590199640686,0.702331182389129,0.811621703952504,0.975781985868738,1.40941949741586,1.375471659401151,1.6125134541686992,2.208220919476879,2.3118795854072,1.78222119848571,0.459953280028999,0.0,0.0,0.0,0.0,0.0,0.0,0.0,0.0,0.0,332.8495
CCCCCCCCCCCCCCCO,346.8769500000002,0.0,0.0,0.0,0.0,0.0,0.0,0.0,0.0,0.0,0.143760165747355,0.3886950829360995,1.8233347715543873,0.2350499797621538,0.559829420464772,0.8935346748875794,1.2074196576813394,0.92979429566637,0.647536206166518,0.732964962688643,1.25609904163756,1.97417173749912,5.54918931964397,20.996056704788415,56.62400774148091,74.605512982915,59.3799610321939,47.0343874669516,30.107571792463897,23.5755287211826,1.95160741604488,1.0104886549984309,1.41414240491767,0.969728216015865,0.922426189515758,1.04798943653817,1.0932400064274903,1.3646092086497017,1.7815698795226684,1.8790341700542297,2.4444494047704493,1.98133217262658,0.351927081606109,0.0,0.0,0.0,0.0,0.0,0.0,0.0,0.0,0.0,353.76016
CCCCCCCCCCCCCCCCO,365.96557,0.0,0.0,0.0,0.0,0.0,0.0,0.0,0.0,0.0,0.0,0.2798009683876805,0.6940376822913523,0.9894449430813774,0.523974811865322,0.548654810534096,0.8034269626273696,0.880419506753661,0.967298956650875,0.573550948061871,0.932391522781572,2.28474562478735,6.67924722319009,22.21342415227632,63.05801653588691,78.1558962596496,63.0654604570513,49.496500553639706,30.139362724094696,25.5631148198291,1.98790447240807,1.5351659552190604,1.24765459738756,0.236653310923445,0.968744487001642,1.06789962878893,1.5436518555912595,1.3236261456980407,1.537740771311919,2.172208772456439,2.3986351889479995,1.69283501674022,0.404080334085159,0.0,0.0,0.0,0.0,0.0,0.0,0.0,0.0,0.0,375.7602
CCCCCCCCCCCCCCCCCO,387.4333800000002,0.0,0.0,0.0,0.0,0.0,0.0,0.0,0.0,0.0,0.136114520303087,0.3718572620927056,1.8157536118603272,0.2671146057438817,0.530970594172989,0.8955714678014534,1.2229896145860093,0.921898323439552,0.604476635907185,0.748287339416832,1.33183407470858,1.94379974766673,5.49024444417337,21.61412069921692,63.27097783121991,85.3442531555623,68.0342299999495,54.20695780502281,33.4056234719344,27.0841885589523,1.96014521360573,1.054782987064731,1.41532563309003,0.858798840930458,0.898603240202821,1.05659436808909,1.0852348313562508,1.426019367778921,1.753233188098369,1.89033881074564,2.438914110349859,1.99194621548777,0.362179429469748,0.0,0.0,0.0,0.0,0.0,0.0,0.0,0.0,0.0,398.56016
CCCCCCCCCCCCCCCCCCO,407.5188900000003,0.0,0.0,0.0,0.0,0.0,0.0,0.0,0.0,0.0,0.136671744564131,0.4215936454513646,1.7285989765350678,0.2647256334494416,0.626624862719896,0.7910767683248847,1.264663083029659,0.883005285925563,0.656417649781877,0.694369717645211,1.40256557380704,1.88476513752899,5.50733396702097,21.91073581398792,67.03652161798472,90.4433939108772,71.9353395757783,57.66063782761261,35.0357941099933,29.0730671040296,1.94315523894463,1.0547260935294307,1.39051344174762,0.869587810059529,0.890755023857042,1.0450790515251,1.1306235343826905,1.3866090019325514,1.7626189981954687,1.88765360183456,2.432328896596409,1.99364031881931,0.373696982528226,0.0,0.0,0.0,0.0,0.0,0.0,0.0,0.0,0.0,420.5428
CCC(CC)CO,158.71594999999996,0.0,0.0,0.0,0.0,0.0,0.0,0.0,0.0,0.0,0.119714371878127,0.3802461252457975,1.3599817287788485,0.5792428437285234,0.603130447611155,1.182911583560369,0.7310863785777098,0.555978328974926,0.992965755125933,0.760742873630181,1.57893420245377,1.46872640975772,5.55894480831949,18.260098975874605,23.439508556568,23.3813105611406,17.9172873778517,17.8488178725106,18.584634997102196,6.74506039244855,2.85910502527348,0.4648048179981689,1.35767817399709,0.582567391592442,0.424969002548516,1.37487720427945,1.6067099341636493,1.26586569242551,1.27753851558144,1.4817399753593297,2.5494491650514184,1.10741931929483,0.313901191295848,0.0,0.0,0.0,0.0,0.0,0.0,0.0,0.0,0.0,157.92974
CCCCCCCCCCCCCCCCCCCCO,447.0281000000005,0.0,0.0,0.0,0.0,0.0,0.0,0.0,0.0,0.0,0.120004979890868,0.4140533094127515,1.7470677688662877,0.2704639418300936,0.608712736613205,0.8032036111739267,1.310488066930519,0.838635585282351,0.667179660079389,0.653907489142683,1.45353499399678,1.85311225435561,5.3849656291761,23.056041171403923,73.04537966941871,100.657837541606,80.8823470622756,64.2541190192819,37.6245639861638,33.065586356034,2.37663600031473,1.069296642987501,1.37036661189835,0.5672263844548,0.633672207797343,1.09375842436595,1.3873202276209502,1.52832890179475,1.6075743977950498,1.9083993364615397,2.4712072791886692,1.96724393646394,0.335864815922418,0.0,0.0,0.0,0.0,0.0,0.0,0.0,0.0,0.0,463.08122
CCCCCCCCCCCCCCCCCCCO,427.4717600000004,0.0,0.0,0.0,0.0,0.0,0.0,0.0,0.0,0.0,0.161257710410344,0.4402942095716075,1.6542749628702678,0.3546531171477822,0.600778400643311,0.8367488545630255,1.1873871117387391,1.07375563305493,0.675691774792146,0.367325666711994,1.1844718959404,2.29284788695521,5.63269728608479,22.20890424502022,70.75787730578041,94.6406607697157,76.6216250836684,61.23209081998261,36.2844297592939,30.8687718618173,2.09147109215592,1.0842940587404608,1.45665645481511,0.931793513763451,0.85051275558793,1.12228776917442,0.9001594024714702,1.5863660254753404,1.7145655353094895,1.8424493804319897,2.4419223088639193,1.99344743181241,0.379289915635383,0.0,0.0,0.0,0.0,0.0,0.0,0.0,0.0,0.0,442.64188
C1CCC(CC1)O,142.37327999999994,0.0,0.0,0.0,0.0,0.0,0.0,0.0,0.0,0.0,0.0377400144038027,0.3744399855961964,1.419169749704298,0.7006202502957013,0.377553639183587,0.7073899024053735,1.443973160637669,1.01521093331478,0.53411657718974,0.626065415444989,1.49924892966653,0.757655144901698,3.49654455124176,16.477183029292505,24.8568488789074,24.7429059622564,16.9644953704411,15.1765961913774,11.294866872315996,2.8626705886867,1.62372354741753,0.8914011466462637,0.755481424913964,1.58401892598403,0.217893205445834,1.129757381106,0.5843926519710099,2.2798659678001187,1.882563627271311,0.9782718615526428,2.2355064468841177,2.46428887763434,0.380819788109165,0.0,0.0,0.0,0.0,0.0,0.0,0.0,0.0,0.0,139.41651
CC1(CCCCC1)O,155.88093999999998,0.0,0.0,0.0,0.0,0.0,0.0,0.0,0.0,0.0,0.0,0.1982294063046596,0.6442619918792373,1.090146616278909,0.633330030744977,0.4685717365775663,0.8399586981531584,1.23116395702451,0.506228133659548,0.910796586521198,1.12615313605098,1.82642721563364,5.55499495979548,15.896151478597004,23.5790692377829,26.4685333062592,20.9329987362666,20.8186566549017,13.061361344993696,3.57682615361383,2.59041087590988,0.6997416977541955,0.480753340422807,1.05930248832726,0.487434574373902,1.42347905173935,0.2539735375084719,1.962779005745742,2.512432623020308,0.918701661217266,2.020881568761968,2.04849720698311,0.0586929871969246,0.0,0.0,0.0,0.0,0.0,0.0,0.0,0.0,0.0,161.00891
C[C@H]1CCCC[C@H]1O,156.63947000000016,0.0,0.0,0.0,0.0,0.0,0.0,0.0,0.0,0.0,0.0482127680173002,0.4567612716237352,1.0353478165122691,1.1155621702666798,0.447220878933851,0.5182219001240999,0.9058686263571012,1.34753443551085,0.624382111530323,0.606778928423172,1.23870711201539,1.05423293027443,3.54971545676265,18.672210405056703,24.7926036740466,26.349604525995098,17.4654357674153,17.6726639468426,15.584443052695796,6.47933127515025,2.49077003380748,1.0050456269093613,0.858312329606729,1.39916019936061,0.576696087545167,0.774226889525277,0.5935481311579502,2.4652490919932775,1.6640792972729528,2.0237443484636897,1.0826334238467314,1.05415484638019,0.687010640576538,0.0,0.0,0.0,0.0,0.0,0.0,0.0,0.0,0.0,160.6801
C[C@@H]1CCCC[C@H]1O,156.29653000000002,0.0,0.0,0.0,0.0,0.0,0.0,0.0,0.0,0.0,0.0,0.3932144028731302,1.1744771941219487,0.8798662693950046,0.462743762924127,0.3127599903332733,1.438503573302388,1.20375953797479,0.36314104403359,1.11679631793051,0.971271745847846,0.758765916581598,4.69157640580003,18.2819627298409,21.9872703346695,22.7573109609254,20.7428588060382,20.1719232214163,17.379807078151998,6.31582215294954,1.54438703316513,1.9029288351875897,0.217144298738099,0.859504043441704,0.26555852144946,0.796354599675305,1.240185919838841,1.6983644536786808,1.9798540551328991,0.782049606294503,1.937688244358128,1.05749796830263,0.601658393080675,0.0095225825462885,0.0,0.0,0.0,0.0,0.0,0.0,0.0,0.0,160.89235
C[C@H]1CCC[C@H](C1)O,155.88333000000003,0.0,0.0,0.0,0.0,0.0,0.0,0.0,0.0,0.0,0.0,0.1231200932616837,1.0883216711387982,0.7683321060099105,0.501672801195336,0.509804260338776,0.7309855704411167,1.54161562011315,0.585155372975592,1.19281393829625,0.821507590691083,1.20891235616244,2.95603373426154,15.656890498803303,26.6795811733339,25.4535800120099,20.0014883172522,18.4051384241856,14.740354153683,8.81204227996997,2.53708109611773,0.6223175665040128,0.124561268112943,0.741955083129995,0.56178856291187,1.09313436900304,1.2081010908442404,1.4915765875386386,1.1247821113083314,0.6673640559365358,1.744963891070908,1.46664580913292,0.639243837998395,0.0824646962669321,0.0,0.0,0.0,0.0,0.0,0.0,0.0,0.0,161.71172
C[C@@H]1CCC[C@H](C1)O,157.22917,0.0,0.0,0.0,0.0,0.0,0.0,0.0,0.0,0.0,0.0,0.3558908041441513,0.936598427046147,1.1965348599393897,0.327079257230421,0.5107069512760126,1.146209412216259,0.931274464498463,0.763579784893251,1.0951223417489,0.577202485635672,2.25379600171189,3.55626411990105,16.196424563275002,25.4419055966299,25.0838473344845,18.218765971896,18.8429435593363,17.396530153389996,7.84158576660251,1.72345818478451,1.0937320999441906,0.406724580321366,1.14345041173672,0.652881801623448,0.490843932727179,1.102523377559831,1.9319197263335384,1.5342833932948112,0.5207703543694788,1.8319541644809276,1.3696136663368,0.665035792354406,0.0897166582769868,0.0,0.0,0.0,0.0,0.0,0.0,0.0,0.0,162.00149
CC1CCC(CC1)O,160.88420999999994,0.0,0.0,0.0,0.0,0.0,0.0,0.0,0.0,0.0,0.0,0.4369417002866432,1.002934154730629,1.3472441449827293,0.111351038971131,0.7564971701428309,1.0326088184424795,1.10560067184003,1.02945075503003,0.626172720725465,0.811865174193099,0.827975681014236,3.23424030723932,15.968885348796706,29.4065323615042,30.518035583208196,19.6361536714619,15.102194946126202,15.670729106389397,5.23567551118085,1.95193309807726,0.696251568628575,1.34740537513872,0.90361145794668,0.661758967914533,0.813766996561533,0.6306422713404299,2.873309669102176,1.6332327031887042,1.2595299014922208,2.5288338936168677,1.66976221774612,0.053083012980056,0.0,0.0,0.0,0.0,0.0,0.0,0.0,0.0,0.0,162.68368
CC1CCC(CC1)O,157.27284999999998,0.0,0.0,0.0,0.0,0.0,0.0,0.0,0.0,0.0,0.0,0.3085597868086615,1.1717116880904483,0.8946785251008894,0.370252569445892,0.6916003572301594,1.2863041334805891,1.22635494581099,0.36810522671654,0.801483147378271,1.36028373910008,0.795347945651616,5.67928241546937,17.187334757882905,21.4072387229617,24.1144810127498,20.8485867828146,20.8694549194206,15.421513442604295,7.40060922150196,1.75274061420063,1.86405366309715,0.176848161728719,0.850997046921507,0.299156820034228,0.783781505051131,1.167701007520691,1.82386171704705,1.9062295371232696,0.706201963062051,2.0215702131136677,1.08026184217175,0.604956867247223,0.0313057014615423,0.0,0.0,0.0,0.0,0.0,0.0,0.0,0.0,161.88234
C[C@@H]1CC[C@H]([C@@H](C1)O)C(C)C,201.60445,0.0,0.0,0.0,0.0,0.0,0.0,0.0,0.0,0.0,0.0,0.0,0.0,0.2863719611822965,0.68563442543835,0.4120268590761654,0.915438865675692,0.459476452644309,0.516557686372243,1.33395522520069,1.34210373321261,2.30831980354793,8.14787817918413,25.0349281988178,33.0800972885472,31.7089409117753,25.0618461324202,25.3379308280642,21.361758914822794,7.01255684146623,1.5448431555425,1.0813628177585104,0.881602591236165,0.610536002859188,0.365522499983787,1.66545790916204,1.0644941707112514,1.8679176856112976,1.2146794028651022,1.6301445916184891,1.8715333462040196,2.2374855703759,0.563047948623613,0.0,0.0,0.0,0.0,0.0,0.0,0.0,0.0,0.0,225.54658
C1CC(OC1)CO,141.37617999999998,0.0,0.0,0.0,0.0,0.0,0.0,0.0,0.0,0.0,0.286294685244203,1.0472596402807786,1.661690926857119,0.3100380065607535,0.767607175433175,0.9456126571533808,0.91904075833003,1.16359219544522,0.9564333090806,0.53393607328343,0.891804900277915,3.62728217586222,13.7350202355021,23.1268273781018,22.751552719601996,12.385384127128,10.3726039183249,10.5165639248029,3.5157424203851395,2.92996941723368,2.0811495963667,2.02602950500051,2.85459095361349,0.860542552726458,2.3755457779459,2.68080941543635,3.5697711688585487,2.8664001798453724,3.477974202669648,4.716746628344607,1.3251057902751862,0.0972575840278614,0.0,0.0,0.0,0.0,0.0,0.0,0.0,0.0,0.0,0.0,133.05767
C=CCO,104.17678000000004,0.0,0.0,0.0,0.0,0.0,0.0,0.0,0.0,0.0363343153888484,0.709997894399625,0.9498196034991097,1.1960844408407996,0.7406202015094218,0.224762030066664,1.3381035112314883,0.9974734948135836,1.06122086352825,0.381306528400104,0.644203161882543,6.93620766303857,9.82679245649888,10.2713532493869,8.19126873570935,6.18696379177289,5.78332128394289,4.45166617518317,4.04968947865689,6.223961069770449,4.86974654913799,3.60932278708694,4.635846504310189,4.23001669250691,2.47434805088417,3.12009641443537,1.31857852563325,1.108511805833101,1.6550365014547197,1.5926478190411502,2.424813737387689,2.05086392107329,0.88580074169483,0.0,0.0,0.0,0.0,0.0,0.0,0.0,0.0,0.0,0.0,86.86917
CC(C)(C1=CC=CC=C1)O,180.5403199999999,0.0,0.0,0.0,0.0,0.0,0.0,0.0,0.0,0.0,0.288941854743509,0.7359234674830523,1.0556746777734396,0.5604594615391769,0.856899351957866,0.6992169024387962,0.8373119327232708,0.802371134494164,1.36099711797215,2.49143713098532,9.65925565136649,13.9250014198825,15.1763901985181,15.545435149468698,12.2057381908643,12.0202979843656,12.6645746636777,15.9744810545505,8.34130199636807,8.54205496821042,7.51854200568568,11.980371061525796,8.30844219401265,8.61142645299364,2.20498968649274,0.831143702853133,1.7926421810380515,2.6316807557096658,1.3619115844508844,0.6624298820735193,0.8468940810408887,0.0460821027401176,0.0,0.0,0.0,0.0,0.0,0.0,0.0,0.0,0.0,0.0,185.92014
CC1=C(C(=CC=C1)O)C,164.0888299999999,0.0,0.0,0.0,0.0,0.0,0.0,0.0,0.0,0.330017251189788,0.856030320615462,0.1651816717661232,0.786353029978623,0.9731952122498796,1.28388035718399,0.2908378458164657,0.5062694581792146,0.933207136711118,1.25157702491959,1.5359866998039,5.82594156360239,13.1482348248793,15.4238244757859,13.8074257626929,12.8449617533479,12.7449898109875,13.6844314351432,9.599944880664031,6.44275997629152,5.97905370418598,7.85043988903678,8.43280074002902,9.98141533084121,7.13160886712705,5.42421254940359,1.50302648690061,2.4664374133684106,2.6528884810831315,0.2318960462153192,4.1029214187315704e-16,0.0,0.0,0.0,0.0,0.0,0.0,0.0,0.0,0.0,0.0,0.0,0.0,161.86308
CC1=CC(=C(C=C1)O)C,167.77140999999995,0.0,0.0,0.0,0.0,0.0,0.0,0.0,0.0,0.25182644374307,0.450265959731323,0.438544579632519,0.8559853921248214,0.8037939299879931,0.803536304112821,0.3838312594763747,0.5170311920050258,1.21242663122564,1.71067215351854,1.99940894853477,7.81268101530849,10.9233406552917,17.2308867287883,12.0822361206447,11.4760425554925,11.4884411596878,14.4534006017802,13.8080936182619,6.760850153229941,7.94090763720147,7.04846364886786,9.669161812298809,10.381130873429,7.17114823495857,3.50396086891566,1.23870965182117,2.4552611487420606,2.6613746449166515,0.2379960762702546,4.1537981646335975e-16,0.0,0.0,0.0,0.0,0.0,0.0,0.0,0.0,0.0,0.0,0.0,0.0,163.96418
CC1=CC(=C(C=C1)C)O,168.88506999999993,0.0,0.0,0.0,0.0,0.0,0.0,0.0,0.1453513234760805,0.377283513574817,1.69570080319279,0.6865443597563127,0.5077245393148854,0.6160057200645228,1.0750002107761,0.8698520936309423,0.893042898271983,0.241987999872692,0.508550585821021,0.953416309733743,3.39890916697606,9.49446624491914,14.7060084886024,16.4267409889477,14.5279190222352,14.0995754923309,13.2054881197249,17.7706111147122,8.23625294497045,8.0657618575845,8.30613166856084,8.28004374301099,8.34989818232143,5.91901872530733,1.61758332582727,2.280359589593,1.0502339094077011,1.8580432213520293,1.6632239105275506,1.0583399256024508,1.7770054242215088e-15,0.0,0.0,0.0,0.0,0.0,0.0,0.0,0.0,0.0,0.0,0.0,164.96277
CC1=C(C(=CC=C1)C)O,165.30307000000016,0.0,0.0,0.0,0.0,0.0,0.0,0.0,0.0,0.168745446191134,0.342307172079409,0.6214205368949866,0.9658113897457054,0.5976060166768327,0.398539681600405,0.6717834661315396,1.0040989685393693,0.974821122074225,1.5577508321695,1.95563056371586,6.79136337775301,11.117431757364,15.2089467641957,13.549541170609098,11.4119253810662,11.9947245455589,13.7770977772222,12.4483584274374,8.924707343653479,6.69685919352765,10.048872507543,6.969297516948712,8.27498089193221,7.52813724294113,6.57768258394449,2.39867404696672,1.491501410325159,0.8344528651921141,2.894687724599077e-15,0.0,0.0,0.0,0.0,0.0,0.0,0.0,0.0,0.0,0.0,0.0,0.0,0.0,162.60324
CC1=C(C=C(C=C1)O)C,166.71798,0.0,0.0,0.0,0.0,0.0,0.0,0.0,0.3873300689522906,1.42545179135581,0.602178681128986,0.6472967682544359,0.9519666833790764,1.2779275877432694,0.619780856225397,0.8376007290483507,0.865594107748678,0.704968729224665,1.22847393891076,1.70251328602411,4.01746830966555,10.3399284746393,14.331651126861,14.9829724835326,12.1068795256085,11.2559219059623,11.5515435646196,17.1661286571594,8.549878131155188,5.60125263077728,7.734452453546,9.478481799527378,10.2803696843153,7.42692084755743,4.03764357409292,0.842272470640641,2.59366453093279,2.6833283426051424,0.4861382588058867,8.294159267437592e-16,0.0,0.0,0.0,0.0,0.0,0.0,0.0,0.0,0.0,0.0,0.0,0.0,164.26194
CC1=CC(=CC(=C1)O)C,169.54694000000006,0.0,0.0,0.0,0.0,0.0,0.0,0.0,0.3812006804790607,1.42298360246533,0.615659686004915,0.641368750272597,1.0444843828057693,1.2157270188760998,0.624475650727529,0.8436368028531247,0.8770173820413188,0.727213431183282,1.26269701583776,1.41140531478769,2.44431498124317,11.3766732037855,15.5393583618291,16.392382764764797,10.6909016073131,10.9179523706243,14.9557376090189,16.172397668064,8.312338827931908,5.45239221243979,7.6856549233737,10.3317395577532,10.6539230215093,7.45342435345379,3.56520064963405,0.947051632700364,2.60060933724179,2.618451448216472,0.3685657507683428,6.218529808159396e-16,0.0,0.0,0.0,0.0,0.0,0.0,0.0,0.0,0.0,0.0,0.0,0.0,164.79564
C#CCO,99.92566999999995,0.0,0.0,0.0,0.0,0.0,0.0,0.0,0.0,0.233245163472668,0.443845835159689,1.6975908307462175,0.4713381706214251,0.5093456300236779,1.98098360404351,3.4102706357266572,2.2286675210580116,0.838907915573667,3.91041633405341,5.45530313869031,6.19115398921264,3.62648781808412,4.93309331885531,4.938793033551159,2.1074000114831506,2.63276529835909,3.22220426767583,4.79451091768399,3.8169076951471697,3.14517422942464,5.78103110326113,7.562747860994619,5.39621625412055,8.39968705801043,2.67009136125648,0.776940991928538,1.5327459800204406,1.9671490771266211,2.3193526929583888,2.0006729937518606,0.9306292679245658,0.0,0.0,0.0,0.0,0.0,0.0,0.0,0.0,0.0,0.0,0.0,81.38966
C1=CC=C(C=C1)CO,149.98336999999992,0.0,0.0,0.0,0.0,0.0,0.0,0.0,0.0,0.0,0.290840888504189,0.5524171062847155,1.841179361388278,0.1419526438228197,0.0831897501996614,1.433285941844498,1.1200127709224204,0.979265300373753,0.365349620876285,1.69298981097683,10.9882629605122,15.7115457866758,13.866144849526,9.91653936518199,9.26479765441753,8.56448790551195,7.84734730248706,6.22098809175142,8.3936556023798,7.94730286556701,6.83171267285016,11.698059781187895,7.12297759676939,5.70914667508155,1.07564433421876,1.58325530887467,2.1395492515387575,0.6229086767597356,1.3566947880425675,2.3067037447703584,1.770513318870121,0.544648271831735,0.0,0.0,0.0,0.0,0.0,0.0,0.0,0.0,0.0,0.0,142.87645
C1=CC=C(C=C1)O,131.56601,0.0,0.0,0.0,0.0,0.0,0.0,0.0648927857387555,0.7118605677951187,1.38678921828396,0.627984357617554,0.5959104751742311,1.1727519046052588,1.05380685575287,0.850494485899762,0.861274608286515,0.7269091859982032,0.91370854808123,1.57421766181293,2.82362206011154,9.90059118893149,9.57275176634315,8.78481911999188,6.51065154027046,5.49528547403021,6.32530550527198,5.70347131454838,5.21348759131936,5.539390237679392,9.02482339865286,7.83275075870599,11.526720995986697,9.86739034313904,8.82442699739434,1.84728056571909,1.83925611631486,2.4045441498247793,1.9616062423399632,0.0272339783781582,4.609534945876639e-17,0.0,0.0,0.0,0.0,0.0,0.0,0.0,0.0,0.0,0.0,0.0,0.0,121.08727
CC1=CC=CC=C1O,148.36267999999995,0.0,0.0,0.0,0.0,0.0,0.0,0.0,0.0,0.323826177038466,0.341473780796566,0.6389971302199124,0.9851882929231794,0.5075997265278709,0.924691131128618,0.3190132182006999,0.5751217723422316,1.59606853046716,1.40260962277588,2.88847871001959,10.6081638695676,11.7212181377669,13.3971529147305,8.46898128477013,8.27560504519325,9.10709508410367,10.0193435791001,7.570001878816121,4.753782666246091,8.31581379410712,8.11075270686363,9.666124184554848,10.0032882534644,7.46289203695094,4.12584377968349,1.6934666579604,2.41191727281726,2.111675946388263,0.0364928144750591,6.266741975846108e-17,0.0,0.0,0.0,0.0,0.0,0.0,0.0,0.0,0.0,0.0,0.0,0.0,141.94765
CC1=CC(=CC=C1)O,150.16778000000005,0.0,0.0,0.0,0.0,0.0,0.0,0.0,0.5386194389673901,1.4115268223215,0.588318015765016,0.6908904483801908,1.1266731137183794,1.10697396204081,0.649082366691201,0.9708285967803456,0.7834991626816193,0.79162275443973,1.31506957412891,1.97624500035646,5.59565281995065,12.0692989498148,11.3188175531868,11.8081820843165,7.78714451197304,8.2805527833018,12.3265594031779,9.76207858551482,4.8869785145055715,8.16866733013057,7.98060433055743,10.2079551072511,10.6423611915924,7.76402186615069,3.26705307608755,1.29977181590138,2.46297965777706,2.4938203334077818,0.0959308291306449,1.6013765616743651e-16,0.0,0.0,0.0,0.0,0.0,0.0,0.0,0.0,0.0,0.0,0.0,0.0,142.60401
CC1=CC=C(C=C1)O,151.46360999999985,0.0,0.0,0.0,0.0,0.0,0.0,0.0,0.1509659276580184,0.470161881670428,1.916729112767,0.5856568863342946,0.2945686740725305,0.7559256784657592,1.12928091496113,1.01749909085552,0.9672458817924392,0.0763751668806373,0.391250638492283,1.68734598395566,7.10537864933478,11.492567722448,12.2870565455138,12.095188044801398,8.87494498152603,10.2130045992615,12.8752381233265,9.782000699825424,5.872730224016052,9.0981424187253,8.87654105221177,10.561846938284798,8.09792030011196,4.5551067828888,1.29794034764224,2.15832151724915,1.4807680275359008,1.8136382405826323,2.4937549873352376,0.9885139594728906,1.7321054525099869e-15,0.0,0.0,0.0,0.0,0.0,0.0,0.0,0.0,0.0,0.0,0.0,143.40301
CCC1=CC=CC=C1O,167.04686999999998,0.0,0.0,0.0,0.0,0.0,0.0,0.0,0.4753404197208433,1.38078783568388,0.821171668003304,0.4479313327874516,0.8217230505991613,1.227727765412319,0.974084890684183,0.922471306968082,0.7438316727124563,0.849886302243911,1.40739683097027,1.62253055501179,5.24329067341405,8.11196650163864,11.7742078456946,11.633655026544002,14.718568805273998,11.7269116583622,13.2757742357968,13.9693532197217,11.6917721556644,9.7504282209658,8.83073804114786,8.4470525390686,9.11468912724912,8.72382292755417,5.64404871795135,1.52267741377516,1.0439604049425484,0.1290688544373405,4.5173319148308085e-16,0.0,0.0,0.0,0.0,0.0,0.0,0.0,0.0,0.0,0.0,0.0,0.0,0.0,165.00532
C1=CC(=CC=C1O)O,141.67271,0.0,0.0,0.0,0.0,0.0,0.0,0.0,1.0209379346772565,2.8927419522468,1.32499395616413,1.32509934142775,1.6920337726534491,2.4979891467229387,1.57611705137589,2.1518991710653292,1.3475762676317913,1.89969263294535,3.52703584957842,4.37959386691184,8.59118160811861,6.58284040022631,5.74202827323905,4.19738667830802,4.870495896810179,3.369655424263581,6.42618332863051,4.356965258421491,6.005123866032741,8.18464825161429,8.16147691246018,14.882451675448694,12.5986530080114,5.00964970833665,3.90697247994991,1.99332024631928,4.8699904760965405,5.391022276349174,0.8969532879624346,1.5008176862536816e-15,0.0,0.0,0.0,0.0,0.0,0.0,0.0,0.0,0.0,0.0,0.0,0.0,132.61854
CCC1=CC=C(C=C1)O,167.77032999999986,0.0,0.0,0.0,0.0,0.0,0.0,0.0,0.4861012298094502,1.42826259997315,0.597564344528953,0.6980983744957968,1.0177819238603096,1.1807139742296595,0.691717030520003,0.8890508348668497,0.8389261027103732,0.707231258716077,1.43317667125426,1.94892359832548,5.42940180434673,6.94962433237271,13.3422988750574,14.3409726082412,16.073763328488997,11.242181221211,13.8414399003489,12.3369703610921,7.820227728548191,9.92626508526041,6.28791014906283,10.295739460436296,10.3645155922045,8.17412656851942,2.99815498193613,1.04824243115897,2.54016857729733,2.571803847014332,0.2689752041120459,4.802462311831333e-16,0.0,0.0,0.0,0.0,0.0,0.0,0.0,0.0,0.0,0.0,0.0,0.0,163.60916
CC(C)(C)C1=CC=C(C=C1)O,196.85538999999997,0.0,0.0,0.0,0.0,0.0,0.0,0.0,0.6134757037038048,1.36988477030838,0.5401132765754,0.7523138555434726,1.0055494768392297,1.1618895993077498,0.686144280638403,0.8816550834811187,0.8016007297663201,0.713621120829155,1.48973356944467,2.29357848100111,5.75321320297018,8.70188639928581,10.5882968302558,20.5104322222931,17.8288373271646,15.304347704129,14.9710456287616,15.6319219854448,19.661341436967096,11.164170866746,7.66028524881803,9.866954646750168,8.87450220466492,8.51125404437923,3.10885471636202,1.08914062313068,2.54591887540133,2.553230731233452,0.2201953578033391,3.8453041516811063e-16,0.0,0.0,0.0,0.0,0.0,0.0,0.0,0.0,0.0,0.0,0.0,0.0,207.81201
CC(C)(C1=CC=C(C=C1)O)C2=CC=C(C=C2)O,256.85643000000005,0.0,0.0,0.0,0.0,0.0,0.0,0.0,0.4199544718218065,2.31391549189813,1.88210082803787,1.249700396920101,1.7019729901831293,2.721422264284118,1.50926470958026,1.6625941314950998,1.7628906162971698,1.61854653903172,2.34898909486342,3.35797015957803,6.37403138451765,13.5090319320304,18.4736039122534,19.7051980987132,20.877943462245696,14.0872070344142,17.1243999938539,18.7328949468375,14.701100748718504,16.7873207108457,16.9700418297012,19.317500015239897,14.4234600272529,6.6160058097868,4.0023667960905,3.17457810601691,5.179239594256228,4.157380574016976,0.0938033292176348,1.686348176998726e-16,0.0,0.0,0.0,0.0,0.0,0.0,0.0,0.0,0.0,0.0,0.0,0.0,288.13661
CCCCCCCCCC1=CC=CC=C1O,303.5201400000001,0.0,0.0,0.0,0.0,0.0,0.0,0.0,0.0,0.0,0.0,0.0,0.0,0.0030135722813314,0.420056112383081,0.426873798183355,0.6064793494953766,0.691277559937419,1.09228838316651,2.26647652786455,7.51419364324163,11.6952971373293,17.371806358455,26.52946127098861,42.4705813322463,43.7530105788216,33.9737226430566,30.0330371514551,20.9634670753946,17.1636775539916,8.33635091663011,8.99878360357623,10.0503016145319,8.34606598249634,4.46291505001952,1.12999217451132,2.50780174668495,2.4604102833388923,0.2527985799188345,4.478158936019585e-16,0.0,0.0,0.0,0.0,0.0,0.0,0.0,0.0,0.0,0.0,0.0,0.0,315.08641
C(CO)O,98.96223,0.0,0.0,0.0,0.0,0.0,0.0,0.0,0.0,0.0,1.03507058032072,2.407053202719408,2.1321162169598704,1.1501596774856615,1.28313898716609,1.981923935041559,2.1888318336014194,1.88287183749097,2.21565302427168,2.06705374178497,4.19182039393013,8.68253901235428,7.54919360331722,6.822004610568509,4.226491656530471,5.89135430756898,4.23216702889766,2.6416661815828304,1.88156671417324,2.46240434833481,2.18157715214445,2.32170060649911,2.32660202234436,1.00945246719369,2.64081793696718,2.37633495599848,2.536367992271281,3.0242663077699925,3.7764739584234577,4.533687844095919,4.145137601181281,1.16473026101033,0.0,0.0,0.0,0.0,0.0,0.0,0.0,0.0,0.0,0.0,81.49774
C(COCCO)O,151.96264999999997,0.0,0.0,0.0,0.0,0.0,0.0,0.0,0.0,0.0965000979951887,1.05786384148109,2.828945287388617,1.3775282663758324,1.5136944533831098,1.02537156142437,2.752392322220437,2.0261983999451014,1.76035096572038,1.20292843769161,2.45920811841175,4.40274341007743,12.2590957004312,18.7768592945236,14.2862718747122,9.53068020197257,11.1748795298198,8.28979924134341,4.991158479349691,3.2265676137548303,3.97716012810342,3.61225823817425,2.744964747363271,2.1601007082482,1.84222884707626,3.88970451518354,6.25346052395326,3.641646928384521,3.865106822809255,5.249830820192625,4.771473681881681,4.066586637770061,0.849090302837411,0.0,0.0,0.0,0.0,0.0,0.0,0.0,0.0,0.0,0.0,136.62673
C(COCCOCCO)O,204.3748999999999,0.0,0.0,0.0,0.0,0.0,0.0,0.0,0.0,0.0683442895182904,1.13365170029626,2.7742190211572075,1.630582065652712,1.3020933724390606,0.992208687001988,2.2456799772774283,2.631346862830009,1.9388037880178,1.3643329215346,1.79508594523139,4.82091004780698,15.5611731322315,29.6961394246712,23.073108370895195,15.0909670996815,15.0716339506626,12.73844932293,7.493196957469791,3.86511247447484,4.36341297518565,5.0547626913822,3.3155228291481813,2.89836980125376,2.85736885559766,5.13191176855627,9.74923875339955,4.175505350297152,5.582654758351594,6.581752449103076,4.420779676119084,3.994025097636491,0.96255558218891,0.0,0.0,0.0,0.0,0.0,0.0,0.0,0.0,0.0,0.0,191.34314
C(COCCOCCOCCO)O,257.73456000000004,0.0,0.0,0.0,0.0,0.0,0.0,0.0,0.0,0.0305994452012703,0.977302716184016,3.052917099807856,1.6900807388068524,1.3978080575336704,1.18153673671413,2.3078920210766083,2.0717145506235406,1.67014117262418,2.13586675008209,1.77865754217498,2.83860009510592,18.3576402776382,41.8943702990512,32.36876310522259,20.9678730354173,18.0857533007925,18.8952449350637,10.591086821976102,4.564606532866261,6.12589172664408,6.43755716369437,3.1871521276283925,2.67409413907434,3.01035469444484,6.05242933157567,15.3136521845395,5.2521335302005605,5.746860562029106,7.621526650153784,4.945551899561805,3.8414053681504017,0.667495388340243,0.0,0.0,0.0,0.0,0.0,0.0,0.0,0.0,0.0,0.0,246.11946
CC(CO)O,115.89221999999992,0.0,0.0,0.0,0.0,0.0,0.0,0.0,0.0,0.0739146563724587,0.511376923302983,1.632242793834768,0.7266156264897915,0.4380059148853475,0.970821356515167,1.716412821663419,1.6440520820941402,1.92539878476227,0.670494462228878,1.47973996552195,4.54282563798912,8.88828962125109,13.370357382675,11.6700798742431,8.19379056018022,7.6630065430739,6.67105678767461,8.55958043567707,3.3991584380331794,2.05789506038874,2.53311093841478,2.0462178524216603,1.27034573916626,2.36997691600013,1.3186091401871,3.18753982412045,1.9512093651775608,2.3041952264476735,3.3002998737626763,3.5069693575976495,3.032426128555211,2.01107820123877,0.255125708052809,0.0,0.0,0.0,0.0,0.0,0.0,0.0,0.0,0.0,102.47664
C(CO)CO,119.18448000000004,0.0,0.0,0.0,0.0,0.0,0.0,0.0,0.0,0.0,0.466592983488044,1.3512683887089083,3.2332771565885468,0.5743877320049776,1.6911077406858,1.4902660889616204,2.523554975293698,1.51879180751892,1.39384821014119,2.87557695324525,2.55520543124869,9.13910040024527,14.7568134788473,13.340177545144098,8.699414092952468,5.09195051116555,4.64937137004589,4.36214367233347,3.0451868143637295,2.21559851205911,2.98617019048063,2.2513340209107606,2.3860922677216,1.47403335039713,1.88577331855313,1.83017291214468,3.2153527388138996,2.9487959440077405,3.0172310652143297,4.665857691363767,4.351462111635821,3.06252612510839,0.136044398605629,0.0,0.0,0.0,0.0,0.0,0.0,0.0,0.0,0.0,103.55615
CC(CO)OC(C)CO.CC(COCC(C)O)O,176.9017199999999,0.0,0.0,0.0,0.0,0.0,0.0,0.0,0.0,0.0,0.0,0.0,0.0,0.0,0.358524822379705,0.8275031073459722,1.3190432865789792,1.94609470314897,0.540044015952691,2.94300093234793,3.35919967422905,13.4952145034365,21.6311335936194,21.9015842869958,18.8742593814419,16.4126617045009,15.1665977498112,14.7516317814539,6.828037421114629,3.38178771584772,5.20230710350733,1.2529144927675435,2.02345311539351,1.68026462194074,1.88590474907529,1.76218332622625,3.5703251157539486,2.9098070319766403,3.0195553705487197,5.8983502388275255,3.2056008104932947,0.754735343283877,0.0,0.0,0.0,0.0,0.0,0.0,0.0,0.0,0.0,0.0,181.58536
CC(C)(CO)CO,146.48593999999989,0.0,0.0,0.0,0.0,0.0,0.0,0.0,0.0,0.0,0.127751387836266,0.9792918565300296,2.1819571295446876,1.5062369819206212,0.343247347304844,1.525427549332828,2.035817238901089,2.12529279170799,2.04298253476168,0.926436869003372,2.61079200886365,8.91498619466266,18.3094837760812,14.561283987582398,11.8366171098106,11.513541965178,8.67637432983825,9.32339665322845,9.47921221301056,5.17001203599586,3.17679625845129,2.8103391394190305,2.22993621950283,1.58422865427283,2.16779168178177,1.90323470241553,3.3138755783219973,1.7055964450392649,3.115890532974495,4.360605381420058,4.055392167379481,1.74699686380949,0.125114414116805,0.0,0.0,0.0,0.0,0.0,0.0,0.0,0.0,0.0,146.6541
C(C#CCO)O,132.29953999999995,0.0,0.0,0.0,0.0,0.0,0.0,0.0,0.0,0.500442719828422,1.68243419088795,3.1466831568360174,1.1689620847694833,0.9697332994601884,1.46519923098688,2.4855978748109884,2.1496825241038304,1.92887277600936,2.22338219708197,9.01852895532805,12.2019179051212,8.0880458530945,7.50331642512729,4.524002043673739,3.21003276585432,2.8496812538500707,5.68597408267133,2.469184265144941,4.620322389701571,6.3507862760973,4.29870122628579,6.6316929438497585,5.784933836739,5.66218398356137,4.54936369410661,2.62386858436244,2.0054780404100243,4.618833486112619,4.346243823827211,4.48878007831315,2.948201956830282,0.0984760751623037,0.0,0.0,0.0,0.0,0.0,0.0,0.0,0.0,0.0,0.0,112.03691
CC(COCC(C)OCC(C)O)O,236.19266999999996,0.0,0.0,0.0,0.0,0.0,0.0,0.0,0.0,0.0,0.0,0.0,0.0,0.0,0.0,0.0,0.0,0.0,0.0,0.029639985243534,3.76368695095584,19.365478227855,37.0821790920084,33.7710956934268,29.553499247556097,20.7782950452111,17.6914677463808,18.7936606635557,6.765596332687959,4.35932616007773,4.79926018395639,2.8668531623789217,4.36050985975509,3.89042142933154,4.01451482390024,4.21604903962277,3.4885075390690017,4.458383766693487,3.778849323944192,3.81231258838798,2.640345601439582,1.78967955974008,0.123057976821757,0.0,0.0,0.0,0.0,0.0,0.0,0.0,0.0,0.0,254.54611
CC(CO)CO,134.93662999999992,0.0,0.0,0.0,0.0,0.0,0.0,0.0,0.0,0.0,0.543469293591113,1.4751723667908485,3.423575092548817,0.3377328566544711,1.44792098236441,1.8154407568517192,2.415926850043179,1.54835331997864,1.39873141458628,2.28916383731568,1.62517836724123,4.29766493836027,16.0370958817635,15.474645417174598,11.293429809047598,9.12010136183356,7.43212915666175,6.19307305340671,8.852730459616648,6.1090722607113,3.25509600663934,1.7189819543698412,3.06791835841658,1.37409456718092,1.32321915010641,2.23052023530866,3.10788116960877,3.2033567550138087,2.8789731556964115,4.622880765402897,3.1714972414049027,1.60784566715038,0.24375749715869,0.0,0.0,0.0,0.0,0.0,0.0,0.0,0.0,0.0,125.5863
CCC(CO)O,135.49808000000007,0.0,0.0,0.0,0.0,0.0,0.0,0.0,0.0,0.0,0.2932036268113,0.9622562361282228,2.380653925067757,1.289719346080942,0.769659583563824,1.3214000873144192,2.6946361701273673,1.75965489639412,1.86822407186031,1.63538579605806,2.81014241644019,7.26229733218015,16.2963827354505,15.3083132299771,12.970529960304898,9.90044488297779,9.67975494985803,9.27180384462052,4.640119721344959,2.10307865976154,2.03268454507352,1.1803775567018406,1.68395314109613,1.08207513003171,1.27815249596893,1.93401494328533,3.394591992609797,1.7352358943694015,2.2299473979286484,3.999429149473837,4.264199440952489,3.80188933614748,1.66215287782375,0.0017146262152303,0.0,0.0,0.0,0.0,0.0,0.0,0.0,0.0,124.76305
CC(CCO)O,135.90227999999996,0.0,0.0,0.0,0.0,0.0,0.0,0.0,0.0,0.0,0.388514639739421,1.1244763188367586,3.1907250103314464,1.1023717186892734,0.974651166799935,1.8133370766193184,2.217883337465289,1.82457455933637,2.24117922256085,1.75359334480224,3.93477323384055,7.0246841867794,13.6919319185559,16.665789474052595,11.869204538128098,8.41370914307238,7.26205830182509,8.47200125170788,5.732185406652379,2.76635652790329,2.4424947629901,1.9854130016393503,2.80954651745713,1.69866888243547,1.48136025885515,1.89030676805642,2.307796408989192,3.6526440552888593,3.406397877555591,3.6054981885011896,4.4336113650646185,3.47237893777649,0.252162597691948,0.0,0.0,0.0,0.0,0.0,0.0,0.0,0.0,0.0,125.22945
CC(CC(C)(C)O)O,164.75337000000013,0.0,0.0,0.0,0.0,0.0,0.0,0.0,0.0,0.0,0.0903834404081497,0.7908356131714898,0.8723407449814269,0.5580845281956736,0.717702577825264,0.9980030434858644,1.0867307647265598,0.731026760050745,1.34823787109005,1.66742799656248,1.61948808845789,4.04406867279186,13.3112848703544,20.351605444936,23.603485333359497,15.4375889658508,15.0762962417642,22.7699968606509,11.611439864285096,3.37353417790172,2.9021557572342,1.4744983684509014,1.28064828031405,2.00687067584281,1.587012036093,1.40638088633287,2.3205024883261216,3.3296289399321046,1.8418950109066452,1.97836534682332,2.4292970448786093,1.87219939653798,0.264353907477464,0.0,0.0,0.0,0.0,0.0,0.0,0.0,0.0,0.0,166.49879
C(C(CO)O)O,124.78459999999998,0.0,0.0,0.0,0.0,0.0,0.0,0.0,0.0,0.218887060173122,0.979987344197373,1.0190555956295,0.5345230471075257,1.3367825906270487,2.30586282242665,2.5301664659117997,1.863996228615971,1.31480623033697,3.58940550824335,4.94778296468719,12.1796866972329,12.8566294942212,9.31629982434402,5.8794148509746,5.13668588964826,5.5297253736328,4.11457394602532,2.90235850832245,2.24003152126675,2.61466302752018,3.15904384429767,3.70415562122094,3.12511960321957,2.2661831956158,3.05209339203009,3.55032494604387,3.0819262089213204,3.3708775383868765,5.2958722221667625,5.25904521881373,3.8944895931097823,1.61414362502859,0.0,0.0,0.0,0.0,0.0,0.0,0.0,0.0,0.0,0.0,113.41334
CC(C)(C)C1=CC(=C(C=C1)O)O,204.96236,0.0,0.0,0.0,0.0,0.0,0.0,0.2591542868528131,1.114462946594387,1.07825307486667,0.632110591903211,1.276443939819209,2.0250337587327287,1.8096765681534404,1.16625619830609,0.8539491655046155,1.474840486645279,2.19685848532796,1.99622010332298,1.75270855957729,4.83884339161673,5.85324493634602,10.7493998933189,19.3113782569671,17.2478949494187,15.0406961195771,13.7936758396934,15.6554406593833,22.732579495555797,11.8329286834149,9.99934474693296,9.96861884857541,9.77461133146307,8.70714872810883,4.61102163671007,2.24093442307608,2.6198469001793394,2.2934174102595724,0.0553655837960368,9.706122830551433e-17,0.0,0.0,0.0,0.0,0.0,0.0,0.0,0.0,0.0,0.0,0.0,0.0,217.64156
CC(C)C(C(C)(C)CO)O,189.83751000000012,0.0,0.0,0.0,0.0,0.0,0.0,0.0,0.0,0.0,0.0,0.7203443492922618,1.1765024297087394,2.0881214641800883,0.734219359592862,1.0133852467510396,1.5543158637511791,2.24226161886786,2.12601551967735,1.05830031004662,2.18718328076418,3.18241534997694,15.9780693603494,23.586691404328,20.5002840085958,18.1508159012277,16.8667070912624,16.946567342197,19.732921360340196,11.4944272709909,4.97730820650444,2.231098888711583,1.34753641097056,1.20620948490839,1.04011379096854,2.21533540402743,3.59727268720892,3.6990854480124145,2.1963883338329655,2.722444527756059,1.9073061981233017,1.19281153340529,0.165050553669729,0.0,0.0,0.0,0.0,0.0,0.0,0.0,0.0,0.0,208.28174
C[C@H]([C@@H](C)O)O,133.68159999999992,0.0,0.0,0.0,0.0,0.0,0.0,0.0,0.0,0.0,0.193816142942226,1.0584809865304083,2.761732029865817,1.2279786705445226,0.929664551327872,1.1979945274542496,2.6354892714288973,2.12739269068245,1.68509246412211,1.77495657059457,1.73306623778303,5.14961924074838,10.5605001635037,12.6286354796874,13.728819977347998,9.66553217163981,9.30312386871152,15.2294956570482,9.173275153678096,2.80139037008999,2.05634829787466,1.3923547389266906,2.60025136482188,1.12408176269304,1.10708461287143,3.44588160156699,4.095532566992525,1.4195547577800378,3.6563063971934726,3.64569608654852,2.459064565699192,1.01649416043843,0.0968928608618078,0.0,0.0,0.0,0.0,0.0,0.0,0.0,0.0,0.0,125.02042
C(/C=C\CO)O,133.5953000000001,0.0,0.0,0.0,0.0,0.0,0.0,0.0,0.0,0.0738822268956135,1.03995390566194,3.1934225808560166,2.0913612865864217,0.7720477675476493,1.45870126696703,1.8229245221076291,2.252232992147789,1.78553113572117,2.43200250162255,0.832152767577953,3.79051362987481,15.8847122664126,14.4783207290717,8.920251067123528,6.324687311892638,3.2287682785777903,4.83137979086408,3.851044168775661,6.699826353695909,5.37692614532654,5.55862582816586,5.93803636816112,4.25212025376951,2.82410386678218,2.15042953941803,3.74479137112073,2.8525799718966285,2.1912781889356334,3.1939834662263364,5.1049859145078065,3.5471055405929026,1.09661699511632,0.0,0.0,0.0,0.0,0.0,0.0,0.0,0.0,0.0,0.0,119.20402
C(/C=C/CO)O,135.63373,0.0,0.0,0.0,0.0,0.0,0.0,0.0,0.0,0.0,1.09858694660562,2.410333945892798,2.45712193490575,1.0037080342529423,1.03404387519037,2.1806890506924783,2.08703179754496,1.87369855441047,1.78414324916766,0.920122221323556,5.37439976903334,12.6505229365065,14.1188874420877,12.012468386477998,8.248121041966748,4.74880373107956,4.44937082424454,3.89079889102047,6.20063952109762,6.89615978556122,4.78136977515339,5.585636994842889,4.20358000703455,1.88607423629232,1.71569692993247,2.97813153778762,2.5962519075151707,2.78422065881936,2.83148344839799,4.980623458621906,4.065488106473212,1.78552100006681,0.0,0.0,0.0,0.0,0.0,0.0,0.0,0.0,0.0,0.0,119.36232
C(CCO)CO,139.10475999999994,0.0,0.0,0.0,0.0,0.0,0.0,0.0,0.0,0.0,0.362937881068639,1.0721268068869787,3.3682822349248553,0.9034718655632265,1.3758440927999,1.32404247704098,2.332325186455668,1.82163315592623,1.42069792382527,2.15707996625528,1.76945783114147,6.61305689978344,14.229609393681,19.9296570103987,15.982177872331398,11.0929327427136,8.01456538867926,4.621020155947261,3.5538021125439996,2.30321050491173,2.77839650250453,2.90114808620079,2.4374650178283,1.01255840981836,1.99287349711163,1.74254910457216,3.101313312538,2.9789082510193414,3.3035676301499985,4.344097389983678,4.53929380440766,3.27590130436069,0.44875618662592,0.0,0.0,0.0,0.0,0.0,0.0,0.0,0.0,0.0,125.45552
C(CCO)CCO,158.89793,0.0,0.0,0.0,0.0,0.0,0.0,0.0,0.0,0.0,0.314175046113148,0.9191528128832028,3.426368636571136,0.7379035044325167,1.30386308568741,1.5210098755937096,2.4412243023858684,1.66094598142716,1.51313858588812,1.64648745421581,2.4078854479856,4.70584475388951,13.0984616553292,23.6848709656182,21.702067276536997,16.897331742976,10.7914375224363,7.286224629507041,4.942605117713289,2.64168483562683,2.95592611106128,2.3474269380026707,2.78505369977997,1.44887852835756,1.85047552573406,1.84622667681957,2.84444337328256,2.9448460849653704,3.1070556370206996,4.345261021563118,4.645531412433079,3.55108052019149,0.583041237971534,0.0,0.0,0.0,0.0,0.0,0.0,0.0,0.0,0.0,147.32002
C(CCCO)CCO,179.12902999999994,0.0,0.0,0.0,0.0,0.0,0.0,0.0,0.0,0.0,0.299651617132944,0.9715544030844948,3.162250352443496,1.1996736273390636,0.984757749939075,1.6451497441864988,2.139989554910449,1.78879363596204,1.61445332364926,1.46720622595128,2.32471524872848,4.45230453533268,11.0408800618989,24.7103811061033,28.143601375016697,22.8889649876759,15.8983656695313,8.989253412421522,7.353174336901078,2.55297685342677,2.84154374019732,3.08578712371675,2.26722447033887,1.45406406937068,1.73894861083584,1.84663257896011,3.05483470600367,2.742256398477901,3.1555646697195288,4.4990371153005775,4.51367567328687,3.51950190954156,0.781861112615044,0.0,0.0,0.0,0.0,0.0,0.0,0.0,0.0,0.0,169.4078
C1=CC=C(C(=C1)O)O,139.47221000000008,0.0,0.0,0.0,0.0,0.0,0.0,0.4524145692755884,1.4629271780032067,0.581644628478039,0.948855626537219,1.1459592843480595,2.4176862846276377,1.3822060680374018,1.1131690949302,0.9769504338716472,1.707829278598799,2.28458266626713,1.91810239390169,2.80929391305277,8.18582883863116,7.83510261628169,6.9445051276645,5.41896286568073,4.796640347568881,6.20723545063179,5.85069789836189,6.19811087399267,7.201209475393772,11.0128477426459,9.50735937061004,9.6024020280572,11.7932968458524,9.74559757238607,3.16124058230324,2.82232234736213,2.4110590953815487,1.5761695012650945,5.406113435181664e-15,0.0,0.0,0.0,0.0,0.0,0.0,0.0,0.0,0.0,0.0,0.0,0.0,0.0,130.69228
C1=CC(=CC(=C1)O)O,141.15622999999997,0.0,0.0,0.0,0.0,0.0,0.0,0.3256362043133309,1.7493001565637452,2.64112782482271,1.21352158972346,1.18992542633958,2.4059886524073577,1.9351460906558908,2.3716080474216,1.6055155274603514,2.056544101585039,2.2665127782165,1.62997701503779,2.5217989374824,7.42234812450352,7.29850405020723,5.73161334158323,4.20974901162688,4.2320310155117005,5.95657560847782,4.86623923693017,6.47260807037719,2.511920960872333,9.42033939564594,10.0408043258579,13.495532637117195,12.0184853432946,8.55665935405281,2.61509056682807,3.85486728469218,4.961129114363767,3.541672490747208,0.0374577152804672,6.310417524863924e-17,0.0,0.0,0.0,0.0,0.0,0.0,0.0,0.0,0.0,0.0,0.0,0.0,132.07577
C(C(CO)(CO)CO)O,159.79017000000002,0.0,0.0,0.0,0.0,0.0,0.0,0.0,0.0,0.317160129391668,1.30844097007103,4.140750473810216,0.7107279728535819,1.3944415512251689,1.36526022199888,2.3277543240596184,2.1936694618676205,2.16860326539406,1.58284205963731,1.31757449221463,3.71711857731457,17.1679597835008,18.6113020583252,11.758768834378698,9.54842539028827,8.01041578548039,7.115391568727,5.91760483993445,7.687012875218529,5.30161923211112,7.42593384313811,3.2821564374495233,1.65310834334264,2.17273960294094,4.06131978068686,3.66838566602763,5.768190552845076,3.663871909401698,3.062226437776712,6.005119608608335,3.912606385946463,1.45166756403322,0.0,0.0,0.0,0.0,0.0,0.0,0.0,0.0,0.0,0.0,163.51107
CCC(CO)(CO)CO,167.62516000000005,0.0,0.0,0.0,0.0,0.0,0.0,0.0,0.0,0.334938837228338,1.51566068359783,2.110826117776989,1.8030696723170403,0.7407812741759348,1.74444677150057,2.0411537807072997,1.6646187113561908,1.96538716108031,1.19074138990522,2.54818212502113,4.90942486097512,13.3912137558658,14.6530472157848,13.580574755569298,10.1003391100252,11.6741349090556,10.9898428131527,10.7800138463455,11.682268291488198,9.43371377275482,4.59672284669468,4.35868780909914,2.95555390486673,1.32342107450388,2.6047469177125,3.60152509185445,2.3532745448994925,3.957631735965916,2.9970232364303233,3.7117236007352186,3.73989690438596,1.87643889338598,0.694133583781902,0.0,0.0,0.0,0.0,0.0,0.0,0.0,0.0,0.0,175.70287
C1=CC(=C(C(=C1)O)O)O,148.19856000000004,0.0,0.0,0.0,0.0,0.0,0.0,0.2148113125405612,0.9414044823982326,1.87881189716207,1.3726675940337,1.6754986404535896,3.979694860940676,2.4238164252803225,1.67747894277702,1.1040954176378208,2.430075244428228,1.47732890168873,1.13471542443209,3.39929220032323,6.41229606877208,6.60119219952928,5.46002914469058,5.904748036256759,4.3615609669626405,6.90965915960323,6.73164022916801,9.97592721119599,6.746535527681122,11.2165336121613,8.94668873821938,11.4157131214002,10.3857240590264,7.58214173965993,3.94690786613984,4.20622559061283,4.8082052133240865,2.8112301102495008,0.0659100612506245,1.0851418919841611e-16,0.0,0.0,0.0,0.0,0.0,0.0,0.0,0.0,0.0,0.0,0.0,0.0,141.50234
C1(C(C(C(C(C1O)O)O)O)O)O,183.6050299999998,0.0,0.0,0.0,0.0,0.0,0.0,0.0,0.0,0.220377394354628,0.838169964344843,2.8948994484761563,2.5896410984449902,2.71109345197325,3.48426518147522,5.362787692235487,4.750931500934321,4.61646584454882,3.86722049356873,10.9222066682539,10.7359925018205,11.8837919791161,9.53213917424073,5.9803545375987,6.27057098848987,7.00008128521487,5.90673743821909,4.85602118598627,5.944504734887609,4.77596311408743,7.11155930122441,6.496324667666871,5.24745247806406,8.05370533763383,7.03996526482286,6.55358304704655,6.395926030220119,6.075664434511969,5.763018619663281,5.6172632221275,2.560246534648375,1.34559341297381,0.200511971124669,0.0,0.0,0.0,0.0,0.0,0.0,0.0,0.0,0.0,196.14506
C([C@H]([C@H]([C@@H]([C@H](CO)O)O)O)O)O,200.84435,0.0,0.0,0.0,0.0,0.0,0.0,0.0,0.0,0.300810527323961,2.0404075323536,2.1879150213557095,1.4324188872085513,1.59525165306108,2.27735525047506,4.768586193302435,4.473742017106881,4.81531287464548,3.67686757013199,7.7683313461008,16.3701792768107,14.8521280327728,14.1190172099386,11.714124086864098,8.69233973432579,8.88771236198197,6.88632000807597,5.05823219023944,7.54632213543701,7.2069265791148,4.69379366395725,5.493714612716889,5.09209229993375,5.06033604963,6.78862465062943,5.94578517800524,3.719585204639933,5.325588671250612,5.8709065223444785,7.240025197257188,5.486858272216542,2.49794293129659,0.958796257495388,0.0,0.0,0.0,0.0,0.0,0.0,0.0,0.0,0.0,208.16751
C(=O)O,72.17864,0.0,0.0,0.0,0.0,0.0,0.0,0.3405562170169728,1.4621266025931163,0.119459148895738,1.35015367748692,1.7697837250917994,0.7454233358556388,0.0419072930598184,0.296806137345286,0.8352455599680961,2.860036248993697,3.88521368154823,2.19730372172523,1.94808688792699,1.5787609072061,2.36086442654235,2.63064897891874,3.6104077927407094,3.0598293346012997,2.50790783677511,3.18480364331609,1.1580305916499505,2.61259879168755,2.61900474806427,3.03281325499118,2.1025831115471507,1.21251409131907,4.8430062794747,3.3880783944123,3.52819658708957,6.4522176279770544,3.184378628539853,1.2087453228918268,0.0511474127476034,9.159329097401923e-17,0.0,0.0,0.0,0.0,0.0,0.0,0.0,0.0,0.0,0.0,0.0,53.34661
CC(=O)O,92.54447,0.0,0.0,0.0,0.0,0.0,0.0,0.0,0.571057926802904,1.1954320731971,0.100433312167518,1.3874235858202777,1.37511396932854,0.789162091741632,0.194887040942024,0.2918880446364708,0.5266097334778905,1.13291385235089,1.30059089076049,5.14701852937172,5.65288190305758,5.3596252996676,5.93738439186962,5.122441094729612,9.960735020584956,6.682014574294179,2.53101188909715,2.47804895737397,0.9600477563629872,3.42560646035797,2.75223900653835,3.0548923066061997,1.58207112465429,1.48186021571312,5.60260150566286,2.99092800470544,3.724699892087014,5.667900608767171,2.9993197593916294,0.5656291778808202,9.74434142413518e-16,0.0,0.0,0.0,0.0,0.0,0.0,0.0,0.0,0.0,0.0,0.0,74.68827
CCC(=O)O,111.51106999999998,0.0,0.0,0.0,0.0,0.0,0.0,0.0,0.4440594545527285,1.28228535745217,0.0700816428282457,1.256985175967878,1.3716953454125598,0.9498454882350646,0.238557535551342,0.2467211646447,0.3901943909620278,1.1847327727151,0.771671699568947,2.46525679268211,5.15631903374871,4.73409496076458,8.79618600624761,10.7323470298929,12.053924601925498,8.39340141236906,6.14193108714146,8.75524061206541,2.5129645352594703,3.32749751344867,3.02958023118977,3.08585439901779,2.44523940530059,1.46393790412207,4.58140199370353,3.22722081773422,3.4477988947933644,5.930637265383839,2.752681060594301,0.2707244147242567,4.441195924656438e-16,0.0,0.0,0.0,0.0,0.0,0.0,0.0,0.0,0.0,0.0,0.0,96.20377
CCCCCCCCCC(=O)O,250.63080000000016,0.0,0.0,0.0,0.0,0.0,0.0,0.0,0.1822908227159103,1.27505659797061,0.309142579313486,0.7590188320258843,1.4688508943011087,1.2228660105495504,0.386562854690377,0.1981468237685003,0.3565599580651977,0.949609896900533,0.903695560301481,1.13920199889611,4.65656576031237,4.2434146381114,5.36088669679158,16.331311264004512,39.0672030545738,46.7138063936775,35.7612320596802,26.1539625720732,21.699772838259097,11.5537470561501,2.72131223193851,3.617977679411599,1.89147119056968,1.90947490539506,5.19619791976273,2.51354125208963,4.7141522607920505,5.388038656179427,1.911637795724762,0.0740909450041984,1.3022288310537854e-16,0.0,0.0,0.0,0.0,0.0,0.0,0.0,0.0,0.0,0.0,0.0,246.86411
CCCC(=O)O,131.21552000000003,0.0,0.0,0.0,0.0,0.0,0.0,0.0,0.1805845360604883,1.27478805249131,0.311117411448204,0.7538400301828603,1.4879760809643288,1.2067166640533304,0.394130573016741,0.1975791583071623,0.3575946985225977,0.956596617560953,0.907855643679629,1.13741717840637,4.77921542081679,4.36506783268455,6.81784800724259,15.8198424236822,16.1063168656682,13.3648254883533,10.4276662554874,10.1393912591743,6.511472932044869,3.93328153980567,2.69516743783896,3.584717026915209,1.80744086559201,2.05497305104235,5.09402554678369,2.56743223052156,4.667828381180531,5.368110822339157,1.873705304140422,0.0709946639923094,1.177207568027568e-16,0.0,0.0,0.0,0.0,0.0,0.0,0.0,0.0,0.0,0.0,0.0,117.70778
CCC(C)C(=O)O,146.35229999999996,0.0,0.0,0.0,0.0,0.0,0.0,0.0,0.3463773156502498,1.32930774895682,0.0908049353929263,1.0607222477086284,1.484527629824829,1.0672248085567606,0.234545313909787,0.225772164886292,0.3834060636370127,1.12030759210384,0.800703132169315,0.453176070506851,1.05086895144179,4.23162732642516,11.8598518461358,16.5366657143951,18.244770405788,17.2654400670676,16.0771307639083,11.826451896346402,7.389120833064448,3.45514191835061,3.46787156783619,3.1379808865692302,2.45751601031151,2.08302539934534,3.62154786908457,3.00513359522203,2.662627017245886,6.231862419952319,2.8751309871566115,0.2756595010497516,4.66949112210493e-16,0.0,0.0,0.0,0.0,0.0,0.0,0.0,0.0,0.0,0.0,0.0,139.89079
CCCCC(=O)O,151.2623000000001,0.0,0.0,0.0,0.0,0.0,0.0,0.0,0.1726707308534114,1.27357184754784,0.32024742159875,0.7248147176999912,1.4991832371076086,1.2178306712492803,0.39753141877765,0.1981366829350303,0.3566997642037577,0.94163910370527,0.913108613578162,1.13971707622682,4.72617542399677,4.35503748816825,5.58685530500057,16.774788459773703,21.0082521832499,19.7359571188279,12.801891159168,12.0289189130079,10.524654490943496,4.69067021593058,2.73049851743507,3.591844689791229,1.85340474922314,1.93790744385329,5.18260358893908,2.4606310303846,4.746022414405151,5.363352803927328,1.915861634579722,0.0918210839108345,1.527817611113412e-16,0.0,0.0,0.0,0.0,0.0,0.0,0.0,0.0,0.0,0.0,0.0,140.14604
CCCCCCCCC(=O)O,227.27126,0.0,0.0,0.0,0.0,0.0,0.0,0.0,0.1733057667090534,1.27816924577754,0.315014987513408,0.7118640721024313,1.5048817381133988,1.2340792984180005,0.393483680176709,0.1959092332799513,0.3549316731731977,0.932852235462562,0.920381649002248,1.63329510182126,4.15659028991598,4.17486207500756,5.0176568225376,13.94559922301691,35.3508940978381,39.6733008693071,30.1865398956363,26.5004565834145,20.578881303102097,9.2760285152519,3.13324013545644,3.0726202856322,1.99343492683996,1.89266973561297,5.18975042389072,3.04940517981938,3.988817230585613,5.1921687031078365,1.2501750224770336,2.056418288164468e-15,0.0,0.0,0.0,0.0,0.0,0.0,0.0,0.0,0.0,0.0,0.0,0.0,227.06377
CC(C)C(=O)O,128.74000999999996,0.0,0.0,0.0,0.0,0.0,0.0,0.0,0.4166085722119245,1.26048099868817,0.0894004290999057,1.249930319570858,1.3872792091300998,0.9398510007014608,0.26995947059758,0.239062604112008,0.3816236382583037,1.23485108090397,0.680886789813683,0.4767697805793,1.7597423167045,5.06797929665761,12.1613187239587,14.0140733393834,14.0744901162266,12.9680135668698,10.8089321648197,12.3020668122499,4.416949890521559,2.78898132871482,2.8076252201813,3.736556609875549,3.03935711981631,1.10979559586073,4.5723947345434,2.62799535603623,2.6976618449301064,6.184359092868478,2.669442548301332,0.3055704278126709,5.166949659320501e-16,0.0,0.0,0.0,0.0,0.0,0.0,0.0,0.0,0.0,0.0,0.0,118.6311
CC(C)CC(=O)O,147.15669999999994,0.0,0.0,0.0,0.0,0.0,0.0,0.0,0.2077679233571482,1.27729214827483,0.281429928368024,0.861200049479393,1.5240347433822088,1.0576189741118809,0.404166233026518,0.2193116195133013,0.3673521944637507,0.977605672749343,0.928228405903987,2.0168928651608,3.24063483100721,4.16269863218739,6.33324721388274,15.418483350439702,19.4527667215579,17.8102536818295,11.5432792593045,12.6806225671704,13.155053068103395,4.67957353561335,3.16637212461236,3.3793232770502,1.41420636969652,1.89809779424665,5.18842101763995,2.83647595310168,4.020372605652322,5.148317335620158,1.505599903492843,2.557642737178548e-15,0.0,0.0,0.0,0.0,0.0,0.0,0.0,0.0,0.0,0.0,0.0,0.0,140.30823
CCCCCC(=O)O,167.27598000000006,0.0,0.0,0.0,0.0,0.0,0.0,0.0,0.1779153372009753,1.27699021778946,0.311584445009563,0.7275500556493133,1.4968499256446888,1.2295584541901303,0.385525016659245,0.2036155207786863,0.3541130865674107,0.936798015521079,0.928737492976922,1.57418893433692,4.17448107962085,4.14865612585589,5.59176974653166,13.420668219154903,23.3357886609824,25.270186773335297,16.7194875579711,18.4814147094805,12.360291676649297,5.48575132897648,3.04268958185114,3.01671510554733,1.90981157531276,2.04207223402071,5.33780298449512,3.0213305491877,3.8482417647302825,5.292253617530596,1.1731402064416747,1.967704865687272e-15,0.0,0.0,0.0,0.0,0.0,0.0,0.0,0.0,0.0,0.0,0.0,0.0,161.23164
C1CC(CCC1C(=O)O)C(=O)O,187.03585000000004,0.0,0.0,0.0,0.0,0.0,0.0,0.0005525358260673,1.0787207135640762,2.25864979208776,0.261434851084376,2.4011540007487167,2.17452633843085,1.689995044140161,1.38605765256362,0.8556499607297909,1.2602898148620894,2.55729397137358,3.04568949447016,6.58127981563889,5.71076620191121,8.47188824560048,15.1475446900694,16.7297809427224,17.3245737117568,14.5418340836873,11.5101358171133,7.072850971307641,3.5184506821751307,5.44230860086069,4.68620136953472,3.580744214807761,5.09470325322185,4.34765026449891,7.17181507853831,6.4611670615776,7.546198049394175,10.640818252495976,3.991557475722033,1.921201168402774,0.5723658790814262,0.0,0.0,0.0,0.0,0.0,0.0,0.0,0.0,0.0,0.0,0.0,201.66251
CCCCCCCC(=O)O,207.11433,0.0,0.0,0.0,0.0,0.0,0.0,0.0,0.1868696740824543,1.28755225778812,0.292068068129424,0.7374526270807282,1.6731085712992484,1.034052148555751,0.402406653064272,0.2646094244538472,0.3661374013406568,0.829060688304782,1.0189542137036,0.908031953093132,4.01682213239821,3.84420022743662,5.99959967921462,17.523156688553506,33.0815958907664,33.6326614876284,25.556668493328,22.1184202139746,15.653526551478995,6.91373402881014,2.98197663568264,2.4211308470603305,2.13556927659735,3.43969495048218,4.13142110792618,1.64177567515539,2.9664432809659855,6.06709599563665,3.0303994964783607,0.906417440944299,0.0517162185851687,0.0,0.0,0.0,0.0,0.0,0.0,0.0,0.0,0.0,0.0,0.0,205.1834
CCCCCCCCCCC(=O)O,270.25701999999995,0.0,0.0,0.0,0.0,0.0,0.242087013277179,0.6826624701573555,1.1925409571512282,0.300601170475602,0.416170857947373,1.7903759304219875,1.1467326505134612,0.1466989500558126,0.505266338565358,0.6595623179020687,1.846580419053598,1.16580013621761,2.50845625079197,4.09167951369012,3.7435139386032,4.35120743580204,4.52136622094358,19.43263809311141,40.1827552293505,46.6785632639979,36.0347723111591,28.689383152298905,21.034121064477695,14.9861469616521,2.03904993289562,2.28288761419957,2.81558515690475,0.958358653099282,2.82464315308367,4.26465729124078,6.683303048910399,6.423897862214129,3.167411784696771,2.019359229849622,0.4281836252882149,0.0,0.0,0.0,0.0,0.0,0.0,0.0,0.0,0.0,0.0,0.0,271.61957
C1CCC(C1)CC(=O)O,170.17235000000016,0.0,0.0,0.0,0.0,0.0,0.217694703887751,0.7118209065907102,1.2099043895215382,0.280478768517474,0.345346872031866,1.960533325706317,1.1588030841603814,0.1369179495839619,0.325715870148586,0.5865616833928216,2.0269799390248076,1.15390335120181,2.52127445979602,3.76506001246845,3.46971814647135,3.82372578660769,4.31580984161,15.366351655454103,21.7937560393963,25.133770527750094,15.889767609087,12.0587752841002,13.576789933508596,5.88039972669762,1.99874830873464,2.3586122806535395,2.00578809016607,1.400641077056,3.37459105098221,4.03821350117649,6.705502426012599,5.594479169328769,2.571301353773211,1.941839100793111,0.4727737746080677,0.0,0.0,0.0,0.0,0.0,0.0,0.0,0.0,0.0,0.0,0.0,169.84337
CCCCCCCCCCCC(=O)O,290.3567800000002,0.0,0.0,0.0,0.0,0.0,0.0,0.0,0.1774452932325073,1.2742241298522,0.314820576915299,0.7321984726595263,1.4951138015635987,1.2176377332907704,0.392884773500716,0.1979835599818553,0.3584266160046717,0.938942225077558,0.913446459950847,1.13193292438243,4.66514495847986,4.25411675732371,5.3731478147202,16.647939196848412,45.08809411999341,57.6410057679855,45.234613679237,32.6167322019175,24.945223926284296,14.8022838278251,2.74314215797258,3.6041950794041897,1.88120174696382,1.89466805036647,5.20814214074202,2.4792888099997,4.745533275000221,5.388821060831858,1.918464764339752,0.0799640973525748,1.4485371150489523e-16,0.0,0.0,0.0,0.0,0.0,0.0,0.0,0.0,0.0,0.0,0.0,290.98203
CCCCCCCCCCCCC(=O)O,310.44077000000004,0.0,0.0,0.0,0.0,0.0,0.209785971518803,0.6960582227744824,1.1943058057067082,0.305521517883611,0.681841122898779,1.4897690523574287,1.1859929441019506,0.2043356790576747,0.444054470105614,1.0017525473709792,1.606992546560309,1.05886137576724,2.65346669748359,3.93488886916179,3.83245704044922,4.224669888769,4.50577404888083,20.12030622946311,46.69682417668481,57.3318167388663,44.4927022646218,35.3225862245549,24.493649069815397,18.8312043054201,2.05491484656444,2.27794562195605,2.80639973867323,0.92859764233395,2.90124213297536,4.28119170710581,6.660351344786009,6.404312124995099,3.1320051820176915,2.0402314282652116,0.4339614200527447,0.0,0.0,0.0,0.0,0.0,0.0,0.0,0.0,0.0,0.0,0.0,315.59163
CCCCCCCCCCCCCC(=O)O,330.28156000000007,0.0,0.0,0.0,0.0,0.0,0.0462772425845475,0.641018437515269,1.389497589141237,0.269879586580254,0.545507525488652,1.655384144211128,1.152116215919891,0.6398792585590218,0.204765224484217,0.4814272537345584,1.9611139855971775,1.25045388412214,2.50322191883023,4.28874142285459,3.44372954385491,4.44418040352638,4.41141184466362,20.423000974859516,49.577547585256006,62.5484696252379,49.0417755711844,39.4829696615576,25.654466291170497,20.3108746187301,1.79910121182301,1.99555651779917,2.55279226792084,1.93774193848172,3.10417103890932,3.43082513944277,7.420617143507057,6.0719470549505905,3.2431234063848,1.9368501177584023,0.4211243533585475,0.0,0.0,0.0,0.0,0.0,0.0,0.0,0.0,0.0,0.0,0.0,337.50582
CCCCCCCCCCCCCCCC(=O)O,370.3965900000002,0.0,0.0,0.0,0.0,0.0,0.0952277220219979,0.694843264948433,1.294466590693268,0.333546735031761,0.861713191485115,1.1040219628057295,1.3993165758039896,0.2658215148545111,0.270831467563883,1.2548095201355185,1.3804532154844198,1.20628818138649,2.33395832303503,4.26497974148729,3.81296737185309,4.21663727378684,4.49769340363673,21.243442186043215,56.31448056724491,73.5495600021823,56.4978830174869,46.5082904415213,29.358707880530098,23.6009936745103,1.98618629486563,2.09655298778581,2.6658261641508,1.59641708346474,3.07907236790139,3.80616179180416,6.6336513224477,6.522340903602719,3.2033643954339515,1.9953324061961224,0.4507504568139967,0.0,0.0,0.0,0.0,0.0,0.0,0.0,0.0,0.0,0.0,0.0,381.66917
C/C=C\C(=O)O,125.16014000000004,0.0,0.0,0.0,0.0,0.0,0.0,0.0,0.0443891554468212,1.30924859273037,0.412862251822809,0.3250054413129631,1.8069022093573173,1.104572383763221,0.532312202020221,0.2227784499838775,0.3474136145979268,0.707931126494439,0.957020315161265,2.66075219595943,5.80298044017644,9.75970208211346,7.87443997990757,6.761727464430031,8.40943332221689,9.72706828597903,13.047872821544,9.080871408195012,7.46373235394775,6.98865237994856,3.87018288604622,3.97416382465758,1.82179145127476,1.6069363631761,6.02445209452157,3.57286561239576,2.825321181141123,4.531032061969509,1.4673679795873409,0.1183580681206582,2.096634276660404e-16,0.0,0.0,0.0,0.0,0.0,0.0,0.0,0.0,0.0,0.0,0.0,110.46848
C/C=C/C(=O)O,127.61324,0.0,0.0,0.0,0.0,0.0,0.0,0.0,0.4995868948544383,1.22314042112231,0.0437626840232487,1.294437280568978,1.3684640564252997,0.9242276735743928,0.240260989431333,0.2754665816036339,0.3696637729739788,1.05508532712995,1.09698443330779,2.33914828994028,8.5031309783364,9.52443159389408,8.89863613083067,8.01069470471065,7.399808315692252,11.5341728501478,10.7921089246099,7.525564009236201,5.335960622305901,6.50222921474592,4.96637791047015,3.833959061389031,1.54921833236475,1.54772403621033,4.3292980441666,5.0192214292639,1.0801884799165182,5.7879700707842545,4.342037404536355,0.4002794814326878,6.790269508809776e-16,0.0,0.0,0.0,0.0,0.0,0.0,0.0,0.0,0.0,0.0,0.0,111.89831
CCCCCCCCCCCCCCCCCC(=O)O,410.07429,0.0,0.0,0.0,0.0,0.0,0.084146565644991,0.6910459789024079,1.3188690340586178,0.299092401634426,0.643837835684969,1.4213556440903687,1.2371796740824703,0.2766850064207286,0.435451522845291,0.7577111228995544,1.7726711299091682,1.35718959847546,2.33156239929724,4.25385621998869,3.47835114014292,4.49521560758915,4.54127236677315,22.25274483832022,62.920961281554504,83.0060802751426,65.504777073996,53.0151367683882,31.992831931903797,27.7549407969825,2.10523983394701,2.08658187106649,2.68409600401574,1.56803558098866,3.24777236226534,3.68698296944037,7.066884361478289,6.29969920553857,3.160960621120991,1.9183611755942824,0.4067097998169026,0.0,0.0,0.0,0.0,0.0,0.0,0.0,0.0,0.0,0.0,0.0,425.42406
C=CC(=O)O,107.21384,0.0,0.0,0.0,0.0,0.0,0.0,0.0208709817261454,1.165361896388286,0.580267121885563,0.480046573145135,1.557031277193148,1.3187040615312904,0.4134636121974655,0.151898389098084,0.3865866737356426,0.7795826016673824,1.15661030806255,3.51780556113494,6.22532055486906,5.2336677790215,3.89510454473387,4.27238356011105,5.280031910180851,6.479267702507551,9.01615295073997,6.46482079977309,4.92958479577827,5.414934974818671,7.19873489161529,6.36771323086619,2.016507048789464,1.37487256993728,2.27401911972364,5.60574557156094,2.6947927803055,2.270962136441908,6.7803329380882635,1.829138217205077,0.0615228651669411,1.0831467355231227e-16,0.0,0.0,0.0,0.0,0.0,0.0,0.0,0.0,0.0,0.0,0.0,90.85826
CC(=C)C(=O)O,124.43878999999993,0.0,0.0,0.0,0.0,0.0,0.0,0.0,0.7492308045680375,1.01725919543196,0.0,1.7124572427797369,1.2726205224607308,0.682891417415629,0.192762559203288,0.3235681736587528,0.5144039115751516,1.06565762219102,1.26154556146059,2.49062242369793,5.24402392566353,7.47595102971494,7.68883659268053,7.348410601864652,10.4891130665896,11.4520537068835,11.5148199457306,8.53607001868102,5.264646194438441,6.79223163599548,5.72986513962469,3.650891389995932,1.7514751806636,3.07598840567824,4.2275687360349,2.04039216980316,1.8630956524756983,6.741104082959114,2.1546981517455963,0.1145349383338625,1.922161213303213e-16,0.0,0.0,0.0,0.0,0.0,0.0,0.0,0.0,0.0,0.0,0.0,112.36254
CCCCCCCC/C=C\CCCCCCCC(=O)O,401.43616000000026,0.0,0.0,0.0,0.0,0.0,0.0,0.0,0.1887080245191853,1.27628283717972,0.301499138301098,0.7672311870797363,1.4693152987428986,1.2195688066211905,0.38416794979455,0.1957819972516843,0.3583646668792627,0.953060332565708,0.901050011419373,1.21828445082648,4.82533053112656,4.14824708602886,7.78409630840253,31.237628481405817,68.5123030735074,79.3885867649048,59.9957029568213,38.645086698983306,35.49993109047289,18.0952203067351,5.53553577035496,6.481663206438739,5.6187280495753,4.21092136143715,7.1153685930243,2.90473498012496,4.8189223878539105,5.323934689315198,1.9575412795175016,0.1033616827887631,1.7842758729006362e-16,0.0,0.0,0.0,0.0,0.0,0.0,0.0,0.0,0.0,0.0,0.0,420.14428
CCCCC/C=C\C/C=C\CCCCCCCC(=O)O,396.45080000000024,0.0,0.0,0.0,0.0,0.0,0.0,0.0,0.1810981126930584,1.27606654419917,0.309325343107774,0.7348840722503842,1.4952325660102086,1.2193392570535804,0.393954134556233,0.1945214352769103,0.3588210624041127,0.943720125828608,0.910293056357782,1.23269812017319,4.82738718187785,6.89985764231821,15.6682082198799,36.083934299154514,67.8806477852872,66.0410044504365,50.7188473043699,34.9571795542773,33.647922365965094,14.5592851141992,8.14826329533035,9.972705034043567,8.82780605884519,6.53346961235049,7.73964590363151,2.53525300942074,4.729742975635431,5.389227946493919,1.954894160039942,0.0855642565324213,1.4382133884490588e-16,0.0,0.0,0.0,0.0,0.0,0.0,0.0,0.0,0.0,0.0,0.0,413.91346
C1=CC=C(C=C1)C(=O)O,153.31237000000004,0.0,0.0,0.0,0.0,0.0,0.0,0.0,1.0723469531284362,0.69414304687156,0.151955480185988,1.803920921780377,1.1857546325425912,0.573460888861444,0.18137705521544,0.3677112642635646,0.6689781360054444,0.969669146770891,1.21985044940872,7.92555315304731,11.2300377294457,9.16530828187052,6.1613306426508,7.65921498127935,6.953097266315602,10.4124579155784,7.36212205540559,11.7708047021362,9.796789045975284,14.2131516670352,12.0736908649456,9.376306055369252,1.94656395405063,3.01823761656851,3.88457717242372,0.963448825366734,3.4396108238397645,6.032405318170712,1.0384939534907074,1.794229700220314e-15,0.0,0.0,0.0,0.0,0.0,0.0,0.0,0.0,0.0,0.0,0.0,0.0,146.51653
CC1=CC=CC=C1C(=O)O,168.2375599999998,0.0,0.0,0.0,0.0,0.0,0.0,0.0,0.6649799897047207,0.912786386275905,0.256670188087002,1.6810402812889575,0.8093145796322294,0.9796998598931596,0.235657163725349,0.3326024903021058,0.4014271567926619,1.0443433754545,0.91660731181637,3.98119871103045,8.43512695598009,12.0573779179347,10.5123742319803,9.69814032651137,9.478292832043993,11.9425439916023,15.486731108789,12.8542038512231,11.9062990616126,12.4787099875466,12.2140806195701,9.470369633515253,3.79064996737919,1.73919034430101,2.87316102719613,1.11126724576922,2.3840774785398064,6.113884886166104,1.4195407976891463,0.0552102406463948,9.608736971963779e-17,0.0,0.0,0.0,0.0,0.0,0.0,0.0,0.0,0.0,0.0,0.0,166.24598
CC1=CC=C(C=C1)C(=O)O,172.72386000000023,0.0,0.0,0.0,0.0,0.0,0.0,0.0,0.7904863980764493,0.976003601923549,0.0,1.6894529326645769,1.1972671217377509,0.7590147728871468,0.217361903028607,0.3176747797108088,0.4911848351254237,1.06108730249139,0.824080741698867,3.48460182915061,9.32839089201872,13.8772082930202,11.0094995191488,9.05624689528449,10.620073726678802,15.1117180056881,13.8471190976213,10.7786250727034,11.2387321331917,12.7261452300411,13.0378132984722,8.850188305398014,2.44082025182307,2.73364186276936,3.97661878953171,1.60810697173346,2.103749484662458,6.763989269442702,1.7025150064530077,0.1044416758224496,1.7490095795504398e-16,0.0,0.0,0.0,0.0,0.0,0.0,0.0,0.0,0.0,0.0,0.0,168.78169
C1=CC=C(C(=C1)C(=O)O)O,158.69257000000005,0.0,0.0,0.0,0.0,0.0,0.0,0.3233557968075699,1.215466808695517,0.398088832474518,1.09329932059179,1.2973452244668595,0.9363058856369146,0.2458835152497091,0.29509610242323,0.7474157713836532,0.9863445528525436,0.670580931029843,0.580638454715997,5.04392284718198,9.17782547388015,8.66042403816182,6.97234767869262,8.238023835991262,10.534959963874,8.71999298107261,10.048975074348,15.489180457153898,13.4073856168299,13.0807578629106,13.5106751482201,4.725640035641108,5.49831425789116,4.47578783938529,2.91591354652291,5.31954537367886,3.5149992674995247,0.568077504736116,1.94597693349449e-15,0.0,0.0,0.0,0.0,0.0,0.0,0.0,0.0,0.0,0.0,0.0,0.0,0.0,156.46168
C(CCC(=O)O)CC(=O)O,184.4877,0.0,0.0,0.0,0.0,0.0,0.0359778112685403,0.5548968629801903,1.656472370537216,1.63417646852524,0.677961545728879,2.600376234847727,2.9459399417170897,1.4731168786212228,0.523240379185698,0.5900065123898299,2.3752482586766868,2.27657424309646,3.52208547037053,6.2890869256735,9.37715986118782,9.70788165700475,15.3136309378835,18.921993707010397,13.310520760190196,8.887263773109,6.34587036806318,4.98122934229793,2.5584113755011915,5.50880989005783,4.27033637844251,6.265614494010948,3.43159195323793,4.68317515238704,8.76887406497518,6.9178906159889,10.9517550304739,11.16577706359258,4.770561396696892,1.1053969022933363,0.08879537197616,0.0,0.0,0.0,0.0,0.0,0.0,0.0,0.0,0.0,0.0,0.0,177.26244
C(=C\C(=O)O)\C(=O)O,138.95972000000006,0.0,0.0,0.0,0.0,0.0,0.0,1.055343146090416,2.3951833246592855,0.814720113333128,2.16264268260759,2.824591972695299,1.713931504850852,0.3302344178287403,0.513943879674334,1.6169339044770383,3.8204893158194966,5.55070764772064,5.49292737857452,3.54180920448466,2.70630884893679,3.55311160874805,4.8615184151974,6.20080643598506,5.264522578543919,3.5724860432612404,6.53337598658391,10.9055836168008,8.169755364124859,4.66964635840229,4.72349742704714,4.24656252218296,5.69612446104775,8.16429278138872,2.94490141648215,5.41481495557733,12.240747589616287,6.0533154360104335,1.2048896612469564,2.147358360459359e-15,0.0,0.0,0.0,0.0,0.0,0.0,0.0,0.0,0.0,0.0,0.0,0.0,127.72212
C1=CC=C(C(=C1)C(=O)O)C(=O)O,182.33704000000003,0.0,0.0,0.0,0.0,0.0,0.0,0.5075428723240862,2.806863382797492,0.336353744878412,1.85716021685482,3.0558146980147476,2.035205085130432,0.5334987935487375,0.623575841970637,0.7350758766951958,2.3022680723421174,1.54986446764164,5.61908525167566,10.3048597548809,8.2097363852422,5.73132312576316,5.90975298458333,9.06820892806422,8.38764161858,7.56291395747282,8.09810829641084,11.4749647683052,17.6532693445167,16.337691885035,8.79046700027997,4.241001105093634,4.21884769115462,6.76315049820225,3.91459768697889,4.83683543870721,10.439223087221697,7.16175996102991,1.2703781786034902,2.2577820338354983e-15,0.0,0.0,0.0,0.0,0.0,0.0,0.0,0.0,0.0,0.0,0.0,0.0,183.27373
CC(=O)OO,103.31502999999998,0.0,0.0,0.0,0.0,0.0,0.0,0.0,0.0,0.0,0.0,0.0,0.1190938701898318,0.5581736145947114,0.493422424721973,0.7248967848004526,0.5849894255398922,0.224519934005734,5.23400504100905,6.86271480380818,8.57936955148301,5.58364648615426,7.79554843818211,9.771002155940767,3.8739603421354696,3.19768450948756,3.22710783526209,4.07444638892669,1.8152548374860604,2.95868910450973,5.32590758502461,7.282857127583958,5.67042563540988,4.7417533947271,5.88368033829144,5.33363730054228,3.2217570716197947,0.1764859985633393,5.983324354416787e-16,0.0,0.0,0.0,0.0,0.0,0.0,0.0,0.0,0.0,0.0,0.0,0.0,0.0,85.71992
CC(=O)OC(=O)C,138.94207999999992,0.0,0.0,0.0,0.0,0.0,0.0,0.0,0.0,0.0,0.0,0.0,0.0,0.0,0.0,0.0,0.0,0.378057361119662,4.4471313933816,8.12928903862035,13.0615468514395,12.1937353783438,12.0381018571791,14.9436911869111,15.153674352905997,7.221478874060619,3.35077038955912,1.9645081280245904,4.144402418212579,2.23617138309421,3.08399065056315,2.6970441446182205,2.46044649026213,3.51691713581066,3.11644034527374,5.2967305962184,9.927494825317602,5.469182747110309,2.260420574757981,1.8504968433073408,0.0003570339081362,0.0,0.0,0.0,0.0,0.0,0.0,0.0,0.0,0.0,0.0,0.0,123.68536
CCC(=O)OC(=O)CC,176.2188500000001,0.0,0.0,0.0,0.0,0.0,0.0,0.0,0.0,0.0,0.0,0.0,0.0,0.0,0.0,0.0,0.0,0.0,0.33611568712065,7.61706332182193,8.87113472397596,13.2625548337323,17.927643285967,23.7343423537631,20.5026934602878,11.2428783516195,11.3466007084811,14.1886830539429,6.006727773381508,2.71504698133609,2.61468035372138,2.86921695455746,3.96258593371942,2.25259586611372,3.09724051864811,4.91721804217501,9.720318444593682,4.707158524930272,2.3401908728491985,1.986159953262011,3.4541780151301285e-15,0.0,0.0,0.0,0.0,0.0,0.0,0.0,0.0,0.0,0.0,0.0,165.5049
CCCC(=O)OC(=O)CCC,215.92086999999992,0.0,0.0,0.0,0.0,0.0,0.0,0.0,0.0,0.0,0.0,0.0,0.0,0.0,0.0,0.0,0.0,0.0,0.956620166622828,7.03858646526476,7.38166581497398,10.9992594853963,18.5319925420203,29.8189551725073,27.334719577035095,18.0825230521071,19.7284896310416,18.0208753487238,14.247269928841195,3.74074766668041,3.32536743319669,3.0531507531681603,4.48830554535292,2.12160486790913,3.2611205807984,7.15771605913275,10.66681717123329,5.481538626955092,0.4835441110388254,8.493650873356068e-16,0.0,0.0,0.0,0.0,0.0,0.0,0.0,0.0,0.0,0.0,0.0,0.0,209.48343
C1CC(=O)OC(=O)C1,137.23429999999996,0.0,0.0,0.0,0.0,0.0,0.0,0.0,0.0,0.0,0.0,0.0,0.0,0.0,0.0,0.0,0.9003864892234315,4.44666049108053,7.72241571682512,12.6661006473677,14.9343987593814,11.9666400923068,10.0788339523295,7.803030772521699,5.811888415216229,3.30144849935091,2.9361073835371,2.46439923889848,0.7724083163269485,2.09644704516998,2.88462719902412,2.4350304331900703,4.02227637652167,4.55323728969945,6.344796346574,13.0248438330059,8.699771571613645,6.136238718107993,1.232312412727267,2.1293260039532788e-15,0.0,0.0,0.0,0.0,0.0,0.0,0.0,0.0,0.0,0.0,0.0,0.0,128.27495
C1=CC=C2C(=C1)C(=O)OC2=O,164.59188000000006,0.0,0.0,0.0,0.0,0.0,0.0,0.0,0.0,0.0,0.0,0.0,0.0,0.0,0.0,0.0,0.1199126285551397,4.08307946576192,11.1248183708341,11.3748099489812,7.05378391650001,8.06055080891737,10.6522438403634,6.826093488572222,11.7456998635779,12.5057495396964,9.12720498603831,12.6303357045108,8.382686083143048,3.26613004336254,2.3936628339583,5.536810913548357,8.21634342387838,7.36854192190149,10.4387483785955,9.30390482420636,3.809159194259684,0.571609820837618,1.986181034582774e-15,0.0,0.0,0.0,0.0,0.0,0.0,0.0,0.0,0.0,0.0,0.0,0.0,0.0,161.05863
C1=CC(=O)OC1=O,117.31983999999996,0.0,0.0,0.0,0.0,0.0,0.0,0.0,0.0,0.0,0.0,0.0,0.0,0.0,0.838314181742218,5.707070542526012,4.034374168662323,2.42635446469061,2.96237404135099,7.18965074702177,6.51330268477378,7.18972806690386,8.59201859079259,5.09290829389534,6.050415133023718,2.81767417405412,2.70483352632319,1.5487275598514405,3.12856013238416,3.56648874611477,5.14130375327344,4.85857451729267,7.50471495552779,8.38840830142981,11.0860376521598,7.55270557915078,2.387068553066246,0.038231633988545,1.3365813902695706e-16,0.0,0.0,0.0,0.0,0.0,0.0,0.0,0.0,0.0,0.0,0.0,0.0,0.0,103.44507
C1=CC2=C(C=C1C(=O)O)C(=O)OC2=O,194.57396999999995,0.0,0.0,0.0,0.0,0.651290742088864,1.08230112009617,0.3154619869812776,0.8019307655322393,1.42992513743797,1.16816024032617,0.7954089377725326,0.6072520953923993,1.3450469132493386,1.62349019651964,1.054801541172491,3.111387327740877,5.53896498178685,6.10637926680492,6.24722003425365,7.27277692829656,10.0814436176155,10.4864123689153,17.2038770437729,15.4545292212697,10.636150283958898,3.38683040110361,3.87900798929194,5.20838854738645,4.84952095424863,6.57079572240232,9.389598221534568,9.70479122987636,11.7986443230047,15.8147490700658,11.0568952345198,6.465641816776842,2.014528058539147,1.2288124086355026,0.1915552716300708,3.2802748808117013e-16,0.0,0.0,0.0,0.0,0.0,0.0,0.0,0.0,0.0,0.0,0.0,196.30729
COC=O,93.46326999999998,0.0,0.0,0.0,0.0,0.0,0.0,0.0,0.0,0.0,0.0,0.0,0.0,0.0,0.0,0.0,0.2016160091576726,2.79256840847165,2.93099991378219,4.81131366137835,7.97247998800059,6.97507615344846,7.20202016069549,10.2741289619559,7.710680421182229,3.3359310443793504,4.49160109299169,3.26497788900058,1.4033211460337505,2.59275725695674,1.95077937927016,2.5556549733413996,3.12780612937486,2.16353431481817,4.24558258277951,1.64237029164192,4.9473462506291,4.781041133157669,1.7139958421877006,0.3756869953648464,6.764159609825496e-16,0.0,0.0,0.0,0.0,0.0,0.0,0.0,0.0,0.0,0.0,0.0,76.24227
CCOC=O,113.59910000000002,0.0,0.0,0.0,0.0,0.0,0.0,0.0,0.0,0.0,0.0,0.0,0.0,0.0,0.0,0.0,0.0,2.26735226251592,2.85254310138588,1.79735808945304,5.31566151105804,10.1063029925057,13.0206532431562,12.175236838265,10.678744359065298,7.609397570145771,10.1264930480824,5.308048227872451,1.4641757320093507,2.90636182418789,2.08887781245508,2.08099421997279,3.55292305972853,2.11478423070306,3.7001888138826,2.10026203364703,4.531897634369091,5.147997851917729,2.1586380390834803,0.4942075045377029,8.846625900837911e-16,0.0,0.0,0.0,0.0,0.0,0.0,0.0,0.0,0.0,0.0,0.0,97.18179
CCCOC=O,133.65142999999998,0.0,0.0,0.0,0.0,0.0,0.0,0.0,0.0,0.0,0.0,0.0,0.0,0.0,0.0,0.0,0.0016109944714207,2.33788862673067,2.81021835540499,1.69608603509916,3.61123359959779,6.53257594321553,15.3855647817045,16.4227252243087,17.055926365286698,10.9427677943661,12.0713752486812,9.79023489216777,4.07329774327411,3.11009666511102,2.02894641977177,2.01007903507311,3.69387943122854,2.08721795767548,3.54046593487195,2.15585516662804,4.603256651995481,5.04474772640868,2.16230413226829,0.483075274658982,8.188393262636665e-16,0.0,0.0,0.0,0.0,0.0,0.0,0.0,0.0,0.0,0.0,0.0,119.16503
CCCCOC=O,153.57423,0.0,0.0,0.0,0.0,0.0,0.0,0.0,0.0,0.0,0.0,0.0,0.0,0.0,0.0,0.0,0.0,2.29745401338492,2.83845727375138,1.69049903883909,3.65145517342689,5.96280696106971,12.2853277131564,21.9280123605901,21.424567734251895,15.4630425055611,14.150340566581,11.3404968315615,8.803636407790998,3.85277882561531,1.99942277239363,2.03044081429214,3.73601101901856,2.06709088540621,3.54100288734312,2.11896526937781,4.615833249922641,5.12274179890735,2.15998282218737,0.4938630755708788,8.78597855716637e-16,0.0,0.0,0.0,0.0,0.0,0.0,0.0,0.0,0.0,0.0,0.0,141.21689
CC(C)COC=O,150.24271,0.0,0.0,0.0,0.0,0.0,0.0,0.0,0.0,0.0,0.0,0.0,0.0,0.0,0.0,0.0,0.0,1.42234976597744,3.25539369502131,1.86285303078576,2.70069029629447,5.70788030566767,12.745204532081,20.6962182925271,20.2268212602372,13.9005921404788,13.7892972883753,15.0720833442734,9.679505038647536,3.04939697598899,2.0918126837756,2.4648315926445994,3.20030643912216,1.74272346951961,3.07962649767037,1.70059704624714,5.403732949934098,4.42954049464286,1.7017983357718791,0.3194545243156963,5.271162115580058e-16,0.0,0.0,0.0,0.0,0.0,0.0,0.0,0.0,0.0,0.0,0.0,141.92864
CCCCCOC=O,173.1465100000001,0.0,0.0,0.0,0.0,0.0,0.0,0.0,0.0,0.0,0.0,0.0,0.0,0.0,0.0,0.0,0.0,2.294065532147,2.87231402614566,1.68494486092252,3.62849643229609,5.98855622203791,11.0535631338715,23.067687439592,25.846987389270097,21.482587963055,16.5704019707913,13.8720355279367,12.144932680535796,4.44811173969864,2.24871152189605,2.12404224784733,3.47517397854055,2.2538188402229,3.47087199898146,2.21873361437709,4.554915173732781,5.12922979853313,2.2097132932119203,0.5066146143566848,8.525332034181262e-16,0.0,0.0,0.0,0.0,0.0,0.0,0.0,0.0,0.0,0.0,0.0,163.3246
CCCCCCCCOC=O,232.8928699999999,0.0,0.0,0.0,0.0,0.0,0.0,0.0,0.0,0.0,0.0,0.0,0.0,0.0,0.0,0.0,0.0,2.2561214682847,2.89196565116907,1.69113384997808,3.67416765433872,5.76720382661394,10.9131784031471,23.564248406359308,37.742470833499,36.3094850994226,29.6390597211754,22.300283550171,17.808327095245897,9.91779955956159,2.37583374982885,2.19998667216019,3.4008197278649,2.30694137605818,3.55946213791174,2.23848987157143,4.6290758559358505,5.042285215779771,2.1655813015410796,0.4989489723814828,8.633633712849845e-16,0.0,0.0,0.0,0.0,0.0,0.0,0.0,0.0,0.0,0.0,0.0,229.43085
CCCCCCCCCOC=O,252.8359100000001,0.0,0.0,0.0,0.0,0.0,0.0,0.0,0.0,0.0,0.0,0.0,0.0,0.0,0.0,0.0,0.0,2.28720043163788,2.87035411144346,1.68187125525097,3.63329442334157,5.85997292920254,10.8973860889324,23.76532242065271,41.1031963496402,41.7472563583814,33.8218497337062,25.7769450361606,19.171790793324497,11.7973084619208,2.40814079426163,2.1300294169439806,3.46274148601531,2.25562568604356,3.5218286474417,2.24158518710591,4.634661440633641,5.10053118748044,2.16167355892694,0.5053442015517767,8.860967001070057e-16,0.0,0.0,0.0,0.0,0.0,0.0,0.0,0.0,0.0,0.0,0.0,251.58872
CCCCCCCCCCOC=O,272.76970000000006,0.0,0.0,0.0,0.0,0.0,0.0,0.0,0.0,0.0,0.0,0.0,0.0,0.0,0.0,0.0,0.0089082786771117,2.30982673898365,2.79870260353589,1.64243346233357,3.71979157034664,5.76968568851752,10.9177408687557,24.39617428810421,44.0692879601749,46.9954687289739,38.05847300601,29.129250444951104,20.816932734333296,13.7403364142178,2.38506067230451,2.1639288488679,3.42569235412828,2.27187378999601,3.52837005271957,2.23728846938798,4.628096426068141,5.09074624165957,2.15831494190187,0.5073154150509129,8.540146412009605e-16,0.0,0.0,0.0,0.0,0.0,0.0,0.0,0.0,0.0,0.0,0.0,273.55253
C=COC=O,110.60604,0.0,0.0,0.0,0.0,0.0,0.0,0.0,0.0,0.0,0.0,0.0,0.0,0.0,0.385004325938851,3.4656708409836745,3.5129141231955,2.96982086173571,3.62519351949836,3.88876534705521,8.24123335675791,6.25275568911775,4.0102168069959,5.10811395640722,5.263901364828071,6.7161271385458,5.21836053962868,3.7242360751485304,6.37460582016264,6.76000023917684,6.81169946593799,4.063552687712803,4.01253805776283,3.07624647646704,3.89862971891675,6.38271232095389,4.118885755164597,2.505970920839362,0.2188845910680847,3.8558786633977544e-16,0.0,0.0,0.0,0.0,0.0,0.0,0.0,0.0,0.0,0.0,0.0,0.0,92.04116
CC(=O)OC,113.5546600000001,0.0,0.0,0.0,0.0,0.0,0.0,0.0,0.0,0.0,0.0,0.0,0.0,0.0,0.0,0.0,0.0,0.0,0.436825171303626,4.35445148920808,9.84146510973295,11.7464644094782,9.00580880729907,12.208574234837002,15.164770230105198,9.699217660449108,5.31863288348309,2.70457608956104,2.08682583447078,1.8778975679921,3.33414537502238,1.784010710214761,2.72622572014463,2.87197943076086,2.92115832152893,3.34635987048127,1.5825412974634356,4.738262686552188,4.307610863614932,1.4039575041526948,0.0928987321437699,0.0,0.0,0.0,0.0,0.0,0.0,0.0,0.0,0.0,0.0,0.0,97.00036
CCOC(=O)C,133.61769000000004,0.0,0.0,0.0,0.0,0.0,0.0,0.0,0.0,0.0,0.0,0.0,0.0,0.0,0.0,0.0,0.0,0.0,0.038381333115212,2.53133552565127,6.22949061679761,13.4069357895221,14.7061746572865,15.9944110417921,15.334191362481,13.9052374456518,11.2602187803999,6.1030923764788705,3.1568890460565298,1.98554425582211,2.94483666831653,1.6298971720629911,2.38641722733255,3.16549256926348,2.37117018799057,3.99903741309415,1.9200835431621344,4.511930775738279,4.283772783866381,1.7225332093094148,0.0306162188085492,0.0,0.0,0.0,0.0,0.0,0.0,0.0,0.0,0.0,0.0,0.0,118.1693
CCCOC(=O)C,153.51557999999991,0.0,0.0,0.0,0.0,0.0,0.0,0.0,0.0,0.0,0.0,0.0,0.0,0.0,0.0,0.0,0.0,0.0,0.0385577324430921,2.55907065168811,5.41768068468426,9.45388304570627,16.6406352803367,19.148062209647,22.398662250829997,17.0123861837692,13.7213858281457,10.2185939150172,5.801479923014748,2.44371782919889,2.66936773883345,1.563119526259391,2.52570265828556,3.21268390505078,2.34048363488508,3.76758442343171,1.9370385844191749,4.720486977513308,4.152026861582712,1.744234811769494,0.0287353434880898,0.0,0.0,0.0,0.0,0.0,0.0,0.0,0.0,0.0,0.0,0.0,140.07503
CCCCOC(=O)C,173.4474899999999,0.0,0.0,0.0,0.0,0.0,0.0,0.0,0.0,0.0,0.0,0.0,0.0,0.0,0.0,0.0,0.0,0.0,0.0478774418243942,2.63740968734789,5.2820985394984,9.36081375822278,13.1373343220757,24.5982241011757,26.1701159937694,22.3668433372038,15.5641970560177,11.6495910166911,10.686651856565696,3.20566699017362,2.66917448848889,1.504959789639491,2.65074469674647,3.15483710541653,2.31710540346273,3.79816598834101,2.1030339579112542,4.6343146479289885,4.105867992790792,1.7743865372637535,0.0280752914438177,0.0,0.0,0.0,0.0,0.0,0.0,0.0,0.0,0.0,0.0,0.0,162.13696
CC(C)COC(=O)C,170.23067,0.0,0.0,0.0,0.0,0.0,0.0,0.0,0.0,0.0,0.0,0.0,0.0,0.0,0.0,0.0,0.0,0.0,0.133223101824203,2.39361277785653,4.91178520194928,9.47872829436495,15.3454440537152,22.4417954460282,22.9485599101307,20.9089046447791,14.6915591607901,13.1416300134822,13.390441655640696,4.07457329855861,2.36684976439721,2.26978090016507,1.78149180756001,2.81684603428052,2.08020322483033,2.57840077211069,1.7072877972038047,4.35645830784365,4.42561160200855,1.8163147552000645,0.1711674752803428,0.0,0.0,0.0,0.0,0.0,0.0,0.0,0.0,0.0,0.0,0.0,162.83181
CC(C)CCOC(=O)C,189.78640000000007,0.0,0.0,0.0,0.0,0.0,0.0,0.0,0.0,0.0,0.0,0.0,0.0,0.0,0.0,0.0,0.0,0.0,0.259729286450724,2.61850961195103,4.67192185317684,9.52721613969544,14.0038615788,25.7292964073684,30.795362977543995,24.281544786292596,15.8113036973989,13.1509062018967,15.061951322182397,4.87689903830751,2.99025360990789,1.7508096939112612,2.24293125088462,3.53263723921481,2.36677923458097,3.43709088381395,1.992163780838314,4.244279393203191,4.465705963364749,1.8098321113072349,0.1654139379085679,0.0,0.0,0.0,0.0,0.0,0.0,0.0,0.0,0.0,0.0,0.0,184.38148
CC(=O)OCC=C,149.29329999999993,0.0,0.0,0.0,0.0,0.0,0.0,0.0,0.0,0.0,0.0,0.0,0.0,0.0,0.0,0.0,0.0,0.0,0.448283972657965,5.33148134322635,13.0219599130284,15.2157851232347,13.4739752217989,10.7736802728638,15.033651974527896,11.893944213876098,7.48145298076005,8.88809268946319,5.47513738306045,4.5807133504563,4.42551397795676,6.505473423630348,5.14829678067309,5.17897059853071,2.47854992113771,2.30412861613024,1.9988850227095551,4.896426735706095,3.467891333448215,1.198837555017494,0.0721675961056328,0.0,0.0,0.0,0.0,0.0,0.0,0.0,0.0,0.0,0.0,0.0,134.53425
CC(C)OC(=O)C,150.85849000000005,0.0,0.0,0.0,0.0,0.0,0.0,0.0,0.0,0.0,0.0,0.0,0.0,0.0,0.0,0.0,0.0,0.0,0.182004131585728,2.31150497028122,4.45590477305191,10.5891731694086,16.736314022024,19.2363008839597,17.0975027374256,18.1137396311646,14.8801242158167,12.7433780454551,4.9433820079934785,1.85708179637694,2.08260638664182,1.83128956796382,2.98636782897227,2.80658980764471,2.5340732092039,3.82181871414978,1.8730768914918825,3.2759981685267543,4.509251365702935,1.7195613961654148,0.2714462789931855,0.0,0.0,0.0,0.0,0.0,0.0,0.0,0.0,0.0,0.0,0.0,140.70503
CCC(C)OC(=O)C,168.68574999999993,0.0,0.0,0.0,0.0,0.0,0.0,0.0,0.0,0.0,0.0,0.0,0.0,0.0,0.0,0.0,0.0,0.0,0.171766167799605,2.29484682082182,4.344450102379,7.54212751603496,16.4615862108595,21.8199309589522,24.1853996405113,21.178679303665,18.7003530979169,14.8386524792091,7.338220094895358,2.47759592671873,1.78562901555581,1.3248293382927905,3.71067061805716,2.68648754086097,2.52630612489896,3.56002265463914,1.882569658615252,3.0194004238056964,4.772134412584474,1.7647252271143452,0.2993666658118727,0.0,0.0,0.0,0.0,0.0,0.0,0.0,0.0,0.0,0.0,0.0,161.83547
CC(=O)OC=C,129.88565999999997,0.0,0.0,0.0,0.0,0.0,0.0,0.0,0.0,0.0,0.0,0.0,0.0,0.0,0.0,0.0,0.0,0.0,2.29461107659346,7.22513043506892,11.1242659800775,10.4768850968874,7.79535628137503,10.345269671644,13.1611107970763,8.87617934317836,6.86333530875313,5.050707404556311,4.316934544535931,5.74171227027791,6.75618436167616,6.9801444433222,5.84473074339025,4.24772182781052,1.90373592147497,1.96911201917681,5.206339573120496,2.770019143851854,0.9221964094984584,0.013977346653996,2.39338846782187e-17,0.0,0.0,0.0,0.0,0.0,0.0,0.0,0.0,0.0,0.0,0.0,113.02544
CCC(=O)OC,132.20916999999992,0.0,0.0,0.0,0.0,0.0,0.0,0.0,0.0,0.0,0.0,0.0,0.0,0.0,0.0,0.0,0.0,0.0,0.0639522791465645,2.09321773517614,9.12230407138087,9.77001012422459,13.4980751345067,16.0428357177188,17.694685040286096,12.3747563512772,8.22247177316677,9.38143940689285,3.970544302940349,1.82480446733967,3.20064932681981,2.367822783065921,2.50555194691271,3.75110362265234,1.29266370958854,2.3321492494743,1.6587944427085537,3.775430279831104,4.888632558344546,1.9885082362260549,0.3887674403194537,0.0,0.0,0.0,0.0,0.0,0.0,0.0,0.0,0.0,0.0,0.0,118.16344
CCC(=O)OCC,152.2203200000001,0.0,0.0,0.0,0.0,0.0,0.0,0.0,0.0,0.0,0.0,0.0,0.0,0.0,0.0,0.0,0.0,0.0,0.0,0.615545068068807,4.60347444536191,11.6457988908169,17.9514452564414,19.6909275266336,19.1565590143875,16.8852121061618,12.9722995603583,12.5733704099131,5.539047860272678,2.46649132110613,2.44621629163689,2.37070011675741,2.41252061469663,3.32119120962572,2.25321128444716,3.22019504317496,2.4322490276591417,3.5829453596932344,4.8833477353379555,1.182009956244026,0.0155619012048319,0.0,0.0,0.0,0.0,0.0,0.0,0.0,0.0,0.0,0.0,0.0,138.9439
CCCOC(=O)CC,172.37697999999995,0.0,0.0,0.0,0.0,0.0,0.0,0.0,0.0,0.0,0.0,0.0,0.0,0.0,0.0,0.0,0.0,0.0,0.0,0.619826633393338,3.93996698855092,7.78846287789062,19.5062946063047,22.9597311924559,26.280541243904494,19.944295114232,15.7073132375387,16.6909009047468,8.124727857070328,2.86971862813078,2.44854365551945,2.27400544662218,2.34389345669924,3.4936823956098,2.2009298069572,3.02843903448319,2.4217274463162224,3.716511580290723,4.800207759188527,1.2078487023637563,0.0094114317310628,0.0,0.0,0.0,0.0,0.0,0.0,0.0,0.0,0.0,0.0,0.0,160.8791
CCCCOC(=O)CC,192.46175999999997,0.0,0.0,0.0,0.0,0.0,0.0,0.0,0.0,0.0,0.0,0.0,0.0,0.0,0.0,0.0,0.0,0.0,0.0,0.738948919134286,3.78645626159138,7.21619500383281,16.7265304562416,28.6032057122335,29.415127379678996,25.3079606408567,17.7972416605536,17.8429905156777,13.600866309571094,3.26489593314055,2.48002065790637,2.71952186286893,2.08198406241613,3.28374389829419,2.30818587634478,3.41718779091364,1.952011879564463,3.622017916648085,5.085440786502285,1.2085688909504568,0.0026575850784023,0.0,0.0,0.0,0.0,0.0,0.0,0.0,0.0,0.0,0.0,0.0,182.50715
CCCC(=O)OCCC,192.22831,0.0,0.0,0.0,0.0,0.0,0.0,0.0,0.0,0.0,0.0,0.0,0.0,0.0,0.0,0.0,0.0,0.0,0.0,0.320267391498917,3.14861816008463,7.31799965178805,18.4649605045553,28.4282635612381,29.764107864792397,22.6946407847842,19.7342823386342,18.5112057487335,12.356572680210297,3.47645612513489,2.67480201833597,2.0629688356085203,2.52214045520414,3.39549219661263,1.98847276152987,3.31362978110495,2.2837840295274225,3.8583081292994432,4.690843487148648,1.2070557302400062,0.0134377639339262,0.0,0.0,0.0,0.0,0.0,0.0,0.0,0.0,0.0,0.0,0.0,182.54603
CCC(=O)OC=C,148.48736999999994,0.0,0.0,0.0,0.0,0.0,0.0,0.0,0.0,0.0,0.0,0.0,0.0,0.0,0.0,0.0,0.0,0.0,0.577211264652425,6.21354074756031,9.67964349931249,10.5854447562912,11.5196823709983,13.7242044221865,15.267214535496898,11.0854770323771,10.5815075478918,11.5596488434784,5.61801846970283,5.81695462577474,6.67833215804631,6.63422878948867,6.32011394431863,4.86670728137868,1.52021576210294,2.50514543371841,4.9246620624702855,2.3833090531274532,0.4261073996255577,7.455144325534478e-16,0.0,0.0,0.0,0.0,0.0,0.0,0.0,0.0,0.0,0.0,0.0,0.0,134.27277
CCCC(=O)OC,152.20744000000008,0.0,0.0,0.0,0.0,0.0,0.0,0.0,0.0,0.0,0.0,0.0,0.0,0.0,0.0,0.0,0.0,0.0,0.0607695074128318,2.02285883364774,7.77644245358338,9.33612583990634,12.5734853645369,21.0779092284106,20.5014018919928,16.6406835869251,11.2577103795819,10.9943317854143,8.587213733268698,3.28112481118928,3.32414167501473,1.6196017254077315,3.34816836859533,2.43938771764792,2.38812809653354,3.90530554800869,1.5381202782779844,4.080168993752592,4.552848252392288,0.9015119284994036,1.5865118613076374e-15,0.0,0.0,0.0,0.0,0.0,0.0,0.0,0.0,0.0,0.0,0.0,140.18149
CCCC(=O)OCC,172.3263099999999,0.0,0.0,0.0,0.0,0.0,0.0,0.0,0.0,0.0,0.0,0.0,0.0,0.0,0.0,0.0,0.0,0.0,0.0,0.41658110525715,3.58494652932448,11.3450610281369,17.0294477441826,25.1648670299649,21.9148205841658,20.0437607114844,17.4393425847299,14.3509771406033,9.624215280015246,3.16256750724765,2.69382237422184,2.61305804164307,2.26590175423242,3.28841343956692,1.96296873501865,3.51035049162863,2.197052994463382,3.5504868320119547,4.963272057713525,1.1719510728387568,0.0324449615484343,0.0,0.0,0.0,0.0,0.0,0.0,0.0,0.0,0.0,0.0,0.0,160.60808
CCCOC(=O)C(C)C,189.78059,0.0,0.0,0.0,0.0,0.0,0.0,0.0,0.0,0.0,0.0,0.0,0.0,0.0,0.0,0.0,0.0,0.0,0.0,0.0,0.536655074223026,6.67056274668865,22.8367180058535,27.3028411731151,27.789326087677495,21.5221960918893,21.8052452459541,21.8666081349721,9.413868726568309,2.53997482471702,2.92170732572412,1.723563283836101,2.94458658504319,3.25243743041782,2.00608220884853,2.71725053123522,2.3847181592923823,3.5906760377373748,4.963988710208755,0.9915836159979275,1.731151341386921e-15,0.0,0.0,0.0,0.0,0.0,0.0,0.0,0.0,0.0,0.0,0.0,183.70927
COC(=O)C=C,127.67497000000004,0.0,0.0,0.0,0.0,0.0,0.0,0.0,0.0,0.0,0.0,0.0,0.0,0.0,0.0,0.0,0.0,0.0,1.93208940349555,6.73745292874678,11.6614146608754,9.20682856455305,8.44513503832769,11.007396645544,11.1136453452926,10.5699400409939,8.29171501189051,5.89386069259217,6.38369525916501,5.73474595281466,6.32980504107251,3.4004955531463823,3.33536904946991,1.77328048515429,2.12198063217163,2.13860227221656,1.9441981200853755,5.243910418945875,3.594994493554216,0.8144143898919499,1.3990930328640156e-15,0.0,0.0,0.0,0.0,0.0,0.0,0.0,0.0,0.0,0.0,0.0,112.81185
CCOC(=O)C=C,148.33903000000004,0.0,0.0,0.0,0.0,0.0,0.0,0.0,0.0,0.0,0.0,0.0,0.0,0.0,0.0,0.0,0.0,0.0,1.63615678326516,4.58449553075411,7.67411471457491,11.7947648487773,14.1040649985855,14.3857762293495,13.4701833589958,13.3130698283253,14.820068045548,8.551087755076871,6.00171198501856,5.4526860168406,6.98524837638348,3.689779705494023,2.43535819321665,2.66592586845188,2.89276293648675,3.5784368292073,1.3642355327877052,4.284128761081961,4.532401210646379,0.1225724911323217,2.1700588491534371e-16,0.0,0.0,0.0,0.0,0.0,0.0,0.0,0.0,0.0,0.0,0.0,134.00493
CCCOC(=O)C=C,168.50704000000002,0.0,0.0,0.0,0.0,0.0,0.0,0.0,0.0,0.0,0.0,0.0,0.0,0.0,0.0,0.0,0.0,0.0,1.66392982102897,4.65001829087982,6.39441800508937,8.3775530742708,15.4754561816861,18.3987388185093,20.197483682562,16.5849828855528,17.2193177353534,12.662861646304204,8.657706408649108,5.83762856508831,6.96459264251467,3.644472705705313,2.36492458452467,2.78629068398781,2.77048472134854,3.40236420840642,1.5252110620336448,4.273202525519021,4.488333064397539,0.167068686588201,3.0152533084082144e-16,0.0,0.0,0.0,0.0,0.0,0.0,0.0,0.0,0.0,0.0,0.0,156.00837
CCCCOC(=O)C=C,188.19132,0.0,0.0,0.0,0.0,0.0,0.0,0.0,0.0,0.0,0.0,0.0,0.0,0.0,0.0,0.0,0.0,0.0,1.67428917317618,4.54578737510434,6.45731611705187,7.87634036701632,12.540420738454,23.8234855359291,24.1412650909769,21.3792784914203,18.9280445580409,14.401686421555702,13.501333859580296,6.66726669863483,6.74354430641737,3.6304905778456225,2.38897840454451,2.83717833557203,2.73195807363171,3.54238724185366,1.4157879965313152,4.316344642685411,4.503490806913799,0.144645187063855,2.5656360939783517e-16,0.0,0.0,0.0,0.0,0.0,0.0,0.0,0.0,0.0,0.0,0.0,177.69541
CCCCC(=O)OCCCC,232.18195999999995,0.0,0.0,0.0,0.0,0.0,0.0,0.0,0.0,0.0,0.0,0.0,0.0,0.0,0.0,0.0,0.0,0.0,0.0,0.266494215036517,3.25168403797451,7.16641623691222,13.522002179674,35.8844758034613,37.673665193309,33.9028191971989,24.151334782096,21.5149709348627,21.019369298726293,5.32507281326217,2.82997395755002,2.2625928960451303,2.31963057120878,3.13777847457379,2.69349269019563,3.29282516423897,2.1682118134525834,4.3415166849653,4.43006891886108,1.0214442731652162,0.0061198632298264,0.0,0.0,0.0,0.0,0.0,0.0,0.0,0.0,0.0,0.0,0.0,226.40004
CCOC(=O)CC(C)C,188.04634000000004,0.0,0.0,0.0,0.0,0.0,0.0,0.0,0.0,0.0,0.0,0.0,0.0,0.0,0.0,0.0,0.0,0.0,0.0,0.896457388844092,3.6104970323961,10.6163494095709,16.6685741386242,25.3880201846302,24.2181544173289,24.1826058322072,19.1746717637386,15.357912626403202,15.612797801509997,5.01004516266753,3.13341975497756,1.9787429730654909,2.24695732218523,3.48797888540156,1.96712872463745,3.70062281099052,2.268437456496351,3.0787408227638755,4.554052880892175,0.8941726106689025,1.498586383469372e-15,0.0,0.0,0.0,0.0,0.0,0.0,0.0,0.0,0.0,0.0,0.0,182.91774
CC(=C)C(=O)OC,145.07654999999994,0.0,0.0,0.0,0.0,0.0,0.0,0.0,0.0,0.0,0.0,0.0,0.0,0.0,0.0,0.0,0.0,0.0,0.284087662555576,3.26738830583446,9.25769412056658,12.6682823799156,12.1614536487646,13.3161514904785,14.931785619027398,12.8153403001209,13.8107432642663,10.6578852964747,5.28398991662173,5.65840253683161,7.30135860699778,3.620743807255223,3.04658246012032,2.01783385785633,1.40447057229846,3.51582522677779,1.258706421020305,4.124252618246401,4.415843907138859,0.257727980830535,4.513251832075376e-16,0.0,0.0,0.0,0.0,0.0,0.0,0.0,0.0,0.0,0.0,0.0,134.58778
CCOC(=O)C(=C)C,165.13553000000007,0.0,0.0,0.0,0.0,0.0,0.0,0.0,0.0,0.0,0.0,0.0,0.0,0.0,0.0,0.0,0.0,0.0,0.126154743370224,1.53246781338155,5.2578675896675,14.0915033809453,16.4371641171821,18.0754381142168,15.7155886430915,16.4598785068564,19.0074669868057,15.4135980989104,6.55716112589063,6.67768393961407,6.55151918605312,3.942545311424442,2.92175105702797,2.27841700002333,1.21374749921111,2.01178035518986,2.105740617744522,3.339793587010534,4.613224701654126,0.8050376247288967,1.4098069254850665e-15,0.0,0.0,0.0,0.0,0.0,0.0,0.0,0.0,0.0,0.0,0.0,155.61264
CCCOC(=O)C(=C)C,184.99095,0.0,0.0,0.0,0.0,0.0,0.0,0.0,0.0,0.0,0.0,0.0,0.0,0.0,0.0,0.0,0.0,0.0,0.168776184002952,1.60617391843458,4.05789483658622,10.6119616619545,18.8025576868877,20.9209384747235,22.3875549815151,18.7393707142715,23.6694006424047,18.4780847179158,8.55072385289779,7.43103662053394,7.65369409329011,4.175754976977792,1.03730870881754,1.62353260061881,1.07889074660206,3.30523104937512,1.6053600476814025,3.015764585526459,5.673460597498521,0.3974783014839235,6.708824661155576e-16,0.0,0.0,0.0,0.0,0.0,0.0,0.0,0.0,0.0,0.0,0.0,178.19804
CCCCCOC(=O)C,193.4406700000001,0.0,0.0,0.0,0.0,0.0,0.0,0.0,0.0,0.0,0.0,0.0,0.0,0.0,0.0,0.0,0.0,0.0,0.250520946511165,2.56474375980583,4.98749219490892,9.226536425611,12.2538029944474,25.203932320350503,31.5048092140275,29.018462946923695,17.3488840705608,14.6296632391441,13.001324033503696,4.27473197900753,3.19829742177214,1.5610880023572211,2.23781424705668,3.62058684481912,2.36842912944049,3.34539385482138,2.0716634891817938,4.082349718929332,4.684280641724068,1.867357608995125,0.1385049161005798,0.0,0.0,0.0,0.0,0.0,0.0,0.0,0.0,0.0,0.0,0.0,183.75686
CCCCC(CC)COC(=O)C,243.93081000000004,0.0,0.0,0.0,0.0,0.0,0.0,0.0,0.0,0.0,0.0,0.0,0.0,0.0,0.0,0.0,0.0,0.0,0.191038959109852,2.18773655308444,4.44961222386629,8.55720409333597,11.2628964175561,27.091885087775104,39.1670281509004,42.3364179138679,28.4232836176649,23.9132725486713,20.790232755218696,9.88583483147535,2.95575228751173,1.2278471571460217,1.74764666251933,2.83612445578959,1.48984327983276,2.43503552397808,2.044422658709123,3.8619169184778137,4.803225227340266,2.0518431256159544,0.2207095505530821,0.0,0.0,0.0,0.0,0.0,0.0,0.0,0.0,0.0,0.0,0.0,250.86684
CC(=O)OCC1=CC=CC=C1,195.9012999999999,0.0,0.0,0.0,0.0,0.0,0.0,0.0,0.0,0.0,0.0,0.0,0.0,0.0,0.0,0.0,0.0,0.0,0.634896591819021,8.29823017190557,16.3943129468403,20.5400806663783,14.8106835668649,15.4366053892863,16.5906667837243,14.9871119547103,9.16938767927752,7.418358962063791,8.66061347482179,10.5552182218659,9.57097861890104,11.3472722557182,10.3555027586026,5.68277219441873,1.89412405885477,2.24912164071627,2.0976363927074355,5.156505635591123,3.1457191525250368,0.8905657949934229,0.0149350874132875,0.0,0.0,0.0,0.0,0.0,0.0,0.0,0.0,0.0,0.0,0.0,191.9375
CC(C)COC(=O)C(C)C,206.88945999999996,0.0,0.0,0.0,0.0,0.0,0.0,0.0,0.0,0.0,0.0,0.0,0.0,0.0,0.0,0.0,0.0,0.0,0.0,0.0,0.443605030664587,5.50899692512273,21.1011876433317,30.7316458225156,29.604407745944695,25.0273538015867,24.6245831470002,24.0837746684554,17.745353249352792,3.78642133493667,2.00372172681495,2.14397349366195,1.73568730144447,3.26038737352481,1.12046431108169,2.11436437096168,2.1049533345699323,3.316909930482386,5.1242346928095435,1.3074340957374562,2.217024894779268e-15,0.0,0.0,0.0,0.0,0.0,0.0,0.0,0.0,0.0,0.0,0.0,207.33403
CC(C)CCOC(=O)CC(C)C,244.50631,0.0,0.0,0.0,0.0,0.0,0.0,0.0,0.0,0.0,0.0,0.0,0.0,0.0,0.0,0.0,0.0,0.0,0.0,0.348646124060466,2.36791333888744,5.42553613873108,13.9603754729119,35.9143223608691,41.0664017742066,35.6628363190142,25.1157352871688,24.711655987677,28.42733369062439,4.4038196812132,2.88290511537125,1.7344198454447708,2.95976300265757,3.12394932902971,2.65563532371747,2.7916918100042,2.562114930304273,4.333262255867957,3.6729475421600624,0.3850446700785778,6.430373577336456e-16,0.0,0.0,0.0,0.0,0.0,0.0,0.0,0.0,0.0,0.0,0.0,250.62741
CCCCCCCC/C=C\CCCCCCCC(=O)OC,424.3712400000002,0.0,0.0,0.0,0.0,0.0,0.0,0.0,0.0,0.0,0.0,0.0,0.0,0.0,0.0,0.0,0.0,0.0,0.0,0.661080291094967,6.63626659545197,10.6342726208898,14.3963633058655,34.89498864581932,74.9452949901114,80.7561844222764,64.5394211509232,39.95667587905611,37.855117542553494,17.0741025107319,5.52890999399274,5.61634950057583,5.89110193022898,5.23850889416308,5.16350157616899,3.39814000626746,2.7996221637031646,5.325228281217371,2.6983263207992993,0.3617833781092383,6.109111281385924e-16,0.0,0.0,0.0,0.0,0.0,0.0,0.0,0.0,0.0,0.0,0.0,439.32937
CCCCCCOC(=O)C,213.40126999999995,0.0,0.0,0.0,0.0,0.0,0.0,0.0,0.0,0.0,0.0,0.0,0.0,0.0,0.0,0.0,0.0,0.0,0.253787027507264,2.51413281689289,4.96362351876652,9.14223312056116,12.200237695844,24.992926967494306,36.4670628638171,33.5432213472528,21.9868598219509,16.9746575353361,14.934587786195095,6.10412523493558,3.34836353866032,1.5886160584534716,2.33800522090214,3.45509984077397,2.44762084182236,3.32421198776668,2.0988406556599237,4.249502286909291,4.437992828658609,1.842726948509254,0.1928340553302218,0.0,0.0,0.0,0.0,0.0,0.0,0.0,0.0,0.0,0.0,0.0,205.6058
C1=CC=C(C=C1)COC(=O)C2=CC=CC=C2,254.5681300000001,0.0,0.0,0.0,0.0,0.0,0.0,0.0,0.0,0.0,0.0,0.0,0.0,0.0,0.0,0.0,0.0,0.0,0.542778786933635,12.8064091283482,23.4798630872426,23.8856682870294,15.9466932028435,15.512897658316398,13.142592993476502,16.386064555793,13.2837933544332,16.5860170619916,17.6646805982995,20.723589319858,19.3304695175139,16.745635038200202,9.94453577658093,4.89970073437487,3.46685119344353,1.38212925456938,2.0354573879038065,5.912071242066312,0.890231820781643,1.5252121602552318e-15,0.0,0.0,0.0,0.0,0.0,0.0,0.0,0.0,0.0,0.0,0.0,0.0,263.34695
CCCCOC(=O)C1=CC=CC=C1,230.46783999999988,0.0,0.0,0.0,0.0,0.0,0.0,0.0,0.0,0.0,0.0,0.0,0.0,0.0,0.0,0.0,0.0,0.0,0.0,2.01309134890632,9.71401299553541,13.7360533461801,16.0208734921985,20.435816845912605,26.4700295914626,25.625263842905,21.0567902781009,23.9054368926702,22.393913769161397,16.6674221032432,12.5406888144662,2.821062813286887,1.72475769226672,1.97818106121242,2.30703521697625,2.70908125736507,1.394497737516647,5.337365783558846,1.616465117074603,2.746115998151694e-15,0.0,0.0,0.0,0.0,0.0,0.0,0.0,0.0,0.0,0.0,0.0,0.0,234.35433
C1COC(=O)O1,110.13597,0.0,0.0,0.0,0.0,0.0,0.0,0.0,0.0,0.0,0.0,0.0,0.0,0.0,0.0,0.0,0.0,0.0,11.4530901585169,19.1752080781848,7.62005624979068,7.89432465112411,4.94009989210967,3.4842415546198495,2.6915604359454997,2.17238056717041,2.21051433193312,2.50221544507257,3.701067517906499,1.32336147253966,2.67258807138626,4.724575095256898,3.39160637796503,4.76843892472514,7.57895735230111,2.76479355112853,7.579552259552545,5.10632526515593,2.3522509835609693,0.0287617640538207,4.910610261869619e-17,0.0,0.0,0.0,0.0,0.0,0.0,0.0,0.0,0.0,0.0,0.0,94.8234
CCCCCCCOC(=O)C,233.4328900000002,0.0,0.0,0.0,0.0,0.0,0.0,0.0,0.0,0.0,0.0,0.0,0.0,0.0,0.0,0.0,0.0,0.0,0.254340025503232,2.51593586975007,4.97404695669342,9.24275606434455,11.9398810227395,25.405555738781302,40.1478219360902,38.4381916216972,26.4609846108475,20.018132611692003,16.718471620456295,8.03012887001484,3.33281911418168,1.5525341159573116,2.32270502679229,3.51103590694048,2.47129757237935,3.22545926601277,2.1432153677557535,4.075157753871812,4.496226725261798,1.9631838478319343,0.1930083544049091,0.0,0.0,0.0,0.0,0.0,0.0,0.0,0.0,0.0,0.0,0.0,227.62932
CCCCCCCCOC(=O)C,253.14049000000009,0.0,0.0,0.0,0.0,0.0,0.0,0.0,0.0,0.0,0.0,0.0,0.0,0.0,0.0,0.0,0.0,0.0,0.25134804052608,2.58902674175964,4.84200414057691,9.26162322697678,12.0790253313066,25.44975764830051,43.5764838362241,43.6390565255716,30.8239975525466,23.171976655832005,18.093956410146795,10.0381970107189,3.35055565874849,1.5809875973635716,2.33825801484695,3.48812632963031,2.43504091603879,3.29235331539021,2.0838495134484436,4.242519921916471,4.446905188919989,1.8699926548757049,0.195447768334601,0.0,0.0,0.0,0.0,0.0,0.0,0.0,0.0,0.0,0.0,0.0,249.44126
CCCCCCCCCOC(=O)C,273.09303000000006,0.0,0.0,0.0,0.0,0.0,0.0,0.0,0.0,0.0,0.0,0.0,0.0,0.0,0.0,0.0,0.0,0.0,0.253469565975911,2.59388474578205,4.90024045834462,9.27927562043269,11.9391748144686,26.05145865611401,46.8149979485712,48.6135705481136,35.1026312256489,26.5721118498376,19.701453089050496,11.9268769930739,3.33849468179815,1.6301366294786916,2.22932551383761,3.55424961655063,2.39719726120591,3.35887215922748,2.093468289559143,4.233819780184401,4.460047877115179,1.8557663920026743,0.1925062836265898,0.0,0.0,0.0,0.0,0.0,0.0,0.0,0.0,0.0,0.0,0.0,271.2866
CCCCCCCCCCOC(=O)C,292.99922000000004,0.0,0.0,0.0,0.0,0.0,0.0,0.0,0.0,0.0,0.0,0.0,0.0,0.0,0.0,0.0,0.0,0.0,0.249735313132672,2.5214245678065,4.9696583154616,9.10682935865765,12.093420305963,26.39123534171641,49.9872216668034,54.2592195221509,39.0686570664921,30.0455433356808,21.028723901959797,13.8613796310409,3.42518539907883,1.6057403843123217,2.31736756521584,3.48912820530568,2.4235570491793,3.32011925906851,2.0944394280676137,4.239175472018271,4.452535158776839,1.8561995214989644,0.1927242306121618,0.0,0.0,0.0,0.0,0.0,0.0,0.0,0.0,0.0,0.0,0.0,293.34518
CCCCCCCOC(=O)C1=CC=CC=C1C(=O)OCCCCCCC,463.68561,0.0,0.0,0.0,0.0,0.0,0.0,0.0,0.0,0.0,0.0,0.0,0.0,0.0,0.0,0.0,0.0,0.0,0.274943596827785,5.27053258735828,10.5740982874872,15.1259123544228,20.1657482664581,47.51741625824991,71.9666821714123,71.7448901059216,56.3627283290641,43.67121547660191,48.12156476755259,26.2602984685526,4.25195889688732,3.5660974432080104,4.15002865380085,4.60071323479066,4.85672764170684,6.22698867651331,6.993527185408666,10.071129007623872,1.9124085901513388,3.3643643116996187e-15,0.0,0.0,0.0,0.0,0.0,0.0,0.0,0.0,0.0,0.0,0.0,0.0,492.35037
COC(=O)C1=CC=CC=C1O,179.7263299999999,0.0,0.0,0.0,0.0,0.0,0.0,0.0,0.0,0.0,0.0,0.0,0.0,0.0,0.0,0.0,0.0,0.0,0.151867418751603,5.36040073513564,15.0995536496552,14.3554253432979,13.2616140571351,13.9201264491552,13.9283330859742,10.5573415009841,10.0697115553445,14.3042077535369,14.3561813486316,13.8827227527877,14.3060665831576,7.047113320229666,3.11776069949191,3.50276557562951,3.18179817926204,4.9085173071828,3.5277176342107657,0.8871050504459489,3.114974103420694e-15,0.0,0.0,0.0,0.0,0.0,0.0,0.0,0.0,0.0,0.0,0.0,0.0,0.0,176.04921
CCCCCCCCCOC(=O)C1=CC=CC=C1C(=O)OCCCCCCCCC,543.8170000000002,0.0,0.0,0.0,0.0,0.0,0.0,0.0,0.0,0.0,0.0,0.0,0.0,0.0,0.0,0.0,0.0,0.0,0.270475638968079,5.30412990664573,10.8061627364748,14.6628820673143,19.8799035848111,48.20871010923162,84.163227611346,93.643609072545,75.300342198143,56.6590630794548,55.151131638096594,33.3135095627797,3.91914577789154,3.623871061606161,4.26219908403223,4.29345110619047,5.93529861306115,5.59025249342215,8.303345973140152,9.164301561993014,1.3619871228526068,2.437405900037882e-15,0.0,0.0,0.0,0.0,0.0,0.0,0.0,0.0,0.0,0.0,0.0,0.0,581.55059
CCCOC(=O)C1=CC=CC=C1C(=O)OCCC,302.2941099999998,0.0,0.0,0.0,0.0,0.0,0.0,0.0,0.0,0.0,0.0,0.0,0.0,0.0,0.0,0.0,0.0,0.0,2.23518840942413,7.8940372601196,10.6984573287843,13.6563551295626,29.3937210690667,33.9737614186188,38.04608483007149,24.7688246631826,27.376754325933,24.5469453293755,19.8995838674135,17.2091976512435,9.47206101977175,5.156120292581144,5.83387854722617,5.29687232108818,5.36380934716111,3.71069024525913,5.991430564520654,8.174512325367512,3.2770026353298265,0.3188214188985949,5.323534190251052e-16,0.0,0.0,0.0,0.0,0.0,0.0,0.0,0.0,0.0,0.0,0.0,319.97124
CC(C)COC(=O)C1=CC=CC=C1C(=O)OCC(C)C,331.2766699999999,0.0,0.0,0.0,0.0,0.0,0.0,0.0,0.0,0.0,0.0,0.0,0.0,0.0,0.0,0.0,0.0,0.0,0.228040250290682,5.58352070972779,10.7089573892079,13.503564451195,24.9673922872678,43.2536439037889,41.254236576941395,32.0972214008585,31.8736911344862,34.015508358408,33.54815826439389,18.0148630560472,7.50108022197206,2.7065685545553944,2.26132395769596,1.83730471759876,3.46181850125777,5.34646218345723,7.062838288194303,9.268074797470996,2.521419770368054,0.2609812248161409,4.505264871416162e-16,0.0,0.0,0.0,0.0,0.0,0.0,0.0,0.0,0.0,0.0,0.0,362.74031
COC(=O)C1=CC(=CC=C1)C(=O)OC,222.35705000000007,0.0,0.0,0.0,0.0,0.0,0.0,0.0,0.0,0.0,0.0,0.0,0.0,0.0,0.0,0.0,0.0,0.36968886000601,5.87562801642129,14.2198185873254,18.2667758597941,14.8267263538881,17.5354543780688,16.6779051276734,15.836459584363,14.0812455630146,15.3587227252981,15.577076395655,15.7966232282991,12.0144114187242,3.06329289059797,1.7201582679232512,3.94536341228633,5.00612845174054,4.6104816736078,3.47200106155069,6.873632128167387,10.777680048965774,3.030034918861317,1.984633444781732,1.3381382439839011,0.0989693590022623,0.0,0.0,0.0,0.0,0.0,0.0,0.0,0.0,0.0,0.0,228.1399
CCCCCCCCCCOC(=O)C1=CC=CC=C1C(=O)OCCCCCCCCCC,583.8205500000004,0.0,0.0,0.0,0.0,0.0,0.0,0.0,0.0,0.0,0.0,0.0,0.0,0.0,0.0,0.0,0.0,0.0,0.259553271856584,5.32785942140157,10.6601446715448,14.7567082482036,19.7309063544858,48.533313162937624,90.2922312782893,104.873351605071,84.6638479362074,63.234963095607505,59.97970819015059,34.726214289443,4.68078190457044,3.538510264771441,4.13616379970284,4.40968448755055,4.8660911092233,6.20618000201907,7.799070740401103,9.474353470762674,1.6709126958001874,2.8209346167155932e-15,0.0,0.0,0.0,0.0,0.0,0.0,0.0,0.0,0.0,0.0,0.0,0.0,623.4399
CCCCCCOC(=O)C1=CC=CC=C1C(=O)OCCCCCC,423.86393000000027,0.0,0.0,0.0,0.0,0.0,0.0,0.0,0.0,0.0,0.0,0.0,0.0,0.0,0.0,0.0,0.0,0.0,0.278410766411039,5.21382696780242,10.6053929417493,15.1131914822191,20.0590157296818,48.018306033783105,64.8959414571116,60.8036754598514,45.8891285151166,38.7606355586066,43.89604911122779,24.1915587281088,3.64679367990677,3.41496478870008,4.62904568172039,4.24942477177936,5.63621467535297,5.24457865215841,7.844483062046043,9.92724572453296,1.546046212133698,2.624742027291556e-15,0.0,0.0,0.0,0.0,0.0,0.0,0.0,0.0,0.0,0.0,0.0,0.0,447.99573
COC(=O)C1=CC=C(C=C1)C(=O)OC,226.73689,0.0,0.0,0.0,0.0,0.0,0.0,0.0,0.0,0.0,0.0,0.0,0.0,0.0,0.0,0.0,0.0,0.0,0.0293934860161734,5.39483651087286,18.5291497902498,17.5178646328551,17.4238018267241,21.2042401045543,21.471006284275497,17.02979912782,16.9463927046812,21.8059506886226,17.675633277413798,6.97348009093389,7.08332805184855,4.783460547585692,3.92733900885307,2.57053161444174,6.29126145447639,2.50415437524619,7.695883289036633,9.131360723282182,0.7480224102102104,1.294022781970963e-15,0.0,0.0,0.0,0.0,0.0,0.0,0.0,0.0,0.0,0.0,0.0,0.0,227.02903
CCCCCCCCCCCCCCCCCC(=O)OCCCC,491.5926300000002,0.0,0.0,0.0,0.0,0.0,0.0,0.0,0.0,0.0,0.0,0.0,0.0,0.0,0.0,0.0,0.0,0.0,0.0,0.652546096927885,3.06917762574983,6.50501263353924,13.3225930533186,40.06003153663613,82.90642101292292,101.050504710828,79.2963565768236,63.8358395150654,42.292703522480295,30.0503773391166,3.23198910241998,1.6864166699227012,2.60336238529567,3.47726217396801,2.30724825665645,3.4248261694421,1.7486529272580238,3.891975250570544,5.220062743375125,0.9592706976831188,1.6869216101593437e-15,0.0,0.0,0.0,0.0,0.0,0.0,0.0,0.0,0.0,0.0,0.0,510.90853
CCCCOC(=O)CCCCCCCCC(=O)OCCCC,426.0995399999997,0.0,0.0,0.0,0.0,0.0,0.0,0.0,0.0,0.0,0.0,0.0,0.0,0.0,0.0,0.0,0.0,0.0,0.0,0.436028443635114,6.48390678700005,14.011025507647,26.9813681154891,62.659787112750905,74.6653229216906,63.2895788287082,47.2604278188556,36.4359686226944,30.18540439203639,8.09447450414209,6.27960320231314,7.374232170816419,3.30646769148627,4.92353991420407,3.13117307915462,4.20153985806244,3.658919499537265,6.152135595871705,10.426558658149586,4.881861245704219,1.2458208200338368,0.0143952100166839,0.0,0.0,0.0,0.0,0.0,0.0,0.0,0.0,0.0,0.0,438.65662
CCCCOC(=O)CCC,212.13873000000007,0.0,0.0,0.0,0.0,0.0,0.0,0.0,0.0,0.0,0.0,0.0,0.0,0.0,0.0,0.0,0.0,0.0,0.0,0.253500606387479,3.40402620820427,6.77785385160606,15.4798397675126,33.7505345080714,33.3004243941518,27.8845159870835,21.8965477179584,19.4906076074428,17.866516066148993,3.85284024447619,2.51651531748565,2.36216621404723,2.27973200325807,3.16671417155189,2.7370891320094,3.38549729846954,1.840071948899504,4.094791274696143,4.743108554648497,1.0558371258906565,1.8583754629504456e-15,0.0,0.0,0.0,0.0,0.0,0.0,0.0,0.0,0.0,0.0,0.0,204.66457
CCCCC(CC)COC(=O)C=C,257.23085000000015,0.0,0.0,0.0,0.0,0.0,0.0,0.0,0.0,0.0,0.0,0.0,0.0,0.0,0.0,0.0,0.0,0.0,1.47392493608718,4.60689928364175,6.11404634073902,8.13309662983148,10.5195109454061,26.382553599257804,34.7734471769889,38.2685517811871,34.1864045461078,26.7825532808928,26.680395188559892,12.3886296665749,5.39433198798156,1.7377602528204232,2.05275493347013,1.69727292937944,1.55219867095089,2.60475328358455,1.5313750967150457,4.709436875148228,4.144116703522322,1.4968358911528743,2.6207229353359538e-15,0.0,0.0,0.0,0.0,0.0,0.0,0.0,0.0,0.0,0.0,0.0,267.4757
CC(=O)OCCOC(=O)C,189.94797999999983,0.0,0.0,0.0,0.0,0.0,0.0,0.0,0.0,0.0,0.0,0.0,0.0,0.0,0.0,0.0,0.0,0.0,1.30795419068123,11.7615873417649,17.3639146101865,18.0963338019205,15.9862889177161,16.330210396893904,23.484964217832296,14.790511990602198,6.31716090156608,4.097026139178381,3.707994498568561,5.954916102019,3.75773131522175,5.506423809290868,5.49914998347757,4.77336480355925,4.49067832235892,4.01996717345544,5.15988057574026,10.601676120266282,5.352163256681588,1.5880815310182668,2.848956812019823e-15,0.0,0.0,0.0,0.0,0.0,0.0,0.0,0.0,0.0,0.0,0.0,177.64883
CC(C)COC(=O)C(=C)C,200.72008,0.0,0.0,0.0,0.0,0.0,0.0,0.0,0.0,0.0,0.0,0.0,0.0,0.0,0.0,0.0,0.0,0.0,0.1297457754842,1.52619489633593,4.28309465388584,9.45679229692555,17.3077828335699,24.343169565966,24.7655892886592,22.9360679185655,22.6006966187124,22.0929862719513,16.310902075509198,7.83633585929247,6.04961883469356,3.3302694348633324,1.59708403760491,1.98622866763403,1.00768880880216,1.99969375598625,2.256820596924572,3.198680268208215,4.764217944476415,0.9404195959490488,1.6096789922216902e-15,0.0,0.0,0.0,0.0,0.0,0.0,0.0,0.0,0.0,0.0,0.0,201.4306
CCCCOC(=O)C(=C)C,204.7701899999999,0.0,0.0,0.0,0.0,0.0,0.0,0.0,0.0,0.0,0.0,0.0,0.0,0.0,0.0,0.0,0.0,0.0,0.140515925101375,1.5332795053488,3.94140012330676,10.7401587457715,15.4125150261219,26.153794296309,26.3861052881682,24.291270656783,24.9491405874996,19.8054653005953,13.526475797822798,8.31965226756556,7.29127638853975,4.5014461185466725,1.04339151302031,1.63246036732185,0.966939687546458,3.48563345559005,1.4927201156230434,3.390607462222877,5.3697327815576426,0.3962085896374462,6.675871517797754e-16,0.0,0.0,0.0,0.0,0.0,0.0,0.0,0.0,0.0,0.0,0.0,200.02661
COC(=O)C1=CC=CC=C1,174.03296999999995,0.0,0.0,0.0,0.0,0.0,0.0,0.0,0.0,0.0,0.0,0.0,0.0,0.0,0.0,0.0,0.0,0.0,0.34383250140108,7.81981128164669,15.7046638395534,15.3104670734644,11.7229594460643,12.7740012120468,12.8020077367209,10.9335143418461,9.17651266061791,11.4577102858301,10.7125702276551,12.7981755026537,13.6447407302013,10.776276403546104,2.65089280887604,1.3018941286963,2.39377725456154,2.2367145717242,1.7341594924373362,5.31172180645477,2.37347299719358,0.0530936968083043,9.535033187050183e-17,0.0,0.0,0.0,0.0,0.0,0.0,0.0,0.0,0.0,0.0,0.0,168.55658
CCOC(=O)C1=CC=CC=C1,194.50408999999993,0.0,0.0,0.0,0.0,0.0,0.0,0.0,0.0,0.0,0.0,0.0,0.0,0.0,0.0,0.0,0.0,0.0,0.0,2.01280286892571,8.91304955026312,17.9674564319866,18.3591620829128,17.2135069444852,17.2632321838476,14.7077156036895,17.2184902473514,16.2929910117411,14.723558169103,15.9593057047996,12.46255606149,3.877485793946787,1.80063458520341,1.45468378926038,1.75987955157423,3.02430083416005,1.5473090709214772,5.585395652924229,2.3366348000377215,0.023939061376004,4.138748710325076e-17,0.0,0.0,0.0,0.0,0.0,0.0,0.0,0.0,0.0,0.0,0.0,190.86519
CCOC(=O)OCC,164.70132000000007,0.0,0.0,0.0,0.0,0.0,0.0,0.0,0.0,0.0,0.0,0.0,0.0,0.0,0.0,0.0,0.0,0.0,0.0,0.0,6.31847692512665,16.6394027295957,22.2250317368079,20.2240731983358,19.092857682012298,12.9665522078092,16.8714825726302,8.354441793895951,3.3882118124298795,2.47067676217405,3.88514936449536,1.9529052868174517,3.81546963306762,3.74385728224707,3.96970792508702,6.8081292498203,3.869957894386503,5.578268167908099,2.5266677753530105,4.251823979224112e-15,0.0,0.0,0.0,0.0,0.0,0.0,0.0,0.0,0.0,0.0,0.0,0.0,150.07679
CCOC(=O)C(=O)OCC,189.2292199999999,0.0,0.0,0.0,0.0,0.0,0.0,0.0,0.0,0.0,0.0,0.0,0.0,0.0,0.0,0.0,0.0,0.0,0.0909980485227379,4.52232685582237,12.6345297716554,21.9434808326477,24.6181852322943,20.460068046253795,15.5767300550054,12.2157955464963,15.4267566850011,7.665347705937802,2.91406373001912,3.05961273884977,3.80715286770141,4.507696727447209,3.82109197658974,5.67345472874498,4.83253716926604,8.55481953949276,9.40508000519937,2.9034813252181286,2.4866221054588613,1.6710520276245917,0.4383362787510392,0.0,0.0,0.0,0.0,0.0,0.0,0.0,0.0,0.0,0.0,0.0,176.48173
CCOC(=O)CC(=O)OCC,208.48442,0.0,0.0,0.0,0.0,0.0,0.0,0.0,0.0,0.0,0.0,0.0,0.0,0.0,0.0,0.001727768225731,1.4808210756690974,3.66566260146385,3.40815389685505,3.06791753250462,6.98941168882713,20.4376935182582,24.3423927685416,23.977911494941395,19.2937690172143,15.5462002714349,17.6971069430186,10.174352295822402,3.8926858909317303,5.24953301161045,4.47998169615104,3.9434565537441904,5.99198633811765,3.34190060231705,5.98658139392519,2.6371020312414,4.825004574687698,9.253074365688422,4.033660777530349,2.5322093543467825,2.0294937742695707,0.204628762661573,0.0,0.0,0.0,0.0,0.0,0.0,0.0,0.0,0.0,0.0,197.85976
CCCCCCCCCC(=O)OC,271.4388300000001,0.0,0.0,0.0,0.0,0.0,0.0,0.0,0.0,0.0,0.0,0.0,0.0,0.0,0.0,0.0,0.0,0.0,0.059423932067368,1.74269678690236,7.8996473141627,9.61429504617338,10.1032785025104,24.036168540436712,44.8404221142022,46.8935795860449,35.4646866654,27.6610715401576,21.307321653959896,13.4139427755258,3.27569806421386,1.8212640661605113,2.95868538695211,2.6931948245322,2.58016605775734,3.6493178383094,1.9520516184019645,4.39794304430323,4.30865047719622,0.7653241646299693,1.350430517999375e-15,0.0,0.0,0.0,0.0,0.0,0.0,0.0,0.0,0.0,0.0,0.0,271.77145
CCCCCCCCCCCCCC(=O)OC(C)C,388.9725000000002,0.0,0.0,0.0,0.0,0.0,0.0,0.0,0.0,0.0,0.0,0.0,0.0,0.0,0.0,0.0,0.0,0.0,0.0,0.116399614020693,2.61464627393331,8.1524013901394,16.4533831206357,32.453349275214315,61.847697397333306,74.0051708680646,61.9747022018145,52.6790525990879,30.186459318918896,21.5524324533274,2.37403473182177,2.04210416121745,2.33145839725544,3.31176357673708,2.5329680451735,3.34384300825066,2.205170966545032,3.1802753433596647,4.525185288523596,1.054168183955566,0.0358337846704395,0.0,0.0,0.0,0.0,0.0,0.0,0.0,0.0,0.0,0.0,0.0,402.18407
COC(=O)C1CCC(CC1)C(=O)OC,237.65489,0.0,0.0,0.0,0.0,0.0,0.0,0.0,0.0,0.0,0.0,0.0,0.0,0.0,0.0,0.0,0.0,0.0,0.163558844872535,2.98815214309373,10.7442785884567,17.8532465350051,29.6903883167345,34.881881575293,30.855342568156495,23.923595087347795,14.7566354613948,8.223528393716991,6.242490863727469,4.64239192107115,4.24747959648337,4.5936175485691,6.44288535356402,4.63810081340406,5.56283529544207,5.80530496930551,3.950010767172187,8.041184363004861,8.503138060830238,0.9048429333543284,1.6070952753940046e-15,0.0,0.0,0.0,0.0,0.0,0.0,0.0,0.0,0.0,0.0,0.0,250.28883
COC,89.30025999999998,0.0,0.0,0.0,0.0,0.0,0.0,0.0,0.0,0.0,0.0,0.0,0.0,0.0,0.0,0.0,0.0,0.0,0.0,0.0,1.69948917159656,3.93762873603506,13.5246209991501,13.991592932707698,10.833919239634804,14.5008172043749,7.96851050078106,3.0512874434665407,2.0695754666718393,1.31918164711143,1.95384928610348,1.5652517959287202,1.16124865570567,1.53599334287599,0.567709959401827,1.0671965129936,2.0439602152345886,1.1503859797831142,2.352302994405036,1.9484770168771008,1.0572608991608716,0.0,0.0,0.0,0.0,0.0,0.0,0.0,0.0,0.0,0.0,0.0,71.28022
CCOCC,130.64839999999992,0.0,0.0,0.0,0.0,0.0,0.0,0.0,0.0,0.0,0.0,0.0,0.0,0.0,0.0,0.0,0.0,0.0,0.0,0.0,0.0,1.57867198323425,10.5183577543108,22.2508848363259,23.666420760736795,17.0522013094581,14.8046665515262,15.1872954433778,8.732927090585566,2.56051047652391,1.18361183529589,0.5247112359058796,1.53452392429605,1.09216785217463,0.354949926675815,0.909438321000781,1.4703905467749323,2.8290857799318156,1.5334136718083944,1.1185288457158409,1.664543017653629,0.0810988366869364,0.0,0.0,0.0,0.0,0.0,0.0,0.0,0.0,0.0,0.0,113.81337
CC(C)OC(C)C,163.91338999999982,0.0,0.0,0.0,0.0,0.0,0.0,0.0,0.0,0.0,0.0,0.0,0.0,0.0,0.0,0.0,0.0,0.0,0.0,0.0,0.0,1.55129443763604,15.1022125478967,22.270774579522502,27.478679229544195,19.3284864980552,17.7310865630306,17.8069484122211,23.408025845105893,7.18940617195635,0.887667153393907,1.0365818335928,0.322740315643592,1.38880397194853,1.30870274363462,0.221329696817816,0.3610832561236167,2.551664544911164,0.7031930699395785,1.1127380667768294,1.4276244305878996,0.711322083288242,0.0130245483726451,0.0,0.0,0.0,0.0,0.0,0.0,0.0,0.0,0.0,159.52489
CCCCOCCCC,210.07569,0.0,0.0,0.0,0.0,0.0,0.0,0.0,0.0,0.0,0.0,0.0,0.0,0.0,0.0,0.0,0.0,0.0,0.0,0.0,0.0,0.0,3.67285129844395,31.730454999551203,42.0854470607044,38.4009576401863,28.2595740584758,20.8088674303899,23.91115119585629,6.99713287602258,1.35497706242944,0.4648906068588088,1.36716890589809,1.14557658169018,0.32082621356218,0.735278866446713,1.3533169133825227,2.832229677697826,1.8466984739522736,0.8887348002152476,1.7641861381876685,0.13536920004862,0.0,0.0,0.0,0.0,0.0,0.0,0.0,0.0,0.0,0.0,200.86698
CC(C)(C)OC,139.66914999999983,0.0,0.0,0.0,0.0,0.0,0.0,0.0,0.0,0.0,0.0,0.0,0.0,0.0,0.0,0.0,0.0,0.0,0.0,0.0,0.256633497036929,3.05340884598481,16.1542776695918,19.4866228564699,21.021541833646495,16.4965775595055,15.0791442811617,14.8733010658771,14.734416241725595,4.07763833714371,1.83668240143543,1.3288688716482304,0.46439937084043,0.490780690316036,1.99033232818468,0.417560577793135,1.0192399384861603,1.2716355144905116,1.6962863268332584,1.5049967947923704,1.6240327252444895,0.79077227179156,0.0,0.0,0.0,0.0,0.0,0.0,0.0,0.0,0.0,0.0,135.87447
CCC(C)OC(C)CC,199.84046999999987,0.0,0.0,0.0,0.0,0.0,0.0,0.0,0.0,0.0,0.0,0.0,0.0,0.0,0.0,0.0,0.0,0.0,0.0,0.0,0.0,1.2224514651285,12.8103026692893,25.205734698751705,33.1079471671953,27.4495022122413,26.5278307263897,28.2289650445901,24.662791082579993,8.5468692222894,1.41196322633915,0.9927835652998472,0.236969617134063,0.92349936850223,1.87026179660892,0.0098081376603907,0.1326409728280837,1.7010736458539992,1.4984039529216306,0.992643515000852,0.994078959176438,0.84025192262277,0.473697031596218,0.0,0.0,0.0,0.0,0.0,0.0,0.0,0.0,0.0,202.91965
CCOC,109.74014000000004,0.0,0.0,0.0,0.0,0.0,0.0,0.0,0.0,0.0,0.0,0.0,0.0,0.0,0.0,0.0,0.0,0.0,0.0,0.0,0.686603676974037,2.72346344025563,11.8783090199048,19.0236357554125,16.8660026372196,15.6803580126554,11.3558114639668,9.28379856560415,5.119355759962998,1.80120734068118,1.40206051425197,1.27465026266764,1.4578124311987,1.06654228504559,0.722532692977647,0.809307523759104,1.74440839742761,1.9272140486116884,1.5030544174312916,1.67390224086898,1.73460405136268,0.0055054617600494,0.0,0.0,0.0,0.0,0.0,0.0,0.0,0.0,0.0,0.0,92.40613
CCCOC,129.84242999999995,0.0,0.0,0.0,0.0,0.0,0.0,0.0,0.0,0.0,0.0,0.0,0.0,0.0,0.0,0.0,0.0,0.0,0.0,0.0,0.713610914668967,1.66764575666343,10.34664172809,21.7765606352452,22.1294047644388,19.9029730035221,15.5293193598365,10.526417816254002,9.770965990075997,2.68653795837518,0.868156863413058,1.3154318613382796,1.45358695703237,0.888169030690871,0.823658168456639,0.842613134916848,1.601385836826241,2.222534039155677,1.317228083319573,1.6879603291741294,1.7625136357282198,0.0091141327778807,0.0,0.0,0.0,0.0,0.0,0.0,0.0,0.0,0.0,0.0,114.63594
CCCCOC(C)C,187.0737,0.0,0.0,0.0,0.0,0.0,0.0,0.0,0.0,0.0,0.0,0.0,0.0,0.0,0.0,0.0,0.0,0.0,0.0,0.0,0.0,0.792894420316147,10.335814082375,26.829522536432805,34.1791742570373,29.175360313363,22.3257286738457,20.6858114111547,21.77600511958069,6.72364459238093,2.14705871570879,0.6041720497123793,0.571346838950315,1.37064835533095,0.80958641599993,0.34709078040007,1.2556462640587924,2.7126169065802355,1.456061979287084,1.1150664332903706,1.15236440124186,0.708085452952955,0.0,0.0,0.0,0.0,0.0,0.0,0.0,0.0,0.0,0.0,179.39127
CC(C)COC,146.84851000000003,0.0,0.0,0.0,0.0,0.0,0.0,0.0,0.0,0.0,0.0,0.0,0.0,0.0,0.0,0.0,0.0,0.0,0.0,0.0,0.615714436386472,1.7965754073851,8.64321630567087,23.3304504243873,24.9398486539647,22.8845983679974,16.5754907382111,12.0150661197929,14.444702653631197,6.74826142441148,2.27498040807612,1.4639172000459906,1.31724359212677,0.9309809745803,1.07980709542025,0.590339009850783,2.6616521147409995,2.3723971466606337,0.5600969478774972,1.058852613122359,0.5443183656597959,0.0,0.0,0.0,0.0,0.0,0.0,0.0,0.0,0.0,0.0,0.0,136.96476
CC(C)OC,126.47811999999996,0.0,0.0,0.0,0.0,0.0,0.0,0.0,0.0,0.0,0.0,0.0,0.0,0.0,0.0,0.0,0.0,0.0,0.0,0.0,0.426029632797333,3.22591098720822,13.9657426446347,19.228640923127,19.8573093070869,16.4096390924643,12.1292461600868,13.0803185047974,10.182158277742296,2.96668042083956,1.96828840063522,0.8307224660275099,0.483780266238946,1.97187226756898,0.625660648744801,0.752807075075313,1.0056692792685422,2.293353943334976,1.2049659921941838,1.6317498955798193,1.9098071871339597,0.327766627413195,0.0,0.0,0.0,0.0,0.0,0.0,0.0,0.0,0.0,0.0,114.30968
CCCCCCOCCCCCC,289.45976,0.0,0.0,0.0,0.0,0.0,0.0,0.0,0.0,0.0,0.0,0.0,0.0,0.0,0.0,0.0,0.0,0.0,0.0,0.0,0.0,0.0,2.8563601985947,32.21837263750651,59.1822381935257,58.2775897699958,45.050324959207,30.959547620233906,32.35638553906129,14.1489137217799,1.6881896677211,0.442294489383608,1.37091450927621,1.16942844856357,0.29208212353519,0.691750878940267,1.1683456811004929,2.8375061226482368,1.8958159175303233,0.7134509425059641,1.900280160049458,0.239968418840801,0.0,0.0,0.0,0.0,0.0,0.0,0.0,0.0,0.0,0.0,288.25622
CCCCOC,149.81609000000014,0.0,0.0,0.0,0.0,0.0,0.0,0.0,0.0,0.0,0.0,0.0,0.0,0.0,0.0,0.0,0.0,0.0,0.0,0.0,0.715410417718832,1.66590881054939,8.8058460126178,23.7599699204549,26.2483919372105,26.1570109664096,18.2538673773618,11.744031523889902,13.446753234976295,4.11456827016523,0.971498084325321,1.2842202480997895,1.45357762338459,0.900339105791264,0.826809449660024,0.829080279044677,1.5127411006086915,2.3508318260210164,1.2816934706592535,1.6560303594161494,1.8232815263086295,0.0142284553264944,0.0,0.0,0.0,0.0,0.0,0.0,0.0,0.0,0.0,0.0,136.65485
C=COC=C,121.87033999999998,0.0,0.0,0.0,0.0,0.0,0.0,0.0,0.0,0.0,0.0,0.0,0.0,0.0,0.0,0.0,0.8459787617218405,3.50727066757369,3.08878060683684,6.33924596247052,7.29412322336705,10.8442039118397,5.859090316664,5.627300041274571,7.201784880204899,6.06942284498503,7.93275675358115,6.266233401761971,6.356625208430799,4.51644729916943,8.19648554452309,9.627178142429418,9.32810364790708,6.98760306356159,5.78267509128618,0.199030630411135,0.0,0.0,0.0,0.0,0.0,0.0,0.0,0.0,0.0,0.0,0.0,0.0,0.0,0.0,0.0,0.0,103.42392
CCCOCC,150.1988899999999,0.0,0.0,0.0,0.0,0.0,0.0,0.0,0.0,0.0,0.0,0.0,0.0,0.0,0.0,0.0,0.0,0.0,0.0,0.0,0.0,0.779038698729499,8.45207836616991,25.5696698824133,28.365603178705097,21.4827225174491,18.6023709360147,16.7158132463524,12.664999483881497,3.6631433385578,0.988282571037289,0.5038203244418914,1.33650010578503,1.20395143742316,0.350473121239281,0.82372541389643,1.463010413172802,2.635328591670397,1.747528051251403,1.083658704531301,1.682369558277389,0.0848020590002168,0.0,0.0,0.0,0.0,0.0,0.0,0.0,0.0,0.0,0.0,135.34477
CCCCCCCCCOCCCCCCCCC,408.8711400000003,0.0,0.0,0.0,0.0,0.0,0.0,0.0,0.0,0.0,0.0,0.0,0.0,0.0,0.0,0.0,0.0,0.0,0.0,0.0,0.0,0.0,2.8077610759678,34.67783958347362,79.0591665199406,88.9961339841235,70.4104283349747,51.38699287354691,41.490542894283195,25.4318252111635,1.75507427906715,0.4343044171107391,1.37720258805086,1.16829674257452,0.304205464688716,0.702262842038456,1.2918363480743629,2.7731309003535767,1.940497013583413,0.749893977076656,1.7708112675257182,0.34293368238236,0.0,0.0,0.0,0.0,0.0,0.0,0.0,0.0,0.0,0.0,418.3995
C/C=C/C1=CC=C(C=C1)OC,203.59151999999995,0.0,0.0,0.0,0.0,0.0,0.0,0.0,0.0,0.0,0.0,0.0,0.0,0.0,0.0,0.0,0.0,0.0,0.37121612502705,5.1525288720327,14.7680732212184,18.4685975483139,17.4016654466091,18.0948263727423,15.3986445740718,12.4786567767427,12.1679069686534,14.6230138237923,8.523942953396222,12.5323803599185,9.74590357715288,12.658830557394896,16.4164664200371,8.93435436179671,2.3961257555243,1.79015436907341,1.6682319165022972,0.0,0.0,0.0,0.0,0.0,0.0,0.0,0.0,0.0,0.0,0.0,0.0,0.0,0.0,0.0,201.44568
C1COCCO1,120.46910999999989,0.0,0.0,0.0,0.0,0.0,0.0,0.0,0.0,0.0,0.0,0.0,0.0,0.0,0.0,0.0,0.0,0.0,0.0,0.0602157860288742,7.51736806320452,11.3721135377358,20.3907523516739,18.843245426388396,11.1632940521166,9.13773416277103,5.80130245875806,3.3638564208572705,2.6119474635208,1.99770193542899,2.58153604987396,2.1999625016380904,2.62616847328216,0.95611882237491,3.3085590295663,3.2995836942745,1.634595466721324,3.8795283174059096,3.754330882677461,3.64334687274185,0.3258482309591807,0.0,0.0,0.0,0.0,0.0,0.0,0.0,0.0,0.0,0.0,0.0,110.13815
C1OCOCO1,111.94811999999986,0.0,0.0,0.0,0.0,0.0,0.0,0.0,0.0,0.0,0.0,0.0,0.0,0.0,0.0,0.0,0.0,0.985722159994447,6.62264539092431,10.4318625441441,12.2564541075607,9.63869208129888,10.2439519661144,6.980127022429478,2.78420130213455,4.0112331557252,3.14817199236266,2.98222353190552,2.6392457333380706,3.8082814951768,1.57168244442454,2.406669446848279,3.52670958502501,4.04386923165045,3.75497303747981,4.42426853518738,6.3684455171845205,7.028371288977933,2.290318430112817,3.8691165271801e-15,0.0,0.0,0.0,0.0,0.0,0.0,0.0,0.0,0.0,0.0,0.0,0.0,100.09035
CC(C)(C)OC(C)(C)C,185.3404099999999,0.0,0.0,0.0,0.0,0.0,0.0,0.0,0.0,0.0,0.0,0.0,0.0,0.0,0.0,0.0,0.0,0.0,0.0,0.0,0.0,2.27985477877213,13.7975428496144,24.087483821329705,28.931409827086597,22.9806864064557,19.4394561334378,21.704449440866,31.653193847176688,8.64104058950872,1.96921435683263,1.4564666986693204,0.693382731215373,0.538662561367943,0.908138943406439,1.41743561456606,0.2212111309205697,0.6657814274505836,1.4018446369717374,1.2751285088396702,1.25176742898847,0.0262582665233684,0.0,0.0,0.0,0.0,0.0,0.0,0.0,0.0,0.0,0.0,201.60978
CCCCCCCCOCCCCCCCC,369.44231000000013,0.0,0.0,0.0,0.0,0.0,0.0,0.0,0.0,0.0,0.0,0.0,0.0,0.0,0.0,0.0,0.0,0.0,0.0,0.0,0.0,0.0,2.80528115993576,33.880815081062515,72.4456570236225,78.7884885188436,62.3482994268606,44.3835164811736,38.50107942729059,21.8177380646472,1.64258877355869,0.4306476216898762,1.45415452561276,1.0764641584837,0.303447080024062,0.712892557224578,1.3844236376656225,2.7159751808750165,1.7478728895937734,0.9375320310048716,1.7553828244203986,0.31005353641039,0.0,0.0,0.0,0.0,0.0,0.0,0.0,0.0,0.0,0.0,375.83975
CCCCCOCCCCC,249.67332000000007,0.0,0.0,0.0,0.0,0.0,0.0,0.0,0.0,0.0,0.0,0.0,0.0,0.0,0.0,0.0,0.0,0.0,0.0,0.0,0.0,0.0,3.08167984678955,32.070658728638705,51.059179852103,48.6508924158161,35.8646392248249,25.443803322968,28.86490162239259,10.3488363825969,1.54182931303946,0.4366106326830281,1.37894965987327,1.15717019046775,0.297782130032475,0.66914882236854,1.2431471496406927,2.775661839729937,1.9261194513691529,0.7184405245439501,1.857325611326148,0.286543278795916,0.0,0.0,0.0,0.0,0.0,0.0,0.0,0.0,0.0,0.0,244.53597
CCC(C)OC,144.13144999999997,0.0,0.0,0.0,0.0,0.0,0.0,0.0,0.0,0.0,0.0,0.0,0.0,0.0,0.0,0.0,0.0,0.0,0.0,0.0,0.375688586081808,3.01290272040769,12.4212959017883,20.7968322302358,22.3065695220464,21.6352210720635,17.7879457601828,14.703424718559,12.136850092861696,4.08796494381799,1.98768847780739,0.988425683344882,0.594436849616807,1.46962226539521,0.871104059641428,0.583251051735266,1.2619363175400016,2.187421303112917,1.274362826829873,1.42771055442371,1.7142947434956997,0.506500319011804,0.0,0.0,0.0,0.0,0.0,0.0,0.0,0.0,0.0,0.0,135.51026
CCC(C)(C)OC,155.7977499999999,0.0,0.0,0.0,0.0,0.0,0.0,0.0,0.0,0.0,0.0,0.0,0.0,0.0,0.0,0.0,0.0,0.0,0.0,0.0,0.162095880096256,2.76129152893147,14.743764925265,20.2621592303675,24.1170851121125,20.8922119537116,19.3460665350117,19.8903580242308,14.239485864300397,4.4351736361455,2.60281941209115,1.566764218112241,0.411365771719043,0.518776163030438,1.77016920016594,0.515770913105383,0.9569887496490134,1.1347095206930915,1.6549390162995985,1.65967431360425,1.4206419772099104,0.735438054147086,0.0,0.0,0.0,0.0,0.0,0.0,0.0,0.0,0.0,0.0,156.55472
CCOC(C)(C)C,160.46563999999995,0.0,0.0,0.0,0.0,0.0,0.0,0.0,0.0,0.0,0.0,0.0,0.0,0.0,0.0,0.0,0.0,0.0,0.0,0.0,0.0,1.33621230639562,14.9557210994721,22.6628979114514,26.821492295495997,19.3175087633128,17.8451113931086,18.5844534637263,19.271991107757593,6.03774902236842,2.29163485457215,0.8724124535588724,0.355938379617555,0.344877741137413,1.76102644009046,0.502301246708188,1.0063305623030998,0.9151420020607478,2.570580087749184,1.2415773431607122,1.0235606159986803,0.747120909954052,0.0,0.0,0.0,0.0,0.0,0.0,0.0,0.0,0.0,0.0,157.14769
CCCCCOC,169.5631100000001,0.0,0.0,0.0,0.0,0.0,0.0,0.0,0.0,0.0,0.0,0.0,0.0,0.0,0.0,0.0,0.0,0.0,0.0,0.0,0.684277898435753,1.77847116732542,8.08122117792696,24.125282741044703,30.8853330783992,31.336688930511496,22.084567638773,14.329098059276,15.373874767111896,5.2865364121461,1.73917878825059,1.2219037276225504,1.39796545479119,1.05587688478265,0.713730617164448,0.810863249697738,1.5899393905434211,2.2725831179698974,1.461507693158753,1.5894632771890398,1.7320870197346898,0.0126589081446096,0.0,0.0,0.0,0.0,0.0,0.0,0.0,0.0,0.0,0.0,158.31657
CCC(C)(C)OCC,176.20046,0.0,0.0,0.0,0.0,0.0,0.0,0.0,0.0,0.0,0.0,0.0,0.0,0.0,0.0,0.0,0.0,0.0,0.0,0.0,0.0,0.880249200805093,14.4191657854705,22.747024413015804,29.667325419832896,23.3697983482965,22.0843203729098,23.8547953430914,19.159042230255793,5.6624284691455,2.93546763132647,1.3204593465998915,0.426010873961816,0.57692984742288,1.19886559097664,0.747062642197446,0.8446629603860263,1.0627641915373234,2.012467385563307,1.6167756553933006,1.0625302154826308,0.552314076328977,0.0,0.0,0.0,0.0,0.0,0.0,0.0,0.0,0.0,0.0,177.47055
COCOC,122.17043000000002,0.0,0.0,0.0,0.0,0.0,0.0,0.0,0.0,0.0,0.0,0.0,0.0,0.0,0.0,0.0,0.0,0.0,0.0,0.352544264290388,3.65063577924132,14.1397018807953,23.8457028473871,15.5579248744033,16.424828168413296,10.176842410231698,3.26860622116338,3.99680039866105,2.2226708345382193,1.56260482602218,2.37439743671019,1.482866376243281,1.73377591936745,1.68571326783248,1.22540396221626,3.02861710636918,1.464681812642483,3.1336744333156674,2.3189075228662928,7.73525637796133,0.7882732793281843,0.0,0.0,0.0,0.0,0.0,0.0,0.0,0.0,0.0,0.0,0.0,105.01645
CCOC(C)OCC,176.46095000000005,0.0,0.0,0.0,0.0,0.0,0.0,0.0,0.0,0.0,0.0,0.0,0.0,0.0,0.0,0.0,0.0,0.0,0.0,0.0,0.0352650208502667,3.96652484106127,17.2883210921832,25.8003664924873,27.4908538421414,26.928682153605,19.9587495462256,21.3131560182119,7.919852522251748,3.80533227706924,1.67080209533129,1.9786904305958497,2.30624490308361,1.17638904540604,1.43040728745289,2.34474013695502,3.5193820663640674,1.999148231935293,2.824506163680737,2.2047500719759308,0.4987857611323858,0.0,0.0,0.0,0.0,0.0,0.0,0.0,0.0,0.0,0.0,0.0,170.94702
CC(C)COC(C)C,184.08062,0.0,0.0,0.0,0.0,0.0,0.0,0.0,0.0,0.0,0.0,0.0,0.0,0.0,0.0,0.0,0.0,0.0,0.0,0.0,0.0,0.616837527702589,9.89489652807278,26.537198749857804,32.7078861808817,26.3182302721288,20.5483729559691,20.2839545040944,23.112250695003095,10.2494484399179,2.9867321773245,1.4789403237241914,0.914216014526456,0.818461239984701,0.868606140496341,1.06994240311734,1.273248913594511,1.91307917753543,1.92783430098131,0.3235112736891187,0.2369721813979231,0.0,0.0,0.0,0.0,0.0,0.0,0.0,0.0,0.0,0.0,0.0,181.14202
CC1(CO1)C,118.2651700000001,0.0,0.0,0.0,0.0,0.0,0.0,0.0,0.0,0.0,0.0,0.0,0.0,0.0,0.0,0.0,0.0,0.0,0.0,0.279768418251676,3.68356519811784,9.4152359379039,14.6102878864204,16.474499358417297,11.0468368975637,10.829183863126,15.1693056099457,11.6659712636276,3.5399252462760495,2.23144006386935,1.26652355339541,1.26643470392025,1.42961526845678,0.795635339817617,1.34385735468873,1.43954299445466,2.964561082204141,3.5808774172392956,2.258803627653194,2.26166133987107,0.7116375747794188,0.0,0.0,0.0,0.0,0.0,0.0,0.0,0.0,0.0,0.0,0.0,106.3684
C1CO1,80.20722999999997,0.0,0.0,0.0,0.0,0.0,0.0,0.0,0.0,0.0,0.0,0.0,0.0,0.0,0.0,0.0,0.0,0.0,0.0,2.96458005996786,9.7281966534159,9.2936216968587,5.71372607261973,8.03747314009693,6.72428604382862,5.83611584679304,4.57987854425242,4.22416158184588,2.6501145262161696,1.14440816777242,1.26225707587011,1.7284767798899596,0.479895593929857,0.744395011332113,2.69939568662079,1.99264483594719,3.31012101206122,3.243288294968618,2.779774569665012,0.987008855014608,0.083409951032819,0.0,0.0,0.0,0.0,0.0,0.0,0.0,0.0,0.0,0.0,0.0,62.12989
CC1CO1,100.02778000000006,0.0,0.0,0.0,0.0,0.0,0.0,0.0,0.0,0.0,0.0,0.0,0.0,0.0,0.0,0.0,0.0,0.0,0.0,0.78878049940416,5.62530096779261,11.3284067706945,10.6700941474859,12.062669276997598,9.57457670329592,8.59526405494693,10.2300853657707,6.984146267929561,3.460649293471059,1.15070410211288,0.936891318210035,2.011888835873029,0.678553488213454,0.933913941013256,1.90070447117453,2.02074481774247,2.6788317245099917,3.7697313793498566,2.7345686473336035,1.475524800901132,0.4157491257768928,0.0,0.0,0.0,0.0,0.0,0.0,0.0,0.0,0.0,0.0,0.0,83.6613
C1COC1,97.58831999999995,0.0,0.0,0.0,0.0,0.0,0.0,0.0,0.0,0.0,0.0,0.0,0.0,0.0,0.0,0.0,0.0,0.0,0.0,0.0,0.0160873545699911,6.47160133626516,14.5880153657935,17.4638747981264,14.3716774178169,13.5897258427786,7.51452948865237,3.7799178161300406,1.8167902927486996,0.664627863624643,1.16372152099002,1.9989136700510897,0.660603441208982,0.810459643621437,0.871087583988948,1.65716030792303,1.1116628965599502,1.200252907307785,2.6995214052047145,1.2059011200555827,3.000227331724597,0.93196059485751,0.0,0.0,0.0,0.0,0.0,0.0,0.0,0.0,0.0,0.0,81.30314
CCOC=C,125.86815000000004,0.0,0.0,0.0,0.0,0.0,0.0,0.0,0.0,0.0,0.0,0.0,0.0,0.0,0.0,0.0,0.0,0.0,0.342421948514326,1.66226704572202,5.56352215770363,12.6566638403881,15.5976578691231,14.1177424939781,10.7741348621171,9.35737517227319,9.59839829115323,9.2178819124025,3.63572335208476,3.84326152272199,2.77916648710186,3.1268625116852498,4.73565398698769,4.34221141460411,6.2668003054803,3.82753057239598,2.3923514882259793,1.9788968453891231,0.0516259199476962,8.89069527758338e-17,0.0,0.0,0.0,0.0,0.0,0.0,0.0,0.0,0.0,0.0,0.0,0.0,108.2336
CCCOCCC,170.1135599999999,0.0,0.0,0.0,0.0,0.0,0.0,0.0,0.0,0.0,0.0,0.0,0.0,0.0,0.0,0.0,0.0,0.0,0.0,0.0,0.0,0.005214219809404,6.56451794121394,28.300814607445805,33.499148433508,25.8792467489565,22.6803175587232,18.4564805281847,16.599213375865794,4.24228591886674,1.20441148850354,0.4710925459670556,1.5360525258603,0.909735945859102,0.340201478320617,0.770926896767495,1.421175309642252,2.7183674133294966,1.7210885078822933,0.8287893880887486,1.7717485916832385,0.192730575521673,0.0,0.0,0.0,0.0,0.0,0.0,0.0,0.0,0.0,0.0,157.04572
CCCCOC=C,165.91324000000003,0.0,0.0,0.0,0.0,0.0,0.0,0.0,0.0,0.0,0.0,0.0,0.0,0.0,0.0,0.0,0.0,0.0,0.298660593547647,1.61138400894933,4.973938375125,9.41953842039307,13.2844934869762,22.4899003669085,20.9765616924359,18.0806228351661,14.6939283263355,14.2966434484163,11.1439278841951,5.25974304554959,2.76087272764524,3.2018137121721195,4.59239431763612,4.42569336531084,6.13520825307653,3.96072855119806,2.2402107188894997,1.921587915228224,0.1453879548451641,2.5382695391650574e-16,0.0,0.0,0.0,0.0,0.0,0.0,0.0,0.0,0.0,0.0,0.0,0.0,152.06113
CCCCOCC,170.07442999999998,0.0,0.0,0.0,0.0,0.0,0.0,0.0,0.0,0.0,0.0,0.0,0.0,0.0,0.0,0.0,0.0,0.0,0.0,0.0,0.0,0.78674189733524,6.87389166752004,27.332899898921102,32.7002022743283,27.7691877899928,21.4992852976261,17.8889329952793,16.039186321455496,5.2939784074535,0.967301478628519,0.5607026235543323,1.31495182001999,1.24927528789278,0.341507816677661,0.747701073912449,1.430969189196562,2.536259898368278,1.8411394197626825,0.9070541511914636,1.8544690554702583,0.138791635413131,0.0,0.0,0.0,0.0,0.0,0.0,0.0,0.0,0.0,0.0,157.2059
COCCOCCOCCOC,247.76476999999988,0.0,0.0,0.0,0.0,0.0,0.0,0.0,0.0,0.0,0.0,0.0,0.0,0.0,0.0,0.0,0.0,0.0,0.0,0.0065482973380655,2.4907976917349,14.1044836906673,47.4275596450899,37.916417903352695,28.4738299034622,27.631084149963,19.4586002613911,10.845559444728902,4.52786539077111,4.00239302013282,7.01313850900988,2.5484776134517437,2.50670686028125,3.07729392194147,4.60472314897789,12.4737553350982,4.65798116896991,4.496832508049809,6.958376106602482,2.5420155194142984,0.0003299095709284,0.0,0.0,0.0,0.0,0.0,0.0,0.0,0.0,0.0,0.0,0.0,236.37235
COCCOC,142.26667999999998,0.0,0.0,0.0,0.0,0.0,0.0,0.0,0.0,0.0,0.0,0.0,0.0,0.0,0.0,0.0,0.0,0.0,0.0,0.0,2.40495933464583,6.36527155347086,25.0890766740771,22.280359064148197,17.5186572173564,18.934150769239896,10.2176999124242,6.443852978098981,2.8652894317352895,1.96117790989303,4.03971872515693,1.891172787322122,1.63040831616639,1.65039812642081,1.87797445846459,4.63677554455194,3.524864556282567,1.9419075696735877,4.183316041131582,2.7744594192876324,0.0351896104520456,0.0,0.0,0.0,0.0,0.0,0.0,0.0,0.0,0.0,0.0,0.0,126.37858
COCCOCCOC,195.01828,0.0,0.0,0.0,0.0,0.0,0.0,0.0,0.0,0.0,0.0,0.0,0.0,0.0,0.0,0.0,0.0,0.0,0.0,0.0027088845453179,2.38597690355413,10.3156921429588,36.3229205613037,30.149434541306096,22.8050617004929,23.615049094124796,14.8147622837387,8.414349034914611,4.047900895361839,2.83063189942976,5.28113804007399,2.2659660407940025,2.02306767822635,2.3810766838741,3.06675470513798,8.59584696882126,4.195828545064388,2.9899131694965395,5.698901336336421,2.801262485869435,0.014036404574883,0.0,0.0,0.0,0.0,0.0,0.0,0.0,0.0,0.0,0.0,0.0,181.51311
COCCOCCOCCOCCOC,300.91822000000013,0.0,0.0,0.0,0.0,0.0,0.0,0.0,0.0,0.0,0.0,0.0,0.0,0.0,0.0,0.0,0.0,0.0,0.0,0.0018219598513154,2.3980079377466,18.0043961308208,58.6374327363722,45.43044293055589,34.7207853367153,31.5109492391563,23.6120622056922,13.992431884529802,5.56573444766607,4.84142794950052,8.37549373276798,2.902729411713535,2.96199706782834,4.0306346584504,6.40226378048847,15.6322335544025,5.6010901783838305,6.029320955808955,7.427291014098524,2.795326100031469,0.0443467874191589,0.0,0.0,0.0,0.0,0.0,0.0,0.0,0.0,0.0,0.0,0.0,291.56905
CCOCCOCCOCC,235.52177,0.0,0.0,0.0,0.0,0.0,0.0,0.0,0.0,0.0,0.0,0.0,0.0,0.0,0.0,0.0,0.0,0.0,0.0,0.0,0.0,6.25538050690769,34.1574343694839,41.9929169118628,34.0199991180877,27.07509080092,19.0561644832538,23.1965806636405,9.087915601726678,3.12718614273337,3.97687420230541,2.3888424660734215,2.2002112739357,1.76243831434112,2.65237799088121,6.73159542238819,6.870769324986654,3.4030962825135225,4.234473418502647,3.278888170020692,0.0535345354349946,0.0,0.0,0.0,0.0,0.0,0.0,0.0,0.0,0.0,0.0,0.0,222.74674
CCCCOCCOCCOCCCC,315.45091000000014,0.0,0.0,0.0,0.0,0.0,0.0,0.0,0.0,0.0,0.0,0.0,0.0,0.0,0.0,0.0,0.0,0.0,0.0,0.0,0.0,3.77986637502981,26.7578773239565,53.2461508413867,52.2575797405623,48.3286999280432,32.8770673660342,27.9953461840068,25.77571807363299,7.18994100207526,3.95883815672741,2.4775148938716214,2.04486282743517,1.65952400502198,2.69417717423758,6.59372325017469,6.8264596408235745,3.713133818691712,4.2460337823920185,3.028395615896612,5.3774225706972466e-15,0.0,0.0,0.0,0.0,0.0,0.0,0.0,0.0,0.0,0.0,0.0,309.86042
CCOCC1=CC=CC=C1,191.66260000000003,0.0,0.0,0.0,0.0,0.0,0.0,0.0,0.0,0.0,0.0,0.0,0.0,0.0,0.0,0.0,0.0,0.0,0.0,0.852253183353967,7.4177719136305,14.1387418584173,24.8592087082795,21.5130080466002,18.996808127113997,14.7924308449576,11.7182845426129,14.5588616050342,8.84517921587781,9.53615130570831,6.71242678219718,13.052544966108997,9.44335829406606,8.06044088019854,2.15628955007002,1.31643685109242,2.3219697590076476,0.9985543304709418,0.3718792352019561,6.277414386574518e-16,0.0,0.0,0.0,0.0,0.0,0.0,0.0,0.0,0.0,0.0,0.0,0.0,186.36198
COC1=CC=CC=C1,150.46848000000006,0.0,0.0,0.0,0.0,0.0,0.0,0.0,0.0,0.0,0.0,0.0,0.0,0.0,0.0,0.0,0.0,0.0,0.15798381471244,3.44799700245324,14.8304652249946,17.1032409696255,13.1780344668573,12.1275168537103,9.46357306931401,8.39410999788188,5.5790268865291,7.86778743484436,4.148924187401173,9.6950069435837,7.74584264692945,11.324407259480196,9.23733468518365,9.7076667349619,2.7790990928269,1.54413235860698,2.0670449188127966,0.0692854512905692,2.347995956004367e-16,0.0,0.0,0.0,0.0,0.0,0.0,0.0,0.0,0.0,0.0,0.0,0.0,0.0,142.77828
CCOC1=CC=CC=C1,171.00429000000008,0.0,0.0,0.0,0.0,0.0,0.0,0.0,0.0,0.0,0.0,0.0,0.0,0.0,0.0,0.0,0.0,0.0,0.122505498216766,1.91047224583938,10.4493885564709,18.0848029467999,18.5527530118904,16.527780045945498,11.5860534662356,11.6349140025358,11.0165252859263,11.6676541683003,5.052923206292112,9.48996003125361,7.47847733409752,11.207973058192396,9.4124564872557,9.58009823706825,3.91823672537495,1.03982058436585,1.766645172059088,0.5048499358797522,1.7632296744012645e-15,0.0,0.0,0.0,0.0,0.0,0.0,0.0,0.0,0.0,0.0,0.0,0.0,0.0,163.70996
C1=CC=C(C=C1)COCC2=CC=CC=C2,253.03338,0.0,0.0,0.0,0.0,0.0,0.0,0.0,0.0,0.0,0.0,0.0,0.0,0.0,0.0,0.0,0.0,0.0,0.0,2.48779351203022,18.3380136557351,32.5232678231204,28.0279709295171,20.367110867785797,13.0150841677821,13.2047371782093,13.2581520801847,10.5077525727709,12.3527516784962,15.3539967854096,12.328870097149,26.62699548783509,15.3874768125152,14.4211256661465,2.14663999354991,1.96871595697527,0.6808202436714299,0.0361044911162237,1.2578043256408261e-16,0.0,0.0,0.0,0.0,0.0,0.0,0.0,0.0,0.0,0.0,0.0,0.0,0.0,260.35643
C1=CC=C(C=C1)OC2=CC=CC=C2,213.01788999999997,0.0,0.0,0.0,0.0,0.0,0.0,0.0,0.0,0.0,0.0,0.0,0.0,0.0,0.0,0.2297594236754785,0.9246450401370828,1.25860130378983,2.19698288772323,7.66605279684216,17.6007578948297,19.8762153380333,12.6683035830637,10.1825323009873,11.2978453828139,11.0151847038662,12.0055939258523,8.429451043249061,20.2713351270759,17.9328095085423,16.0670702186427,21.620434908954294,16.9839847301548,4.79032988176673,0.0,0.0,0.0,0.0,0.0,0.0,0.0,0.0,0.0,0.0,0.0,0.0,0.0,0.0,0.0,0.0,0.0,0.0,214.59866
COC=C,105.58377000000004,0.0,0.0,0.0,0.0,0.0,0.0,0.0,0.0,0.0,0.0,0.0,0.0,0.0,0.0,0.0,0.0,0.0,0.46530095634712,2.83999603512591,10.0452383318652,11.7075555471426,10.9455442569882,9.13046329401189,8.575514708635348,5.87707288351202,4.31997677338891,5.08696560673962,3.3050742369341606,3.81886203955896,3.27198402548684,3.46641982067812,4.34225029290615,4.97359074960415,5.16268508983258,4.35157668425474,2.7482049153815975,1.149493751605936,3.999215372733964e-15,0.0,0.0,0.0,0.0,0.0,0.0,0.0,0.0,0.0,0.0,0.0,0.0,0.0,87.45312
CCC1CO1,119.53497000000004,0.0,0.0,0.0,0.0,0.0,0.0,0.0,0.0,0.0,0.0,0.0,0.0,0.0,0.0,0.0,0.0,0.0,0.0,0.724320563544789,4.96299676829188,7.45584684770234,12.9009744357878,15.4589661527645,16.779991061220798,11.4687144804598,11.0667346228319,11.2936067465983,6.2719680331672185,1.36010807845211,0.900922614488743,2.401611940152349,0.752132322895816,0.789285916412037,1.7584425280151,1.91697045059699,2.868463902883082,3.804154651620116,2.633363355191434,1.560550073995182,0.4048444529277531,0.0,0.0,0.0,0.0,0.0,0.0,0.0,0.0,0.0,0.0,0.0,106.06265
CC(C)(C1=CC=CC=C1)OO,188.08276999999987,0.0,0.0,0.0,0.0,0.0,0.0,0.0,0.0,0.0,0.0,0.1319269095076868,0.662355318585234,0.7824739167603048,0.40708390159315,1.1145035910151786,0.466581872875861,0.635438190563508,0.519973448029874,1.10132636675338,7.42250129058888,15.4435497270541,20.4292825541327,17.9242697379942,14.3791444402755,13.352086111295,16.291371541873,13.3485814793663,11.031042649891296,7.5147925959938,12.5503513223977,9.973691197978251,3.64376231910781,2.54603152194962,3.26738852620509,3.05484393676591,4.693712480178948,3.872583588553941,1.2140227402334092,0.3080967224802406,5.405939594762344e-16,0.0,0.0,0.0,0.0,0.0,0.0,0.0,0.0,0.0,0.0,0.0,195.87578
CC(C)(C)OO,132.99420999999992,0.0,0.0,0.0,0.0,0.0,0.0,0.0,0.0,0.287431045056308,1.01976967992084,1.06773927502285,0.0996885385825799,1.2923843234226975,0.518611097585203,0.7264711941858807,1.5407634214114387,0.44550005477172,0.374865519285161,0.393399153340028,0.820636919381419,4.18998152092315,14.4924035429668,16.6213591929921,13.913779829538298,10.5100583979142,10.9432250015221,18.863488697070196,8.150882046130889,2.48850938932961,1.45268100564268,1.81657157450268,1.35865215395584,1.78477938448579,2.97012170014066,3.41935755124705,2.7461474725198105,2.947283092572462,3.5169562981502778,1.801637441529893,0.4190744848993084,0.0,0.0,0.0,0.0,0.0,0.0,0.0,0.0,0.0,0.0,0.0,127.33103
C1CCC(CC1)OO,154.80007000000006,0.0,0.0,0.0,0.0,0.0,0.0,0.0,0.0,0.374005342519469,0.992801338735458,1.1426095988536698,0.7901601462678726,1.0347132369985197,0.677633413642127,0.7821938068894188,0.5833045889178063,0.732690479321228,1.21205452093414,0.336880955404984,0.274723179794151,0.849419412448465,6.41345725366281,21.598205633869203,26.141887531658497,20.1915093865964,18.0637346001032,15.7728078392589,9.046681820274388,1.90049711151638,1.65157145324377,1.4141893483315802,1.27064130507354,3.09382331171732,4.23025944789685,3.13515014220003,3.33637648414869,3.238745608378428,2.643705292129892,1.6708285211947116,0.2028078880181566,0.0,0.0,0.0,0.0,0.0,0.0,0.0,0.0,0.0,0.0,0.0,152.96344
CC(C)(C1=CC=CC=C1)OOC(C)(C)C2=CC=CC=C2,311.46269,0.0,0.0,0.0,0.0,0.0,0.0,0.0,0.0,0.0,0.0,0.0,0.0,0.0,0.0,0.0,0.0,0.0,0.0,0.92609274499068,13.9621700789813,25.0145108457337,31.3125095996997,35.6493522925404,28.0416629006382,24.1532516145348,27.7838853103915,27.7647219113096,14.5299944583453,13.9441520722798,11.4488034252715,16.189639888343695,12.760960169086,15.4088093145096,6.46661875522363,3.34319819041497,1.636474178914179,1.104388573915266,0.0214936748761849,3.8799845655380747e-17,0.0,0.0,0.0,0.0,0.0,0.0,0.0,0.0,0.0,0.0,0.0,0.0,365.77785
CC1CCC(CC1)C(C)(C)OO,217.5438800000002,0.0,0.0,0.0,0.0,0.0,0.0,0.0,0.0,0.243542895170612,0.720252092829176,1.411145012000209,0.0091496833824127,1.1522336095479182,0.643637465828128,0.5517131984512291,1.605096511856878,0.589625007738364,0.294364303392248,0.439447658477108,0.376110733873177,2.49589922270018,8.26095760739746,21.577143620493903,34.6815583515301,37.7171357600173,26.0415364680603,23.3983388196098,22.963401294796892,9.55866973958147,1.58524704694211,1.17892485720338,1.97486110244308,2.06002852834607,2.24019292060305,3.77004887576893,2.373706826650799,1.6231375463276547,2.9365738508784154,2.372146017503221,0.6980533705986179,0.0,0.0,0.0,0.0,0.0,0.0,0.0,0.0,0.0,0.0,0.0,240.10343
C1C=CCO1,107.71579000000006,0.0,0.0,0.0,0.0,0.0,0.0,0.0,0.0,0.0,0.0,0.0,0.0,0.0,0.0,0.0,0.0,0.0,0.279433516430679,3.01489557492036,4.00733051017414,10.2426201223613,13.4424363436349,15.231254037399696,9.540354911204918,6.77762145859067,6.30604506561308,4.43167213169502,4.498773327949471,6.19542357478316,3.08709681606848,4.836040872747009,3.26567233694032,1.37401338413212,1.93338866143178,1.25883804452303,1.0009568834804614,1.7638396718653702,1.84424938135744,1.67846434018473,1.70536903251194,0.0,0.0,0.0,0.0,0.0,0.0,0.0,0.0,0.0,0.0,0.0,93.24669
C1=COC=C1,102.0458,0.0,0.0,0.0,0.0,0.0,0.0,0.0,0.0,0.0,0.0,0.0,0.0,0.0,0.0,0.0,0.2584374516518595,2.69623676697382,6.02103463402475,6.46152536581857,6.32040525411549,4.37649864076364,5.29417162640409,5.778919490389429,3.795778096500361,4.99374409892085,5.80245686622521,4.20468921056891,5.8705992217286,5.77866403232444,6.57819896483677,10.073714254597196,7.97931963799431,6.91273281174878,2.77721067560737,0.0714628988055637,0.0,0.0,0.0,0.0,0.0,0.0,0.0,0.0,0.0,0.0,0.0,0.0,0.0,0.0,0.0,0.0,87.67799
C1CCOC1,112.62017,0.0,0.0,0.0,0.0,0.0,0.0,0.0,0.0,0.0,0.0,0.0,0.0,0.0,0.0,0.0,0.0,0.0,0.0,0.0,0.0,3.03511315145709,12.3623002509916,20.7073645730722,21.355944691741296,14.3213174589927,12.4233299175831,8.01952801596496,2.7605460534776394,1.82124964891722,0.777485699944715,1.0760234342109998,1.6886253473582,0.645577479650949,0.22888986724707,2.13388958881374,0.9539508329348468,1.3790744625995504,1.4826246932445697,2.120256605736969,2.03407732488674,1.29300090117383,0.0,0.0,0.0,0.0,0.0,0.0,0.0,0.0,0.0,0.0,99.71173
C1=CC=C2C(=C1)C3=CC=CC=C3O2,198.76929,0.0,0.0,0.0,0.0,0.0,0.0,0.0,0.0,0.0,0.0,0.0,0.0,0.0,0.0,0.0,0.0,0.0046674594737485,2.39550299025706,9.96091573227565,17.6164778797788,15.4724394855186,12.7636452349539,8.87338710180068,8.6422183379423,9.95157805744366,10.1521218385988,9.8198452694768,22.883606344666095,18.4588479291502,16.8592182956393,16.9749805856282,14.965096238463,2.38890374685359,0.585837472079615,0.0,0.0,0.0,0.0,0.0,0.0,0.0,0.0,0.0,0.0,0.0,0.0,0.0,0.0,0.0,0.0,0.0,203.30533
C1=CC=C(C=C1)C(=O)OOC(=O)C2=CC=CC=C2,273.3718900000002,0.0,0.0,0.0,0.0,0.0,0.0,0.0,0.0,0.0,0.0,0.0,0.0,0.0,0.0,0.0,0.0,0.0,2.80214521164365,19.0614414253048,21.7017741582239,16.1173108631093,15.2425740502183,17.0933120176042,16.4943390586428,15.330104719820302,22.9125419088775,20.9158888805638,21.6979633395845,22.2228867127325,22.2843573720927,6.201968365514463,3.69768550770143,6.02469296341241,6.52532490995561,11.909782037989,5.135796497009001,0.0,0.0,0.0,0.0,0.0,0.0,0.0,0.0,0.0,0.0,0.0,0.0,0.0,0.0,0.0,281.01338
CC(C)(C)OOC(C)(C)C,202.51412,0.0,0.0,0.0,0.0,0.0,0.0,0.0,0.0,0.0,0.0,0.0,0.0,0.0,0.0,0.0,0.0,0.0,0.0,0.0,0.123803933128733,3.87152331813142,19.0270179248831,24.050896286740205,30.4818957806056,23.7133439234166,20.9053835045781,28.3546578755312,27.829583797746388,6.11258608030645,2.25525584778082,1.4479468298919806,1.63786141278834,3.22430842456673,1.60353422008131,2.46627788258903,0.8807304502787935,1.7099699608672303,1.78347174419696,1.0340708018910114,1.889687280478441e-15,0.0,0.0,0.0,0.0,0.0,0.0,0.0,0.0,0.0,0.0,0.0,217.57919
CCCCOO,141.36565000000004,0.0,0.0,0.0,0.0,0.0,0.0,0.0,0.0,0.338723164229561,0.969868211620521,1.0978330982653397,1.3983425737189097,0.6378761308847524,0.328796487592443,1.2771911880125484,0.6223203753106382,1.0634970211172,0.534304656827036,0.260642846107971,0.726287454132627,1.38454165626347,8.4358624120389,20.9926909644159,21.186675564483696,16.2920039533349,14.1445889780124,11.5491237397054,9.094576755211907,1.80769060520578,1.67165563220628,1.62210997888083,2.0485988019102,3.99748043373357,2.61338395191957,4.14266009242954,4.925631567718997,3.437730530963366,2.250122445643944,0.5128387281018509,9.350737186527113e-16,0.0,0.0,0.0,0.0,0.0,0.0,0.0,0.0,0.0,0.0,0.0,126.7577
CC(C)C1=CC(=CC(=C1)OO)C(C)C,249.45743999999976,0.0,0.0,0.0,0.0,0.0,0.0,0.2041883881986873,0.6575280004512695,1.61725316576846,0.865388341644478,0.9720713196332158,0.5554282342888277,0.8175893626353875,1.12930410904699,0.6313911972598268,0.4682326614299673,0.372078901205635,0.773727827485284,1.53136982566736,2.01945429025328,6.07081037138752,18.2575906305083,26.0684030958857,29.524960765484895,23.7859209531645,23.5405549305538,21.3289776636156,27.898864929814593,11.8423851133732,9.18428371477722,13.551982500759996,8.16294718981604,7.91365123475434,4.74601481682942,2.47144270447132,1.3912582167328094,1.0253147974802768,0.0770707456215574,1.269978384345211e-16,0.0,0.0,0.0,0.0,0.0,0.0,0.0,0.0,0.0,0.0,0.0,0.0,265.01123
CC1=CC2=CC=CC=C2O1,170.54182999999998,0.0,0.0,0.0,0.0,0.0,0.0,0.0,0.0,0.0,0.0,0.0,0.0,0.0,0.0,0.0,0.0,0.0,0.951558590321673,4.65272226908055,13.8082319343987,14.1077634825971,14.7535128342858,11.8264756288174,10.834015021630702,13.5489183291623,9.46910822590889,7.238605996128231,8.559354909104862,13.7041158902203,12.0040181267023,14.6077277404018,10.8390375085793,8.06185011618117,1.5748133964789,0.0,0.0,0.0,0.0,0.0,0.0,0.0,0.0,0.0,0.0,0.0,0.0,0.0,0.0,0.0,0.0,0.0,165.79733
C(Cl)(Cl)(Cl)Cl,133.66901999999996,0.0,0.0,0.0,0.0,0.0,0.0,0.0,0.0,0.0,0.0,0.0,0.0,0.0,0.0,0.0,0.0,0.0,0.285051382918766,1.86250861708124,8.00056291310753,3.90863708689247,0.539149936442362,13.558215084769598,8.526258096078456,0.0654229789993869,14.7390187216783,27.845912284183896,47.199146272231985,7.13913662561597,0.0,0.0,0.0,0.0,0.0,0.0,0.0,0.0,0.0,0.0,0.0,0.0,0.0,0.0,0.0,0.0,0.0,0.0,0.0,0.0,0.0,0.0,127.86197
CCl,78.13161000000001,0.0,0.0,0.0,0.0,0.0,0.0,0.0,0.0,0.0,0.0,0.0,0.0,0.0,0.0,0.0,0.0,0.0,1.68667384939675,6.41675094976944,6.68090205649296,3.83072225427728,4.98727949565338,7.773538389291568,4.15927635292456,3.42155617273301,2.78173233093843,2.50083023676984,4.92304210459176,4.37965685262783,0.136808954533185,7.981452322651933,8.86902567843027,7.60236199891782,0.0,0.0,0.0,0.0,0.0,0.0,0.0,0.0,0.0,0.0,0.0,0.0,0.0,0.0,0.0,0.0,0.0,0.0,60.39602
CCCl,97.99916000000002,0.0,0.0,0.0,0.0,0.0,0.0,0.0,0.0,0.0,0.0,0.0,0.0,0.0,0.0,0.0,0.0,0.0,0.192514221402744,3.27414053584109,5.39217147192318,7.67694733589558,9.7071107327676,10.6299359660717,7.436013076901759,5.693454549543041,9.92412346283362,2.8354392735469713,3.6454227747580408,5.70645652766363,1.69765243606002,4.016365764335799,10.624743870651,8.23783378918139,1.30883421062284,0.0,0.0,0.0,0.0,0.0,0.0,0.0,0.0,0.0,0.0,0.0,0.0,0.0,0.0,0.0,0.0,0.0,81.86618
C=CCl,93.44971000000008,0.0,0.0,0.0,0.0,0.0,0.0,0.0,0.0,0.0,0.0,0.0,0.0,0.0,0.0,0.0,0.2299984397223096,1.82906440064442,3.86098208870846,4.53594560113523,5.82928558730313,2.74471798936057,4.10462575666375,4.72421690360325,5.693761470678719,4.2539354377100205,6.52716931226528,5.98805301933926,4.185728081352033,10.9070482388158,13.6742762357758,11.771856693382604,2.51781101898232,0.071233724557106,0.0,0.0,0.0,0.0,0.0,0.0,0.0,0.0,0.0,0.0,0.0,0.0,0.0,0.0,0.0,0.0,0.0,0.0,76.42476
C(/C=C/CCl)Cl,153.57213,0.0,0.0,0.0,0.0,0.0,0.0,0.0,0.0,0.0,0.0,0.0,0.0,0.0,0.0,0.0,0.0,1.03201690752364,6.83464341248731,11.3717486763556,9.83253567587899,11.3462528297042,6.44989361389686,5.438425608286809,4.254931165744693,9.75137070973785,6.93877017332432,11.2329711118556,12.086115710073198,8.49464389385517,7.2383844239743,21.30618091691539,13.876648964419,6.08659620596707,0.0,0.0,0.0,0.0,0.0,0.0,0.0,0.0,0.0,0.0,0.0,0.0,0.0,0.0,0.0,0.0,0.0,0.0,142.3766
C(CCCl)CCl,157.89709999999997,0.0,0.0,0.0,0.0,0.0,0.0,0.0,0.0,0.0,0.0,0.0,0.0,0.0,0.0,0.0,0.0,0.0,1.12053389275674,7.31650646389338,11.2553137591834,15.9126233754801,18.7776876291823,11.173861134370698,8.653585254228389,6.33760805066679,6.80813843797533,2.1371291159810513,9.91081215178582,8.93242291652379,3.12438389745159,13.144160841448889,18.3455248092628,14.8947531005572,0.0520551692516961,0.0,0.0,0.0,0.0,0.0,0.0,0.0,0.0,0.0,0.0,0.0,0.0,0.0,0.0,0.0,0.0,0.0,149.35468
C(CCCl)CCCl,177.84909000000002,0.0,0.0,0.0,0.0,0.0,0.0,0.0,0.0,0.0,0.0,0.0,0.0,0.0,0.0,0.0,0.0,0.0,0.503070476401496,5.87022492173803,8.9743661478514,11.3459425854281,23.9259272631028,22.469676760973197,13.459094619549598,9.0534148547281,10.5857383352346,2.2343694516161516,8.63491990978551,9.49026837801379,4.30089932987927,9.251866028027646,20.2766755586948,16.5833905807558,0.889244798219725,0.0,0.0,0.0,0.0,0.0,0.0,0.0,0.0,0.0,0.0,0.0,0.0,0.0,0.0,0.0,0.0,0.0,171.70036
C(Cl)Cl,98.38420000000004,0.0,0.0,0.0,0.0,0.0,0.0,0.0,0.0,0.0,0.0,0.0,0.0,0.0,0.0,1.838544326496177,5.641010099220773,2.35148955808339,3.31565881080499,3.03526008124757,2.42940932194296,1.35139817573669,2.16552273048186,5.640116821520899,4.316396865834999,3.0662756031922114,8.83327573342558,4.589022573603941,1.522229734233076,15.3263853686105,14.4383694444986,17.534520207107597,0.98931454395822,0.0,0.0,0.0,0.0,0.0,0.0,0.0,0.0,0.0,0.0,0.0,0.0,0.0,0.0,0.0,0.0,0.0,0.0,0.0,82.74651
C(Cl)(Cl)Cl,117.4441899999999,0.0,0.0,0.0,0.0,0.0,0.0,0.0,0.0,0.0,0.0,0.0,0.1402442207317027,2.0656538591518965,2.17635271784003,0.3701868060544783,2.230897830828767,0.45294844039712,0.520570248270942,0.203410277387153,2.22336529958105,3.98036077881958,7.40629421093611,2.095364138942473,8.85279753741119,8.537040691239229,2.33496828584868,10.802485418904196,23.397618694551703,28.2186646920391,11.4349658510645,9.820472883476106e-15,0.0,0.0,0.0,0.0,0.0,0.0,0.0,0.0,0.0,0.0,0.0,0.0,0.0,0.0,0.0,0.0,0.0,0.0,0.0,0.0,105.65136
CC(Cl)Cl,116.21118999999996,0.0,0.0,0.0,0.0,0.0,0.0,0.0,0.0,0.0,0.0,0.0,0.0,0.0,0.0,0.3499920334195464,2.686498873082796,1.62799429181001,0.919890076569139,3.69628927674432,6.90910320558738,6.72522496739857,6.26980228386869,5.762083422447062,10.555629223747598,6.10723842122964,5.21709890381677,8.85723921569003,3.4852964690208017,7.65535682978077,17.4187479748191,15.838121582515702,6.12958294845202,0.0,0.0,0.0,0.0,0.0,0.0,0.0,0.0,0.0,0.0,0.0,0.0,0.0,0.0,0.0,0.0,0.0,0.0,0.0,104.62625
C(CCl)Cl,117.4800999999999,0.0,0.0,0.0,0.0,0.0,0.0,0.0,0.0,0.0,0.0,0.0,0.0,0.0,0.0,0.0,0.0,2.08895944017465,8.93773724680531,7.3581995067474,4.54493056877254,7.74614337707593,4.9233668535754,4.09699130371466,3.147719265126552,7.0439056838065195,1.84318491892869,9.989386062308489,8.951416413414949,3.82560298733331,11.7335537764243,18.269109911155397,12.8131279011529,0.166764783482898,0.0,0.0,0.0,0.0,0.0,0.0,0.0,0.0,0.0,0.0,0.0,0.0,0.0,0.0,0.0,0.0,0.0,0.0,104.32631
C(C(Cl)Cl)Cl,134.80553999999995,0.0,0.0,0.0,0.0,0.0,0.0,0.0,0.0,0.0,0.0,0.0,0.0,0.0,0.457732614538037,2.766191828651456,3.358480010220659,5.84301871855882,3.58886728040555,3.85954244935928,3.1960228582351,3.11923215828045,2.86691836903021,6.957411002215689,5.35486751322193,6.007581979636021,11.6612047703526,9.06824221321115,6.475025785937436,19.7045025285728,23.1403071674816,13.581469531524808,3.79892122056635,0.0,0.0,0.0,0.0,0.0,0.0,0.0,0.0,0.0,0.0,0.0,0.0,0.0,0.0,0.0,0.0,0.0,0.0,0.0,127.44445
C(C(Cl)(Cl)Cl)(Cl)(Cl)Cl,175.50505000000004,0.0,0.0,0.0,0.0,0.0,0.0,0.0,0.0,0.0,0.0,0.0,0.0,0.0,0.0,0.0,0.0,0.0,0.0014696317724821,3.21601562552005,9.24778901358929,8.61986572911819,0.675218736082129,15.9677961137229,15.621897394577292,0.5341477556176343,20.3877898940929,24.0234578258853,52.350633250544185,24.8589690294777,0.0,0.0,0.0,0.0,0.0,0.0,0.0,0.0,0.0,0.0,0.0,0.0,0.0,0.0,0.0,0.0,0.0,0.0,0.0,0.0,0.0,0.0,191.76562
CC(CCl)Cl,133.8422,0.0,0.0,0.0,0.0,0.0,0.0,0.0,0.0,0.0,0.0,0.0,0.0,0.0,0.0,0.0,0.0,0.37627101229208,4.54603001965603,7.70946621730823,7.83620731857672,9.99061106414817,10.9049167524357,7.16567877338755,6.3832661076127915,10.9697007517313,4.49235557899154,5.8077703410258,9.041867537979448,5.17709045675886,5.39894202989729,16.32090303849319,15.0748870226028,5.44690748893202,1.19932848817045,0.0,0.0,0.0,0.0,0.0,0.0,0.0,0.0,0.0,0.0,0.0,0.0,0.0,0.0,0.0,0.0,0.0,129.19195
CC(Cl)(Cl)Cl,132.59103999999994,0.0,0.0,0.0,0.0,0.0,0.0,0.0,0.0,0.0,0.0,0.0,0.0,0.0,0.0,0.0,0.0,0.0325416914376537,2.97278659432665,4.59371815441332,5.50134223750459,6.63162508485621,10.2483495831559,8.179172556514779,4.297885102317424,12.444337184702798,7.42556575978342,5.38926784831515,17.7833909517875,21.1663960363964,24.2057710361731,1.718890178315032,0.0,0.0,0.0,0.0,0.0,0.0,0.0,0.0,0.0,0.0,0.0,0.0,0.0,0.0,0.0,0.0,0.0,0.0,0.0,0.0,127.33826
C(C(Cl)(Cl)Cl)Cl,149.24940999999995,0.0,0.0,0.0,0.0,0.0,0.0,0.0,0.0,0.0,0.0,0.0,0.0,0.0,0.0750325481257045,2.0456695261950264,3.700349575969158,1.65357257229687,3.57137911184064,2.50997666222737,3.80968865505352,6.39723929514452,4.97346433959497,2.733228743427534,12.9525838067342,12.319766894107298,5.17525203178648,14.724941453251,20.797856495779303,28.8949837854014,13.5197140727946,8.966824637054984,0.427885793215365,0.0,0.0,0.0,0.0,0.0,0.0,0.0,0.0,0.0,0.0,0.0,0.0,0.0,0.0,0.0,0.0,0.0,0.0,0.0,149.56515
C(C(Cl)Cl)(Cl)Cl,150.75704000000007,0.0,0.0,0.0,0.0,0.0,0.0,0.0,0.0,0.0,0.0,0.0,0.0,0.6580144287642958,4.17062499629465,2.3059209273384136,1.4654256072565417,3.91631731429861,0.93286997100561,0.75296595990295,1.73235205041605,2.502207639625,9.22711362050794,6.244309792791789,4.248755307685316,18.836257033428296,8.22590036536088,3.592033655298161,25.0931563176432,28.2032062627387,26.3812772929898,2.2683314566538817,0.0,0.0,0.0,0.0,0.0,0.0,0.0,0.0,0.0,0.0,0.0,0.0,0.0,0.0,0.0,0.0,0.0,0.0,0.0,0.0,149.6287
CC(C)Cl,115.62882000000003,0.0,0.0,0.0,0.0,0.0,0.0,0.0,0.0,0.0,0.0,0.0,0.0,0.0,0.0,0.0,0.0,0.0,0.0,1.06421661101867,2.9839810449337,9.92006467440305,13.080338789687,13.3998830611922,10.0303621901128,9.302794404295613,14.8038577245423,6.593336240337931,2.1456872622803616,5.1249329014942,3.52539693398891,2.590001984159371,8.657878943488,8.65949546699295,3.746591767073,0.0,0.0,0.0,0.0,0.0,0.0,0.0,0.0,0.0,0.0,0.0,0.0,0.0,0.0,0.0,0.0,0.0,103.72581
C#CCCl,110.24621,0.0,0.0,0.0,0.0,0.0,0.0,0.0,0.0,0.0,0.0,0.0,0.0421815296441131,0.566278470355886,1.92762543943537,2.07974437418181,3.732949205521067,6.03442003252245,3.00060719896822,4.32535868716401,3.55263699046244,2.36056726653566,4.05686272912869,2.84778482493216,3.47361443649468,3.4562961070267204,6.18415439061729,7.80774163951663,4.20244127342409,3.38143584934584,15.0517323660246,12.373914748685902,18.260274199342,1.52758824067038,0.0,0.0,0.0,0.0,0.0,0.0,0.0,0.0,0.0,0.0,0.0,0.0,0.0,0.0,0.0,0.0,0.0,0.0,93.4702
C(C(CCl)Cl)Cl,152.7667999999999,0.0,0.0,0.0,0.0,0.0,0.0,0.0,0.0,0.0,0.0,0.0,0.0,0.0,0.0,0.0,1.8464763352450368,8.98809973710647,12.2658982493795,6.30986731057945,6.83653072851781,5.74645769899594,2.82733077767101,2.2476141904083224,8.076071084473229,3.9985526639702,4.25954220003318,15.222558374239398,9.383887167681449,2.40766202319869,21.3854097877611,22.9306811880117,14.1773026709369,3.84317235152742,0.0136854602631116,0.0,0.0,0.0,0.0,0.0,0.0,0.0,0.0,0.0,0.0,0.0,0.0,0.0,0.0,0.0,0.0,0.0,147.66696
CC(C)CCl,133.7790699999999,0.0,0.0,0.0,0.0,0.0,0.0,0.0,0.0,0.0,0.0,0.0,0.0,0.0,0.0,0.0,0.0,0.0,0.0542164044573025,2.02143764123885,4.03960367910649,4.61947505556723,11.7671831136173,17.0642529353445,15.896132667743098,11.1094104583047,12.2716674878115,12.0965006360412,12.054809854586598,6.0716106432162,2.23143852787823,4.900123536937647,9.88037381993318,6.61173781451472,1.08909572370116,0.0,0.0,0.0,0.0,0.0,0.0,0.0,0.0,0.0,0.0,0.0,0.0,0.0,0.0,0.0,0.0,0.0,125.85676
CC(C)(C)Cl,130.27491000000015,0.0,0.0,0.0,0.0,0.0,0.0,0.0,0.0,0.0,0.0,0.0,0.0,0.0,0.0,0.0,0.0,0.0,0.0,0.0,0.802198095632054,11.4183457429427,15.6621348927797,16.290437168420798,9.93670461604866,11.968839999450502,19.0789843178977,11.5074295320017,1.9360849647115608,3.08373935198512,4.65373359838214,3.196092098623691,5.84654647712707,9.451614384601,5.44202475939575,0.0,0.0,0.0,0.0,0.0,0.0,0.0,0.0,0.0,0.0,0.0,0.0,0.0,0.0,0.0,0.0,0.0,125.36418
CCC(CCl)Cl,151.84807999999998,0.0,0.0,0.0,0.0,0.0,0.0,0.0,0.0,0.0,0.0,0.0,0.0,0.0,0.0,0.0,0.0,0.491014339333745,3.6432959547082,7.3428380227947,6.96606527090176,8.2158260901137,12.467374625564,10.1241909352429,10.747437693221102,12.8688249216477,7.32033084203977,12.712046517597898,11.484727216142495,4.74975930134895,6.13855275210869,17.24827305370429,13.0402912008493,5.53797064566938,0.7492606170114,0.0,0.0,0.0,0.0,0.0,0.0,0.0,0.0,0.0,0.0,0.0,0.0,0.0,0.0,0.0,0.0,0.0,142.95036
CC(C(C)Cl)Cl,147.66876000000005,0.0,0.0,0.0,0.0,0.0,0.0,0.0,0.0,0.0,0.0,0.0,0.0,0.0,0.0,0.0,0.0,0.112219037626741,2.39038419539552,4.52547444840359,3.8283879411145,12.2813326802389,13.2977448020895,10.2761255029316,11.474265609345702,15.7694266669605,9.84154753103507,5.563800900707121,9.72334509660355,9.11960807248541,7.17273782099755,17.25794597250149,11.8092051681984,3.2252085533649,0.0,0.0,0.0,0.0,0.0,0.0,0.0,0.0,0.0,0.0,0.0,0.0,0.0,0.0,0.0,0.0,0.0,0.0,146.99068
C(=C(Cl)Cl)Cl,130.8682300000001,0.0,0.0,0.0,0.0,0.0,0.0,0.0,0.0,0.0,0.0,0.0,0.0,0.0,0.254681038155643,1.7331184939567874,1.76286528541022,0.767014420234358,1.55244811178705,1.20312844234212,1.79285830090224,6.31039634200261,4.23268909767466,2.746185222143993,10.1719636935433,11.2456859807343,8.17658924568087,23.0851578948774,28.479880426642396,22.3767653626471,4.97680264126503,4.6468008784619346e-15,0.0,0.0,0.0,0.0,0.0,0.0,0.0,0.0,0.0,0.0,0.0,0.0,0.0,0.0,0.0,0.0,0.0,0.0,0.0,0.0,120.08422
C(=C(Cl)Cl)(Cl)Cl,147.31992999999989,0.0,0.0,0.0,0.0,0.0,0.0,0.0,0.0,0.0,0.0,0.0,0.0,0.0,0.0,0.0,0.0,0.0,0.0,1.693561088416,4.29832938179374,8.06486952979027,0.0,8.887068084264023,14.6290918314362,11.0624381547612,14.106117341682,33.77038530454039,40.29555380819209,10.512515475124,0.0,0.0,0.0,0.0,0.0,0.0,0.0,0.0,0.0,0.0,0.0,0.0,0.0,0.0,0.0,0.0,0.0,0.0,0.0,0.0,0.0,0.0,141.31563
C=CCCl,113.22377999999996,0.0,0.0,0.0,0.0,0.0,0.0,0.0,0.0,0.0,0.0,0.0,0.0,0.0,0.0,0.0,0.0,0.464893827107417,3.00739578936032,5.80950547448297,7.02975851626738,9.94904271259886,7.91356792845961,5.32640627785574,4.9726587172558006,6.79347120629518,6.03182275266248,8.69527891375751,8.087380850647769,5.03643219637146,6.17732601475713,12.477561194193294,9.36344265592464,5.97977951047528,0.108055461527098,0.0,0.0,0.0,0.0,0.0,0.0,0.0,0.0,0.0,0.0,0.0,0.0,0.0,0.0,0.0,0.0,0.0,98.28348
C(=C(Cl)Cl)(C(=C(Cl)Cl)Cl)Cl,209.29875999999987,0.0,0.0,0.0,0.0,0.0,0.0,0.0,0.0,0.0,0.0,0.0,0.0,0.0,0.0,0.0,0.0,0.0,0.0,2.1191597751225,7.46687094292383,7.88139910504009,4.49234597606521,13.170547575122102,16.1942312222902,15.716033789907804,26.0443746203764,44.93393339471509,51.672194914232286,19.467402478287,0.140266205917405,1.0782367083402544e-16,0.0,0.0,0.0,0.0,0.0,0.0,0.0,0.0,0.0,0.0,0.0,0.0,0.0,0.0,0.0,0.0,0.0,0.0,0.0,0.0,226.97087
C1=CC=C(C=C1)CCl,158.92009,0.0,0.0,0.0,0.0,0.0,0.0,0.0,0.0,0.0,0.0,0.0,0.0,0.0,0.0,0.0,0.0,0.832596397375846,3.82433351539239,6.83717297235592,12.4569885000024,13.98441688515,9.14695163668141,9.079872711043109,6.544761819549742,10.4757264213336,6.62218529065182,7.89163999733016,12.3830501050576,10.4452641329424,11.7150052497909,17.622747442502998,14.5754717892938,4.48190513354589,0.0,0.0,0.0,0.0,0.0,0.0,0.0,0.0,0.0,0.0,0.0,0.0,0.0,0.0,0.0,0.0,0.0,0.0,154.02779
C1=CC=C(C=C1)Cl,141.06417000000008,0.0,0.0,0.0,0.0,0.0,0.0,0.0,0.0,0.0,0.0,0.0,0.0,0.0,0.0,0.0,0.0,0.0,1.60556373789361,9.16760092962408,10.6576317506131,9.002976935749,7.97312981510861,6.91351339818426,6.921148216504239,4.724995493954501,6.87107524893627,11.545921558709296,10.7013351362525,16.3691099053495,21.6632698818148,14.677201416391606,2.2696965749147,0.0,0.0,0.0,0.0,0.0,0.0,0.0,0.0,0.0,0.0,0.0,0.0,0.0,0.0,0.0,0.0,0.0,0.0,0.0,132.83565
C1=CC=C(C(=C1)Cl)Cl,157.32111999999984,0.0,0.0,0.0,0.0,0.0,0.0,0.0,0.0,0.0,0.0,0.0,0.0,0.0,0.0,0.0,0.0,0.460910130089277,5.11142324392381,8.81557885371307,7.9003349056673,7.31450930791011,5.75557954143845,9.104232139794998,3.320262090279432,7.457779197570311,12.6370514178393,15.6803475021344,18.131861304525703,26.7338356056998,22.0271902815172,6.870224477896693,0.0,0.0,0.0,0.0,0.0,0.0,0.0,0.0,0.0,0.0,0.0,0.0,0.0,0.0,0.0,0.0,0.0,0.0,0.0,0.0,154.06682
C1=CC(=CC(=C1)Cl)Cl,160.04789000000005,0.0,0.0,0.0,0.0,0.0,0.0,0.0,0.0,0.0,0.0,0.0,0.0,0.0,0.0,0.0,0.1042255254846658,1.43483400166842,7.17489582283533,7.56192356936996,5.92447056775879,6.41620050143436,4.45887810044995,9.435522254256128,3.8005232870340304,5.014922706497132,16.550904509835,14.4965075796303,23.566240347829403,30.0607968578149,21.7822452421532,2.264799125948457,0.0,0.0,0.0,0.0,0.0,0.0,0.0,0.0,0.0,0.0,0.0,0.0,0.0,0.0,0.0,0.0,0.0,0.0,0.0,0.0,155.25813
C1=CC(=CC=C1Cl)Cl,160.43631,0.0,0.0,0.0,0.0,0.0,0.0,0.0,0.0,0.0,0.0,0.0,0.0,0.0,0.0,0.0,0.0,1.78190763310012,8.38267622741305,8.10036402645721,4.56170052523236,6.8910911465355,4.45329434932687,7.844119773077969,5.808913037940419,2.786963924786813,17.6348491320867,12.065125212704002,24.215907413461203,30.6391309436768,21.7060137971781,3.564252857022886,0.0,0.0,0.0,0.0,0.0,0.0,0.0,0.0,0.0,0.0,0.0,0.0,0.0,0.0,0.0,0.0,0.0,0.0,0.0,0.0,155.59607
C1(=C(C(=C(C(=C1Cl)Cl)Cl)Cl)Cl)Cl,220.48773,0.0,0.0,0.0,0.0,0.0,0.0,0.0,0.0,0.0,0.0,0.0,0.0,0.0,0.0,0.0,0.0,0.0,0.0,0.909902153962248,2.31143784603774,14.236162053973,3.79330079789153,9.742360715628443,43.84479824205948,17.752843197347495,7.83259972500989,37.07657568359879,42.2205794930747,39.217465138861,1.54970495255567,1.4280399248577812e-15,0.0,0.0,0.0,0.0,0.0,0.0,0.0,0.0,0.0,0.0,0.0,0.0,0.0,0.0,0.0,0.0,0.0,0.0,0.0,0.0,238.13429
C1=CC=C(C=C1)C(Cl)(Cl)Cl,189.41427000000004,0.0,0.0,0.0,0.0,0.0,0.0,0.0,0.0,0.0,0.0,0.0,0.0,0.0,0.0,0.0,0.0,0.0,1.03120934173278,9.48081408946039,11.7752222000417,10.2830658683235,13.4071772750839,6.132906901155012,9.529788468181074,16.0503261694906,8.38779977094072,14.0632350334859,22.854236853771205,28.0921634325243,32.3000449342462,6.005631254723044,0.0206484068397172,0.0,0.0,0.0,0.0,0.0,0.0,0.0,0.0,0.0,0.0,0.0,0.0,0.0,0.0,0.0,0.0,0.0,0.0,0.0,198.65975
CC1=CC=CC=C1Cl,157.38245999999998,0.0,0.0,0.0,0.0,0.0,0.0,0.0,0.0,0.0,0.0,0.0,0.0,0.0,0.0,0.0,0.0,0.0,0.284787181848554,4.45675267953541,8.64439675378198,12.5428117785484,11.5016485133612,10.6833247322805,11.851582406389198,7.634207372148632,13.9097630579898,10.7489508954864,12.7461427625346,14.753231769724,17.9784017467947,13.975501044321204,5.58930973887,0.0816475663853917,0.0,0.0,0.0,0.0,0.0,0.0,0.0,0.0,0.0,0.0,0.0,0.0,0.0,0.0,0.0,0.0,0.0,0.0,153.44933
CC1=CC=C(C=C1)Cl,160.18401999999992,0.0,0.0,0.0,0.0,0.0,0.0,0.0,0.0,0.0,0.0,0.0,0.0,0.0,0.0,0.0,0.0,0.0,1.00673918723422,5.57551560645586,7.78522402746405,12.545370793836,10.8175632763424,12.0893884350154,10.288001054654298,7.820401700113381,13.2525788331895,13.2693322436679,10.454252349210002,14.1251125121194,22.0845057741167,16.272636650220402,2.79739755636043,0.0,0.0,0.0,0.0,0.0,0.0,0.0,0.0,0.0,0.0,0.0,0.0,0.0,0.0,0.0,0.0,0.0,0.0,0.0,154.77009
CC1=C(C=C(C=C1)Cl)Cl,176.34745000000012,0.0,0.0,0.0,0.0,0.0,0.0,0.0,0.0,0.0,0.0,0.0,0.0,0.0,0.0,0.0,0.0,0.749059179359588,3.35124229217665,5.62463406799409,6.2267774287188,8.98321980057325,9.87838513074463,11.9124961181663,8.35774578013086,9.888444249208092,18.4947240210092,16.0050038900607,21.5067064910062,27.6832409860875,23.5773084272501,4.1084621375141595,0.0,0.0,0.0,0.0,0.0,0.0,0.0,0.0,0.0,0.0,0.0,0.0,0.0,0.0,0.0,0.0,0.0,0.0,0.0,0.0,175.96621
C(=C\Cl)\Cl,111.40802,0.0,0.0,0.0,0.0,0.0,0.0,0.0,0.0,0.0,0.0,0.0,0.0,0.0,0.0,0.526770031107026,4.923481328082013,4.56528000931639,2.76162444101864,2.10752621949753,1.88452630502138,2.31902734066953,3.31904589667723,6.123935868524989,3.165143255937792,7.59492019190939,8.08206117123679,4.5880461218640605,11.636557140219706,22.9540982871764,19.7803168092124,5.075659582528733,0.0,0.0,0.0,0.0,0.0,0.0,0.0,0.0,0.0,0.0,0.0,0.0,0.0,0.0,0.0,0.0,0.0,0.0,0.0,0.0,97.55677
C(=C/Cl)\Cl,113.3175400000001,0.0,0.0,0.0,0.0,0.0,0.0,0.0,0.0,0.0,0.0,0.0,0.0,0.0,0.0,1.0551786065567983,4.191245936236575,3.21428482561857,2.09726883046204,2.16511374334428,1.94464898888199,2.44520247039371,4.38575223089746,5.041468320891669,2.8202155223759324,8.22650118909259,11.0432566503579,7.220810929510091,13.683080736511505,25.2103149395422,18.1894741324905,0.3837219468362971,0.0,0.0,0.0,0.0,0.0,0.0,0.0,0.0,0.0,0.0,0.0,0.0,0.0,0.0,0.0,0.0,0.0,0.0,0.0,0.0,98.08794
C1(=C(C(C(=C1Cl)Cl)(Cl)Cl)Cl)Cl,212.49867999999992,0.0,0.0,0.0,0.0,0.0,0.0,0.0,0.0,0.0,0.0,0.0,0.0,0.0,0.0,0.0,0.0,0.0,0.0,1.77833607119866,6.15773211688998,10.5363474197307,4.34281216972387,14.600372696946604,24.306837594528197,12.514341053427202,19.8412073897089,39.98647938067499,49.49491065048989,27.6521880794407,1.28711537724025,1.0575354504145222e-15,0.0,0.0,0.0,0.0,0.0,0.0,0.0,0.0,0.0,0.0,0.0,0.0,0.0,0.0,0.0,0.0,0.0,0.0,0.0,0.0,232.55614
C=CC(=C)Cl,125.98428999999994,0.0,0.0,0.0,0.0,0.0,0.0,0.0,0.0,0.0,0.0,0.0,0.0,0.0,0.0,0.0,0.0,0.537437986674987,3.94751550911841,6.71615554822929,8.04364302209384,5.86244110185754,6.04090777183001,6.83708635538055,7.774694611150389,5.807505080034081,8.23532400986228,8.82920358625708,9.097228065166842,13.1639614146458,18.4896332223832,13.600208798012105,2.95689917147401,0.0444447458295278,0.0,0.0,0.0,0.0,0.0,0.0,0.0,0.0,0.0,0.0,0.0,0.0,0.0,0.0,0.0,0.0,0.0,0.0,113.88346
CCCCl,117.99503000000009,0.0,0.0,0.0,0.0,0.0,0.0,0.0,0.0,0.0,0.0,0.0,0.0,0.0,0.0,0.0,0.0,0.0,0.0870198850770437,2.35545494306857,3.95775255120171,5.01732065862194,12.2842022796179,14.7043125822566,13.0568866129181,9.82565747585615,11.1344080920665,8.23689716465758,5.91167104665635,5.18599552090363,2.40221664754803,3.729384067006289,10.7159879922877,8.31039840376471,1.07946407649129,0.0,0.0,0.0,0.0,0.0,0.0,0.0,0.0,0.0,0.0,0.0,0.0,0.0,0.0,0.0,0.0,0.0,103.98874
CCCCCl,137.9928000000001,0.0,0.0,0.0,0.0,0.0,0.0,0.0,0.0,0.0,0.0,0.0,0.0,0.0,0.0,0.0,0.0,0.0,0.086378444887476,2.33400040791277,3.94174035636727,4.4400211155435,8.95747740546733,20.6510677421133,17.7810736938271,13.7025571373279,13.4896291142599,9.525781629462172,11.018110931615798,5.7848571487453,2.37546779878107,3.574140261189869,10.8436148193815,8.16599693652266,1.32088505659519,0.0,0.0,0.0,0.0,0.0,0.0,0.0,0.0,0.0,0.0,0.0,0.0,0.0,0.0,0.0,0.0,0.0,126.21224
CCC(C)Cl,133.54635999999994,0.0,0.0,0.0,0.0,0.0,0.0,0.0,0.0,0.0,0.0,0.0,0.0,0.0,0.0,0.0,0.0,0.0,0.0,0.608046696356387,2.46675306598028,7.87623281827733,14.2386554963915,15.7809535796993,13.7772924508769,12.4654274991926,16.2004212577054,11.2613418527908,6.957877666827529,5.67531844570277,3.91799287632404,3.75550656803996,8.31081301654216,7.24616741137439,3.0075592979186,0.0,0.0,0.0,0.0,0.0,0.0,0.0,0.0,0.0,0.0,0.0,0.0,0.0,0.0,0.0,0.0,0.0,125.07502
CCCCCCl,157.64441000000005,0.0,0.0,0.0,0.0,0.0,0.0,0.0,0.0,0.0,0.0,0.0,0.0,0.0,0.0,0.0,0.0,0.0,0.0850569928749095,2.2954208061327,3.89072599472919,4.37538095792773,7.60833970348319,22.2551261448339,22.3125781285434,19.9114606913809,15.593261111588,11.9990568051355,13.628410332679996,7.34477827655772,2.41400665922041,3.4667156626407993,10.8723791250784,8.14558619899946,1.44612640819384,0.0,0.0,0.0,0.0,0.0,0.0,0.0,0.0,0.0,0.0,0.0,0.0,0.0,0.0,0.0,0.0,0.0,148.03441
C1=CC=C2C(=C1)C=CC=C2Cl,184.99559999999985,0.0,0.0,0.0,0.0,0.0,0.0,0.0,0.0,0.0,0.0,0.0,0.0,0.0,0.0,0.0,0.0,0.0,1.35888374382499,10.7580859294385,14.1728370637108,12.8735107118097,10.5779565419676,8.32187867528277,9.311663225212458,5.816450841192351,10.6217386054719,11.9493414513429,17.543122723321304,27.5674331305009,26.4509859131059,15.92333704778741,1.74837439603038,0.0,0.0,0.0,0.0,0.0,0.0,0.0,0.0,0.0,0.0,0.0,0.0,0.0,0.0,0.0,0.0,0.0,0.0,0.0,188.68452
C(C(Cl)(Cl)Cl)(Cl)Cl,163.29016,0.0,0.0,0.0,0.0,0.0,0.0,0.0,0.0,0.0,0.0,0.0,0.0,0.6841542294916118,2.26011575402102,0.3742176633959823,1.474888449136388,1.30705170467155,0.198374272256933,1.42350641525995,2.9188253753148,9.86584679714601,4.82018075892509,7.695801337879503,16.311994814595597,7.9117598058449,7.19491643513604,24.150221596255296,29.8158943744899,33.6603368523089,11.2220733638705,1.0152013197871574e-14,0.0,0.0,0.0,0.0,0.0,0.0,0.0,0.0,0.0,0.0,0.0,0.0,0.0,0.0,0.0,0.0,0.0,0.0,0.0,0.0,169.90364
C=C(Cl)Cl,112.04705,0.0,0.0,0.0,0.0,0.0,0.0,0.0,0.0,0.0,0.0,0.0,0.0,0.0,0.0,0.0,0.1700499020810727,2.0332623795793,3.96272941752634,2.75444104627925,2.89652022393962,3.87194163666224,7.08251963855253,2.7050740256810912,5.453574095869672,8.59823659554077,4.68521711112375,13.245361150737596,21.6406971006568,24.8837492092653,8.05185245762356,0.0118240088811207,0.0,0.0,0.0,0.0,0.0,0.0,0.0,0.0,0.0,0.0,0.0,0.0,0.0,0.0,0.0,0.0,0.0,0.0,0.0,0.0,98.34468
C1=CC(=C(C=C1Cl)Cl)Cl,176.30521,0.0,0.0,0.0,0.0,0.0,0.0,0.0,0.0,0.0,0.0,0.0,0.0,0.0,0.0,0.0,0.566929205751104,4.78097990435001,6.17907553604624,3.45462075173188,4.89342086948517,4.06585097436231,6.85023297308626,7.329137959474267,2.045302973258166,16.1717498183713,19.7632505095238,26.5244708026988,25.118666293972304,30.0134013697899,17.0778264109934,1.470293647105064,0.0,0.0,0.0,0.0,0.0,0.0,0.0,0.0,0.0,0.0,0.0,0.0,0.0,0.0,0.0,0.0,0.0,0.0,0.0,0.0,176.56227
C(/C=C\CCl)Cl,151.92822000000004,0.0,0.0,0.0,0.0,0.0,0.0,0.0,0.0,0.0,0.0,0.0,0.0,0.0,0.0,0.0,0.0,3.26663054082361,9.90544571791305,9.35030502487852,7.98692339008613,9.25247093262954,4.36683278839911,5.96466166355059,5.0478457657819416,9.55274679181926,5.49300110282432,10.909775681243898,12.753672568663198,7.72582019356497,8.84806941502679,22.942883657696985,14.2295341118039,4.33160065329423,0.0,0.0,0.0,0.0,0.0,0.0,0.0,0.0,0.0,0.0,0.0,0.0,0.0,0.0,0.0,0.0,0.0,0.0,142.81786
C(#N)Cl,82.73183999999998,0.0,0.0,0.0,0.0,0.0,0.0,0.0,0.0,0.0,0.0,0.0,0.0,0.0,0.0,0.4924083041999632,1.638675694827848,1.38310600097219,0.132420962255848,3.43268763530494,2.14544140243921,1.83322229255116,11.0937708605922,16.351677328947495,8.872621707470117,2.6586351096337704,4.48403697939686,0.7823257214083631,1.0087003842088802,1.77625961579112,1.60773875998673,1.7678554613770798,3.76496413410005,3.75244604000467,5.7131033997075,4.51545868746374,3.2996272216685045,0.2246562956917442,7.92616958159916e-16,0.0,0.0,0.0,0.0,0.0,0.0,0.0,0.0,0.0,0.0,0.0,0.0,0.0,64.71771
CC(=C)Cl,111.88633999999988,0.0,0.0,0.0,0.0,0.0,0.0,0.0,0.0,0.0,0.0,0.0,0.0,0.0,0.0,0.0,0.0,0.0,0.436311777814627,2.97608354344613,8.29274980562118,8.33433902800725,6.83337645082558,7.613697881773021,8.76389820512622,10.0432228049645,6.53105979572779,7.41719193903651,5.9658494629669,6.70507045147069,12.3868963569766,13.755106195975598,5.47366125122739,0.357825049039916,0.0,0.0,0.0,0.0,0.0,0.0,0.0,0.0,0.0,0.0,0.0,0.0,0.0,0.0,0.0,0.0,0.0,0.0,98.07158
C1=CC(=CC(=C1)Cl)C(=O)Cl,181.43337999999997,0.0,0.0,0.0,0.0,0.0,0.0,0.0,0.0,0.0,0.0,0.0,0.0,0.0,0.0,0.0,0.1362312310735897,2.56254992092776,6.90117432580448,6.90672264390028,6.0699537998351,5.11375089371099,7.03883826963053,9.77514403287369,9.839524813236771,16.4858064565575,21.6324674597507,21.6691198942405,17.3394321738907,20.5763354770308,11.8440408429447,4.255552250148036,2.7222213606016,4.98787878490269,3.85933327703989,1.62762456045653,0.0896775314431313,0.0,0.0,0.0,0.0,0.0,0.0,0.0,0.0,0.0,0.0,0.0,0.0,0.0,0.0,0.0,181.15811
C=CC(CCl)Cl,146.93241999999998,0.0,0.0,0.0,0.0,0.0,0.0,0.0,0.0,0.0,0.0,0.0,0.0,0.0,0.0,0.0,0.1705812064318527,3.39568782400152,5.88201503923216,4.58033044315201,7.87297322969104,8.51231126831828,7.5131705004017,7.49642686231148,7.115012076340911,9.1061752607712,7.1741052157115,12.193622764763798,12.574186598420598,9.05506385862886,17.7834021037336,16.6115882056481,8.87472289563934,1.02104464680204,0.0,0.0,0.0,0.0,0.0,0.0,0.0,0.0,0.0,0.0,0.0,0.0,0.0,0.0,0.0,0.0,0.0,0.0,141.42186
C/C(=C/CCl)/Cl,149.52257999999992,0.0,0.0,0.0,0.0,0.0,0.0,0.0,0.0,0.0,0.0,0.0,0.0,0.0,0.0,0.0,0.0,0.406279062180627,3.32158294063897,5.97661012124395,7.40695241281032,10.2850876816426,9.02034250845238,7.543387615917801,10.0057306873984,11.992423889730098,7.62970753514896,12.3533129455685,14.3207713242494,12.73802292841,12.8023338509834,14.788795247790398,6.68326655870187,2.24797268913226,0.0,0.0,0.0,0.0,0.0,0.0,0.0,0.0,0.0,0.0,0.0,0.0,0.0,0.0,0.0,0.0,0.0,0.0,141.2181
C1=CC=C(C=C1)C(Cl)Cl,174.94733999999997,0.0,0.0,0.0,0.0,0.0,0.0,0.0,0.0,0.0,0.0,0.0,0.0,0.0,0.157198759534362,1.7286281772211172,2.2965799950669292,0.380150632827496,2.02220363898412,5.75594327047481,10.2330259178981,11.0495665049568,9.76440791725088,9.46961958203694,10.416475076852498,7.835212880509191,13.0463455645762,11.6108703311704,12.328325419616204,16.9962096838844,23.8290725283266,22.0518576514404,3.97564646737253,0.0,0.0,0.0,0.0,0.0,0.0,0.0,0.0,0.0,0.0,0.0,0.0,0.0,0.0,0.0,0.0,0.0,0.0,0.0,176.02358
C(F)Cl,85.84906000000004,0.0,0.0,0.0,0.0,0.0,0.0,0.0,0.0,0.0,0.0,0.0,0.0,0.0,0.0,0.1770313206492257,5.065902859516402,5.11370487722612,2.34363955853803,4.22309984884899,2.87841607362589,1.40854080047751,1.78744927137839,3.04522007730706,3.4034058732102395,2.5195698455057203,4.64693825856528,4.06864350080354,1.4069734436947134,9.43229052841396,13.5816476074098,16.903215889179897,3.84337036564927,0.0,0.0,0.0,0.0,0.0,0.0,0.0,0.0,0.0,0.0,0.0,0.0,0.0,0.0,0.0,0.0,0.0,0.0,0.0,68.19157
C(F)(F)(Cl)Cl,110.57278999999988,0.0,0.0,0.0,0.0,0.0,0.0,0.0,0.0,0.0,0.0,0.0,0.0,0.0,0.0,0.0,0.0,0.0,0.355849901047976,0.983070749354197,4.96865462094506,0.720804728652765,2.04561549308198,7.143707199902118,3.22556587901935,2.8375811607894548,26.0322102377355,41.1658596393048,21.09387039016669,0.0,0.0,0.0,0.0,0.0,0.0,0.0,0.0,0.0,0.0,0.0,0.0,0.0,0.0,0.0,0.0,0.0,0.0,0.0,0.0,0.0,0.0,0.0,98.24066
C(F)(Cl)(Cl)Cl,123.13178999999997,0.0,0.0,0.0,0.0,0.0,0.0,0.0,0.0,0.0,0.0,0.0,0.0,0.0,0.0,0.0,0.0,0.0,0.333478040420148,1.39291199702383,6.75947488641019,2.05670507614584,1.3968996045948,11.232563351652097,4.3691141133442395,2.468526757995014,20.3623271697022,31.809335333895696,40.40553462300909,0.544919045806832,0.0,0.0,0.0,0.0,0.0,0.0,0.0,0.0,0.0,0.0,0.0,0.0,0.0,0.0,0.0,0.0,0.0,0.0,0.0,0.0,0.0,0.0,113.60376
C(F)(F)Cl,93.35796,0.0,0.0,0.0,0.0,0.0,0.0,0.0,0.0,0.0,0.0,0.0,0.0,1.100335377787408,3.90195219313085,1.1369326398351651,1.4725750294637994,0.984989562153484,0.724365197629305,1.04586941403248,1.64258437761699,1.86639284717612,3.95127266241198,1.5494912847768407,3.3234548894040503,4.20704398875429,2.63685304466509,9.06099226015999,18.5277246626764,29.856119839897,6.36901072842875,5.4835579894572864e-15,0.0,0.0,0.0,0.0,0.0,0.0,0.0,0.0,0.0,0.0,0.0,0.0,0.0,0.0,0.0,0.0,0.0,0.0,0.0,0.0,76.42202
C(F)(F)(F)Cl,100.4325399999999,0.0,0.0,0.0,0.0,0.0,0.0,0.0,0.0,0.0,0.0,0.0,0.0,0.0,0.0,0.0,0.0,0.0,0.285049744747142,0.663995881501882,2.52941875402592,0.0357256197250494,2.09001912437533,5.346840976843849,3.4818385658024114,7.0184525630856145,26.3170067932712,43.7493168082219,8.914875168399606,0.0,0.0,0.0,0.0,0.0,0.0,0.0,0.0,0.0,0.0,0.0,0.0,0.0,0.0,0.0,0.0,0.0,0.0,0.0,0.0,0.0,0.0,0.0,84.75883
C(C(F)(F)F)Cl,117.75377999999998,0.0,0.0,0.0,0.0,0.0,0.0,0.0,0.0,0.0,0.0,0.0,0.0,0.0,0.427518270740446,4.318763570818043,3.5870071167460313,3.13877843143336,3.37140874511135,2.48701439387696,1.21210955945235,1.33463156121568,2.03033955667665,4.67544904659999,4.00990394757506,3.0670332507499203,5.28936040729531,10.2075511475721,25.8561428227835,27.8053976519048,9.92266399307185,5.012706526376575,0.0,0.0,0.0,0.0,0.0,0.0,0.0,0.0,0.0,0.0,0.0,0.0,0.0,0.0,0.0,0.0,0.0,0.0,0.0,0.0,106.1936
C(C(F)(F)Cl)(F)(F)Cl,139.15465999999986,0.0,0.0,0.0,0.0,0.0,0.0,0.0,0.0,0.0,0.0,0.0,0.0,0.0,0.0,0.0,0.0,0.0,0.384717831182174,1.12600831495947,5.0422279547866,0.475425899071752,3.19777652336149,6.754768614497418,1.3709348621410722,6.360837444142807,37.6433419435636,66.15246716610909,10.646153446184394,0.0,0.0,0.0,0.0,0.0,0.0,0.0,0.0,0.0,0.0,0.0,0.0,0.0,0.0,0.0,0.0,0.0,0.0,0.0,0.0,0.0,0.0,0.0,136.20317
C(C(F)(F)Br)(F)(F)Br,148.53606999999985,0.0,0.0,0.0,0.0,0.0,0.0,0.0,0.0,0.0,0.0,0.0,0.0,0.0,0.0,0.0,0.0,0.7759209399366,1.53049792761916,4.98610525362613,0.510335878818105,1.01740889084381,7.98986856858828,3.4189657451425988,0.1449967954253106,6.238889901488327,38.3593756754334,55.1992737477087,28.33146065552299,0.0329700198464478,0.0,0.0,0.0,0.0,0.0,0.0,0.0,0.0,0.0,0.0,0.0,0.0,0.0,0.0,0.0,0.0,0.0,0.0,0.0,0.0,0.0,0.0,149.2733
C(=C(F)F)Cl,107.46116999999995,0.0,0.0,0.0,0.0,0.0,0.0,0.0,0.0,0.0,0.0,0.0,0.0,0.0,0.241471050396451,1.8510137485044176,1.93803477970012,1.02451900130606,1.34660105146042,1.06105436379999,0.817029577612725,1.51063767359588,4.69322716598316,4.501099593728011,5.938729625814232,10.3001025557153,8.08090290978991,17.474473938298296,27.378118164037993,11.8303607012165,7.47379409904051,6.8644770759509635e-15,0.0,0.0,0.0,0.0,0.0,0.0,0.0,0.0,0.0,0.0,0.0,0.0,0.0,0.0,0.0,0.0,0.0,0.0,0.0,0.0,91.80101
CF,64.81285999999997,0.0,0.0,0.0,0.0,0.0,0.0,0.0,0.0,0.0,0.0,0.0,0.0,0.0,0.0,0.0,0.0,0.0,0.0,1.8852340045059,6.99823384604664,7.93593699108899,6.24918883324906,7.042107210079639,4.973738933250409,2.5456044856375395,1.45537503263697,1.99633264999412,0.8013406614429512,1.29786777398751,1.33295080833599,1.6854941429948098,4.44760088699114,8.59068552861039,5.57516821114792,0.0,0.0,0.0,0.0,0.0,0.0,0.0,0.0,0.0,0.0,0.0,0.0,0.0,0.0,0.0,0.0,0.0,46.03004
C(F)F,73.04791000000003,0.0,0.0,0.0,0.0,0.0,0.0,0.0,0.0,0.0,0.0,0.0,0.0,0.0,0.0,0.0,0.577511635889624,7.62206678956848,4.67225057729558,3.94470321455383,3.37104462556549,2.59371002444164,1.35399125271629,1.78531326307441,1.7415821327311498,1.20364663802313,1.54991872307246,2.47953462553005,1.3591798873392311,3.89180046285704,10.9301166120338,16.537915065900098,7.43362446940773,0.0,0.0,0.0,0.0,0.0,0.0,0.0,0.0,0.0,0.0,0.0,0.0,0.0,0.0,0.0,0.0,0.0,0.0,0.0,54.03435
C(F)(F)F,80.25090000000003,0.0,0.0,0.0,0.0,0.0,0.0,0.0,0.0,0.0,0.0,0.0,0.0,0.605087000764269,4.58120170849138,1.5256774633908154,1.2159334404819504,1.16657759775607,1.30053554890438,1.24646333147236,1.3349337562908,0.88784372736192,1.13666642508606,1.53661793369471,1.52757769317416,1.6020138598552405,2.61867519303114,7.191450473511419,15.929560061514508,30.267768367183,4.57631641803584,3.7338306579185984e-15,0.0,0.0,0.0,0.0,0.0,0.0,0.0,0.0,0.0,0.0,0.0,0.0,0.0,0.0,0.0,0.0,0.0,0.0,0.0,0.0,61.68554
C(F)(F)(F)F,87.28969000000005,0.0,0.0,0.0,0.0,0.0,0.0,0.0,0.0,0.0,0.0,0.0,0.0,0.0,0.0,0.0,0.0,0.0,0.0,0.0,0.0,0.565158201373489,2.27043681578672,2.39757528734864,3.738247468981493,10.807435947555204,29.2826457164732,37.8004352364985,0.4277553259827978,0.0,0.0,0.0,0.0,0.0,0.0,0.0,0.0,0.0,0.0,0.0,0.0,0.0,0.0,0.0,0.0,0.0,0.0,0.0,0.0,0.0,0.0,0.0,69.6646
CCF,85.50238000000004,0.0,0.0,0.0,0.0,0.0,0.0,0.0,0.0,0.0,0.0,0.0,0.0,0.0,0.0,0.0,0.0,0.0,0.0,0.0092419065564399,3.67109159944895,10.0877426930642,11.2239956163036,9.89795650395863,8.08306087860502,6.28719206552009,7.00003419097273,3.895053438243331,2.058195352646659,0.909954070212353,1.59471287901452,1.7454844280469295,3.17018875793451,5.56205696552274,8.36494709621677,1.94147155773257,0.0,0.0,0.0,0.0,0.0,0.0,0.0,0.0,0.0,0.0,0.0,0.0,0.0,0.0,0.0,0.0,67.1759
CC(F)(F)F,97.27859,0.0,0.0,0.0,0.0,0.0,0.0,0.0,0.0,0.0,0.0,0.0,0.0,0.0,0.0,0.0,0.0,0.900318689345811,5.6624022773356,4.08264927016856,6.39274767402315,4.12220346301773,3.0390777583081,6.910506602103038,1.9491722294841205,2.6142186235021305,3.91594682183705,2.2492279036013803,8.843874148375168,24.2619328558396,22.1801718186647,0.1541398643938784,0.0,0.0,0.0,0.0,0.0,0.0,0.0,0.0,0.0,0.0,0.0,0.0,0.0,0.0,0.0,0.0,0.0,0.0,0.0,0.0,82.39924
C(C(C(F)(F)F)(F)F)(C(F)(F)F)(F)F,174.0467000000001,0.0,0.0,0.0,0.0,0.0,0.0,0.0,0.0,0.0,0.0,0.0,0.0,0.0,0.0,0.0,0.0,0.0,0.0,0.0,0.0,0.123440020585324,1.13371954040078,2.7554245161146005,3.970351018288408,22.500157789991317,96.8497545081343,46.698031176161415,0.0158214303239488,0.0,0.0,0.0,0.0,0.0,0.0,0.0,0.0,0.0,0.0,0.0,0.0,0.0,0.0,0.0,0.0,0.0,0.0,0.0,0.0,0.0,0.0,0.0,183.80464
C=C(F)F,88.08119000000005,0.0,0.0,0.0,0.0,0.0,0.0,0.0,0.0,0.0,0.0,0.0,0.0,0.0,0.0,0.0,0.1477865096555287,1.52160191020167,3.78219396066176,3.70149314874203,1.50224359199202,2.79781113835502,2.14215769538048,2.827055712179751,4.75644692910154,3.9632618624526903,8.35170473343273,10.2801533576293,17.9731873037556,20.3081828796762,2.94704694336781,1.0788623234159116,0.0,0.0,0.0,0.0,0.0,0.0,0.0,0.0,0.0,0.0,0.0,0.0,0.0,0.0,0.0,0.0,0.0,0.0,0.0,0.0,70.04233
C(=C(F)F)(F)F,103.40054999999988,0.0,0.0,0.0,0.0,0.0,0.0,0.0,0.0,0.0,0.0,0.0,0.0,0.0,0.0,0.0,0.0,0.0,0.0,0.0,0.0,1.08061576580032,10.953485089582,6.366195603579159,4.5630507626165,5.339862400267722,15.1829734621006,36.5780352516561,23.336331664397488,0.0,0.0,0.0,0.0,0.0,0.0,0.0,0.0,0.0,0.0,0.0,0.0,0.0,0.0,0.0,0.0,0.0,0.0,0.0,0.0,0.0,0.0,0.0,86.12196
C(F)(F)Br,98.66698999999998,0.0,0.0,0.0,0.0,0.0,0.0,0.0,0.0,0.0,0.0,0.0,0.0,1.5124155485951274,3.41384398684259,1.1332896520083937,1.6210796911756291,0.890724321629831,0.752483351676478,1.68122109805217,1.87927041769418,3.67852118288124,1.15148934138849,2.962504060017691,5.254799140102629,2.42619382314087,2.93925045897455,10.1363126844138,20.034969976024904,27.1383458588816,10.0602754064998,8.758927272492028e-15,0.0,0.0,0.0,0.0,0.0,0.0,0.0,0.0,0.0,0.0,0.0,0.0,0.0,0.0,0.0,0.0,0.0,0.0,0.0,0.0,82.95029
CC(F)F,92.82926999999997,0.0,0.0,0.0,0.0,0.0,0.0,0.0,0.0,0.0,0.0,0.0,0.0,0.0,0.0,0.0,0.0,1.06202652536878,4.10212255959796,2.83730376813457,8.35847501395354,7.8142634707284,5.47145687871971,5.36895119203953,5.79091406529918,6.647863309334259,1.77351139387754,2.18923261437514,2.2700853392670104,2.89139166635379,7.39496994066323,12.584751016737394,14.220463380653,2.05148786489693,0.0,0.0,0.0,0.0,0.0,0.0,0.0,0.0,0.0,0.0,0.0,0.0,0.0,0.0,0.0,0.0,0.0,0.0,75.47832
CBr,83.60171999999996,0.0,0.0,0.0,0.0,0.0,0.0,0.0,0.0,0.0,0.0,0.0,0.0,0.0,0.0,0.0,0.0,0.0736379739682667,2.74742608392978,6.79091682404297,4.94435159142356,4.28718865112376,4.77920019031283,8.18798110391934,6.779388488208287,1.5463437336875303,2.74209189336128,6.255988904095009,3.926110830735049,1.38886373119232,3.63460743781658,11.378912348751992,9.00963609347595,5.12907411995545,0.0,0.0,0.0,0.0,0.0,0.0,0.0,0.0,0.0,0.0,0.0,0.0,0.0,0.0,0.0,0.0,0.0,0.0,66.78648
CCBr,102.85757999999998,0.0,0.0,0.0,0.0,0.0,0.0,0.0,0.0,0.0,0.0,0.0,0.0,0.0,0.0,0.0,0.0,0.0,0.493399453911643,3.99108350965603,4.96470417248427,7.15733065557772,10.1689892915961,10.8186762314395,9.214795868155088,6.83511532568887,6.83746547286431,5.11738028057483,6.021810909733198,2.5031632050271,1.30070313722121,9.866070146525583,7.67713809011947,9.66710980601874,0.222644443406312,0.0,0.0,0.0,0.0,0.0,0.0,0.0,0.0,0.0,0.0,0.0,0.0,0.0,0.0,0.0,0.0,0.0,88.04151
C(C(F)(F)F)(F)F,113.70498000000002,0.0,0.0,0.0,0.0,0.0,0.0,0.0,0.0,0.0,0.0,0.0,0.0,0.3048130918152395,3.67413367474446,1.2933016923377243,1.857132984376579,1.92207448739573,0.848418017025244,1.44030425119113,1.32958255165055,1.43468547608789,2.80009575466881,2.62752722679606,2.137092922352641,3.856756292908051,9.68955689913621,23.811170804723297,30.020030984722595,21.5621242750307,3.0961786130371,2.6878669016197837e-15,0.0,0.0,0.0,0.0,0.0,0.0,0.0,0.0,0.0,0.0,0.0,0.0,0.0,0.0,0.0,0.0,0.0,0.0,0.0,0.0,99.67067
C(C(Br)Br)(Br)Br,168.73563,0.0,0.0,0.0,0.0,0.0,0.0,0.0,0.0,0.0,0.0,0.0,0.0,1.013299152763348,4.05387366702633,1.3707071802103246,1.7270215412122094,3.49676675658279,0.776941706603277,2.53894468782596,5.46588960085999,9.95474664147899,0.540037977962288,5.779445421237885,18.163999786493996,10.789500199244998,3.39732770208696,8.31518314255726,28.113502562364296,20.3731379291844,38.0970491212473,4.768255223057402,0.0,0.0,0.0,0.0,0.0,0.0,0.0,0.0,0.0,0.0,0.0,0.0,0.0,0.0,0.0,0.0,0.0,0.0,0.0,0.0,175.37228
CCCBr,122.79841999999996,0.0,0.0,0.0,0.0,0.0,0.0,0.0,0.0,0.0,0.0,0.0,0.0,0.0,0.0,0.0,0.0,0.0,0.276661125559285,2.85186383357859,4.10636833028126,4.31367793334204,13.3317954699618,14.2670953861969,15.011125177974796,10.4443026994065,8.21998426943921,11.0826872881314,7.726288629393697,2.21494575486971,1.36795915326387,10.225745156832494,7.62331181802803,9.69227548568175,0.0423324880586364,0.0,0.0,0.0,0.0,0.0,0.0,0.0,0.0,0.0,0.0,0.0,0.0,0.0,0.0,0.0,0.0,0.0,110.16834
CC(C)Br,120.71643000000007,0.0,0.0,0.0,0.0,0.0,0.0,0.0,0.0,0.0,0.0,0.0,0.0,0.0,0.0,0.0,0.0,0.0,0.0523815569126151,1.53827818322815,3.04664693294728,9.98530129783626,13.5790230241139,13.190972275907598,10.7267293677721,11.5350644679243,13.3211133052158,4.97587446221996,5.958345959666239,3.6214393552593,1.71666354080947,7.249234909557556,8.77622137539303,9.683907127225,1.75923285801153,0.0,0.0,0.0,0.0,0.0,0.0,0.0,0.0,0.0,0.0,0.0,0.0,0.0,0.0,0.0,0.0,0.0,110.36083
CCCCBr,142.66366999999988,0.0,0.0,0.0,0.0,0.0,0.0,0.0,0.0,0.0,0.0,0.0,0.0,0.0,0.0,0.0,0.0,0.0,0.324604306791634,2.94815540975655,4.17726836938016,3.40456402506313,10.2606640111642,20.3127430780398,19.373894033684696,14.1187847274324,10.7824898906268,12.2115256277054,12.715306083232496,3.00963936930641,1.32067291686334,10.039760230796794,7.71388572636855,9.83362579970123,0.116086394086296,0.0,0.0,0.0,0.0,0.0,0.0,0.0,0.0,0.0,0.0,0.0,0.0,0.0,0.0,0.0,0.0,0.0,132.12321
CCCCCCCBr,202.58552000000017,0.0,0.0,0.0,0.0,0.0,0.0,0.0,0.0,0.0,0.0,0.0,0.0,0.0,0.0,0.0,0.0,0.0,0.315308662818719,2.98589490369486,3.92252130782132,3.53729931258462,8.06484499861363,22.1205650853676,33.3383618374486,29.949997854331595,21.549313547176,19.4502973374544,20.09493163279599,7.77276087734801,1.59615087665603,10.277356233813492,7.87990309444234,9.63429420922436,0.0957182284085503,0.0,0.0,0.0,0.0,0.0,0.0,0.0,0.0,0.0,0.0,0.0,0.0,0.0,0.0,0.0,0.0,0.0,198.46177
CC(Br)Br,126.00606999999992,0.0,0.0,0.0,0.0,0.0,0.0,0.0,0.0,0.0,0.0,0.0,0.0,0.0,0.0,0.4048405808554612,2.718533441648916,1.2793636479556,1.36660270548293,3.2753873337596,7.22051284995912,7.84922639909556,9.74489509517506,6.59093221360831,6.083599518551932,11.1397947857248,7.58124524905797,3.0619990869159115,3.2536818960842253,16.0458802573301,12.4305806808486,21.017172194744894,4.94182206320093,0.0,0.0,0.0,0.0,0.0,0.0,0.0,0.0,0.0,0.0,0.0,0.0,0.0,0.0,0.0,0.0,0.0,0.0,0.0,117.60327
C1=CC(=CC(=C1)Br)Br,169.99943000000013,0.0,0.0,0.0,0.0,0.0,0.0,0.0,0.0,0.0,0.0,0.0,0.0,0.0,0.0,0.0,0.1003251082478118,1.60990681542633,7.2714991416646,7.45083735737557,7.651752605595,8.59016650092663,6.83898527722001,3.7495055356740714,6.537290276617582,9.89653510793333,11.6928243113365,10.2727734098568,30.2641558399216,28.8604011012681,26.2614289494963,2.9510426614399,0.0,0.0,0.0,0.0,0.0,0.0,0.0,0.0,0.0,0.0,0.0,0.0,0.0,0.0,0.0,0.0,0.0,0.0,0.0,0.0,168.03545
C(C(Cl)(Cl)Cl)(F)(F)F,149.12124999999978,0.0,0.0,0.0,0.0,0.0,0.0,0.0,0.0,0.0,0.0,0.0,0.0,0.0,0.0,0.0,0.0,0.0,0.604144101335639,1.31351225244948,7.78034301601406,0.844570630200814,3.1125063327773,10.977163720884196,4.08562639921243,4.132654634246505,26.2207635071387,56.52683845333209,33.52312695240859,0.0,0.0,0.0,0.0,0.0,0.0,0.0,0.0,0.0,0.0,0.0,0.0,0.0,0.0,0.0,0.0,0.0,0.0,0.0,0.0,0.0,0.0,0.0,150.87023
C1=CC=C(C=C1)Br,145.7389300000001,0.0,0.0,0.0,0.0,0.0,0.0,0.0,0.0,0.0,0.0,0.0,0.0,0.0,0.0,0.0,0.0,0.0,1.97408293439911,9.20123965273255,11.514866382587,9.17502553090458,9.83292674615075,5.79947029380059,4.812686462432522,8.06766370490533,7.27775042559239,7.97439047123193,10.453864273467303,19.7411130924584,20.9939153319035,17.110697009128504,1.80923768830563,0.0,0.0,0.0,0.0,0.0,0.0,0.0,0.0,0.0,0.0,0.0,0.0,0.0,0.0,0.0,0.0,0.0,0.0,0.0,138.96282
CI,91.81243000000002,0.0,0.0,0.0,0.0,0.0,0.0,0.0,0.0,0.0,0.0,0.0,0.0,0.0,0.0,0.0,0.0,0.16472636668662,3.37619170932049,5.89659951607932,5.52229319429769,4.56776324925566,6.14096975737695,5.210794034213731,7.074302336198529,4.7265688874199006,7.67772394706238,4.174202501559741,1.2180988127103207,2.83713355384064,11.6717358020533,7.664983972298984,12.6114081381688,1.27693422145697,0.0,0.0,0.0,0.0,0.0,0.0,0.0,0.0,0.0,0.0,0.0,0.0,0.0,0.0,0.0,0.0,0.0,0.0,76.96505
CCI,111.25176999999996,0.0,0.0,0.0,0.0,0.0,0.0,0.0,0.0,0.0,0.0,0.0,0.0,0.0,0.0,0.0,0.0,0.0,0.698711503818695,4.16623070925572,3.98907727420458,8.20959142110611,9.00786406864522,14.032333288579498,9.026707973161889,5.274186286703861,10.4345827402399,7.98392204877647,2.3197497681008197,1.4850238116506,9.45732302827893,9.05496918066528,11.8201113521803,4.29138554463208,0.0,0.0,0.0,0.0,0.0,0.0,0.0,0.0,0.0,0.0,0.0,0.0,0.0,0.0,0.0,0.0,0.0,0.0,98.70371
CCCI,131.06783000000013,0.0,0.0,0.0,0.0,0.0,0.0,0.0,0.0,0.0,0.0,0.0,0.0,0.0,0.0,0.0,0.0,0.0,0.439619433438843,3.15286203416276,3.4680565274971,5.30390700522377,12.8464592730698,16.4096098516653,14.451368076890798,9.31840055687722,11.1921049798768,14.2372533188754,4.0763794411784495,1.46798370901878,9.67622046795997,9.0300424325416,11.5322294684274,4.46533342329613,0.0,0.0,0.0,0.0,0.0,0.0,0.0,0.0,0.0,0.0,0.0,0.0,0.0,0.0,0.0,0.0,0.0,0.0,120.79248
CC(C)I,127.97681000000006,0.0,0.0,0.0,0.0,0.0,0.0,0.0,0.0,0.0,0.0,0.0,0.0,0.0,0.0,0.0,0.0,0.0,0.107179760489311,1.86027486699962,2.58805929573558,10.0500209377327,13.7995739205065,15.0571544695179,13.262649727506298,7.5284517071982116,14.2975885611981,9.82156847710169,3.498258908663979,1.84112094234888,5.86665131876472,10.919509584778496,9.18655379527979,8.29219372617828,0.0,0.0,0.0,0.0,0.0,0.0,0.0,0.0,0.0,0.0,0.0,0.0,0.0,0.0,0.0,0.0,0.0,0.0,120.57021
C1=CC=C(C=C1)I,154.00966,0.0,0.0,0.0,0.0,0.0,0.0,0.0,0.0,0.0,0.0,0.0,0.0,0.0,0.0,0.0,0.0,0.0,1.83151279509751,9.92192606370825,11.9951105641545,11.9021498823077,6.94483942647881,5.175449014981032,8.72461926598924,7.592514740897029,4.54833349077918,10.9082848419959,13.659873021443104,19.2883970373125,22.7434689165895,16.578478637004807,2.19470230126093,0.0,0.0,0.0,0.0,0.0,0.0,0.0,0.0,0.0,0.0,0.0,0.0,0.0,0.0,0.0,0.0,0.0,0.0,0.0,149.70158
C(I)I,125.39185999999994,0.0,0.0,0.0,0.0,0.0,0.0,0.0,0.0,0.0,0.0,0.0,0.0,0.0,0.0,1.8338076269323669,3.9560216964417863,2.99920301236294,3.80369822189532,2.51664339884806,5.64058641683571,5.91164250272878,1.91406984001599,3.490545230381354,12.456798140244898,6.899575252804389,1.62273893734297,2.35391217770507,17.298768783428,14.0690164822344,23.2369850641757,15.387847215622209,0.0,0.0,0.0,0.0,0.0,0.0,0.0,0.0,0.0,0.0,0.0,0.0,0.0,0.0,0.0,0.0,0.0,0.0,0.0,0.0,116.77359
C(C(F)(Cl)Cl)(F)(F)F,139.9485099999999,0.0,0.0,0.0,0.0,0.0,0.0,0.0,0.0,0.0,0.0,0.0,0.0,0.0,0.0,0.0,0.0,0.0,0.450861983810779,1.31563933725392,4.92472823725963,0.337150441675658,4.00570206083027,7.053833612455298,2.2779982837842523,7.260696771209515,31.2496680651422,67.57204403024939,13.500187176328994,0.0,0.0,0.0,0.0,0.0,0.0,0.0,0.0,0.0,0.0,0.0,0.0,0.0,0.0,0.0,0.0,0.0,0.0,0.0,0.0,0.0,0.0,0.0,137.24994
C(C(F)(F)F)(Cl)Cl,134.90088,0.0,0.0,0.0,0.0,0.0,0.0,0.0,0.0,0.0,0.0,0.0,1.3350661517106177,2.232797388920228,0.803102354158433,1.8941611445533184,1.118338303584851,0.322270389229769,0.318955717611308,0.218322068714149,1.92839708651807,4.32538132283184,5.63133594543829,1.5336745360078026,7.789083279411329,6.00941319895644,6.51626544195971,28.726274046617196,41.681662082124696,21.8661659467786,0.650213594873357,5.930218628164645e-16,0.0,0.0,0.0,0.0,0.0,0.0,0.0,0.0,0.0,0.0,0.0,0.0,0.0,0.0,0.0,0.0,0.0,0.0,0.0,0.0,129.20558
C(F)(Cl)Cl,105.34136999999998,0.0,0.0,0.0,0.0,0.0,0.0,0.0,0.0,0.0,0.0,0.0,0.0,1.7779707129675069,2.96270582211187,0.9014866722538234,1.758323196078439,0.514615522485007,0.754287342963067,0.343489226797983,2.05605525684888,2.99122195157339,6.21466901370508,1.2367001972153322,6.27335088641832,6.241485686627669,2.52836868393805,10.0007883038222,20.884148800136103,28.7789976223844,9.12270510167285,7.518307489228673e-15,0.0,0.0,0.0,0.0,0.0,0.0,0.0,0.0,0.0,0.0,0.0,0.0,0.0,0.0,0.0,0.0,0.0,0.0,0.0,0.0,90.84714
C1=CC=C2C(=C1)C=CC=C2Br,189.58517999999992,0.0,0.0,0.0,0.0,0.0,0.0,0.0,0.0,0.0,0.0,0.0,0.0,0.0,0.0,0.0,0.0,0.0559881723570272,1.57708200872259,11.2482025989351,14.2554392256587,12.7300779773032,12.8912715821807,7.91956629373429,6.990878793777261,8.70868394565028,9.81632959785413,10.5023699258388,16.938449198203408,30.2882123505298,27.4542331776963,16.84865363922941,1.35974151232891,0.0,0.0,0.0,0.0,0.0,0.0,0.0,0.0,0.0,0.0,0.0,0.0,0.0,0.0,0.0,0.0,0.0,0.0,0.0,194.99909
C(=C(F)F)(C(F)(F)F)F,134.1684999999999,0.0,0.0,0.0,0.0,0.0,0.0,0.0,0.0,0.0,0.0,0.0,0.0,0.0,0.0,0.0,0.0,0.0,0.0,1.33954516726743,5.54894516350262,4.79445876432852,4.13259467066559,4.33354995500965,4.687469980579862,9.646625253480645,23.4046355594304,38.10442929952039,35.299164688917685,2.87708149729712,0.0,0.0,0.0,0.0,0.0,0.0,0.0,0.0,0.0,0.0,0.0,0.0,0.0,0.0,0.0,0.0,0.0,0.0,0.0,0.0,0.0,0.0,123.29375
CN,72.68683999999999,0.0,0.0,0.0,0.0,0.0,0.0,0.0,0.0,0.0,0.0,0.0,0.0,0.0,0.0,0.3172814350834194,1.941856045360347,3.13498938134179,1.53848697434755,2.61395858364896,2.60555016392055,4.19317536780103,6.05965327140576,5.84906970884836,6.16772823862308,5.91785096009751,6.56667896801533,7.72725076168752,3.231977809758559,1.37608682429852,1.64541827009542,0.532924110703669,0.593799895154219,1.58377402292753,0.503922132260354,0.287817074620516,1.0221791104031397,0.7771841323704378,0.7280807407484392,0.3116754891802527,0.3574662375743079,1.01710428972342,0.689444304104242,0.788545695895759,0.6124779897741788,0.5543520102258143,0.5972771685063869,0.8386649111812042,0.0031379203124088,0.0,0.0,0.0,53.58027
CNC,93.21038,0.0,0.0,0.0,0.0,0.0,0.0,0.0,0.0,0.0,0.0,0.0,0.0,0.0,0.0,0.2302888532864906,1.351093426014878,1.46090772069863,0.588649352952017,1.39110175023049,0.631530691462285,2.22065052557949,7.7998786651712,9.273174939566031,14.0030687085253,13.0420496255522,11.567173504422,13.0698198751807,3.359771657805869,1.04036935326496,1.10308642174776,1.6425114677599597,0.712524127419075,0.562094696995602,0.273917539004841,1.02457034433843,0.9160782078857832,0.5192985451359856,0.4117741884205904,1.2319761723984586,0.3174297804463326,0.317095737972567,0.333673675406525,1.47713209009231,0.5598083552632208,0.1950747779886702,0.5111770714566178,0.071628150554715,0.0,0.0,0.0,0.0,75.65097
CN(C)C,111.19651000000007,0.0,0.0,0.0,0.0,0.0,0.0,0.0,0.0,0.0,0.0,0.0,0.0,0.0,0.0,0.0,0.0,0.0,0.0,0.0,0.0,2.56353991848157,12.0332982300298,12.1097934319409,12.781617044059802,17.5860766789348,18.5696073736415,18.5897866358269,4.966809380700418,1.30888372025333,0.847792310403616,1.3142521234324995,1.89207701579002,0.529198096320479,0.0205480401844453,0.176231104322789,0.9023688956772108,0.1907967547686487,2.132653398983883,0.4582449523103009,0.0059748939371623,0.455008546242072,1.16691986423474,0.311924700022589,0.283106889500597,9.799089518579437e-16,0.0,0.0,0.0,0.0,0.0,0.0,97.99565
CCN,92.97343,0.0,0.0,0.0,0.0,0.0,0.0,0.0,0.0,0.0,0.0,0.0,0.0,0.0,0.0,0.0,1.0344671944056982,3.04965138475447,1.65877902261633,2.65305247516822,3.05564773792161,2.36235138959537,5.92426592107884,13.292076958816198,11.1756228206577,9.45232557662368,8.62944431007567,6.44597102150663,8.538054026079106,2.21417111692993,0.896056788530992,1.3939926231115096,0.439807707486285,1.09767995399065,0.695758529359515,0.67210143472192,1.074384416890449,0.6099127996180957,0.2507005510596992,0.0660242390014328,1.0631224112484885,1.12352288653019,0.378912845091203,0.715805931670057,0.7580079819611923,0.8537220377570397,0.5893163051267689,0.6809964720242616,0.127723128590793,0.0,0.0,0.0,75.27033
CCCNCCC,173.32802999999996,0.0,0.0,0.0,0.0,0.0,0.0,0.0,0.0,0.0,0.0,0.0,0.0,0.0,0.0,0.0,0.2539142690293245,0.989831879502598,1.02690564352199,1.56503149379955,0.9780877402861,1.12095153636012,4.83596337203816,20.039805102675704,25.922757497044103,32.279420095087,23.7910189839735,21.8554791373126,22.53883841489139,4.11020934597144,2.37773929307188,1.698814159260151,0.227013720121899,0.492916864150882,0.687192470892862,0.561775298438117,0.3571536825705682,0.4666451590821073,0.5413816053824327,0.1636219069104456,1.324458187526668,1.04981568457726,0.437177240394904,0.595434004084081,0.1557798396317579,0.424092252976768,0.4588041194335749,1.591082352184815e-15,0.0,0.0,0.0,0.0,162.10654
CCCCN(C)C,168.91636000000003,0.0,0.0,0.0,0.0,0.0,0.0,0.0,0.0,0.0,0.0,0.0,0.0,0.0,0.0,0.0,0.0,0.0,0.0,0.0,0.0,1.84104229630054,10.2321147525609,16.936420704129105,23.708931358041102,30.1297317078313,28.5918489853435,25.9304667294675,16.117865790236298,4.5948418382272,1.79454463893467,1.1185249507082706,1.26509124810931,0.90418458365232,0.24101041645802,0.0896215344564953,0.7476849298154613,0.3904064818062844,0.5049580924371155,1.082179516990719,1.1368795808814,0.229183262558411,0.395360868159222,0.801595424630079,0.1318703082648095,4.465299982166859e-16,0.0,0.0,0.0,0.0,0.0,0.0,162.53188
CCNCC,133.16971999999987,0.0,0.0,0.0,0.0,0.0,0.0,0.0,0.0,0.0,0.0,0.0,0.0,0.0,0.0,0.0,0.2023213647485186,0.963238080929296,1.08186727294584,1.61758110958226,0.851762688160315,1.53324690884928,7.73905161734532,14.226699621182702,19.3243121570265,22.0012704228896,17.5423851201539,17.3760120149514,14.212296801520994,3.1106817160862,2.22824660222358,1.308785075680161,0.10361493231536,0.492736200492632,0.683770822168533,0.491253276400978,0.3527413050719133,0.5701504972132949,0.5478327113081931,0.2719293357557234,1.5780924659253277,0.657569879072071,0.275735887428879,0.579934112571122,0.2810101761361244,0.6780222253626417,0.2855675985012313,9.924779515062089e-16,0.0,0.0,0.0,0.0,118.16786
CCCN,112.69973999999992,0.0,0.0,0.0,0.0,0.0,0.0,0.0,0.0,0.0,0.0,0.0,0.0,0.0,0.0,0.0815009228021638,1.282773003694948,3.23972515955346,1.34876415447819,2.77337315936151,2.69150330780447,2.34989587918986,3.86110845540315,11.395030756869602,15.5864681232052,17.324157204649,12.3381443714511,11.3798084822093,11.196527661332295,2.48746095591953,1.90235366256184,1.051375411426011,0.420970718180901,0.910800673139535,0.662534879916272,0.611811448539638,0.9593839790072142,0.5245794293480831,0.2733781999566579,0.234599664406169,0.8856894295960209,1.446072829132,0.315794462970116,0.519343613895696,0.4789323976772974,0.6101076023226956,0.7453512560232726,0.6327326041655554,0.177686139811173,0.0,0.0,0.0,96.58767
CCCCN,132.46782,0.0,0.0,0.0,0.0,0.0,0.0,0.0,0.0,0.0,0.0,0.0,0.0,0.0,0.0,0.0452832828754474,1.078267095876828,3.38192455245455,1.42088043590229,2.69052205414521,2.47913900870523,2.84594747388662,3.61203876622712,11.834750535503003,19.4862379311523,23.0387743669673,15.883799210958,14.032440823037,12.379371787796396,4.76397022625956,1.50862164356348,1.1772968061938205,0.65827166699167,1.22155904867534,0.842395395342562,0.121686269633911,0.8497641637206537,0.6586092278955177,0.2644094696163133,0.1065987566198802,0.9977011565497864,1.70665258302606,0.328829813068539,0.405025448769005,0.4224060846468522,0.7775428588325468,0.6067981519210865,0.8403039031861192,0.0,0.0,0.0,0.0,118.26214
CCCCCN,152.57175000000024,0.0,0.0,0.0,0.0,0.0,0.0,0.0,0.0,0.0,0.0,0.0,0.0,0.0,0.0,0.0724488940354812,1.2312853285415182,3.25545581276404,1.32682040830434,2.75964659346925,2.72706817765485,2.32021598371762,3.14163155250328,12.331204817600604,24.2288848351791,27.375128166242,20.4788365762068,16.6809633914542,14.829642623845997,6.19913496606468,1.93881804586277,1.2226771113403507,0.470007357030814,0.883909153871515,0.670347575656017,0.571309535213632,0.9789073485779832,0.5180142109560484,0.3107615339073287,0.2346964521697201,0.781991181086403,1.49559932214407,0.33221996633781,0.557639239567583,0.4413302147555537,0.6493836239388572,0.657968502933995,0.7052608735668329,0.192540623499173,0.0,0.0,0.0,140.36989
CC(C)CN,128.55293999999992,0.0,0.0,0.0,0.0,0.0,0.0,0.0,0.0,0.0,0.0,0.0,0.0,0.0,0.0,0.1241813885749538,1.275616816917358,2.69605202474871,1.63808472427462,2.1455317504216,3.00451177052973,2.80401989105383,4.19475480883323,13.144144965530302,17.6553735013971,20.9341173860318,14.0675330348036,11.675335005602,15.021400091048797,5.57196204060594,1.26687550844222,0.8822714675328753,0.415372359067828,1.00319799157944,1.00593901078994,0.611551943604846,0.8794491666586316,0.597798775552772,0.0241645763978139,0.2630489367751566,0.7068006812100842,1.44086356288077,0.410713345675465,0.447463473458531,0.7604468146955896,0.3674831853044034,0.8988194559646522,0.4629277481102645,0.155132795925084,0.0,0.0,0.0,118.52739
NN,67.62635999999998,0.0,0.0,0.0,0.0,0.0,0.0,0.0,0.0,0.0,0.0,0.0,0.0,0.0,0.0,1.3562400654061575,6.452427830272561,5.24535911767516,5.53709832676316,4.80569579492045,5.96916203762821,2.67928480999991,2.82395249316519,2.29207506589919,2.5607199034630597,1.2229574755024095,0.648903545498695,1.3517244154634898,1.0487874211706598,0.455871484550159,1.58936286767581,1.2340848997523703,1.81495285969224,1.09805058065103,2.2095282734916,0.586631690411898,0.7096137335680738,1.1403626533945452,2.654340161143055,1.0626337186990826,1.4690782043785793,0.760734229928734,2.17361146926888,1.87843286291236,0.9655981245890676,1.1023638541913996,0.7267200288727863,2.4664981913882485e-15,0.0,0.0,0.0,0.0,47.98064
CC(C)CNCC(C)C,206.40885000000017,0.0,0.0,0.0,0.0,0.0,0.0,0.0,0.0,0.0,0.0,0.0,0.0,0.0,0.0,0.0,0.1226038832029027,0.775396760198761,1.1265887805503,1.43091426465821,0.886401923851218,1.12851328234886,3.3826638405992,20.562033367634204,30.431974965374103,39.6087344862567,25.7298321260776,22.8603504936264,28.600512760779296,19.4979051757341,3.33401714836453,1.098007528003322,1.23232762014794,1.96585156553402,0.719725556722145,0.429802614108334,0.2259498053875435,0.5212902622369899,0.5020675550812621,0.1492354392934166,0.086148794228822,0.0,0.0,0.0,0.0,0.0,0.0,0.0,0.0,0.0,0.0,0.0,209.13837
CC(C)N,110.98002000000004,0.0,0.0,0.0,0.0,0.0,0.0,0.0,0.0,0.0,0.0,0.0,0.0,0.0,0.0,0.0,0.8895662968458714,3.04668704338585,1.61359131271487,2.54099102499155,2.61840451157552,3.57190425584796,6.69610490658746,9.769073484768882,14.7172396161054,15.0650890226909,11.0360282367378,8.60819098401413,13.556240982016696,3.88768930743392,1.74671603360457,1.2894853412053904,0.815770884311224,0.804789749949575,0.669247005212481,0.227364338860462,1.4805527132250982,0.4144163239708337,0.0419166239436074,0.1650473584975007,1.0382067797254986,1.62810606668756,0.241219795089435,0.354194604983362,0.3163097408318245,0.7416321578298796,0.6698585715243872,0.7130511429804249,0.0053337818501182,0.0,0.0,0.0,97.11607
CCCCCCCCCCCCCCN,332.2390900000002,0.0,0.0,0.0,0.0,0.0,0.0,0.0,0.0,0.0,0.0,0.0,0.0,0.0,0.0,0.0,0.9602198364528484,2.9709378686432,1.76183063256183,2.52650314295153,2.94323001828595,2.44934764529325,3.54277427008095,19.415167250887613,54.21517759423231,71.6200462994433,56.9164632811967,46.0144569643856,29.341604746933697,23.6931749311764,1.01239459562048,1.5632930334831796,0.42175147164037,1.34778418404135,0.736602591699699,0.312077495035776,1.0951367522487392,0.6153772588779969,0.2930525369553461,0.307812655553473,0.892994760792946,1.08730554829654,0.338976950055173,0.761073536921824,0.8799144657466096,0.7635276805055025,0.5489198635100108,0.7258847965000863,0.164275339989904,0.0,0.0,0.0,338.38475
C1=CNC=C1,105.92772000000004,0.0,0.0,0.0,0.0,0.0,0.0,0.0,0.0,0.0,0.868702665191994,2.2867414097651673,0.7504659250428295,1.422362305132259,1.40581442464769,0.7369077304942171,0.3818252338131166,0.598308514601574,3.69122092599464,4.85812443244502,6.82948840054791,5.46817484364298,5.85811365415732,4.59042233272471,4.549641748465891,6.33327459064172,4.30093953215676,4.41691988668548,5.8124270951412695,4.40460929348447,3.40818616817606,5.0031310566809895,7.3475195270639,3.72264311843054,4.71775203971208,6.18920078182274,4.087145969551036,1.8876563937856736,6.590285112686114e-15,0.0,0.0,0.0,0.0,0.0,0.0,0.0,0.0,0.0,0.0,0.0,0.0,0.0,91.41383
CN(CCO)CCO,168.55808,0.0,0.0,0.0,0.0,0.0,0.0,0.0,0.0,0.0,0.771237169906964,2.048203757203468,2.466977613048929,1.1988158388123022,1.2343877590147,1.756468056586369,2.285008152624179,1.62149696764409,2.92302662700434,1.95427365446553,8.77179640631673,9.64659517747826,11.9695321908427,11.011593613425005,19.0017108367415,17.7887849347962,15.9395925076105,6.183235396961983,4.49814838924388,5.42646113645187,3.44502886244257,3.0756824528357205,2.50207231905834,1.64332554829552,2.72389903378149,2.07553047570191,3.1503361464177817,4.14792046650127,4.24218266169427,5.4284073343480985,4.924143848289801,2.60795107536454,0.0942535890891928,0.0,0.0,0.0,0.0,0.0,0.0,0.0,0.0,0.0,162.29553
C(CO)N,103.51765,0.0,0.0,0.0,0.0,0.0,0.0,0.0,0.0,0.0,0.334300527380668,0.7747045147468522,1.5734662648589486,0.336622880192746,0.766229064136494,1.300437196821679,3.740057532553795,3.5333829683382,2.85199227166681,4.40058040962802,4.38376313132613,6.97346215268251,6.84406702142445,8.64184057306068,8.09876077964858,7.14193015512613,5.56315961489853,2.3914050064856105,2.3553407983438106,3.88596556650062,1.60913686369945,1.56759588688125,2.64495208070243,1.11745376208892,1.14346119720667,1.76756968028445,2.15098576957423,2.0512806177543492,1.7666085250884709,3.040381788425528,3.8653224524788983,1.86931384719954,0.451943037848267,0.134782673788634,0.9667109063183033,0.4376572075565368,0.9734409061289332,0.0675843671538673,0.0,0.0,0.0,0.0,86.10187
C(CO)NCCO,155.28017999999997,0.0,0.0,0.0,0.0,0.0,0.0,0.0,0.0,0.0,0.719758134842195,1.7771135414989885,2.8105317928020384,0.8069192420178813,1.59120773068219,2.2923649080548985,3.7305937939131577,2.96639554397713,3.07163243363607,3.82348266786413,6.16574930851841,9.91466282091852,12.4979803248485,12.6551010864466,13.865094462309898,10.5248509019152,9.75669602837777,5.103251873640681,4.63431591055292,5.39029385262419,3.18150128888203,2.6155683641127303,2.81468069734618,1.62885632506732,2.63039813411594,2.50431449904207,3.53462381371359,3.5985186058731684,3.0307993395429818,6.787999874560843,5.0260593406754825,2.77620633191389,0.142447327109398,0.322815568397145,0.5335397125268153,0.0538544176790154,1.8836212712226227e-16,0.0,0.0,0.0,0.0,0.0,141.66449
C(CO)N(CCO)CCO,196.00831,0.0,0.0,0.0,0.0,0.0,0.0,0.0,0.0,0.0176660236559627,1.0919353193431,3.332955166512906,3.6021844540712293,0.824026260615168,2.23967314468478,3.000467432706529,3.748989037970478,2.78583163003184,2.33620465068115,2.62648048911469,5.18072451214553,15.1709599113584,19.3721409784579,17.368386982324,15.3004777537967,13.3928533414311,13.7268552625719,7.895372924180431,4.57144058551843,5.4815946309098,3.98009516184623,4.22276486428007,3.70244001971459,1.90154126367845,3.1779295678604,2.71111606347896,7.9345673146234335,4.471131810541366,3.5310077473287733,7.323701525517034,7.11052070994757,2.87293712269216,0.0013363364089512,0.0,0.0,0.0,0.0,0.0,0.0,0.0,0.0,0.0,197.82165
CCC(C)N,128.86909999999995,0.0,0.0,0.0,0.0,0.0,0.0,0.0,0.0,0.0,0.0,0.0,0.0,0.0,0.0,0.0,0.6588852077915578,2.46498921821333,1.80256386569754,2.48258019800247,2.10098832906902,3.82464102226083,5.76864788324906,11.607085123320102,17.5630742681068,21.0236838961141,14.4207964181998,12.5328551624849,15.954876812191795,3.74058638611222,1.41373672771859,1.47750395271657,0.51138422640681,0.932886724801938,0.730232479512455,0.540383100785808,0.9951863673112208,0.3618563837255532,0.1176362462075048,0.2181764678893938,1.2246596856166982,1.18052531755994,0.532491248565307,0.313637280368668,0.285619907225755,0.5932401803158139,0.6304173153869899,0.8260206398808884,0.0372519571905489,0.0,0.0,0.0,118.28991
CC(C)(C)N,126.58044999999991,0.0,0.0,0.0,0.0,0.0,0.0,0.0,0.0,0.0,0.0,0.0,0.0,0.0,0.0,0.0,0.613795775625981,2.55485887290336,1.74757994095435,2.53424010068267,2.92951481143845,3.00506248618921,9.20995508790386,16.7085130236797,14.1662381173408,13.682014749023,10.5872691149257,9.40543729307023,19.618949693423392,6.58691570974135,1.6227499035075,1.3473779815145803,0.766481855774168,0.716852232961474,0.700109635746239,0.453914853019427,1.0859541300832791,0.66695019769473,0.1020844327964799,0.1233358071109289,0.5362564933110743,2.05701576838691,0.328431931191086,0.364705518304783,0.1834719715044035,0.6254081984000056,0.8638728417480512,0.6851314700427547,0.0,0.0,0.0,0.0,119.86464
C1CCC(CC1)N,146.2106800000001,0.0,0.0,0.0,0.0,0.0,0.0,0.0,0.0,0.0,0.0,0.0,0.0,0.0,0.0,0.0,0.6846227994016388,2.49537299046416,1.78795776759146,2.25787923270304,3.13094781615957,2.22951347368334,3.50702629053497,13.603493908688906,23.9018209346968,26.2646902144681,18.1499397600454,17.2318755909536,13.611610799132997,3.88031544566457,1.19638502557524,1.3748913778352798,0.640315149312979,1.0440432589225,1.05154467645876,0.225413940841578,0.9128183623965456,0.6757929904729033,0.2083642634210656,0.0907239305747234,0.3511821324418625,2.27011816573441,0.373574269672377,0.499075216333066,0.1934730333308044,0.9085504542689504,0.5305180097014264,0.9264618665240176,0.0003668519930907,0.0,0.0,0.0,144.57173
CC(C)C1=CC2=C(C=C1)[C@]3(CCC[C@@]([C@@H]3CC2)(C)CN)C,324.56820000000005,0.0,0.0,0.0,0.0,0.0,0.0,0.0,0.0,0.0,0.0,0.0,0.0,0.0,0.0,0.0,0.7049141540507827,2.34870584787075,1.78223409015376,2.41156809814156,3.59567718740056,8.92082967676004,23.0741146835792,42.9139371350755,46.4427288982708,40.959422967582,32.1652120095909,30.3628056271206,32.64510298203479,12.8711709671878,7.63207559338798,5.396353520897382,7.89212318815031,6.60122444368346,5.86003028509499,1.82822012495429,1.503242591075298,0.3756451984009334,0.1981007295363166,0.2090338804168699,0.7744174083903121,1.01540871119282,0.804465474511948,0.631010870328974,0.7172575189050663,0.5194724630375787,0.7563418795630712,0.6553517936533564,0.0,0.0,0.0,0.0,394.33212
C(CCCN)CCN,187.24978000000013,0.0,0.0,0.0,0.0,0.0,0.0,0.0,0.0,0.0,0.0,0.0,0.0,0.0,0.0,0.1534242328215427,2.5155104844283755,6.51761463648469,2.6473806174306,5.53784343010141,5.44632640831351,4.59303639463994,5.94422392256831,14.984368615442808,29.726993692056,31.2163954582468,23.3273357559393,14.887966545842104,9.462888863954856,3.54988569000225,3.42875693355007,2.424977285043641,0.916112717783425,1.75620249759785,1.27816758601853,1.19895763306583,1.9750535375814584,0.9594396269591692,0.6941574341276698,0.4695320339029903,1.569278728627248,2.98685070555873,0.693786547082756,1.07892404704127,0.9301685865599102,1.2666793512270789,1.4303249242393092,1.3162376489272605,0.36497742683344,0.0,0.0,0.0,178.0049
CC1=C(C=C(C=C1)N)N,166.05122000000006,0.0,0.0,0.0,0.0,0.0,0.0,0.0,0.0,0.0,0.0,0.0,0.8326375970176305,3.9972864340405145,3.89022690691107,3.7228672167026704,4.179288058464379,4.04604697382239,5.51617818297067,4.3115522615542,4.51202953962691,8.79116007972194,10.6144962095117,9.630553512044798,7.549437598106321,9.11619558993666,6.96696555909991,6.95419798161032,6.28212335935112,6.90524584963291,7.35546515425791,5.797654059313702,5.83703374412626,9.05446903098516,13.9334445157214,9.04688399280592,5.720023481158043,1.4155681862409453,0.0721889252645879,1.2760820315999695e-16,0.0,0.0,0.0,0.0,0.0,0.0,0.0,0.0,0.0,0.0,0.0,0.0,162.09453
C1=CC=C(C=C1)CN,154.28308000000004,0.0,0.0,0.0,0.0,0.0,0.0,0.0,0.0,0.0,0.0,0.0,0.0,0.0,0.0,0.4972502470278072,2.0911300599022073,2.90076480934677,1.69384200197013,3.12617120175301,8.33216505459368,13.345049028709,15.8493593207042,12.5288516704249,10.8959620380058,10.8269530580203,7.35491808327594,7.19172215796218,5.6388809533986315,9.81474887028444,7.06475150798856,9.955047940817728,8.74086209948452,8.28796073784451,2.05508897559874,0.634737790756416,0.6415693269291782,0.1664230652013998,0.3989152009446612,1.051255551420149,1.104065921897,0.837281826368325,0.168311499369869,0.218591063770538,0.71824342476769,0.1522055114617689,5.334375320893515e-16,0.0,0.0,0.0,0.0,0.0,146.72306
C1CN2CCN1CC2,146.59141999999994,0.0,0.0,0.0,0.0,0.0,0.0,0.0,0.0,0.0,0.0,0.0,0.0,0.0,0.0,0.0,0.0,0.0,0.0,0.0,0.0,0.693683010335549,23.2107962095042,33.58838687661589,24.784616272800697,14.807338597042,13.1956340500906,6.172976698922342,4.756358002319739,2.04620023426464,3.00721602204373,2.024930366209611,2.87424854318966,1.47728516692093,0.572392940806483,0.744634504030109,1.577091571592238,0.4302124286889622,3.3706917411552797,1.0996544055518138,0.6927501027169957,0.792549596138774,2.10854616465305,0.955346885431943,1.2397187880164469,0.368160820958247,1.2585198535840686e-15,0.0,0.0,0.0,0.0,0.0,148.89622
C1=CC=C(C=C1)NN=NC2=CC=CC=C2,244.9957799999999,0.0,0.0,0.0,0.0,0.0,0.0,0.0,0.0,0.0,0.171306849895497,1.0225234075420084,1.1526690677466498,1.11208007762488,1.1694363842123,0.7579467123076327,0.8788912152540928,1.17734777698197,1.80569628995091,6.38355190669255,18.4294112722387,21.0084008165186,16.3938925690889,13.984250068187698,10.4510704452459,10.9856019523501,13.0841081433535,11.0194197038373,21.7962844905952,19.9921688277465,24.440041454001,21.404470974192904,16.9987805956913,4.45896269194558,0.90507127450203,1.49344953962738,0.893735349880248,0.8748589425285423,0.6737090266353377,0.0766421736246685,1.3471408143318366e-16,0.0,0.0,0.0,0.0,0.0,0.0,0.0,0.0,0.0,0.0,0.0,246.51983
CC1=CC=CC=C1N,152.06086000000008,0.0,0.0,0.0,0.0,0.0,0.0,0.0,0.0,0.0,0.0,0.0,0.0814470887302048,0.70240310698118,2.20544933415101,2.4383681217573896,1.942581739343321,2.52147923391821,3.18908685478387,2.72777913475248,5.32154368215128,12.1316618084324,12.2425116636301,12.5016662377267,9.2925744296256,8.05780035535098,9.70230603915712,8.09540110517877,7.434947625935889,5.57844392448562,7.41740947448052,7.02658521666526,9.17821732599932,8.37140839125998,5.91159830172411,3.91835618462891,0.5450624681575392,0.695999903985929,0.407441554261004,0.8272544162980502,0.6563130386929933,0.795423614169767,0.142338623584576,0.0,0.0,0.0,0.0,0.0,0.0,0.0,0.0,0.0,146.89735
CC1=CC(=CC=C1)N,154.47486000000004,0.0,0.0,0.0,0.0,0.0,0.0,0.0,0.0,0.0,0.0,0.0,0.9846702316606242,2.8369435543070667,1.68301060670368,2.098388712662559,2.49623473518919,2.37075200096563,2.89185676021381,2.21575544454928,4.4228102268667,8.27734202585295,12.6446632806081,12.0282654660241,10.6383503937629,8.09479813207545,8.4081488118209,10.9661673719181,8.136468830087448,5.87902243043455,6.41498701692173,6.12450781280242,9.21347124662517,11.6729517846275,7.6319663277295,5.13576996598561,1.200581289953098,0.0069755396519765,2.4132784316283577e-17,0.0,0.0,0.0,0.0,0.0,0.0,0.0,0.0,0.0,0.0,0.0,0.0,0.0,147.33953
CC1=CC=C(C=C1)N,155.29093999999986,0.0,0.0,0.0,0.0,0.0,0.0,0.0,0.0,0.0,0.0,0.0,0.8752798872151154,2.790472070821517,1.72937448278305,2.10242517189946,2.40365381346505,2.32718983933394,2.989129511472,2.57612128146243,4.4764015528248,7.71040081045141,12.4104686281387,11.0238732682762,11.829940726583596,8.04569142805286,7.49604091637513,12.5944076078719,9.49917172963612,5.73910300821718,6.17025278550945,6.28162623660541,9.66623053186038,11.3873591383611,8.20482235900743,3.73073698120737,1.201080259339738,0.0296859732285296,1.0152421987134256e-16,0.0,0.0,0.0,0.0,0.0,0.0,0.0,0.0,0.0,0.0,0.0,0.0,0.0,147.95755
C(CNCCNCCN)N,219.7707199999999,0.0,0.0,0.0,0.0,0.0,0.0,0.0,0.0,0.0,0.0,0.0,0.0,0.0,0.0,0.6662397107867029,5.185272936038702,8.68337151571487,5.9944219402087,8.19568261363323,7.19300132506314,8.96246507793701,16.0636409093662,23.427516713167705,29.500486235820095,21.2656069994356,14.3632538757604,14.2929413946898,5.039886505779541,6.70558568306784,5.95226486624898,2.111324504466563,2.78973938393304,3.08382793147011,1.54321099934174,2.15393978515758,3.488817533159418,2.346885973591813,0.2617515042683543,1.8977394609182472,6.206519525252872,2.70437855076778,1.64999554253528,1.25795563451424,2.3353446025163285,1.9367034147612616,1.682250386184971,0.8274678685335118,0.0012290959082896,0.0,0.0,0.0,209.82306
C=CCN,107.97336999999992,0.0,0.0,0.0,0.0,0.0,0.0,0.0,0.0,0.0,0.0,0.0,0.0,0.0,0.0,0.3737334487930404,2.142413158568337,2.97470827096134,1.53449940328168,2.19248911529285,4.38951942433089,8.29502502360433,10.3136486544555,11.201889735963798,8.80743876702218,8.79344250130086,6.95537055853584,4.269032980981341,5.73684738558097,5.55347146026238,2.50054664107659,3.843108586892309,4.80195467954359,2.50943816299691,2.50644230554925,1.28437107237561,0.8668721091349166,0.0682165534954009,0.1134730359546388,1.2348111476888883,1.23507032706588,0.267031108423902,0.453477238265484,0.342710037218617,0.8565471053825903,0.6242498139364818,0.6738978588782698,0.2576223271852524,0.0,0.0,0.0,0.0,90.983
C(CN)N,107.66825999999988,0.0,0.0,0.0,0.0,0.0,0.0,0.0,0.0,0.0,0.0,0.0,0.0,0.0,0.0,0.3901908351780473,3.798664358909354,6.15106414145778,2.83240135683259,6.37824742222757,5.0290464568964,3.87439531397672,6.86655470202073,10.8881806041056,12.2360490993092,10.0389266844361,5.34771637053311,4.83554916497796,2.08770829423828,2.53144055600413,3.46595118548378,0.2878034534125456,1.30535194294477,1.76841826958669,0.820686430256257,1.73234044572625,1.8816061521451484,0.9335673466643456,0.2628370728200924,0.5310134975814216,3.470015318957635,1.26651690662181,0.741970716513719,0.624425900181874,1.7729358482237465,0.6622389193419848,2.1529494363051747,0.6405908530796011,0.0609049430494803,0.0,0.0,0.0,90.40158
C1CN1,84.09449,0.0,0.0,0.0,0.0,0.0,0.0,0.0,0.0,0.0,0.0,0.0,0.0,0.0,0.0990970346836326,1.140399528340878,1.808574865182919,0.633121149719342,1.72042819142751,1.86344890798883,5.7975185309714,8.39668331311341,8.65043223463204,6.06429056967609,5.220384955781181,6.70224963073535,5.05902291718567,4.24517227064211,4.487745902104389,2.68588588946156,4.07925202837116,2.1208486684239616,1.24523238054578,0.847484545188453,1.21268517829208,0.612508606556007,0.7000199087174138,1.15948052415872,1.1560855525158,1.4439615967233697,0.7737012290179872,1.13193354107267,0.693501543307536,1.22545893282417,0.8354482196535361,0.2824316529850429,9.70616468521057e-16,0.0,0.0,0.0,0.0,0.0,66.50806
CC(C)NC(C)C,165.84384000000009,0.0,0.0,0.0,0.0,0.0,0.0,0.0,0.0,0.0,0.0,0.0,0.0,0.0,0.0,0.0,0.0,0.420191967863991,0.906049270659269,1.0034808838644,1.24947144300297,0.912859941999787,6.68206013791681,23.7646341356798,25.4149349542646,26.1506074010341,18.040621201107,16.5914879872437,22.516493022428996,10.8455445780326,1.70394370188306,1.5341512329065703,1.25545053933982,0.655072428318674,0.397070806768618,1.00144492480329,0.8963116818819683,0.5382744036229495,0.1189195687102914,0.4430135981645834,0.3055338262310392,0.641052555750018,0.525493806521178,0.244795069170163,0.8828188171926524,0.1506686460004366,0.0513874676367457,1.7594355112330638e-16,0.0,0.0,0.0,0.0,164.80883
CCCCNCCCC,212.97049000000004,0.0,0.0,0.0,0.0,0.0,0.0,0.0,0.0,0.0,0.0,0.0,0.0,0.0,0.0,0.0,0.2144064257456096,1.04754333953985,0.926943377088306,1.52586815381061,0.923219518196049,1.08873875492277,3.8445239959792,21.451156249989108,34.23785887790321,43.6686553528468,30.829498107913,26.8004418058982,26.459814535235193,7.71318633088384,2.34335785472073,1.8902729270006304,0.28705901212828,0.4419240760884,0.677461437777316,0.592227024154748,0.4031428421782219,0.3778484648066746,0.5690154549702133,0.2242260802231095,1.0642900360779786,1.26557401921281,0.427731595504879,0.568743042711586,0.1625626120495438,0.3964942051886991,0.4797078562616897,0.0669966329928139,0.0,0.0,0.0,0.0,205.66141
C1CCNCC1,129.37673999999998,0.0,0.0,0.0,0.0,0.0,0.0,0.0,0.0,0.0,0.0,0.0,0.0,0.0,0.0,0.0851224549398477,0.711406421956564,2.36073798653437,0.0827729622359533,1.63657725297901,0.566238564738575,1.17759629061217,4.19065197589602,12.1507502891261,18.149807464300103,25.7621960627569,23.2205828051057,17.2493931154339,9.462775740987956,1.26060080504798,2.02289780757536,1.0817750438047609,0.840656955968715,0.0976382644778466,0.447230312620046,0.515366576158527,0.4585096252390402,0.5817818205701228,0.5620900240611071,0.7203796887475078,0.3935816113375945,1.05949207678821,0.0022574136159124,0.86598866709358,0.7536428772439017,0.3842110242288253,0.2839304441470333,0.2380995736707471,0.0,0.0,0.0,0.0,122.32755
C1=CC=C(C=C1)NC2=CC=C(C=C2)N,228.8792899999999,0.0,0.0,0.0,0.0,0.0,0.0,0.0,0.0,0.0,0.0249028509635841,0.4173434595737822,2.295361942108147,3.8473154225564774,2.22610260505845,3.177083665007648,3.3793340426259295,4.73798372166751,6.51796131291523,7.25693084246423,12.5507321393441,13.8260260194435,15.1046509456107,9.48897192092647,9.10782118992556,7.9403165999055405,10.0377919439911,10.1878832604979,7.941827158865362,11.5743256305507,18.0133722286686,16.107250533376,21.091324555243,17.2131008686312,11.6705957933111,1.74145097708172,1.2162885409863982,0.1852398286999693,6.520146663995583e-16,0.0,0.0,0.0,0.0,0.0,0.0,0.0,0.0,0.0,0.0,0.0,0.0,0.0,233.37898
C1=CC=C2C(=C1)C=CC=N2,164.7611299999998,0.0,0.0,0.0,0.0,0.0,0.0,0.0,0.0,0.0,0.0,0.0,0.0,0.0,0.0,0.0,0.0,0.0,1.86649429566107,12.3773652300821,15.2577883457457,13.6557318720646,10.0568214451252,7.05779890132188,7.70076091025307,7.18999534973293,8.03394112096521,9.10844957676793,16.593043219475,17.9824814497485,14.9738702932475,9.502630289625476,2.20424174780991,0.892271090661332,1.23695503977426,1.57930189611042,1.0715381120455012,1.7327655108707078,1.079042868913742,0.9350037014158152,0.6892277325819475,0.815609928339345,0.929861394498662,0.238138677161995,0.0,0.0,0.0,0.0,0.0,0.0,0.0,0.0,162.62494
C1=CC=C(C=C1)NC=O,158.48556999999994,0.0,0.0,0.0,0.0,0.0,0.0,0.0,0.0,0.388744073169346,1.59652613889372,1.090619681718041,1.6169048676427191,1.3256522377538105,0.446825022731781,1.1359706453426588,1.7045879305572689,1.92178259821942,3.95142477366337,6.34167597377378,9.61294460900978,9.78190832164574,9.73535781614713,8.35778610264196,7.16346248263391,6.57431265098973,8.42934901915033,5.879573461601291,13.868726354969798,9.44263154068641,8.95899883935785,10.783075595473598,9.09251751560994,2.9762706674657,2.531862849639,1.0545165196672,2.5506590260188102,2.838563098976244,3.938830808047226,2.0544762252419333,1.1397198340897916,0.199312717470655,0.0,0.0,0.0,0.0,0.0,0.0,0.0,0.0,0.0,0.0,151.67717
C1CN(CCN1)CCN,177.70083999999997,0.0,0.0,0.0,0.0,0.0,0.0,0.0,0.0,0.0,0.0,0.0,0.0,0.0,0.0,0.4959177168897091,3.3165513284171246,4.48741892680069,2.72609575027853,4.00317963247271,3.3525964128582,7.08873988227285,15.8404249664056,17.3108560931294,20.800831781814505,27.6342153080843,20.0314143241094,12.168984895315802,3.1662191502328705,4.53809337166628,4.6707922215417,2.4277131365716023,1.69770868199549,1.86166672063839,1.13056277626722,1.32330574655702,1.7312036729233096,1.5034667786616285,1.0025944691301518,2.281936503023728,3.2976077537230184,1.56351454390775,1.27378999289368,1.33011654988545,0.863213141491658,1.166836649460189,1.2253817328484995,0.3878893877315288,0.0,0.0,0.0,0.0,176.76119
C1N2CN3CN1CN(C2)C3,154.6830000000001,0.0,0.0,0.0,0.0,0.0,0.0,0.0,0.0,0.0,0.0,0.0,0.0,0.0,0.0,0.0,0.0,0.0,0.0,0.0,23.6245310385692,21.4119454072923,20.7076049330225,8.65755884625369,10.4886751120042,12.1485578600032,9.03712074383304,2.3850211773308416,4.87922376475447,5.46191684201296,5.17834423353225,0.6239799377492088,1.95524010364225,2.94011508357942,1.74220872969546,2.62613162005155,6.67989589343831,1.129035346950499,0.847580884760966,1.975041987442428,4.208584605223576,2.62689916635753,1.54722745171456,1.70791095920237,0.0926482715833428,3.214175941304826e-16,0.0,0.0,0.0,0.0,0.0,0.0,165.32147
CC(CN)N,124.74537999999998,0.0,0.0,0.0,0.0,0.0,0.0,0.0,0.0,0.0,0.0,0.0,0.0,0.0,0.0,0.1123495636843898,1.6840772503148371,4.61816861194221,2.21466448523992,4.41170415795055,5.25875015000734,4.91225213563078,13.0499622604795,16.862788259638595,12.2857609107803,8.34361020029093,9.14454535588396,8.04845217511837,8.474321903130738,2.79399323871422,1.83703130180087,0.485790165965442,1.31574257196819,2.94688665274075,1.24934385762152,1.11564910858859,1.3936960039924,1.3517204832455076,0.6441284233810025,0.9987730815091812,2.0096400736247384,1.86583572905183,0.287980096435395,1.19701347700084,1.4037530547006685,0.9299191580812948,0.5278089973542824,0.6911025009034204,0.278164603227422,0.0,0.0,0.0,113.38439
CCN(CC)C1=CC=CC=C1,201.79071000000005,0.0,0.0,0.0,0.0,0.0,0.0,0.0,0.0,0.0,0.0,0.0,0.0,0.0,0.0,0.0,0.0,0.0,0.0,0.132960660698024,6.20317309260809,15.9901671566278,21.2686744963044,22.2312846978525,24.4105594050168,18.7536022307267,13.4530428559,16.9777923492285,13.340348539651895,5.49349470625979,8.18835091280063,7.63493505741974,7.20574686371084,8.54501337153209,7.55684369089793,4.29760761499508,0.1071122977692478,0.0,0.0,0.0,0.0,0.0,0.0,0.0,0.0,0.0,0.0,0.0,0.0,0.0,0.0,0.0,211.46891
CN1C=CC=C1,125.76951999999991,0.0,0.0,0.0,0.0,0.0,0.0,0.0,0.0,0.0,0.0,0.0,0.0,0.0,0.0,0.0,0.0,0.0,1.53140828586986,5.70420896802959,12.5955485736188,11.5882792060358,10.175291731533,10.4163609916426,11.069220344494996,7.5918790306629695,5.53822533357226,4.39721333803846,4.865084460482751,6.09937703897596,3.01656892069423,4.660191554286238,6.41840840179333,3.62953574374733,4.5235063102296,5.61641204446279,3.983777580647107,2.337041251341342,0.0119808898408927,2.1461242649742218e-17,0.0,0.0,0.0,0.0,0.0,0.0,0.0,0.0,0.0,0.0,0.0,0.0,114.2941
C1=CN=CC=N1,112.81643000000004,0.0,0.0,0.0,0.0,0.0,0.0,0.0,0.0,0.0,0.0,0.0,0.0,0.0,0.0,0.0,0.0,0.220812054311943,8.60513517616043,11.5463955478901,7.40987247805806,4.39018263285684,4.25472628792759,5.49638039796204,4.729060917005261,7.635933225183771,13.7218871257786,9.060103357552652,5.04669101035952,5.11887952725386,1.94726760417022,1.3367875325332004,4.24206950217367,2.17052452832146,1.51865194163183,2.92979274414123,3.0506436687899874,1.597912212108639,1.3107959380278609,2.281012443933318,2.0725579959434803,0.963582058851154,0.158772091073317,0.0,0.0,0.0,0.0,0.0,0.0,0.0,0.0,0.0,100.44585
C1=CC=C(C=C1)NC2=CC=CC=C2,214.83608000000007,0.0,0.0,0.0,0.0,0.0,0.0,0.0,0.0,0.0,0.19832439737459,0.74566963337644,1.493731366734779,0.7823348885469762,0.852943618193212,0.7777676148365851,1.7680717187090182,2.6928720147746,2.9037040569748,5.77751931690489,14.2971690158852,18.0388032267175,15.6447368103192,11.548886501507798,8.795879271871012,11.8539487685908,10.3187930051612,9.55848329778432,8.097702413883175,20.804991205237,17.0228723104006,14.922602956970302,17.1171535380544,15.1985660213266,3.62255302986507,0.0,0.0,0.0,0.0,0.0,0.0,0.0,0.0,0.0,0.0,0.0,0.0,0.0,0.0,0.0,0.0,0.0,217.76218
C1=CC=C(C=C1)NN,150.18288,0.0,0.0,0.0,0.0,0.0,0.0,0.0,0.0,0.0,0.0,0.0,0.0842259730100854,1.0217450628732183,2.24697718313913,4.835115041630195,4.537013904269201,3.31735830749179,4.74057445993376,4.49762653857429,6.6392264861095,8.96231251479118,9.55563366235205,8.862157821325958,6.48587208774278,5.54500399043452,6.68027650776731,5.51650613371397,5.065051850558631,7.19452955716631,8.81215752607223,6.896628838998701,12.2587713834239,9.47760103678933,8.53269305814795,2.78629723831455,1.5607714861538102,1.7393883990904992,1.5267129918409406,0.6350190033681056,0.1696319549161007,0.0,0.0,0.0,0.0,0.0,0.0,0.0,0.0,0.0,0.0,0.0,141.33307
C1(=NC(=NC(=N1)N)N)N,150.93739000000008,0.0,0.0,0.0,0.0,0.0,0.0,0.0,0.0,0.0,0.0,1.7624221768443071,5.633375381528873,6.852599440682968,7.16708198352428,4.213557580002956,6.7271436483866855,6.24960797907849,1.65216956612491,2.91044155072904,4.49025404037756,4.57646607690457,3.24303474237604,3.9235702015684097,1.42216158772469,1.4854126627070403,2.28436078365323,4.72500144533418,8.30040281044703,8.28186867450627,6.93523298789392,10.756066167444596,8.14896742530872,10.0227147944112,9.56577104111736,3.48390857659218,2.2775502419569795,1.9547732163835876,4.101583112076053,1.6810346763333943,4.759068471219774,1.34978695676077,0.0,0.0,0.0,0.0,0.0,0.0,0.0,0.0,0.0,0.0,138.85382
CC1=NC2=CC=CC=C2C=C1,183.68304999999992,0.0,0.0,0.0,0.0,0.0,0.0,0.0,0.0,0.0,0.0,0.0,0.0,0.0,0.0,0.0,0.0,0.0,0.933922823896241,8.43548837934822,13.6331154929985,15.9095501607498,15.1277044047476,11.3736116300761,10.7716672822144,11.1406460899571,12.2599474574089,10.882575124655,14.026863657331702,17.6834652890387,16.1766774048279,10.987438833524203,3.96565092991179,0.736985819911126,0.766238118490937,1.65804097817463,0.8220813938171782,1.4802549811179906,1.6949023641167793,1.0333336655519711,0.8427977579946844,0.44349811647935,0.793968664536044,0.102623179123098,0.0,0.0,0.0,0.0,0.0,0.0,0.0,0.0,183.48478
C[N+](=O)[O-],88.47853000000003,0.0,0.0,0.0,0.0,0.0,0.0,0.0,0.0,0.0,0.0,0.0,0.0,0.0,0.0,0.4792976771407402,2.791648925842006,4.97310814647628,7.58031290406215,5.47037006287768,5.64987655531147,8.37535822349508,3.69767373322942,2.4971011023878193,1.30826461451448,1.30858108549411,1.36239809069191,1.04969515108364,2.7904324711590296,1.28007877009438,1.85854224895341,5.4184627467739475,8.63655803808861,9.00528348050985,5.22901853451616,2.88913629105033,2.6776124319748185,2.0013577019788538,0.1483610122938585,2.6838459630607736e-16,0.0,0.0,0.0,0.0,0.0,0.0,0.0,0.0,0.0,0.0,0.0,0.0,69.96049
CC[N+](=O)[O-],106.8544100000001,0.0,0.0,0.0,0.0,0.0,0.0,0.0,0.0,0.0,0.0,0.0,0.0,0.0,0.0,0.0,0.3797420404410553,4.44632761779876,5.74265539233171,4.50587207830445,6.01103801550793,10.8118904964053,8.2339333991829,6.732128736686139,5.45251900852219,5.45105997176627,4.95088461544184,2.9668355956285004,2.5868982395676996,1.61420535370523,2.17540625251253,3.6452583428613887,8.25118822743361,9.07192349867059,5.06171021374226,3.39946503152399,2.5866567768705897,2.415062188849453,0.3617489062457093,6.282376918923059e-16,0.0,0.0,0.0,0.0,0.0,0.0,0.0,0.0,0.0,0.0,0.0,0.0,90.71035
CCC[N+](=O)[O-],127.16424,0.0,0.0,0.0,0.0,0.0,0.0,0.0,0.0,0.0,0.0,0.0,0.0,0.0,0.0,0.0,0.0889335532094299,3.59402484052214,5.10033631737996,4.74652695302046,4.00771827127911,7.82652531949518,14.0006618650993,11.3806584017639,9.8616066597046,8.67343072182566,6.79960519477437,8.77110367981482,3.9372445798823783,1.30385792128881,2.24085672781928,3.640648635070318,8.34790731940347,9.27361060676589,4.82066485630073,3.40406725178961,2.48800784154311,2.551317943531552,0.3049245387159229,5.281881071567163e-16,0.0,0.0,0.0,0.0,0.0,0.0,0.0,0.0,0.0,0.0,0.0,0.0,112.87031
CC(C)[N+](=O)[O-],124.4822600000001,0.0,0.0,0.0,0.0,0.0,0.0,0.0,0.0,0.0,0.0,0.0,0.0,0.0,0.0,0.0,0.3209742272195214,2.72601007359362,2.76562329904509,2.00075620959673,6.68735280906825,12.0620916327571,12.7588027499365,10.847359460315598,7.777870987856041,10.5457702924184,11.3121698730941,4.322411045689931,1.5515324399763009,3.36980699919717,1.72880039727887,3.9461577631436184,8.13237150762264,9.97398520210912,3.6090829557619,2.52285695542035,2.3627146131884205,2.6760472696938424,0.4817112360169883,8.13103610818857e-16,0.0,0.0,0.0,0.0,0.0,0.0,0.0,0.0,0.0,0.0,0.0,0.0,113.31755
C(CO)C#N,113.64103999999996,0.0,0.0,0.0,0.0,0.0,0.0,0.0,0.0,0.554677738342801,0.868482713887529,1.8592354857585085,0.5823254280414463,0.3899637526350103,1.13793612167989,1.8837996503338088,2.3654358480761193,5.33880170102547,5.46142472075293,8.27819074454261,7.58602068929751,7.60008776591945,4.73854499310474,4.29340536115853,5.059249262399119,2.66101814735185,1.93621247853776,2.45615763385535,4.6963493675932995,2.49665263719572,1.72266453164533,2.857537139867889,2.37351891228085,2.87530310624684,5.53030518756249,5.22474667547482,7.1892195775106575,5.6261961638561075,4.977200955695062,2.468435778380334,0.5519397299901215,0.0,0.0,0.0,0.0,0.0,0.0,0.0,0.0,0.0,0.0,0.0,96.81169
C1COCCN1,123.36983999999995,0.0,0.0,0.0,0.0,0.0,0.0,0.0,0.0,0.0,0.0,0.0,0.0,0.0,0.0,0.5264133147606082,2.0822105217944373,0.677367343037906,1.70341566154864,0.790587935562846,2.39922640294973,9.29944057306595,13.5990783833628,15.5536357702821,20.561888783982596,13.2084595374993,10.0255410759863,2.9265356478028512,2.302763471994481,4.19099789210296,1.97863519345156,1.3938735977012604,1.36501374383873,1.66663701816422,0.945484864636577,1.82233034789765,2.9897041717539263,0.9927447564721862,2.486501675294795,3.235486235101438,1.8499109681576125,0.14070104911707,0.91992731181638,0.779777412158047,0.4774268314787881,0.2151681843895369,0.2629543228366678,8.972476102045463e-16,0.0,0.0,0.0,0.0,113.81569
C1CCNC1,116.12359000000008,0.0,0.0,0.0,0.0,0.0,0.0,0.0,0.0,0.0,0.0,0.0,0.0,0.0,0.0,0.1634258009487407,1.0330717178904385,1.64316355702969,0.767712303513974,1.2900441441366,0.515709620052462,1.39811083523297,3.82276364055727,12.440833504600503,19.037553099800903,24.242056146760895,15.0278951284425,13.9286907072846,8.377535492938206,1.46124364560957,0.631762871885363,0.3908439952924882,1.00385680282077,0.914199368006337,0.584430983267189,1.29178895185736,0.1618044208132245,0.5005430838392927,0.6825133051659493,0.4560933640436184,0.9221590994221702,0.166654408786989,0.12049637493131,1.40694182219844,0.5699826898919006,0.7384981410946715,0.159631581327469,0.2715793905562056,0.0,0.0,0.0,0.0,103.88302
CN1CCCC1,134.76297000000002,0.0,0.0,0.0,0.0,0.0,0.0,0.0,0.0,0.0,0.0,0.0,0.0,0.0,0.0,0.0,0.0,0.0,0.0,0.0,0.0,0.758003310224698,7.62447199350972,15.629791254490202,19.454046745312,26.6424439996533,23.1150057984033,20.9490905250416,9.411887222781816,1.40755101140285,0.871935373668605,0.3575880165595065,2.03840977162741,0.355318683394262,0.729087619277611,0.16864518943279,0.8612280955945482,0.3226754530924984,0.7325826451631166,1.0893420819498494,0.3963444982736231,0.213960711146709,0.596238202318258,0.657160566245619,0.3671783605945958,0.0129828708415268,4.458675063217729e-17,0.0,0.0,0.0,0.0,0.0,126.80134
CCCC[N+](=O)[O-],147.06847999999988,0.0,0.0,0.0,0.0,0.0,0.0,0.0,0.0,0.0,0.0,0.0,0.0,0.0,0.0,0.0,0.1140381170866308,3.61597152339023,5.09231491928754,4.67446800473752,3.97110389621439,5.90535941723049,12.7682532670955,17.0219562633854,14.842385401753996,10.9777838359057,10.2185001031584,9.86085516778498,8.720683808642846,2.07356121503038,2.34309085358626,3.7182231394853287,8.21252451211238,9.16273537486323,5.01308367451495,3.40315077253418,2.5936393937637794,2.403437633198103,0.3613597052376774,6.467729848109543e-16,0.0,0.0,0.0,0.0,0.0,0.0,0.0,0.0,0.0,0.0,0.0,0.0,134.80905
C#N,61.89905999999999,0.0,0.0,0.0,0.0,0.0,0.0,0.0,0.0,1.16533149461961,3.1564444929078,1.0832630382562838,1.02426749145202,1.1115601449059995,0.216573337858293,1.225910720131088,2.434087382356108,0.0564818975128012,0.128405065757048,2.78032608886158,3.12353843268773,0.657390412693633,0.0,3.0964892138615707,4.943811228709068,0.0430795574293588,0.197500419825166,4.526780395686968,3.255898525848109,0.462729081604432,2.62716342607521,1.8051019807106607,2.99100246493705,5.23108976404687,5.87910393083944,4.31566871457303,3.1783086338566866,1.181752661996376,4.174854838658405e-15,0.0,0.0,0.0,0.0,0.0,0.0,0.0,0.0,0.0,0.0,0.0,0.0,0.0,44.03059
CC#N,83.07181000000003,0.0,0.0,0.0,0.0,0.0,0.0,0.0,0.0,0.0,0.0,0.0,0.0,0.0,0.0,0.0,0.3298965895033994,6.37904274976234,7.8451257242212,5.07459912051877,4.09370718472929,9.12945760639444,7.96026385582553,1.7183271690450503,2.64792105828737,3.0151673038982594,0.0045216378143802,0.8502020907733838,4.374313711894959,2.01138981411108,0.243504383220574,2.1464029536477582,0.749276402476682,2.6094481261659,2.64678872461511,4.71743139744809,5.569261386331018,4.536817303879256,3.441810556639954,0.9771331487962284,1.6976020877436328e-15,0.0,0.0,0.0,0.0,0.0,0.0,0.0,0.0,0.0,0.0,0.0,64.20699
CCC#N,102.58588000000007,0.0,0.0,0.0,0.0,0.0,0.0,0.0,0.0,0.0,0.0,0.0,0.0,0.0,0.0,0.0,0.0,1.86426592379242,5.82274226263816,4.86410865519683,5.0248976891554,12.8457073552468,11.8436040789281,5.6133314268242,6.363195162473601,7.456306400955339,5.18569691229325,1.6669943571282404,3.928651236394519,2.13198930835044,0.576496009872135,2.099279759305199,0.872788545857046,2.54771141570644,2.7187487206042,4.63401667319361,5.517652790627408,4.554684478364207,3.4525414448550236,1.0004693922375143,1.7582134765671284e-15,0.0,0.0,0.0,0.0,0.0,0.0,0.0,0.0,0.0,0.0,0.0,85.12898
C=CC#N,98.51887,0.0,0.0,0.0,0.0,0.0,0.0,0.0,0.0,0.0,0.0,0.0,0.0,0.0,0.0,0.0874588436912792,2.520052455545166,5.31736580936153,6.86544048657416,5.06241078738333,4.77830888537934,3.16637265921715,4.77869033448827,5.77036585778839,5.52227755595971,5.41249810690234,6.6317922361093,6.17290092495067,6.846964623141048,2.24239661467195,1.87994768046582,1.0404608490084508,2.44551253179972,2.48021072917682,4.51990154936119,4.48822397455994,4.634462344037349,3.932791419752253,1.8836387480886772,0.0384239925861494,6.394695256310598e-17,0.0,0.0,0.0,0.0,0.0,0.0,0.0,0.0,0.0,0.0,0.0,80.24672
CC(=C)C#N,117.30822000000003,0.0,0.0,0.0,0.0,0.0,0.0,0.0,0.0,0.0,0.0,0.0,0.0,0.0,0.0,0.0,0.0,1.0547189798579,3.9517665565995,7.12389449121828,8.81047330583817,8.09643318340734,6.80131966990294,7.587804429398911,10.330114169822302,13.051148958436,7.35206623640024,5.50900397289777,6.843872534291278,3.25412794336737,1.83110320208422,1.2370338850364804,2.2466213067454,2.31796392103409,4.39076409140699,4.20783643676454,4.925003197392959,4.204489456706303,2.098249629759857,0.0824104416311964,1.468136298574503e-16,0.0,0.0,0.0,0.0,0.0,0.0,0.0,0.0,0.0,0.0,0.0,101.70373
C(CC#N)C#N,128.1019,0.0,0.0,0.0,0.0,0.0,0.0,0.0,0.0,0.0,0.0,0.0,0.0,0.0,0.0,7.471197408727116,13.958640587478188,8.5487112553895,4.72447013673161,5.40883562673564,6.60406155956822,3.26369118521986,1.2231421329099,7.4160266155572785,2.3256561931516493,0.4715997464830075,3.02634425337718,6.642858220739769,2.27907125120233,1.78743154256996,3.53629299435985,2.372327957299111,4.43682858523815,5.8056124897502,8.4346012097068,10.3178539228773,8.385782418781218,6.950094894312585,2.710767811833585,4.780326315360134e-15,0.0,0.0,0.0,0.0,0.0,0.0,0.0,0.0,0.0,0.0,0.0,0.0,111.94628
C(CCC#N)CC#N,167.3701299999999,0.0,0.0,0.0,0.0,0.0,0.0,0.0,0.0,0.0,0.0,0.0,0.0,0.0,0.0,0.0,0.0790194837390234,7.70221693092954,10.5818545856038,10.7534075563587,22.2842098024288,20.1614336363877,7.94824070396152,4.594538096619062,8.707254970495057,3.70943751244399,2.11883142738599,3.04950486002126,7.145257360457658,3.20400617855867,1.0406140167338,4.800701195665037,1.9336195625969,4.46492471129968,6.87728951192042,8.61014627766565,11.668700050723194,8.559404481186093,6.283993852794038,1.0915232340243393,1.8743745066535658e-15,0.0,0.0,0.0,0.0,0.0,0.0,0.0,0.0,0.0,0.0,0.0,155.78487
CC1=CC=CC=C1[N+](=O)[O-],164.37073000000004,0.0,0.0,0.0,0.0,0.0,0.0,0.0,0.0,0.0,0.0,0.0,0.0,0.0,0.0,0.0,0.0,0.0,3.14876626115148,9.22968777285543,11.6722503281805,11.1306223488617,11.4678130028468,9.98407338282936,9.848923413794102,13.2233512140856,15.070426856124,9.724128385144493,10.329642727606702,12.9336474089551,7.48121960186191,3.0735899633074246,6.86025441794493,5.87649314482882,4.39394172840306,2.86465916398935,1.7621961846148129,3.3628386133810917,0.9322040792333536,1.5838158387210578e-15,0.0,0.0,0.0,0.0,0.0,0.0,0.0,0.0,0.0,0.0,0.0,0.0,161.87251
CC1=CC=C(C=C1)[N+](=O)[O-],168.31950999999998,0.0,0.0,0.0,0.0,0.0,0.0,0.0,0.0,0.0,0.0,0.0,0.0,0.0,0.0,0.0,0.0,0.0,2.99271053251714,7.74697242371361,12.4381877762817,11.5523497640778,12.1981209737608,11.044175045414,11.7150989201874,13.3065229739174,16.9192948020671,8.360859392964551,11.5226328498017,11.8815338227841,5.25549606269603,2.546375903382092,8.1728940559115,7.33004496098955,4.4774950962221,2.64999586635828,2.0123848571525724,3.3095301188560917,0.8868338009444613,1.5128882448987634e-15,0.0,0.0,0.0,0.0,0.0,0.0,0.0,0.0,0.0,0.0,0.0,0.0,163.12016
CC1=CC(=CC=C1)[N+](=O)[O-],168.48583999999997,0.0,0.0,0.0,0.0,0.0,0.0,0.0,0.0,0.0,0.0,0.0,0.0,0.0,0.0,0.0,0.0,0.0,2.61626171510823,7.75602737460606,11.6492435770043,12.7965207352796,10.6551184780225,11.2686431276685,13.0565619264245,11.7814425066637,17.5303180639641,9.228963375631553,12.4801344818498,10.1392683312723,6.77712933189873,3.010444138517423,9.20311678406464,6.0492785367963,4.36645922509091,2.32801885897471,2.348234362546231,2.893004854602402,0.5516502140134791,1.0127307299227185e-15,0.0,0.0,0.0,0.0,0.0,0.0,0.0,0.0,0.0,0.0,0.0,0.0,163.0952
C(CC#N)CC#N,147.50009999999992,0.0,0.0,0.0,0.0,0.0,0.0,0.0,0.0,0.0,0.0,0.0,0.0,0.0,0.0,0.0,5.103947114632721,15.002168277133,11.5822309071314,14.2963206791822,8.99589957574761,7.10288689229378,2.88102791991418,4.968361986094261,6.147511075951258,2.19916548656603,1.66562827507788,4.824913825011489,5.743468031059568,2.16817314049039,2.35449974633094,3.267972010468899,3.45320412052382,4.21066506686539,8.13450750087736,8.13075754259188,11.252995646817194,8.47989389385579,5.211262972308991,0.3226383130738905,5.333641458702796e-16,0.0,0.0,0.0,0.0,0.0,0.0,0.0,0.0,0.0,0.0,0.0,133.66435
CCCC#N,122.51469000000004,0.0,0.0,0.0,0.0,0.0,0.0,0.0,0.0,0.0,0.0,0.0,0.0,0.0,0.0,0.0,0.0,1.1402235884309,4.81666680542884,4.45770482204078,4.31598499049217,10.1077330987059,16.3824452595585,10.7497820071365,10.1032604113665,11.100159033294698,6.2328209903513,8.01366331838788,4.911469216015719,1.92474092407872,0.862155534711628,2.010214734352889,0.913424080711127,2.54538604361647,2.69599327257875,4.67791390520957,5.501722228998328,4.564404112186977,3.465356199433774,1.0214654229121043,1.795527487769539e-15,0.0,0.0,0.0,0.0,0.0,0.0,0.0,0.0,0.0,0.0,0.0,107.14004
CCCCC#N,142.52314999999996,0.0,0.0,0.0,0.0,0.0,0.0,0.0,0.0,0.0,0.0,0.0,0.0,0.0,0.0,0.0,0.0,1.14494969271487,4.77318104479935,4.49414386214002,4.07200831104753,8.12578446439239,15.4817249764268,16.1805630850955,15.3334644013424,13.3681746463952,9.83570471381982,9.01765583613465,9.877859693981366,2.51348284317759,0.90819242853248,1.965411785119859,0.926546365948069,2.55485374839926,2.60806577378682,4.75595452581284,5.421535171675298,4.604498310359887,3.495280357680774,1.0641139612171842,1.8991329569263404e-15,0.0,0.0,0.0,0.0,0.0,0.0,0.0,0.0,0.0,0.0,0.0,129.20946
C(C#N)C#N,108.57222,0.0,0.0,0.0,0.0,0.0,0.0,0.0,0.0,0.0,0.0,0.0,5.4696630344761115,7.026353223124267,3.0614234690188,3.656547004537299,2.457049388069792,4.1838289905965,1.7327746637203,0.751659912970281,2.01956289738517,5.78557759332266,1.30064470328549,1.0837926702310612,3.393813923299591,6.605474952192039,4.44021938143506,0.8445568656367118,3.3376237742785797,2.30675264868472,3.70830544642358,3.59686412755436,7.23176613579584,7.06578331683886,10.805337206081,7.44176498021362,6.554030939844153,2.711048750984121,9.584320388487216e-15,0.0,0.0,0.0,0.0,0.0,0.0,0.0,0.0,0.0,0.0,0.0,0.0,0.0,90.32982
CCCCCC#N,162.29888999999991,0.0,0.0,0.0,0.0,0.0,0.0,0.0,0.0,0.0,0.0,0.0,0.0,0.0,0.0,0.0,0.0,1.11170493155648,4.72480307149118,4.40706134768533,4.13002665789291,7.94415694785762,13.8031898375572,18.6661082833989,19.388011434518,19.7344889526444,11.5379931416981,11.816816922307,12.917669250243495,3.81593219797762,0.904147023171688,1.9769765835363489,0.947865685206124,2.51786665645311,2.66131027398513,4.68642212354342,5.446224405835318,4.5984982497774665,3.504619418742544,1.0569966029205344,1.802513593637149e-15,0.0,0.0,0.0,0.0,0.0,0.0,0.0,0.0,0.0,0.0,0.0,151.09676
CC(C)C#N,120.72620000000003,0.0,0.0,0.0,0.0,0.0,0.0,0.0,0.0,0.0,0.0,0.0,0.0,0.0,0.0,0.0,0.0,0.217390650245134,2.95815407941805,2.47483414658669,5.79205900900076,16.8395450121815,14.5866864620996,9.61104942984603,8.896103782660802,11.0177983535409,11.5581876397646,3.572136055608792,2.6149326095598595,1.83146721164496,1.30767887383708,2.1015798348679997,0.976057633736907,2.50048601088004,2.87257536791375,4.58424975774653,5.469371566595028,4.5047626507069465,3.4459529943846237,0.9931408671734434,1.712929699437534e-15,0.0,0.0,0.0,0.0,0.0,0.0,0.0,0.0,0.0,0.0,0.0,107.00651
C/C=C/C#N,119.17862,0.0,0.0,0.0,0.0,0.0,0.0,0.0,0.0,0.0,0.0,0.0,0.0,0.0,0.0,0.0,0.5482361993792371,2.39174427449492,4.32964077278119,4.2991915262689,9.03048604929985,9.50244748222367,8.83568522174667,7.866432144268001,9.60813042804036,12.588691330388896,6.70484648595711,5.87411172808116,6.377140296256308,3.28866945700675,0.92201723668872,1.967481538096649,1.22945777183063,2.20477400733479,3.47854955434717,4.07449145521012,5.717612866621278,4.3422260141363065,3.2950418647076334,0.7015142948336632,1.238680990901147e-15,0.0,0.0,0.0,0.0,0.0,0.0,0.0,0.0,0.0,0.0,0.0,101.87602
C1=CC=C(C=C1)C#N,146.22095000000004,0.0,0.0,0.0,0.0,0.0,0.0,0.0,0.0,0.0,0.0,0.0,0.0,0.0,0.0,0.0,0.0,1.75928072489201,7.58949801262791,12.1353295249014,10.961448510765,6.28619365257366,5.75927424793829,6.049652047524712,9.22654616501625,9.45153390742981,11.0708070384366,8.65842654319408,12.0452449663051,12.2057164703451,7.64765489122043,1.279594012343665,2.03616980771055,2.65731725247717,4.209314115242,4.33437032073707,4.766058912512449,4.061534254031683,1.9741018907314871,0.0558827310436243,9.815546422404892e-17,0.0,0.0,0.0,0.0,0.0,0.0,0.0,0.0,0.0,0.0,0.0,136.27908
C1=CC=NC=C1,117.76478999999996,0.0,0.0,0.0,0.0,0.0,0.0,0.0,0.0,0.0,0.0,0.0,0.0,0.0,0.0,0.0,0.0,0.0,1.36984669776866,9.59304319080048,12.7778361895812,10.3610381460675,7.05090242919356,5.26272265736204,5.1598858569108605,6.785313177878349,4.27806587327065,8.236591118401728,7.017813125521902,11.7017355669571,12.40100606533,2.296468384590089,1.33910012653073,0.830150021400273,1.80869382716153,1.63793754527331,0.5965896303800475,1.5044249963622796,1.3494199178374804,1.0218181678385605,0.6797512222997506,1.23882241523065,0.94323983105569,0.489156058170639,0.0334177608248953,1.1634725840301781e-16,0.0,0.0,0.0,0.0,0.0,0.0,105.66368
C1=CC=C(C=C1)N,135.13522000000003,0.0,0.0,0.0,0.0,0.0,0.0,0.0,0.0,0.0,0.0,0.0249187761722449,1.1771041441294885,2.891930972455107,1.86806039196277,2.0590552601122294,2.2996791712391995,2.76705106792288,2.92806803885702,3.00159541697212,5.87299678375293,9.39209874169793,9.50985598113509,7.72594806253329,7.370218452716209,5.7485740217762,4.68274114425352,5.36511721373487,6.33461623995237,5.61804203839148,6.71142018311607,5.538523618948421,12.1440188717734,10.4218296878989,8.39535913415881,4.54912729174285,0.7343904711800858,0.002878821414559,9.797173948611187e-18,0.0,0.0,0.0,0.0,0.0,0.0,0.0,0.0,0.0,0.0,0.0,0.0,0.0,125.23244
C1CCCNCC1,145.50913000000003,0.0,0.0,0.0,0.0,0.0,0.0,0.0,0.0,0.0,0.0,0.0,0.0,0.0,0.0,0.0486130168206869,0.5728062342432613,1.92220097241385,0.545582745812456,1.08852527070941,1.40109507571459,1.08073236532356,2.96140663844797,9.807036342843656,22.887697440280704,27.6470162618621,24.724688017275,22.8035938952904,14.958798789471494,4.0810188655557,0.896850520337293,0.937869142703539,0.999178337546303,0.344192131108417,0.575670439437641,0.61354546919629,0.4384520276057094,0.0978922081910322,0.5393688809525174,0.7654250157199326,0.3782197062221397,0.518474462780934,0.653535169077953,0.480765360431692,0.4173922412308034,0.2368442072469336,0.0846427481460627,2.9398082794739817e-16,0.0,0.0,0.0,0.0,144.55549
CNC1=CC=CC=C1,154.19018999999997,0.0,0.0,0.0,0.0,0.0,0.0,0.0,0.0,0.0,0.0,0.0,0.2633283302141626,1.6246664554057473,0.780733713721368,1.0767244525870097,0.9163379589139852,1.56301354552988,1.33036233634874,3.77053026090722,5.68907150012607,12.6111449733478,15.128673837845,13.1710595119339,12.5170974395722,11.257438041506298,6.29757788368227,6.97452730156141,7.449695742453849,4.74102076147811,7.40102225499316,6.840731570224461,11.2947544067403,9.54751419956146,6.6917315757921,4.90063999506423,0.3507919504892623,0.0,0.0,0.0,0.0,0.0,0.0,0.0,0.0,0.0,0.0,0.0,0.0,0.0,0.0,0.0,146.2887
CN(C)C1=CC=CC=C1,169.9158099999999,0.0,0.0,0.0,0.0,0.0,0.0,0.0,0.0,0.0,0.0,0.0,0.0,0.0,0.0,0.0,0.0,0.0,0.0,2.34676041419866,7.81840456693934,16.3958911576809,17.4040427754921,18.3586265511294,16.4143039621065,17.6778797129046,9.70178874844418,6.967984271820031,7.119347791189999,5.55405628075458,7.53612377798408,6.343477452085511,9.60063895864744,9.41947876953547,7.34975400633223,3.82324474278966,0.0840060599652375,0.0,0.0,0.0,0.0,0.0,0.0,0.0,0.0,0.0,0.0,0.0,0.0,0.0,0.0,0.0,167.78379
CC1=CC=CC=N1,136.66521999999986,0.0,0.0,0.0,0.0,0.0,0.0,0.0,0.0,0.0,0.0,0.0,0.0,0.0,0.0,0.0,0.0,0.0,0.449252804856989,6.17637521689007,10.2879720311459,13.5675594573279,10.7669845354198,9.04388514775879,7.308896476714311,10.788013869317,10.9676426293836,9.6313354530243,7.870135672085771,9.43869848068099,12.3689132051436,4.877304211846877,2.0725394829678,0.649307192792185,0.978314040150086,2.08148633956249,0.3431482924057845,1.1989516295739613,1.6090615787367086,1.038485313202881,1.09098975920636,0.167062914444935,1.08174575995508,0.636310560850465,0.1748479445552224,6.103134343359219e-16,0.0,0.0,0.0,0.0,0.0,0.0,126.74712
C/C=C\C#N,116.77489,0.0,0.0,0.0,0.0,0.0,0.0,0.0,0.0,0.0,0.0,0.0,0.0,0.0,0.0,0.0,0.3935299385600093,2.78362781816252,4.36051285674396,5.53807176759739,7.77862514674807,9.07037245541652,7.85767133953421,7.352467628437811,10.1028444538878,9.57383032790035,7.82234909799641,6.67323531299651,5.30603162034326,4.39201792158861,0.836393242218605,3.2359250527908676,1.39992681745014,1.7993273548272,3.84763789956431,3.51029954906254,5.361037587377148,4.175708960740956,3.105848612707174,0.4975972373476334,8.782062782292842e-16,0.0,0.0,0.0,0.0,0.0,0.0,0.0,0.0,0.0,0.0,0.0,101.2976
CS,83.54110999999999,0.0,0.0,0.0,0.0,0.0,0.0,0.0,0.0,0.0,0.0,0.0,0.0,0.0,0.0,0.0,0.057990831291404,1.13485204621427,1.93408729914019,3.07966692223693,5.65696614939369,6.08488882387262,6.79616256002885,7.433788454505959,5.213681386601872,8.900345361729117,4.13810405501881,4.13457704888022,3.31828556362685,3.11813743266684,3.68722998870388,3.50652448552241,2.7089091245045,2.8057786310914,2.31780167264688,3.09637267648613,1.971715325830521,2.3037008224525426,0.1415433375541092,2.474556779633457e-16,0.0,0.0,0.0,0.0,0.0,0.0,0.0,0.0,0.0,0.0,0.0,0.0,66.60355
CCS,103.26610999999993,0.0,0.0,0.0,0.0,0.0,0.0,0.0,0.0,0.0,0.0,0.0,0.0,0.0,0.0,0.0,0.0,0.740746063219673,1.45350773532672,1.97381657020501,4.87561833771865,5.35410410101833,9.88736406545253,11.6718038002833,9.74018234827839,10.0582009843149,7.09236105649448,9.11756115901245,5.597367872211639,3.32276166012271,3.75728381879722,3.1220852723295605,1.95014467629706,4.07337450732661,2.08175152863133,2.97051438029961,1.5383280753209818,2.611179736421492,0.2760522509172814,4.643191202443167e-16,0.0,0.0,0.0,0.0,0.0,0.0,0.0,0.0,0.0,0.0,0.0,0.0,88.49108
CCCS,123.19843999999988,0.0,0.0,0.0,0.0,0.0,0.0,0.0,0.0,0.0,0.0,0.0,0.0,0.0,0.0,0.0,0.0,0.738353863943217,1.41057892847338,1.88649051154413,4.194980771156,4.1147854076735,9.24679384942036,16.6676246018684,14.4353647493998,12.0781319331411,11.530535411464,10.8663838563742,9.612141204958888,4.07546120426794,3.72964595121893,3.0995518992137305,1.99344917556134,3.92608671655763,2.14721687752458,2.95792929092405,1.6170077648084018,2.615294607491902,0.2546314230144174,4.3256293936588973e-16,0.0,0.0,0.0,0.0,0.0,0.0,0.0,0.0,0.0,0.0,0.0,0.0,110.44565
CC(C)(C)S,135.09401999999994,0.0,0.0,0.0,0.0,0.0,0.0,0.0,0.0,0.0,0.0,0.0,0.0,0.0,0.0,0.0,0.0,0.435991486783765,1.3185022487812,1.462779559952,1.24404203814427,4.49503100745827,16.7384965437875,15.6137042389562,16.052313413351296,10.5246737888067,12.0161388966164,20.327097363568395,8.867505084455988,3.45765729041801,4.4371763234447,3.308783101020341,1.8321132625813,2.81994397183498,2.99981186655618,2.98290100369669,1.3089986046695514,2.140264855093695,0.710094050022528,1.287601876567698e-15,0.0,0.0,0.0,0.0,0.0,0.0,0.0,0.0,0.0,0.0,0.0,0.0,132.3875
CC(C)CS,138.7325600000001,0.0,0.0,0.0,0.0,0.0,0.0,0.0,0.0,0.0,0.0,0.0,0.0,0.0,0.0,0.0,0.0,0.632068125638095,1.59081863544793,1.336075132214,3.82671367464604,4.67866215293987,8.67536610492869,19.1629677388859,15.6691306855451,14.5291670129479,12.1438557502167,10.9813593971815,17.513580080406296,7.76722722303918,2.88719591451534,3.2990813895048494,2.34402328732676,3.90846606413411,2.55791179627464,2.34787340075341,1.36784896857356,1.3836768300184656,0.1294906348617514,2.2367188773748884e-16,0.0,0.0,0.0,0.0,0.0,0.0,0.0,0.0,0.0,0.0,0.0,0.0,132.38593
CCC(C)S,137.53692999999996,0.0,0.0,0.0,0.0,0.0,0.0,0.0,0.0,0.0,0.0,0.0,0.0,0.0,0.0,0.0,0.0,0.397801190238006,1.03047867304888,1.33918105284399,1.35821703736749,4.05015932283957,13.0746201580456,18.7999428246647,18.0545095892593,14.1069134628232,13.7780181686643,15.6285394717206,9.054332959611818,4.88364933649724,3.31977769551583,3.26164850426608,3.39833636799164,2.8273998568288,2.05046768955459,1.92899949042068,2.37045735946874,2.330938904371844,0.4925408839570655,8.370610373733135e-16,0.0,0.0,0.0,0.0,0.0,0.0,0.0,0.0,0.0,0.0,0.0,0.0,131.26976
CCCCCCS,182.88837,0.0,0.0,0.0,0.0,0.0,0.0,0.0,0.0,0.0,0.0,0.0,0.0,0.0,0.0,0.0,0.0,0.593587720234271,1.65308884334738,1.51907185436166,3.85350252511548,4.42302682560898,7.04960068889748,19.401178420440804,27.6640353170968,28.8929067597185,21.2349476825808,17.1638010082992,18.688321637817097,7.88219355041862,3.84923903353853,3.77493024043413,2.54332249548305,2.89240604388301,2.05194266157317,3.4110971423389,1.503283234740961,2.1587381083935946,0.684148205677592,1.2055296518824656e-15,0.0,0.0,0.0,0.0,0.0,0.0,0.0,0.0,0.0,0.0,0.0,0.0,176.45849
CCCCCCCCCS,242.7995400000001,0.0,0.0,0.0,0.0,0.0,0.0,0.0,0.0,0.0,0.0,0.0,0.0,0.0,0.0,0.0,0.0,0.705471098468899,1.41207510542645,1.84576935566224,4.09318524655647,4.14205675542337,6.1779959157754,21.06116838845701,38.1136109043399,43.6544925387725,34.6724159173647,27.1103235104311,23.038539832967196,14.0425913852522,4.0712838701464,3.1010587897779507,1.99322448714014,3.80565223936984,2.25785197662446,2.92655406051426,1.6623775621217916,2.617216962241722,0.2946240971660462,5.393474843529576e-16,0.0,0.0,0.0,0.0,0.0,0.0,0.0,0.0,0.0,0.0,0.0,0.0,242.44544
CCCCCCCCS,222.60778000000025,0.0,0.0,0.0,0.0,0.0,0.0,0.0,0.0,0.0,0.0,0.0,0.0,0.0,0.0,0.0,0.0,0.596028477419945,1.65149811347098,1.51041366629079,3.85197257842961,4.42608756212899,6.99247080645733,20.120796591177708,34.5254385020368,38.943672776586,29.9357266754698,23.6492364437243,21.799695916672697,11.6672799666475,3.91046633629782,3.77929656242558,2.53797998932234,2.89940656797974,2.04684896390293,3.41416227339491,1.5059157273767012,2.1593766749495646,0.6840088278381703,1.2033935234120717e-15,0.0,0.0,0.0,0.0,0.0,0.0,0.0,0.0,0.0,0.0,0.0,0.0,220.41631
CC(C)S,120.60673000000004,0.0,0.0,0.0,0.0,0.0,0.0,0.0,0.0,0.0,0.0,0.0,0.0,0.0,0.0,0.0,0.0,0.665605592288841,1.4007908061919,1.46276159611088,1.5749262667699,5.67851893745515,13.7737425992094,14.7609961548665,13.791836733131898,10.1423667691458,10.5918750157879,14.4864291055182,5.797363572963559,3.92287602094724,3.46244360263026,3.60145725072539,2.69555354343882,2.62168598389027,2.64225666200237,2.74461950480238,1.8408614242121208,2.2142069299744747,0.7335559279367732,1.3161888606261077e-15,0.0,0.0,0.0,0.0,0.0,0.0,0.0,0.0,0.0,0.0,0.0,0.0,110.35677
C1CCC(CC1)S,155.60514999999992,0.0,0.0,0.0,0.0,0.0,0.0,0.0,0.0,0.0,0.0,0.0,0.0,0.0,0.0,0.0,0.0,0.543738935974188,1.46600395843412,1.1954712666417,1.92287458276507,2.1790648788666,6.92937563586893,22.3415953834581,26.2586408843233,22.2135098362436,18.5298618479317,14.776960120578302,10.930562442248297,3.32396632101202,3.47209394265667,3.7850534831474993,2.24027846023988,3.3951069307559,2.25649603071083,2.57548048424557,2.4811221833645796,2.134729065831974,0.653163324701121,1.1219966399634808e-15,0.0,0.0,0.0,0.0,0.0,0.0,0.0,0.0,0.0,0.0,0.0,0.0,157.5463
C1=CC=C(C=C1)CS,165.04352999999998,0.0,0.0,0.0,0.0,0.0,0.0,0.0,0.0,0.0,0.0,0.0,0.0,0.0,0.0,0.0,0.0991080084429312,0.986557233429684,2.71642312368132,5.08147064148843,16.314334139197,14.1146809647494,13.841123599947,10.730720466238498,8.23375548779263,9.61397979448863,6.92760697817032,9.23750861250294,9.54354300623137,9.31521705581833,8.98016870595248,11.688598134027398,11.0909551189586,8.58584258732331,3.14632935726368,1.7836968316474,2.3114544079797974,0.7004557446688355,2.401367556309538e-15,0.0,0.0,0.0,0.0,0.0,0.0,0.0,0.0,0.0,0.0,0.0,0.0,0.0,162.77416
CCSC,122.36561000000005,0.0,0.0,0.0,0.0,0.0,0.0,0.0,0.0,0.0,0.0,0.0,0.0,0.0,0.0,0.0,0.0,0.0,0.0,1.0060713955719,2.2574037923046,8.89172311496895,14.3472971845383,14.346097988761798,11.5433840214963,17.4337271218745,12.3759652161025,10.0424839831888,2.5847909104485205,3.28556288515615,3.42691874684111,2.9916071099007207,3.58399075084046,4.30532796245353,1.66124306622415,1.91284087473205,2.149489120607962,3.0984000213668423,0.9457240865396606,0.1755606460812333,3.0493939888402914e-16,0.0,0.0,0.0,0.0,0.0,0.0,0.0,0.0,0.0,0.0,0.0,109.50098
CCCSC,142.40347000000006,0.0,0.0,0.0,0.0,0.0,0.0,0.0,0.0,0.0,0.0,0.0,0.0,0.0,0.0,0.0,0.0,0.0,0.0,0.973183675542329,2.17743460467797,7.26868657569948,12.8789903521794,18.9588137789721,17.8148673079609,18.7090854135316,16.834877096069,11.7541649581646,6.814854423359859,4.12518102310383,3.09351298615371,3.197893220689,3.44599052313703,4.41022407692022,1.67888023210163,1.85513136459374,2.2617183302140513,3.025863593860963,0.9648094167835404,0.1593070462851043,2.685314446275632e-16,0.0,0.0,0.0,0.0,0.0,0.0,0.0,0.0,0.0,0.0,0.0,131.4413
CC(C)(C)SC,150.76195,0.0,0.0,0.0,0.0,0.0,0.0,0.0,0.0,0.0,0.0,0.0,0.0,0.0,0.0,0.0,0.0,0.0,0.0,0.753534797040895,2.50807400123851,6.69998714956607,15.8452224323148,17.6394270692101,20.0779584528021,16.0459806808328,13.3146871067561,22.521377504613397,10.187716490849096,2.04702653509796,3.25677490437501,2.6616444061212605,2.88331937941034,3.29216646579845,2.8293433652168,2.96344674559327,0.9770335971775213,2.189390504311999,1.8787485508884012,0.1890898607851099,3.152822656822751e-16,0.0,0.0,0.0,0.0,0.0,0.0,0.0,0.0,0.0,0.0,0.0,152.52967
CCCSCCC,181.69801999999987,0.0,0.0,0.0,0.0,0.0,0.0,0.0,0.0,0.0,0.0,0.0,0.0,0.0,0.0,0.0,0.0,0.0,0.0,0.0,0.0,3.59638045328682,13.9711472837681,29.5852198854976,27.4675306371645,24.8247562248732,23.3896903229688,18.1126611009744,12.314190326544797,3.73406767202872,2.9058984896331,3.6904536581606697,3.32394192471062,4.93980359012931,1.15096692512016,1.68165568456309,2.6968546187243896,2.553181196739116,1.358193619965634,0.4014263851468577,6.702278939335365e-16,0.0,0.0,0.0,0.0,0.0,0.0,0.0,0.0,0.0,0.0,0.0,174.18788
CCSCC,142.2153800000001,0.0,0.0,0.0,0.0,0.0,0.0,0.0,0.0,0.0,0.0,0.0,0.0,0.0,0.0,0.0,0.0,0.0,0.0,0.0,0.116446313879301,6.85512186755894,17.1927093684478,20.001834951984495,15.303653311972605,21.7902572668496,14.2715806850739,15.9085749702715,3.56037990313178,2.22646187161912,3.3715206834008,3.35842579943837,4.15893563055825,4.34457066128149,1.1783423650876,1.80901074726877,2.4599448468631206,2.829555433567604,1.1321216934808958,0.3459316282641322,6.130350300186378e-16,0.0,0.0,0.0,0.0,0.0,0.0,0.0,0.0,0.0,0.0,0.0,131.05941
CSC,103.40709,0.0,0.0,0.0,0.0,0.0,0.0,0.0,0.0,0.0,0.0,0.0,0.0,0.0,0.0,0.0,0.0,0.0,0.0,1.84289666828789,4.77413860256489,10.2136186747912,11.8719891043677,8.43307493538496,8.447467314759221,13.0730674065267,10.6121255082108,4.6908301190155814,2.075632047692861,4.04628557921359,2.58810239187904,3.722726593242819,3.44426523694073,3.71656306864482,1.56322952604839,1.91751965656663,2.9707831734974786,2.182765167725917,1.2008501879022833,0.0191590367365012,3.459317888985302e-17,0.0,0.0,0.0,0.0,0.0,0.0,0.0,0.0,0.0,0.0,0.0,88.68012
C1=CSC=C1,114.43262,0.0,0.0,0.0,0.0,0.0,0.0,0.0,0.0,0.0,0.0,0.0,0.0,0.0,0.0,0.0,0.0,2.09986949347395,4.60891344771817,6.01425726646446,7.9691303697554,5.71272002332473,5.42533903474187,7.9470608524216,5.65129850522399,5.4981038137165,6.45378269938945,8.71139415347022,7.88955805467219,7.27236659076533,6.8310585124484,8.781996187636818,7.85887657970117,7.50344826821369,2.20344614686206,0.0,0.0,0.0,0.0,0.0,0.0,0.0,0.0,0.0,0.0,0.0,0.0,0.0,0.0,0.0,0.0,0.0,103.18104
C1=CC=C2C(=C1)C=CS2,162.0040599999998,0.0,0.0,0.0,0.0,0.0,0.0,0.0,0.0,0.0,0.0,0.0,0.0,0.0,0.0,0.0,0.4267028697212882,1.91762554680253,3.72557513639139,7.59549746144198,11.6212998034833,10.6377904123631,10.9844331174167,7.86776491968875,7.797465062965501,9.50107835865443,7.05285908389192,11.049765002659,10.0190324246884,10.4922484851961,16.9468231065879,20.902231105632698,11.0764920250072,2.38937607740763,0.0,0.0,0.0,0.0,0.0,0.0,0.0,0.0,0.0,0.0,0.0,0.0,0.0,0.0,0.0,0.0,0.0,0.0,160.84478
C1=CC=C2C(=C1)NC(=S)S2,182.74347,0.0,0.0,0.0,0.0,0.0,0.0,0.0,0.0,0.0,0.0,0.0,0.0,0.0315820042226678,1.19315074295258,1.15778620634128,1.3346842145295998,1.26437891023485,2.97719410397283,4.49510614862078,9.42692211550696,12.0445975884622,10.9965113536515,9.7234173379319,9.627905575182233,14.0577128553994,11.3854961889325,15.2941389337892,22.499844057359898,16.5443040872396,15.7793714380528,10.532025978393705,3.00836650066403,2.46037181800324,1.97298532938533,1.02493556034712,0.8355810278268032,0.9602964684480988,1.4353913828504683,0.6794120716984403,1.2013187163595998e-15,0.0,0.0,0.0,0.0,0.0,0.0,0.0,0.0,0.0,0.0,0.0,184.06757
CCSSCC,166.3065400000001,0.0,0.0,0.0,0.0,0.0,0.0,0.0,0.0,0.0,0.0,0.0,0.0,0.0,0.0,0.0,0.0,0.0,0.0,0.0,2.28901943470687,13.5456422243073,17.856522788694,18.1515212879745,19.4798059068748,16.8386504785827,16.6512461824282,8.976133685185161,7.475278055195101,10.3422331269604,8.1005266006079,7.126624517324811,7.99113556846778,2.86367692766194,6.79686237113255,1.33654446170264,0.4851163821934401,0.0,0.0,0.0,0.0,0.0,0.0,0.0,0.0,0.0,0.0,0.0,0.0,0.0,0.0,0.0,159.87641
CCCCCCCCCCCS,282.3546600000001,0.0,0.0,0.0,0.0,0.0,0.0,0.0,0.0,0.0,0.0,0.0,0.0,0.0,0.0,0.0,0.0,0.604640163524108,1.65155606710937,1.5194224583536,3.88814684722728,4.42556828685065,6.89873333093959,21.06138403830601,44.447574944916106,54.8078191245824,42.4208961516997,33.9427025330309,26.198961426701995,17.5288897319604,3.96086703253939,3.7323493510158,2.52342419818004,2.92789298459513,2.05761125466161,3.41474204711385,1.493271763832431,2.175277083939415,0.672929178920348,1.1339377670058757e-15,0.0,0.0,0.0,0.0,0.0,0.0,0.0,0.0,0.0,0.0,0.0,0.0,286.34131
CCCCCCCCCCS,262.30601,0.0,0.0,0.0,0.0,0.0,0.0,0.0,0.0,0.0,0.0,0.0,0.0,0.0,0.0,0.0,0.0,0.576013084655339,1.65677666183817,1.55367644308523,3.87301464588496,4.39038046883816,6.93537799239619,20.795240847072307,41.13895919216561,49.3912041069837,38.2875588787314,30.413083437252,24.881929097842097,15.4677629084456,3.9003684115163,3.74848789482612,2.62304862687939,2.85932953090213,2.0364952383344,3.4331875497632,1.4997259397625011,2.152295289811735,0.6920937530135292,1.202058425860347e-15,0.0,0.0,0.0,0.0,0.0,0.0,0.0,0.0,0.0,0.0,0.0,0.0,264.23805
CCCCCS,162.95761999999996,0.0,0.0,0.0,0.0,0.0,0.0,0.0,0.0,0.0,0.0,0.0,0.0,0.0,0.0,0.0,0.0,0.54284258669347,1.70041699553001,1.56484421074411,3.82298535945522,4.46454556956341,7.14225498602671,19.256797650420403,23.551119170656,23.9680563310106,16.8009093391084,14.6033213772803,16.667636763107197,6.11798160768405,3.87239359738407,3.5861598441773204,2.47127656805314,3.02162567444769,2.04114539375311,3.41652112658498,1.4686213925899714,2.2459412206201144,0.6302232351097155,1.066334822252909e-15,0.0,0.0,0.0,0.0,0.0,0.0,0.0,0.0,0.0,0.0,0.0,0.0,154.40982
CSSC,127.81813000000012,0.0,0.0,0.0,0.0,0.0,0.0,0.0,0.0,0.0,0.0,0.0,0.0,0.0,0.0,0.0,0.0,0.148545586400038,3.10385706807584,3.9153169272545,10.4924434128762,10.3854046949308,9.61597350910727,8.241961741675794,15.667417146748196,8.39293237163907,7.01768850688365,4.74437137500944,6.794683319989789,4.10685156830441,6.28197196554683,7.151576571268959,3.1499594143322,1.50626147251923,6.18773667954894,7.31196011878367,2.932130638929256,0.6690859101760357,2.377237008532082e-15,0.0,0.0,0.0,0.0,0.0,0.0,0.0,0.0,0.0,0.0,0.0,0.0,0.0,116.72895
CCCSSCCC,206.2473099999998,0.0,0.0,0.0,0.0,0.0,0.0,0.0,0.0,0.0,0.0,0.0,0.0,0.0,0.0,0.0,0.0,0.0,0.0,0.0,1.06138054681958,7.17723275844265,21.3605713618886,26.013606934285605,32.00197764407509,20.6011323316607,21.32825974127,17.3069000579933,12.984925086923498,10.6626887079206,9.81152460140042,5.786968931668223,7.74171579439313,3.77349848844798,6.45579243605997,1.59216604761069,0.586968529139783,0.0,0.0,0.0,0.0,0.0,0.0,0.0,0.0,0.0,0.0,0.0,0.0,0.0,0.0,0.0,203.2896
,381.24631,0.0,0.0,0.0,0.0,0.0,0.0,0.0,0.0,0.0,0.0,0.0,0.0,0.0,0.0,0.0,0.0,0.0,0.0,0.0,0.0,3.59118883456787,8.11410794274718,36.607132943225814,68.2186031026075,76.6389013667178,62.6697062691416,44.521961255508906,35.694542500379995,20.3038286237408,2.49032279854279,3.9029773125509486,3.11844403235309,5.42353645602764,1.29369828414398,1.34911224882897,3.1287324510462886,2.3503733123200665,1.3274422974599036,0.5016979680888755,8.865627128737575e-16,0.0,0.0,0.0,0.0,0.0,0.0,0.0,0.0,0.0,0.0,0.0,392.98652
CCCCCCCCCCCCS,302.22383,0.0,0.0,0.0,0.0,0.0,0.0,0.0,0.0,0.0,0.0,0.0,0.0,0.0,0.0,0.0,0.0,0.579976631067329,1.65808456391007,1.55210881178457,3.83611064086434,4.39467133762752,7.00874430381015,21.565191181484412,47.41776229511161,60.1031970251109,46.4710363975842,37.5445589796054,27.835845496048396,19.2932910137079,3.93501707552842,3.77091009282212,2.56292500832124,2.89284167322226,2.0311925725267,3.43749979283407,1.491638839414201,2.139487528740195,0.7017387388739869,1.198533014925573e-15,0.0,0.0,0.0,0.0,0.0,0.0,0.0,0.0,0.0,0.0,0.0,0.0,308.40556
CC(C)(C)CC(C)(C)S,195.17189000000008,0.0,0.0,0.0,0.0,0.0,0.0,0.0,0.0,0.0,0.0,0.0,0.0,0.0,0.0,0.0,0.0,0.279754062759051,1.32470973755569,1.23765267973042,1.9013980236611,5.90786911638013,12.5391964584949,26.8880547383889,27.5328215302526,21.2593511702806,15.9085908312947,21.8981992921246,23.941413508300695,11.9359355151396,4.692938240472,3.3088395175351613,2.05046656650046,1.59182443005424,4.20552295227199,2.68850724344079,1.1109773320716323,2.5087803114146427,0.459086741876181,8.142116701549466e-16,0.0,0.0,0.0,0.0,0.0,0.0,0.0,0.0,0.0,0.0,0.0,0.0,218.63295
CCCCCCCS,202.81988000000004,0.0,0.0,0.0,0.0,0.0,0.0,0.0,0.0,0.0,0.0,0.0,0.0,0.0,0.0,0.0,0.0,0.693328510803098,1.45738896660186,1.75604731100363,4.13616128222299,4.13037876482972,6.27669373071215,20.352267941796004,31.3739880897521,33.3750997839481,25.9983125973965,20.3299499756059,20.118063841739,10.1097736094692,4.03291744485471,3.1155172652720107,1.98498026473066,3.81464121672809,2.22694293229284,2.968128747532,1.6500984568804016,2.608774779675562,0.3104244861535099,5.459376620852082e-16,0.0,0.0,0.0,0.0,0.0,0.0,0.0,0.0,0.0,0.0,0.0,0.0,198.44585
CCCCS,142.99662000000006,0.0,0.0,0.0,0.0,0.0,0.0,0.0,0.0,0.0,0.0,0.0,0.0,0.0,0.0,0.0,0.0,0.57772313388425,1.66050912534356,1.55385436836504,3.89049808277051,4.45909738690926,7.91296693389358,18.7155919325217,18.8116181090015,18.4303482468642,13.2747402538617,12.3376242925501,14.234834081244596,4.42400300619131,3.72168779327816,3.7336785674248,2.65650796443009,2.80593164306065,2.0573994849661,3.41081624476394,1.4925115877639812,2.148488586948415,0.6861891739626123,1.2232324369677168e-15,0.0,0.0,0.0,0.0,0.0,0.0,0.0,0.0,0.0,0.0,0.0,0.0,132.43478
C1=CC=C(C=C1)S,145.96266999999995,0.0,0.0,0.0,0.0,0.0,0.0,0.0,0.0,0.0,0.0,0.0,0.0,0.0,0.0,0.0390695372643748,0.9492518927789956,1.92344175514342,1.06977701246622,6.73612919507393,10.7726521879446,12.7513056013718,7.71838020175369,6.630212108135911,8.697045031206468,6.363912595517331,10.010558816116,10.4312171775216,10.5632376316121,9.775299330302,13.9301935248539,11.565477041677704,10.1018099202793,1.56489635140355,1.10148485182583,2.8381524811327,0.4291657546185243,0.0,0.0,0.0,0.0,0.0,0.0,0.0,0.0,0.0,0.0,0.0,0.0,0.0,0.0,0.0,138.95756
C1CCSC1,123.82822999999988,0.0,0.0,0.0,0.0,0.0,0.0,0.0,0.0,0.0,0.0,0.0,0.0,0.0,0.0,0.0,0.0,0.0,0.0,0.0,1.06306732007932,6.90469533683113,14.6339501423464,19.4249376801993,15.9797748203459,15.0100813318464,15.1707142865687,6.633003159769623,1.65818723011129,1.90367829610337,3.25238458393866,3.615697547548359,4.74208300646957,3.68199422615632,1.53357008449424,1.34491047531653,3.0881971692766097,2.8819997880194532,0.9853647220046045,0.3199387925740911,5.501747161604158e-16,0.0,0.0,0.0,0.0,0.0,0.0,0.0,0.0,0.0,0.0,0.0,115.89577
CS(=O)C,111.5547,0.0,0.0,0.0,0.0,0.0,0.0,0.0,0.0,0.0,0.0,0.0,0.0,0.0,0.0,0.0,0.0,0.416632585815562,6.73530997456163,10.1410292544316,10.426364582744,8.76858135400979,7.1823265654076,9.008509290929291,13.050807047246698,8.000029132147048,2.74815738888907,2.41314878102056,1.8488814146299304,2.79134869308041,2.97410149141326,2.3387368392912604,0.727567371986323,0.472797243480412,0.467233768203101,1.18548346317954,1.4357848523054806,1.7699502508594724,2.4698250982455474,2.69354895077184,5.630353533262435,5.17757392930749,0.680617142780635,0.0,0.0,0.0,0.0,0.0,0.0,0.0,0.0,0.0,98.66647
C1CCS(=O)(=O)C1,138.80136,0.0,0.0,0.0,0.0,0.0,0.0,0.0,0.0,0.0,0.0,0.0,0.0,0.0,0.0,0.0,0.0,0.244044773357315,4.26780009897177,8.53689735488988,12.8352829774512,18.5595671119285,15.0508200094147,17.404731453583395,9.393681420548798,6.052437081864099,0.90448795626017,0.6759931985502341,0.7669167366292312,1.19164590948032,1.1895629276406,1.3916865204473798,5.10747870374694,2.48395576523545,1.43176641712075,5.82242129431962,11.697843283672997,9.64045226790944,4.1518867369771995,7.313634879348942e-15,0.0,0.0,0.0,0.0,0.0,0.0,0.0,0.0,0.0,0.0,0.0,0.0,134.58273
CC1CCS(=O)(=O)C1,157.3721299999999,0.0,0.0,0.0,0.0,0.0,0.0,0.0,0.0,0.0,0.0,0.0,0.0,0.0,0.0,0.0,0.0,0.258675459341641,3.75969015595018,7.94702367613502,10.1081345312584,17.4253430647379,19.8845225791044,21.275559309871397,11.202893726677296,8.27876933477613,6.18932910244193,5.43379437525313,1.46979396838633,1.23839079813081,1.20143159613098,1.30871178783231,5.00946367449246,2.62473285947962,1.53547363783273,5.73185887483757,11.715160360861896,9.60125495352556,4.172122172942209,6.9182260499129905e-15,0.0,0.0,0.0,0.0,0.0,0.0,0.0,0.0,0.0,0.0,0.0,0.0,157.61221
CCCS(=O)(=O)CCC,194.84951,0.0,0.0,0.0,0.0,0.0,0.0,0.0,0.0,0.0,0.0,0.0,0.0,0.0,0.0,0.0,0.0,0.726772672091557,7.41522956204108,6.87858595085551,6.25428230673335,7.57881195879331,23.8956907866989,23.5168802005876,21.008665109637096,16.181416619931,18.9951971655266,16.2939307304179,4.8363348104484984,0.416156908160888,0.558331161054889,1.3654664772730294,3.40344079937634,1.31327529621414,5.38542151956518,4.21014889933091,9.439120630340652,10.35326179822648,4.395036640746791,0.4280519959482738,7.376206833226744e-16,0.0,0.0,0.0,0.0,0.0,0.0,0.0,0.0,0.0,0.0,0.0,193.94705
CCCCS(=O)(=O)CCCC,234.90707,0.0,0.0,0.0,0.0,0.0,0.0,0.0,0.0,0.0,0.0,0.0,0.0,0.0,0.0,0.0,0.0,0.84933689591708,7.34344386013931,6.59112120736784,6.3027646015773,6.48677229892484,17.3148777800247,36.4164233333396,30.270624948869397,21.5960596817804,25.296788945379,18.803089495411104,14.964439515121594,1.74628017995776,0.564129662449876,1.2526397585665097,3.5509024162583,1.0956576275961,5.29386184779142,4.50880443709826,9.201937133601632,10.49780748395068,4.50642084944472,0.4528860394325652,7.955032244792161e-16,0.0,0.0,0.0,0.0,0.0,0.0,0.0,0.0,0.0,0.0,0.0,238.17323
C(=O)(F)F,77.39889000000012,0.0,0.0,0.0,0.0,0.0,0.0,0.0,0.0,0.0,0.0,0.0,0.0,0.0,0.0,0.0660787902438597,1.1543203943457885,1.84231537619615,1.88284046377565,1.51455174860659,1.94033619202927,2.24548275798711,2.1118511325199,2.92427133160279,3.3726182240112816,7.488278571736082,16.801512169768,13.8052435088698,3.0017362931979297,2.0317329381182,2.932512548507,4.433687019823729,5.80657381656063,2.04294672210036,0.0,0.0,0.0,0.0,0.0,0.0,0.0,0.0,0.0,0.0,0.0,0.0,0.0,0.0,0.0,0.0,0.0,0.0,58.41854
CC(=O)Cl,102.30528999999994,0.0,0.0,0.0,0.0,0.0,0.0,0.0,0.0,0.0,0.0,0.0,0.0,0.0,0.0,0.0,0.0,2.21881557878476,4.97586444302152,6.31443900214964,6.4625600460912,5.13619016182475,7.62953173763332,7.027258321240399,4.0915876884716,3.24667990364766,4.08598409733386,5.42251305470791,4.345002734953661,6.83037597805726,12.3885065109576,4.531681450999206,5.88326768828009,5.48776827687495,4.53564876857323,1.61079086285429,0.0808236935430354,0.0,0.0,0.0,0.0,0.0,0.0,0.0,0.0,0.0,0.0,0.0,0.0,0.0,0.0,0.0,86.91033
C(C(=O)O)Cl,111.90501000000002,0.0,0.0,0.0,0.0,0.0,0.0,0.7082446150339345,1.1171353849660586,0.30873144407507,1.30044766129802,1.6294752613104193,0.5021038138112829,0.1247340091635846,0.315457201991092,2.180214848946377,5.861431556828784,4.24965233673876,2.47319931841349,4.90117143727003,3.57921890826793,1.8981590794893,2.85370348234859,4.263575078799641,5.814357215289989,3.35973272393629,3.17598087606178,6.2190478462679994,4.69232535816972,4.26430764741917,10.8437373429401,6.3906654988426235,6.58288734448758,6.78659816651417,2.06865674574359,4.15386802900124,5.387439038516406,2.896663971802494,1.0020867562544966,1.7872944327775764e-15,0.0,0.0,0.0,0.0,0.0,0.0,0.0,0.0,0.0,0.0,0.0,0.0,97.15527
C(C(=O)Cl)Cl,121.81275000000004,0.0,0.0,0.0,0.0,0.0,0.0,0.0,0.0,0.0,0.0,0.0,0.0,0.0,2.64025228256374,4.505797189397186,3.441102399808302,3.29528407456794,3.89616321923229,2.2989235407614,1.39542663945912,2.83277618865929,2.42707268887415,6.49322531522525,5.65684440172013,6.028825862062331,9.07163183868862,6.0973272285285205,10.5715781712012,16.1185361860986,10.6029748045763,10.3220703469831,6.18775615091199,5.77382687235443,2.12303200541367,0.0323225929124947,0.0,0.0,0.0,0.0,0.0,0.0,0.0,0.0,0.0,0.0,0.0,0.0,0.0,0.0,0.0,0.0,109.42558
C(C(=O)Cl)(Cl)Cl,139.89793999999998,0.0,0.0,0.0,0.0,0.0,0.0,0.0,0.0,0.0,0.0,0.0,0.1501541763458657,2.1950602318207166,1.12355415833115,1.4458491619876594,1.993447141344699,0.742953662655361,1.07340064373546,0.895958107123186,1.93545837661574,5.83717675474312,7.35739451797588,3.3112004383879543,13.970574042854196,7.64328614192002,7.60023125694162,23.793699758548097,23.863702403703495,17.4513942715086,3.52606143824492,5.619733819432028,5.63630093441248,2.65571137515202,0.0756371862157199,0.0,0.0,0.0,0.0,0.0,0.0,0.0,0.0,0.0,0.0,0.0,0.0,0.0,0.0,0.0,0.0,0.0,132.89822
C(=O)(C(Cl)(Cl)Cl)Cl,153.27382000000003,0.0,0.0,0.0,0.0,0.0,0.0,0.0,0.0,0.0,0.0,0.0,0.0,0.0,0.0,0.0,0.0,0.0,0.363684521064666,1.26622475185939,8.84908575084727,5.70674587215576,4.03132600109815,15.354606765911,9.973578420742538,4.949983342632365,23.9748600310193,28.339333847976,29.09886379485819,7.53430510943828,3.69029129101028,4.00489219718825,5.19023484377651,0.945803458422084,0.0,0.0,0.0,0.0,0.0,0.0,0.0,0.0,0.0,0.0,0.0,0.0,0.0,0.0,0.0,0.0,0.0,0.0,153.58029
C1=CC=C(C=C1)C(=O)Cl,162.33163999999994,0.0,0.0,0.0,0.0,0.0,0.0,0.0,0.0,0.0,0.0,0.0,0.0,0.0,0.0,0.0,0.0,0.0,3.88004756739095,10.9376032443417,10.4542370350565,7.27189684803517,6.55897439842866,9.01422527689052,9.3352102488451,8.874444065509362,16.7657405858561,12.9183988418745,15.019047385885704,19.0795596371748,12.1227854335126,4.538681147127437,3.46974939706809,4.97756229021324,4.43653574974141,2.25072485495208,0.4262159920960243,0.0,0.0,0.0,0.0,0.0,0.0,0.0,0.0,0.0,0.0,0.0,0.0,0.0,0.0,0.0,158.36824
C1=CC(=CC=C1C(F)(F)F)Cl,178.92529000000016,0.0,0.0,0.0,0.0,0.0,0.0,0.0,0.0,0.0,0.0,0.0,0.0,0.0,0.0,0.0,0.0,3.25012024391702,9.08977847430421,5.86754584025648,6.10881468998359,4.99203937283969,5.16807204068208,5.918826767465619,3.214664239531873,10.6133203809732,15.0732282327514,21.5805697271256,36.3549904336607,40.0023096511921,11.6492197280074,0.0417901773091925,0.0,0.0,0.0,0.0,0.0,0.0,0.0,0.0,0.0,0.0,0.0,0.0,0.0,0.0,0.0,0.0,0.0,0.0,0.0,0.0,178.87638
C1=CC(=C(C=C1Cl)Cl)C(F)(F)F,191.71974999999983,0.0,0.0,0.0,0.0,0.0,0.0,0.0,0.0,0.0,0.0,0.0,0.0,0.0,0.0,0.0152653066393095,1.0040530638085283,5.39923044581448,4.49947640085422,4.54198842555954,4.10033331913927,4.03394590304097,6.95237863306296,3.8344800042090914,7.059166918616564,17.5182682332573,25.4615523400809,24.4678909290488,34.9098165550171,41.3731966150319,6.54870690681893,6.004245498962877e-15,0.0,0.0,0.0,0.0,0.0,0.0,0.0,0.0,0.0,0.0,0.0,0.0,0.0,0.0,0.0,0.0,0.0,0.0,0.0,0.0,198.61174
C1=CC=C(C(=C1)N)Cl,152.23044,0.0,0.0,0.0,0.0,0.0,0.0,0.0,0.0,0.0,0.0,0.4391951770857512,1.489583828870758,1.5749699637779595,1.98552708388474,1.87181601123608,2.5572414461989186,1.98562570485858,2.00554446480523,4.90296563050262,8.00448646282114,7.34161137347946,7.7272965956635,6.8518163967367505,7.909134162014778,4.694819722172761,8.09519140133582,7.65477036624967,8.318961927812984,14.7372753279843,19.7313365769478,13.348392438045506,9.8235213203978,7.06367223098602,1.83506974660451,0.280614639526534,0.0,0.0,0.0,0.0,0.0,0.0,0.0,0.0,0.0,0.0,0.0,0.0,0.0,0.0,0.0,0.0,146.61349
C1=CC=C(C=C1)F,129.11140999999986,0.0,0.0,0.0,0.0,0.0,0.0,0.0,0.0,0.0,0.0,0.0,0.0,0.0,0.0,0.0,0.0,0.0734636173282305,2.30607956046213,8.24058925834563,10.5420819391214,9.03092276693931,7.77890044012008,5.38106514672676,5.969758008153919,4.28137661452303,5.9547259893833,8.67392986744323,11.5298947353455,11.1723486811957,14.6645209670274,18.054045145972097,5.44422266822301,0.013484593689143,0.0,0.0,0.0,0.0,0.0,0.0,0.0,0.0,0.0,0.0,0.0,0.0,0.0,0.0,0.0,0.0,0.0,0.0,118.58796
COCCl,110.24200999999998,0.0,0.0,0.0,0.0,0.0,0.0,0.0,0.0,0.0,0.0,0.0,0.0,0.0,0.0,0.0,0.0,0.0,2.57260361345364,7.22451469614859,8.35621234513089,11.794098149679,8.35044485856262,6.828112194188401,9.477918033489688,4.0331866966508,3.35460204105889,6.385703116818649,3.6526191336237392,1.63732351809073,7.96905542997682,7.59093128226448,7.61075471412419,3.68521116082729,2.40579544076678,1.1431460096415,2.2233774184120403,2.516587798296116,1.4298123487951138,2.5591903162743105e-15,0.0,0.0,0.0,0.0,0.0,0.0,0.0,0.0,0.0,0.0,0.0,0.0,93.88977
C(C(CCl)O)O,135.74259,0.0,0.0,0.0,0.0,0.0,0.0,0.0,0.0,0.249165637398142,0.956902259669766,1.647163863018589,0.3700795208466672,0.7988102511227813,1.4051204930356,1.5335550470517298,1.6092946165557698,1.69787164758887,3.61562691509972,6.22689871143908,11.3900413645493,12.1212641890139,8.73056032778097,6.11394912869803,5.41619135315644,6.107632671020319,2.18046156967956,4.812599482756319,7.164187120223699,3.94163371998431,3.42324061018368,11.953493430918591,8.2111660362581,4.63122591023273,3.54863581236089,3.11317390847449,1.830022333806062,2.9301511795197586,2.5380355238515713,4.228062573381948,1.1576448329508553,0.088727958371757,0.0,0.0,0.0,0.0,0.0,0.0,0.0,0.0,0.0,0.0,125.73989
C1(=C(C(=C(C(=C1F)F)F)F)F)F,163.3387,0.0,0.0,0.0,0.0,0.0,0.0,0.0,0.0,0.0,0.0,0.0,0.0,0.0,0.0,0.0,0.0,0.0,0.0,0.0,0.0,9.71090203084983,25.7450776599435,8.068997811912539,4.693507603511891,6.008536099669011,9.20876544509384,24.903010531048896,54.996848188717486,20.003054629253,0.0,0.0,0.0,0.0,0.0,0.0,0.0,0.0,0.0,0.0,0.0,0.0,0.0,0.0,0.0,0.0,0.0,0.0,0.0,0.0,0.0,0.0,159.99587
C(C(CCl)Cl)O,142.80852999999988,0.0,0.0,0.0,0.0,0.0,0.0,0.0,0.0,0.0,0.0,0.0,0.2611989007263225,0.6580898970013843,0.354885585198864,0.952212857265612,1.432548361388439,5.86352699940318,10.1117949016038,7.35897159215278,9.67851190912987,6.62229681610566,4.90356885222621,4.42601783283353,4.999848931919691,7.351111850993229,3.15720846209987,9.34246084216228,11.178105916823696,3.8001745032706,8.96300916034687,15.558933776954095,11.1156340936181,3.99391679103193,1.74155054789691,0.885283782240808,1.3142333971786009,1.6456704104299926,2.4078873307183173,2.1484203658038306,0.5814553314753976,0.0,0.0,0.0,0.0,0.0,0.0,0.0,0.0,0.0,0.0,0.0,137.12911
C(CCl)OCCCl,170.3868999999999,0.0,0.0,0.0,0.0,0.0,0.0,0.0,0.0,0.0,0.0,0.0,0.0,0.0,0.0,0.0,0.0,0.0933501561283239,4.49688944224801,8.89664844864347,9.87397585847506,17.6542605783944,12.4545701248163,13.350305414385698,10.2040373800019,9.169022567325188,3.34784250984962,8.039063949866348,11.224127529156798,5.9290568191848,7.14523053493366,21.338658939951987,16.0004806363785,6.21524932828914,2.01669061155949,0.539456807644779,1.8305756464395977,0.567406716326833,2.0028652241820157e-15,0.0,0.0,0.0,0.0,0.0,0.0,0.0,0.0,0.0,0.0,0.0,0.0,0.0,160.23427
CSCCC=O,147.7437099999999,0.0,0.0,0.0,0.0,0.0,0.0,0.0,0.0,0.0,0.0,0.0,0.0,0.0,0.0,0.0,0.0,0.0,0.498629033705577,8.19978795995229,19.9867142273657,14.8508405505975,14.5060341781809,10.1764935624428,9.21422188473604,9.35046960013415,6.68352364156194,3.514796263866651,3.5500477598677604,4.73467398736983,3.36441841582034,5.3104730893686485,5.57861594883868,3.23625361972958,2.92605278982077,5.925548582229,7.661587533540104,4.475306981427066,3.1377497788247948,0.8614706106197892,1.5312987995370458e-15,0.0,0.0,0.0,0.0,0.0,0.0,0.0,0.0,0.0,0.0,0.0,137.27861
C(=O)(C(F)(F)F)O,113.88447999999994,0.0,0.0,0.0,0.0,0.253927293549971,1.48259072084087,0.4753032339387893,1.412400381190297,1.88965365186546,0.354804718614612,0.0449659638217609,0.5483967923881361,1.7361872889371577,0.257297700542827,0.4545383292310617,0.6713918568183507,0.176293433476188,0.352018634784516,0.930362609729695,3.27105937949974,4.13490429787443,2.45971685962009,1.3398955589127808,3.3857400079069606,4.701010611497441,7.97697926251178,25.478770885289396,22.864472733666695,3.87739959756876,4.94944033491009,4.85269082956377,1.75085242442645,3.44593658605457,5.87370286275441,2.42506045935654,0.0567146988563446,0.0,0.0,0.0,0.0,0.0,0.0,0.0,0.0,0.0,0.0,0.0,0.0,0.0,0.0,0.0,99.60436
C(CCCO)CCN,183.25207999999995,0.0,0.0,0.0,0.0,0.0,0.0,0.0,0.0,0.0,0.151931837672332,0.4826594848883194,1.552518121288138,0.6196405561512085,0.475485136350282,0.9052787916619922,2.348732976507687,4.13470787500027,2.12801706160728,3.50637264911875,3.86222194724146,4.49918943130214,8.34233946568207,19.413848817762403,29.8653381872465,26.9607040698633,19.7843768506629,11.451668387129102,8.973783799480037,2.63946583495613,3.15758644607161,2.6656099750818605,1.67855825714972,1.59189603973099,1.52824925985164,1.55200890048035,2.432569414300809,1.9526021899700796,1.8185294669915704,2.524869887468619,3.145690026852919,3.22765648882303,0.712866850053901,0.520295515600579,0.4875365597299443,0.6015034402700485,0.7307431084039746,0.6470569157838804,0.177969975812145,0.0,0.0,0.0,173.73306
C(CS)C(=O)O,136.49763000000002,0.0,0.0,0.0,0.0,0.0,0.448061014806633,1.1317663739363677,0.8082916531115512,0.385745847759295,0.988160115781571,1.6744315433744186,0.8628534512301614,0.1873250293453361,0.267435164283487,1.987033520938987,1.7653572441109804,4.15228010512264,7.21335888106094,8.0988895938876,9.34708310317292,6.03568568536582,5.83738788123083,4.609780550349751,5.73203493621076,5.8090333591311,4.61564749855506,4.17710292056567,3.9697326015466903,4.61162954345185,5.61396243394536,5.72523227499316,5.11887757737121,4.14121018619711,6.74442331608053,6.06945110848927,9.661462004516771,4.933744412130602,2.5655788774675585,1.1025345768748724,0.1050456136031437,0.0,0.0,0.0,0.0,0.0,0.0,0.0,0.0,0.0,0.0,0.0,125.93972
C1=CC=C(C(=C1)C(=O)O)Cl,168.64075999999994,0.0,0.0,0.0,0.0,0.0,0.0,0.0359113898884017,1.0283618505552867,0.682596759556314,0.428354055291013,1.499159562983278,1.066223314433831,0.6108482230250898,0.194615538400606,0.3547479749436907,0.7664561058924763,1.1321364111319,5.48139502918196,9.63131653092517,7.54036576443318,5.77013965099382,5.44962380524044,8.00327775909574,8.25717304925452,9.41816834337277,12.8927343231536,14.7784564325873,15.965586149624302,19.1529067735954,12.7344440780334,4.849853288493766,3.36361083338626,4.43368256779264,1.97679469447245,1.16505919366442,3.7888431727169234,5.742883472348812,0.445033901531176,7.726084450653739e-16,0.0,0.0,0.0,0.0,0.0,0.0,0.0,0.0,0.0,0.0,0.0,0.0,167.31111
COC1=CC=C(C=C1)CC(=O)O,201.8857300000002,0.0,0.0,0.0,0.0,0.0,0.0,0.0,0.4697135983699383,1.27967453755726,0.0903147656345625,1.4240228702932878,1.3510555587768702,0.8651268173746749,0.173985783129741,0.3097704830463917,0.5127614931384507,1.17619594074003,0.811606294637204,4.31039340415204,15.6371750598129,19.2349974019951,16.4433939070152,14.992664753465498,12.3618216378129,11.4689651577949,8.57500212916231,6.418342143935751,8.514261359695421,12.9269797718889,16.5651243986028,11.459401240819304,7.1210899278311,5.580373124504,6.03626280258833,3.572279558616,6.173219654557988,4.894435875046927,1.1353185480043826,1.866524295246655e-15,0.0,0.0,0.0,0.0,0.0,0.0,0.0,0.0,0.0,0.0,0.0,0.0,204.02885
CN(C)C=O,116.03589000000004,0.0,0.0,0.0,0.0,0.0,0.0,0.0,0.0,0.0,0.0,0.0,0.0,0.0,0.0,0.0,0.0,0.0,0.506338962683471,4.69576319637012,8.45506970532026,14.1041668299311,12.7155649295469,10.392642361717003,17.147883751365395,11.023875805933798,3.8131284298998,4.07934385262016,2.70556023181255,2.90003107602002,2.25004557880468,0.0843177692568699,0.259916019222928,1.16067633499009,0.85985564950787,1.17390327339004,1.6845863970068804,1.947621897171209,1.632110102786141,5.417065693974933,4.982009992209541,1.63008469264337,0.414327465814925,0.0,0.0,0.0,0.0,0.0,0.0,0.0,0.0,0.0,102.00478
CC(=C)C(=O)N,128.25286999999994,0.0,0.0,0.0,0.0,0.0,0.0,0.0,0.0,0.0,0.0,0.3966241890806683,2.3155222799174267,1.646206187899831,2.53408826020083,3.1346757450773692,1.7337094522508625,1.72865956249975,1.65874227895785,2.60647190874502,5.00861865150742,8.21175243905689,7.65911345610403,8.32461175882755,8.06033910641361,8.49629020279007,8.6933330332292,9.90675913511868,8.719386737276109,5.1073566712761,4.30599940329639,3.6924778748691502,2.04319475289478,2.52594679673753,1.84184167697174,1.75029920282776,1.9695142435061304,2.3818621023776516,2.874081846461348,5.751844068762995,2.831972345350895,0.341574629714327,0.0,0.0,0.0,0.0,0.0,0.0,0.0,0.0,0.0,0.0,116.78891
C=CC(=O)N,111.40828,0.0,0.0,0.0,0.0,0.0,0.0,0.0,0.0,0.0,0.229317112373253,2.109079329774607,2.598868138683699,2.3049156817107805,2.40164748717602,2.5853533046553094,2.46805915957984,1.88409022896681,2.85018265227077,3.79034488357156,5.6097274131015,5.46760762316248,4.85747592189648,3.6138295034939905,4.90031727166838,5.43505410529101,4.5071448143353,6.46019796097472,6.11558030598653,6.38121360070331,4.92625297295055,7.414407468223279,1.52759643806808,1.30263932077598,1.57961469839858,1.04768043190997,1.1205115455873529,2.8358378910389055,1.539988393119735,4.562017856659856,5.421010050181549,1.56071643370981,0.0,0.0,0.0,0.0,0.0,0.0,0.0,0.0,0.0,0.0,95.2394
C1CCC(=O)NCC1,150.0919399999999,0.0,0.0,0.0,0.0,0.0,0.0,0.0,0.0,0.0,0.0,0.0,0.4131193521612862,1.2873805498596984,0.298207935711207,1.8090661834521973,0.66176486997563,1.07478901048044,1.19924571144069,1.5087780407078,3.83860120420949,7.44621186573438,15.161841374712,21.3195763732535,22.751539432842296,16.5972173611952,13.0027691417649,9.3133901007116,3.976628638190229,2.13895853525998,2.58910011817238,0.8852965524259615,0.844665546268722,0.527255844709341,1.26560340892262,1.51506106414029,1.4539770021974885,0.609018972485017,2.334793655463564,2.30947776693924,5.713947352224084,3.85746303018368,2.38719400420501,0.0,0.0,0.0,0.0,0.0,0.0,0.0,0.0,0.0,148.7075
C1C(O1)CCl,119.60476999999996,0.0,0.0,0.0,0.0,0.0,0.0,0.0,0.0,0.0,0.0,0.0,0.0,0.0,0.0,0.0,0.0,0.994019395896077,5.58308411074325,11.7092014908403,9.23351805863608,7.42587171822064,7.17078808452004,6.571902630972399,5.223239682479851,6.689429392532169,3.29803549493115,6.100163623667109,6.689181428398638,3.04135874355771,3.92967197669811,12.528697392319192,8.54482395712868,3.5985411903492,1.89975612076957,2.47044961236591,3.298453712346049,2.695649160826203,0.8172295066557564,0.0917035151458646,1.624521964712863e-16,0.0,0.0,0.0,0.0,0.0,0.0,0.0,0.0,0.0,0.0,0.0,107.08391
CC(C)(C#N)O,129.2136,0.0,0.0,0.0,0.0,0.0,0.0,0.0,0.4328636817220385,0.854604029987712,0.959136166291345,0.7267461219989044,0.4248771673595615,1.7433291409741276,0.542913691666308,0.6233455646204479,0.5061583145463362,0.908836392152026,0.960181747187938,4.62669859693656,10.5347726540698,11.7750432836752,9.1034358671126,6.9906477224598405,8.880754862167542,14.4157834343351,5.89549891035225,2.999338749692241,2.2840395383358105,3.12857299932188,3.57845468353101,1.8228096370548816,2.86378877352074,4.28548230460202,6.45000058020834,6.63461033305204,5.114515460788821,5.5895350834613025,3.539596741050837,0.0172277657644411,3.084884724933377e-17,0.0,0.0,0.0,0.0,0.0,0.0,0.0,0.0,0.0,0.0,0.0,118.8022
C1=CC=C(C=C1)P(C2=CC=CC=C2)C3=CC=CC=C3,294.88056000000006,0.0,0.0,0.0,0.0,0.0,0.0,0.0,0.0,0.0,0.0,0.0,0.0,0.0,0.0,0.0,0.0,0.0,0.0,3.13916919670143,23.3403030415291,26.3802915692645,26.251628322171,22.2223665173853,19.494851167000697,14.493146097428,16.628827491616,16.8591712152458,27.376070959122796,19.7319604215319,36.2776055268481,27.173993760319902,10.6995952775419,1.02002637055565,0.742988790716732,1.53353554980439,0.8995656341128041,0.3723665820446065,0.2430965090594394,4.2565882325895214e-16,0.0,0.0,0.0,0.0,0.0,0.0,0.0,0.0,0.0,0.0,0.0,0.0,336.60707
CN(C)P(=O)(N(C)C)N(C)C,212.38922,0.0,0.0,0.0,0.0,0.0,0.0,0.0,0.0,0.0,0.0,0.0,0.0,0.0,0.0,0.0,0.0,0.0,0.0,0.0,0.0205228659911705,5.60149909214024,21.7530649150644,35.2592616969672,31.1973643977152,34.9813091377845,37.9237957669582,11.823071184193507,3.8027641108575705,5.319367868535,2.80968290456902,1.9961852623447207,0.950730705601034,0.949650973038665,1.03012823298971,0.210949487111318,0.5419119360116443,1.3021445247385466,3.2069760931288234,2.9919718414165706,0.3928436117461548,2.76751369115193,4.33322188306213,1.22328781688275,0.0,0.0,0.0,0.0,0.0,0.0,0.0,0.0,239.1263
C1=CC=C(C=C1)[N+](=O)[O-],149.65051999999997,0.0,0.0,0.0,0.0,0.0,0.0,0.0,0.0,0.0,0.0,0.0,0.0,0.0,0.0,0.0,0.0,0.114362953868462,6.91314243192543,11.0493137523342,10.6764640001136,8.05658257431629,7.48115958676741,8.27388118509165,7.63062653650224,7.6100439478171715,14.6224405593979,5.715951310071432,14.154890960283698,11.6001089723356,5.42764839906334,3.5259379041727117,9.50876458955708,5.46076848309222,3.94439379657919,2.37149558883129,2.54961777920473,2.5777317760357925,0.3851929126385082,6.692130426305848e-16,0.0,0.0,0.0,0.0,0.0,0.0,0.0,0.0,0.0,0.0,0.0,0.0,141.47531
C(C(=O)O)O,101.19717,0.0,0.0,0.0,0.0,0.0,0.0412112074278236,1.1202521469621762,0.6919375592447075,0.649210412090728,1.38661795043193,1.4887407238426298,0.3313108526306049,0.0842316721278621,0.633452397361531,2.2103158747209273,1.1300776510294015,0.913625974604754,5.54595299889245,5.50164619701016,4.48945726155368,6.06045249324112,5.08754962832076,4.44693367383012,4.464786174851139,3.3126205823928694,2.06930635080847,3.5972757945277793,4.93568260308363,5.47216530948471,2.52597711224097,1.470137477630701,4.00906350788752,6.49903040957063,3.49585630301704,4.91270986983929,4.230001093323889,3.5790715215868643,1.9565919236288156,2.1036050332637894,0.7503122575385294,0.0,0.0,0.0,0.0,0.0,0.0,0.0,0.0,0.0,0.0,0.0,84.25746
CC(CC=O)O,130.83936000000003,0.0,0.0,0.0,0.0,0.0,0.0,0.0,0.0,0.0,0.36989497123275,0.91398093099123,0.960966727247442,0.7768741922337813,0.470526037612363,1.2991565449042886,0.9358713573886516,0.994252086299926,3.17568016333266,7.77377049837091,10.7924504151993,10.7606621397079,9.7215641467724,10.4588437984057,8.511773571118027,6.031972785260261,9.58036776800233,6.213917902840521,2.5075262782090695,1.95177203517752,1.5539711788954,2.4634368831988893,1.12901318668742,2.4955101192533,3.16847196451632,5.08002321735641,6.123912961572486,4.329410378883621,4.712566053540659,2.869604570145143,2.215640890674751,0.495974244968602,0.0,0.0,0.0,0.0,0.0,0.0,0.0,0.0,0.0,0.0,119.87806
C1=COC(=C1)C=O,127.58212,0.0,0.0,0.0,0.0,0.0,0.0,0.0,0.0,0.0,0.0,0.0,0.0,0.0,0.0,0.9690760454138032,3.4192636937284457,4.99683809061161,6.58577441396034,7.97770654210647,7.35251594935535,5.82977077535457,4.70907465303293,6.86456699283936,6.71691051259865,6.1992266431466,8.05379039604069,10.9935468585016,8.36507719239019,6.41066405707627,4.49905482696936,2.225365933735752,2.14399202757191,2.11156411502499,2.93632320139749,2.58047919717974,3.246407277045174,5.516512915351145,3.942168660545675,2.4426307139349728,0.4938183150869154,0.0,0.0,0.0,0.0,0.0,0.0,0.0,0.0,0.0,0.0,0.0,115.00196
CC(C)(C(=O)O)O,134.77247,0.0,0.0,0.0,0.0,0.0,0.0,0.9869611148405676,0.7991588851594307,0.563023418341069,1.42343349787638,1.5123464601604195,0.3299097192077729,0.0727080687853044,0.408180629690608,1.441820577441998,1.3545014602289205,1.10948561988818,0.905116025175698,0.944833160015935,1.85187437158827,9.92178025039147,11.3766217225168,12.705293731592098,10.4436164638341,9.055775535770822,14.2545510944289,8.177984064779722,5.09191726263549,5.05303523580859,2.76762017637986,3.573844138382319,4.5827363453819,3.92564786019297,4.13292975985031,4.888117389059,3.2616771341396578,2.05417528276862,2.00527118748141,1.6215343873421506,2.071917276975499,0.103070691887741,0.0,0.0,0.0,0.0,0.0,0.0,0.0,0.0,0.0,0.0,127.96471
COC1=CC=CC=C1[N+](=O)[O-],176.85969,0.0,0.0,0.0,0.0,0.0,0.0,0.0,0.0,0.0,0.0,0.0,0.0,0.0,0.0,0.0,0.009886577041809,0.844825385392037,5.77207565140853,15.4130573848773,14.3292333467681,10.6141001140276,11.0617650848141,10.7421133367374,10.6348480173722,9.28336903623635,10.807251758917,10.7502130421719,9.09077347496786,11.0946267536429,8.3463326326206,2.500427769662515,4.34026014222175,7.87369404045148,7.99908121525758,7.09043983359007,3.058373601074959,2.5489265517452893,2.245940311647421,0.4080749373532543,6.807411742436083e-16,0.0,0.0,0.0,0.0,0.0,0.0,0.0,0.0,0.0,0.0,0.0,173.94597
C(=O)=S,82.97235999999991,0.0,0.0,0.0,0.0,0.0,0.0,0.0,0.0,0.0,0.0,0.0,0.0,0.0,0.0,0.0,0.0,0.0,0.0,0.416793017150506,2.38258791715583,1.10204906569367,2.66421783235121,13.372802565896698,7.33049019967865,8.04184836122937,8.92784280955369,8.19697657614133,16.867178062048392,1.96359137089915,10.0186911841081,1.6872910380933166,0.0,0.0,0.0,0.0,0.0,0.0,0.0,0.0,0.0,0.0,0.0,0.0,0.0,0.0,0.0,0.0,0.0,0.0,0.0,0.0,65.78119
C(=O)(Cl)Cl,102.94527,0.0,0.0,0.0,0.0,0.0,0.0,0.0,0.0,0.0,0.0,0.0,0.0,0.0,0.0,0.0,0.0,0.0,0.0,1.48201029844218,6.294710509995,3.65722997939407,4.98761023416423,9.40585432127424,4.389441764017673,10.064092367953402,14.9898194778047,16.6067135084253,12.470142443628596,2.72068015915765,3.48433627360583,5.645735184189959,5.62810070912388,1.11879276882328,0.0,0.0,0.0,0.0,0.0,0.0,0.0,0.0,0.0,0.0,0.0,0.0,0.0,0.0,0.0,0.0,0.0,0.0,87.45852
CC1CC(OC(O1)C)OC(=O)C,211.68438999999992,0.0,0.0,0.0,0.0,0.0,0.0,0.0,0.0,0.0,0.0,0.0,0.0,0.0,0.0,0.0,0.0,0.0,0.916643535690764,3.78283281729441,7.09781261640675,22.5629149381468,27.3529714647254,23.5314917593541,23.3605518548338,18.6720483467346,15.7060763951225,12.4583748423943,5.221289791572289,3.47171171967592,2.78417197660853,5.094212627684268,4.21654086625615,5.29074486671449,6.11959876343367,6.59400879898773,6.271921988982959,5.739891632090196,4.759563430700074,0.6790149665902298,1.2107525116101189e-15,0.0,0.0,0.0,0.0,0.0,0.0,0.0,0.0,0.0,0.0,0.0,214.92051
C=CC(=O)OCCOC(=O)C=C,219.0054099999998,0.0,0.0,0.0,0.0,0.0,0.0,0.0,0.0,0.0,0.0,0.0,0.0,0.0,0.0,0.0,0.0,0.130936160362006,5.1954318822012,17.2155702731324,18.1740283335271,13.6793466000203,12.4479133418157,15.3048995407435,16.3476047429091,16.7036654191386,15.6975042537223,8.823036638777102,11.5901109430544,13.418270805098,12.981335436318,4.051660577460168,5.89493737958455,2.35613375342644,6.28098505226474,3.77194658138788,4.376835059535523,12.009406521745367,2.5538507037754323,4.4498881094121706e-15,0.0,0.0,0.0,0.0,0.0,0.0,0.0,0.0,0.0,0.0,0.0,0.0,209.88955
CC(COC)OC(=O)C,182.14293999999995,0.0,0.0,0.0,0.0,0.0,0.0,0.0,0.0,0.0,0.0,0.0,0.0,0.0,0.0,0.0,0.0,0.0,0.0,1.06475335286291,6.46648763500631,16.882475053174,25.2394649183217,21.2546364530895,22.1565418290825,21.836834763807797,12.0091724047854,9.0982681991514,5.577993826212948,2.44666043834705,2.89062615522068,2.98254049188166,3.15772569786625,2.69895419402151,4.1633706611456,5.28278460517471,4.728539614509525,7.106005292975038,3.577347554626252,1.521756858737213,2.551225458432695e-15,0.0,0.0,0.0,0.0,0.0,0.0,0.0,0.0,0.0,0.0,0.0,174.66345
CC(COC)OCC(C)OC(=O)C,250.3484700000001,0.0,0.0,0.0,0.0,0.0,0.0,0.0,0.0,0.0,0.0,0.0,0.0,0.0,0.0,0.0,0.0,0.0,0.459050660777398,2.93233246321778,6.52742861125393,18.4037526161938,31.2929267032134,29.0112899270981,32.503106361208,28.538142604021296,20.0202814266247,18.3269517092081,11.6957835418234,5.76765192662087,3.72909796551524,3.60926338364911,3.95616585591296,3.06507474363971,3.63647265266428,6.42850351618929,4.646808834920764,6.900068365692695,5.342172734846075,3.107877103546114,0.4482662921631055,0.0,0.0,0.0,0.0,0.0,0.0,0.0,0.0,0.0,0.0,0.0,253.72326
COC1CCC=CO1,153.27582000000012,0.0,0.0,0.0,0.0,0.0,0.0,0.0,0.0,0.0,0.0,0.0,0.0,0.0,0.0,0.0,0.0,0.0,0.182249108152294,1.98823998259783,8.54470028649011,16.9893749190083,18.5993354549419,17.7937615569773,14.9161021609211,13.0120505095608,10.6617156214437,4.387241821262341,4.639420546684361,5.94707679331085,4.03238719683696,4.5540945053799895,4.30570949959797,3.81690024231993,4.22631439887542,3.01851963418162,1.9812920121856124,3.361648473008389,3.151713182891001,2.8818843026625105,0.2840877907098106,0.0,0.0,0.0,0.0,0.0,0.0,0.0,0.0,0.0,0.0,0.0,147.34415
OP(=O)(O)O,104.14135,0.0,0.0,0.0,0.0,0.624960186459762,2.33960676051321,4.356429555748333,1.3877951355306204,1.30518314749438,3.6818633277074,3.8347919103739594,2.8459027192639916,0.536601362422501,1.39967412722514,1.7487178788592694,1.4272380179703907,0.954444874774069,1.19024594974366,1.44078118165264,1.27876552140948,0.585021290137798,0.709314757954321,2.453409063908091,4.137900418370969,2.55413390769975,2.21186502498864,1.3707816365102805,1.8359779360412016,5.58060389988123,4.83741424585215,4.52140504444551,4.93773457039642,7.07963507672937,8.2173373104321,5.22911089353684,2.212113691562883,4.072257003618144,7.881361130583307,3.360971440202198,5.968049080655921e-15,0.0,0.0,0.0,0.0,0.0,0.0,0.0,0.0,0.0,0.0,0.0,87.48438
[N+](=O)(O)[O-],78.99960000000002,0.0,0.0,0.0,0.0,0.0,0.483825850784804,1.1438435400544078,1.0080105591139104,1.13417550222721,0.871808784710289,0.7555958133281002,0.3121249175422768,1.2149218887891684,0.742224646611349,0.4529533829306405,0.3034770604460113,0.605291678953349,1.01321878368008,2.14204422672227,2.25783894577738,2.34120418271148,1.99101209013703,3.3838415765773098,1.8600758017646803,2.63496481252358,2.15237185229528,2.0852149809492,4.404972910852803,9.96295681289383,12.4570784510461,11.0268749432254,8.93384292340841,1.32383307994366,0.0,0.0,0.0,0.0,0.0,0.0,0.0,0.0,0.0,0.0,0.0,0.0,0.0,0.0,0.0,0.0,0.0,0.0,59.4379
Cl,55.10945000000004,0.0,0.0,0.0,0.0,0.0,0.0,0.0,0.0,0.243573385793421,1.89713739673626,0.3127392174703168,1.3852982483187382,2.382575127248518,0.0398966244327432,0.2781824406705326,1.5838706959382376,0.0068568633912284,0.0,1.67192686954173,0.30637313045826,0.202784325905193,0.495615321801055,3.992815639278449,2.0727623221737494,0.7683973755013817,3.81993513977136,4.23622946661555,1.5757429796926012,4.74225854639199,5.1783936494612,7.065757522608618,10.8503277107989,0.0,0.0,0.0,0.0,0.0,0.0,0.0,0.0,0.0,0.0,0.0,0.0,0.0,0.0,0.0,0.0,0.0,0.0,0.0,37.93089
F,39.98763999999997,0.0,0.0,0.0,0.0839730722973481,0.473957422442273,2.3587761685948,0.0667033366655803,2.2635810753285984e-16,0.78389524744141,2.55371788068134,1.1571068718772524,2.1110596350066936e-15,0.0,0.0951914509571989,1.5015108169625977,0.0559077320802058,0.0,0.333644129679388,1.31805587032061,0.0,0.0,0.0,0.1595417115595449,2.2809963562749695,1.66732624583296,0.564945686332537,1.4570950105815654e-16,0.0,0.0,0.757476740053113,5.723281476608576,3.36717053406423,3.00881919778166,11.2268567921437,0.448785259348674,0.0,0.0,0.0,0.0,0.0,0.0,0.0,0.0,0.0,0.0,0.0,0.0,0.0,0.0,0.0,0.0,23.3404
Br,61.09909999999997,0.0,0.0,0.0,0.0,0.0,0.0,0.0,0.0,0.0,0.0,0.3174916740159664,2.062832916304367,0.1816780665844491,2.67716503721001,0.923902305885214,0.0268919618202372,1.89250666806213,0.0776113701176373,0.287516668519141,2.31606177174713,2.90219014701839,0.567249244755062,0.877714951285666,5.414451382817979,3.4588678145550995,0.539178019301533,0.529139947284796,7.012932227671141,8.53578488888877,0.882462936155296,15.08868661819049,4.52678338180947,0.0,0.0,0.0,0.0,0.0,0.0,0.0,0.0,0.0,0.0,0.0,0.0,0.0,0.0,0.0,0.0,0.0,0.0,0.0,44.22611
I,70.05253999999992,0.0,0.0,0.0,0.0,0.0,0.0,0.0,0.0,0.0,0.0,0.0,0.0,0.0,0.278804287898968,2.082092448399557,1.2301999791140217,2.65839985614841,1.17865832856648,3.04934397142753,2.28103112844504,2.02403275201899,0.676737104700591,3.81951342375743,4.54478927455501,3.846287444967989,0.0,2.658329064610979,11.724030714269997,5.22297466073253,10.8652242072858,11.9120913531006,0.0,0.0,0.0,0.0,0.0,0.0,0.0,0.0,0.0,0.0,0.0,0.0,0.0,0.0,0.0,0.0,0.0,0.0,0.0,0.0,54.3898
O[PH2]=O,86.86714999999998,0.0,0.0,0.0,0.0,0.0,0.0,0.0,0.4593219181762494,1.20595866122888,3.84463896546552,0.6592052548173226,0.5216122464021022,1.611888774666638,3.65746408891803,1.3666819058678443,1.18484279143225,0.672665529066448,1.26268655414592,1.4177829968357,0.995913050628527,1.44569232764762,2.87129617934679,7.20611308838332,7.547274948493947,2.10385603691001,3.06395757045587,4.24978112029602,3.3489823208000105,4.17716260036217,2.87491024701444,2.033494242632571,4.91652636463194,3.48949371910544,3.51714157416765,3.69818155186445,3.326455369236203,5.064253511017143,3.071914489982957,5.1867412467325335e-15,0.0,0.0,0.0,0.0,0.0,0.0,0.0,0.0,0.0,0.0,0.0,0.0,68.51391
N,48.99574999999999,0.0,0.0,0.0,0.0,0.0,0.0,0.0,0.0,0.0,0.0,0.0,0.0,0.0,0.0,0.3959864053728583,3.213048521514795,3.36761510784294,3.49136458100361,3.08658721900711,6.01107834528683,4.46932190007231,1.73752963879649,1.22321422024621,1.2285158003836203,2.2109298162623596,0.764987186729966,1.4964942001424897,1.4745863718793897,0.389518590342731,0.421831037421818,1.1937918977686592,0.614010998748326,0.670189717971943,1.66279666112566,1.17235680360421,0.0265949784756754,1.1852849612413232e-15,0.3416351302255528,2.429134381543576,0.4115746339899656,0.457395228555586,0.285926749404966,1.32933105954944,0.9984409455769128,0.9419918711539862,0.2037359113241054,1.2742340886758965,0.0,0.0,0.0,0.0,30.80963
O,43.26928,0.0,0.0,0.0,0.0,0.0,0.0,0.0,0.0,0.0,0.633945731595672,2.377619001798457,2.968564534010689,1.444555525601363,1.82204175422228,2.0035541750844996,2.5456432500797193,1.95869731379855,0.996725046164532,0.401363667644232,0.487173310652182,1.16535469657945,0.80350149150495,1.3486674933121294,0.0608730079512937,0.0185275790583926,0.836695456381842,1.07831423996057,0.4995162668101682,1.15689095262957,0.733891941014743,0.706732990947829,1.39022210273648,0.917417664068398,1.4426609771939,0.433118284033373,0.9503536826832976,1.2294839599286138,2.3088478650767965,2.32448781457174,2.722118290716409,1.36818069695619,2.05339247450154,0.0801467607301477,0.0,0.0,0.0,0.0,0.0,0.0,0.0,0.0,25.73454
S,62.47267000000002,0.0,0.0,0.0,0.0,0.0,0.0,0.0,0.0,0.0,0.0,0.0,0.0,0.0,0.0,0.604015885055338,3.327233346814525,2.21221545290997,3.290653067099,3.49207919154341,1.4125341513943,3.61119626312743,2.20917066934858,1.1716605781606009,2.9737983323356203,3.82349693953613,3.51990359886796,3.93819781388834,3.0030643836226907,4.54383706682964,3.11246117020129,3.20335178376004,1.207929997269,3.36134986000508,2.77636934565429,2.44622114465949,2.561781905314697,0.6701480526025947,2.3435633681468245e-15,0.0,0.0,0.0,0.0,0.0,0.0,0.0,0.0,0.0,0.0,0.0,0.0,0.0,45.32294
P(Cl)(Cl)Cl,134.25299999999993,0.0,0.0,0.0,0.0,0.0,0.0,0.0,0.0,0.0,0.0,0.0,0.0,0.0,0.0,1.3632763422389476,3.137213442342897,1.43321341375623,5.54617346480492,1.84013470659029,0.558823439230085,0.261223138639251,4.09911553625835,4.171321671470248,0.6729459028022787,2.3933826056127847,25.5626478809438,27.4153288344095,38.954533841535195,16.6253845057531,0.218281273612061,1.7664088097562342e-16,0.0,0.0,0.0,0.0,0.0,0.0,0.0,0.0,0.0,0.0,0.0,0.0,0.0,0.0,0.0,0.0,0.0,0.0,0.0,0.0,120.91362
P(=S)(Cl)(Cl)Cl,148.22796999999986,0.0,0.0,0.0,0.0,0.0,0.0,0.0,0.0,0.0,0.0,0.0,0.0,0.0,0.0,0.0,0.0,0.0,0.0,0.787136872163261,4.07332828295141,6.09753636572131,4.7729653813202,13.887778811299995,6.981510304295083,12.454207366043503,25.2861251420635,36.1059552550952,16.234015762404695,6.19641640101051,14.0069665747681,1.344027480863112,0.0,0.0,0.0,0.0,0.0,0.0,0.0,0.0,0.0,0.0,0.0,0.0,0.0,0.0,0.0,0.0,0.0,0.0,0.0,0.0,144.83739
P12(=S)SP3(=S)SP(=S)(S1)SP(=S)(S2)S3,298.14838,0.0,0.0,0.0,0.0,0.0,0.0,0.0,0.0,0.0,0.0,0.0,0.0,0.0,0.0,0.0,0.0,0.0,0.0,0.0,0.0,1.43075675157919,14.8448081167807,25.07592912460551,40.347867123406,51.2294423271567,36.0721453726273,36.2733334629686,52.703192449345586,23.5743142503901,16.4699687807338,0.1266222404064718,0.0,0.0,0.0,0.0,0.0,0.0,0.0,0.0,0.0,0.0,0.0,0.0,0.0,0.0,0.0,0.0,0.0,0.0,0.0,0.0,381.64364
O=P(Cl)(Cl)Cl,132.96321000000003,0.0,0.0,0.0,0.0,0.0,0.0,0.0,0.0,0.0,0.0,0.0,0.0,0.0,0.0,0.0,0.0,0.0,0.288784511428053,2.43801608137417,7.37806550125684,1.14805408449749,13.1307537952017,7.629169771103219,5.048108469116589,24.867202163708,29.5707985940066,16.725942502127204,3.249853967456159,0.787962915357187,1.10934764336679,1.8955412618600296,2.43642489048095,2.16566507328676,5.6695392879218,7.39016907886262,0.0338104075878545,0.0,0.0,0.0,0.0,0.0,0.0,0.0,0.0,0.0,0.0,0.0,0.0,0.0,0.0,0.0,124.46369
C(=S)=S,99.60263999999992,0.0,0.0,0.0,0.0,0.0,0.0,0.0,0.0,0.0,0.0,0.0,0.0,0.0,0.0,0.0,0.0,0.0,0.0,0.0,1.02477218517281,6.11284601261906,1.72514819823603,9.434505803916297,2.185207800055813,7.856694777843652,16.1578317583324,27.028838515029296,28.06790009090219,0.0088948578923766,0.0,0.0,0.0,0.0,0.0,0.0,0.0,0.0,0.0,0.0,0.0,0.0,0.0,0.0,0.0,0.0,0.0,0.0,0.0,0.0,0.0,0.0,83.71052
O=S(Cl)Cl,114.3940299999999,0.0,0.0,0.0,0.0,0.0,0.0,0.0,0.0,0.0,0.0,0.0,0.0,0.0,0.0,0.0,0.0,0.0,1.46488798329253,4.79865071557385,6.45256860745378,5.41425247073942,4.85141584487299,3.4577447867424627,9.184080641754258,6.686067037208169,3.31292548624262,20.879382701151396,19.371233136777096,14.6638431388967,7.25382625220285,5.968096929054321,0.635054268037455,0.0,0.0,0.0,0.0,0.0,0.0,0.0,0.0,0.0,0.0,0.0,0.0,0.0,0.0,0.0,0.0,0.0,0.0,0.0,101.49423
N(F)(F)F,78.50210999999999,0.0,0.0,0.0,0.0,0.0,0.0,0.0,0.0,0.0,0.0,0.0,0.0,0.0,0.0,0.0,0.0,0.0,0.0,0.0,0.0,0.406891301435567,2.49117686881058,3.344238946647491,5.818389359408433,12.4703345577759,16.8886029716831,28.388132613219497,8.694343381019426,0.0,0.0,0.0,0.0,0.0,0.0,0.0,0.0,0.0,0.0,0.0,0.0,0.0,0.0,0.0,0.0,0.0,0.0,0.0,0.0,0.0,0.0,0.0,59.88307
N(N(F)F)(F)F,101.76019,0.0,0.0,0.0,0.0,0.0,0.0,0.0,0.0,0.0,0.0,0.0,0.0,0.0,0.0,0.0,0.0,0.0,0.0,0.0,0.46284913227761,1.04541980406797,1.04372066232967,3.0253381540118416,7.436208555639595,17.710621540101705,27.4796392349181,32.985041854094,10.571351062559495,0.0,0.0,0.0,0.0,0.0,0.0,0.0,0.0,0.0,0.0,0.0,0.0,0.0,0.0,0.0,0.0,0.0,0.0,0.0,0.0,0.0,0.0,0.0,86.43599
OO,58.14697000000003,0.0,0.0,0.0,0.0,0.0,0.0,0.0,0.3194280828705639,1.43510904577151,3.27202779137863,1.4794500331605231,1.8946250468187793,1.2827227095515512,2.76029747898663,1.117742494693393,0.8152664811661775,1.77988338539831,0.999175172206365,1.11288863502978,0.492033743898745,0.758455735196943,1.37648958447685,0.8483573384331065,1.834913178789379,0.4280740621727831,1.07033939747589,3.160587120025589,0.8369019357615933,1.57154847685369,1.22973404827593,0.9595526896354531,3.78535318978853,1.84610900916474,3.74969912945571,5.26474629424454,4.322122571317879,3.494732021447686,2.366321643302124,0.4822824732506603,8.417049122728956e-16,0.0,0.0,0.0,0.0,0.0,0.0,0.0,0.0,0.0,0.0,0.0,38.88302
II,106.58813000000008,0.0,0.0,0.0,0.0,0.0,0.0,0.0,0.0,0.0,0.0,0.0,0.0,0.0,0.0,1.0922681598318782,0.4270986679877963,5.94814739539565,1.53412577678468,0.0,1.36647206082651,7.28290310075141,5.35299127105903,0.6252935673630567,7.68331990151438e-16,1.7716529482459429,15.0974018069031,17.3154878364832,14.19761997851091,34.1327568237232,0.443910606133734,4.095525688151783e-16,0.0,0.0,0.0,0.0,0.0,0.0,0.0,0.0,0.0,0.0,0.0,0.0,0.0,0.0,0.0,0.0,0.0,0.0,0.0,0.0,94.63197
C(CC=O)CC=O,148.26504999999997,0.0,0.0,0.0,0.0,0.0,0.0,0.0,0.0,0.0,0.0,0.0,0.0,0.0,0.0,0.0,0.0,0.0,0.0195502312346631,5.87764409458319,22.007809211673,25.0033552985589,14.8262253106143,13.200444515485398,7.504658855016288,2.816942818160941,6.00880652294406,4.16376676598662,1.788018139826,1.67785823591664,0.909714590710923,2.6060123827164188,2.51156637024061,3.46394989023684,3.44712269836683,7.90940310458248,9.023064759628154,6.207230137879129,5.676900924831742,1.6150051408068569,2.690560463164651e-15,0.0,0.0,0.0,0.0,0.0,0.0,0.0,0.0,0.0,0.0,0.0,135.43562
CCCCCC(C)C(C)C,225.08814999999993,0.0,0.0,0.0,0.0,0.0,0.0,0.0,0.0,0.0,0.0,0.0,0.0,0.0,0.0,0.0,0.0,0.0,0.0,0.0,0.0,0.0,0.928063402891691,16.725314222052507,33.63679663756551,50.50867659274639,33.8640556743793,36.8641506063383,31.152243107764395,19.868757663351,1.54009209291083,1.2486835077237645e-15,0.0,0.0,0.0,0.0,0.0,0.0,0.0,0.0,0.0,0.0,0.0,0.0,0.0,0.0,0.0,0.0,0.0,0.0,0.0,0.0,232.44593
CCCCC(C)CC(C)C,225.3441800000001,0.0,0.0,0.0,0.0,0.0,0.0,0.0,0.0,0.0,0.0,0.0,0.0,0.0,0.0,0.0,0.0,0.0,0.0,0.0,0.0,0.0,0.906967440263538,17.999073015218507,35.36638181077021,49.2781895326948,32.7953480079827,33.1168435588808,32.38534697129119,21.4612665749149,2.03476308798348,1.6853453960870005e-15,0.0,0.0,0.0,0.0,0.0,0.0,0.0,0.0,0.0,0.0,0.0,0.0,0.0,0.0,0.0,0.0,0.0,0.0,0.0,0.0,233.38423
CCCC(C)CCC(C)C,226.2999600000001,0.0,0.0,0.0,0.0,0.0,0.0,0.0,0.0,0.0,0.0,0.0,0.0,0.0,0.0,0.0,0.0,0.0,0.0,0.0,0.0,0.0,0.75186614003286,17.137347277536307,35.348976270872704,50.73391477060759,32.7256482314706,34.2429666661118,33.18430367415039,20.3378224769783,1.83711449223954,1.576617941153533e-15,0.0,0.0,0.0,0.0,0.0,0.0,0.0,0.0,0.0,0.0,0.0,0.0,0.0,0.0,0.0,0.0,0.0,0.0,0.0,0.0,233.34512
CCC(C)CCCC(C)C,226.44436,0.0,0.0,0.0,0.0,0.0,0.0,0.0,0.0,0.0,0.0,0.0,0.0,0.0,0.0,0.0,0.0,0.0,0.0,0.0,0.0,0.0,1.03181817905633,17.982169173172306,34.243431351812106,49.881594504693,33.7010407603784,34.1527089695631,33.381354072001294,20.2053822802601,1.86486070906336,1.6286984522965389e-15,0.0,0.0,0.0,0.0,0.0,0.0,0.0,0.0,0.0,0.0,0.0,0.0,0.0,0.0,0.0,0.0,0.0,0.0,0.0,0.0,233.24886
CC(C)CCCCC(C)C,228.66227999999995,0.0,0.0,0.0,0.0,0.0,0.0,0.0,0.0,0.0,0.0,0.0,0.0,0.0,0.0,0.0,0.0,0.0,0.0,0.0,0.0,0.0,0.770109906575415,16.354844882428406,36.792461398361006,52.114703417016294,34.1393743439194,33.4329774592349,30.117293714223496,23.0266869286372,1.91382794960383,1.5952239338689194e-15,0.0,0.0,0.0,0.0,0.0,0.0,0.0,0.0,0.0,0.0,0.0,0.0,0.0,0.0,0.0,0.0,0.0,0.0,0.0,0.0,234.33035
CCC1=CC(=CC=C1)O,167.55939999999993,0.0,0.0,0.0,0.0,0.0,0.0,0.0,0.4660986385591993,1.44626952616672,0.582225115832006,0.7031468486709088,1.0470496888845893,1.1723929907612298,0.709208093877277,0.8530978241979448,0.8965387699813628,0.749831122328475,1.40826950992468,1.68742052987179,4.28546042222302,8.03168722118677,14.4990459408511,14.7027431908256,15.334897597877696,12.4929960098025,13.0199359099959,11.0792335866209,8.48599181350617,7.71026098112875,7.60020245438027,9.634258833139468,11.0827038018345,7.38975820940233,4.19113876633352,0.978883612791271,2.5444336704292,2.526402379720952,0.2478169388938093,4.382876094589513e-16,0.0,0.0,0.0,0.0,0.0,0.0,0.0,0.0,0.0,0.0,0.0,0.0,163.55817
CC1=CC(=C(C(=C1)C(C)(C)C)O)C(C)(C)C,272.4218199999998,0.0,0.0,0.0,0.0,0.0,0.0,0.0,0.0,0.0,0.0,0.0491955281504572,0.4910612194532602,0.4146008878923891,0.62650786509817,0.2609390613133016,0.5773026575522454,0.334727595117679,1.00937703239958,0.805201304340542,1.11037487501476,2.12174719349591,19.9842718230763,32.3634832273568,34.6022333015385,30.4757325709302,29.2322779807059,36.6845486484335,29.809543843070493,15.0965904331131,9.45576398098693,12.436258330173397,7.19449506820712,5.86471327240602,1.42087230017328,0.0,0.0,0.0,0.0,0.0,0.0,0.0,0.0,0.0,0.0,0.0,0.0,0.0,0.0,0.0,0.0,0.0,310.56858
C1=CC=C(C=C1)CCO,167.31563999999997,0.0,0.0,0.0,0.0,0.0,0.0,0.0,0.0,0.0,0.192602447736671,0.75351928749326,1.434954971771459,0.4936651430983756,0.691185445729007,1.1706307624258991,1.0548660374534302,0.640743020952148,1.43936811735866,1.41839466042737,7.8873675988116,15.1476501178571,18.1847834669634,14.7874648216264,12.4182624231234,10.9459730769791,7.27646744442053,8.10480958643145,6.608596213415422,10.8720240221143,6.70532325787033,9.356582214270407,8.7729650479016,8.78565881497513,4.07685909027385,1.05523464264009,1.1116235128507097,0.9674534698267472,1.0189674247245195,1.6390070655817188,1.3519401483468003,0.790851842448671,0.159844802100389,0.0,0.0,0.0,0.0,0.0,0.0,0.0,0.0,0.0,163.55564
CC(C)CC(CC(C)C)O,213.0819800000001,0.0,0.0,0.0,0.0,0.0,0.0,0.0,0.0,0.0,0.0,0.0,0.0,0.0,0.182377684237977,0.5204634826621465,0.3920167550372132,0.858405831090648,1.16511739572445,0.749797529542892,0.880299106115205,2.11097424598812,6.83171331791227,27.108849498694305,36.6977721259853,33.9043700002949,23.7574888768517,20.9555017844052,24.350098669564,14.7086570419092,5.25450720555039,1.7093040379560729,0.671608190703306,0.639683436141989,0.920649561946244,2.19385756940461,1.0539127756641795,0.9707798237820848,1.473086840635608,1.32675840394872,0.3210998262773057,0.987742038100659,0.385086943873422,0.0,0.0,0.0,0.0,0.0,0.0,0.0,0.0,0.0,222.10748
CCC(C1=CC=CC=C1)O,184.40914999999995,0.0,0.0,0.0,0.0,0.0,0.0,0.0,0.0,0.0,0.143051123147832,0.2885454111209017,1.5297764249091477,0.413567040822117,3.054086657475252e-05,1.205907840967558,1.0777952778740203,0.939738624974025,0.710087715317822,1.08986583026075,8.73522507123751,12.8341475264626,16.2590300625548,15.7564471197218,16.3201622357264,13.835235215101,13.729261523659,15.1801236946715,11.9895110642104,11.3196828546237,5.47142509618419,11.421213811484495,7.93416745639969,6.4397178210067,1.3462793967429,2.0309634423133,1.6102093453285882,0.54849690044194,0.830732397552101,2.149681991871207,1.1760281406524218,0.0930420017929673,0.0,0.0,0.0,0.0,0.0,0.0,0.0,0.0,0.0,0.0,185.31789
CC(CC1=CC=CC=C1)O,185.2242000000001,0.0,0.0,0.0,0.0,0.0,0.0,0.0,0.0,0.0,0.0,0.0,0.0,0.0,0.175088213567122,0.3908463409851406,0.4579658521998729,1.40707140659224,0.459964185540607,1.74972977073647,9.13680635740321,15.9697591532712,20.0621279271554,21.225527517653596,15.5970250508791,12.6719488217445,12.2487202432136,13.6879432607119,9.83728011343256,8.41047670604028,6.0286987338422,11.249472859474496,8.51528558862376,4.00280319318491,0.979935326307468,1.09850380152111,1.8594675965210192,1.5281560239197276,0.8244262796772334,1.927741458576048,2.404542120054799,1.26235558846856,0.0545305087020037,0.0,0.0,0.0,0.0,0.0,0.0,0.0,0.0,0.0,187.85368
CC(CO)C1=CC=CC=C1,182.25467000000003,0.0,0.0,0.0,0.0,0.0,0.0,0.0,0.0,0.0,0.0,0.0,0.0,0.2674835485369765,0.517626451463024,9.337976716767342e-16,0.9663743135850844,1.15817108507098,0.749894933744918,1.34987932396247,9.26238035833701,15.7950578873566,21.2153008202138,17.8278140499763,14.0788878330639,14.6597505128062,12.3526624539964,12.8599601799993,8.68049057425923,9.4616727598014,6.36826950317908,10.083297428363997,7.64825215157073,3.9114714536293,1.73637893334625,0.979239350481891,2.0255950376405485,1.1382030661524398,1.06249856628919,2.680264918457157,2.3913618234562204,0.993924034582507,0.0325066466771273,0.0,0.0,0.0,0.0,0.0,0.0,0.0,0.0,0.0,187.66444
C1=CC=C(C=C1)CCCO,188.47697999999983,0.0,0.0,0.0,0.0,0.0,0.0,0.0,0.0,0.0,0.227694085834981,0.6060956680469354,1.6233829710987682,0.1874688997712456,0.933846981142205,0.6147546867107045,1.4702768157603288,0.601918553015077,0.748357179980717,1.60499838447565,7.47577565252675,14.7432230639345,25.5471308430216,19.9182934598884,16.897860321335497,11.3766731972097,8.74745118912314,10.0260735281393,6.6368558843844605,8.72128997906019,7.37054376473285,8.822212298788598,9.84843414068688,8.74441415357884,3.31214782821089,0.846854536094236,1.49023925083339,1.6324089706338687,1.2730783027419312,2.218682805783428,2.3375793595839,1.67652279177033,0.194440452100567,0.0,0.0,0.0,0.0,0.0,0.0,0.0,0.0,0.0,186.0934
CC(C1=CC=CC=C1)O,167.67133000000004,0.0,0.0,0.0,0.0,0.0,0.0,0.0,0.0,0.0,0.245808224827103,0.5429114305232584,1.4842551691309085,0.2393651755187252,0.327631652877614,1.2195259050959784,1.0307731952744503,0.682173456190664,0.498804095126722,1.57315466100109,8.98286199423077,14.3309932844224,16.1535847182612,15.484802155211998,11.3414089531509,10.7528877581291,9.05789617846184,14.235177418698898,9.30946039800276,8.27299023077215,6.0619794859465,10.407478022498696,9.42162219342975,5.04293569316949,1.18939706186932,0.899620831043168,2.1042432069330483,1.114494672794129,0.821811055188095,2.472957675688287,1.794883767759781,0.573440278771237,0.0,0.0,0.0,0.0,0.0,0.0,0.0,0.0,0.0,0.0,165.5889
CC1=CC=C(C=C1)CO,169.8274399999999,0.0,0.0,0.0,0.0,0.0,0.0,0.0,0.0,0.0,0.193467742134109,0.4802570083458435,1.5070514577897682,0.1745337917302831,0.275100848429346,1.457799048007028,0.9967580592569618,0.427777904375863,1.20204217305784,0.50868243302284,6.87928312379233,15.9436287893181,17.3504890024352,16.183626964117998,11.8557297248474,11.0026751948262,13.4532356347611,11.9287298612843,6.846115900556521,9.68545582958884,6.17678932751842,10.373217133583896,8.18346662275838,4.98124096466318,0.936128875844636,1.3535855187923,1.9461722843771687,1.1181942021607203,1.2007842202851098,2.677013670346957,1.8983780284075913,0.630028659583674,0.0,0.0,0.0,0.0,0.0,0.0,0.0,0.0,0.0,0.0,165.55767
CC1=CC=CC=C1CO,165.96451000000008,0.0,0.0,0.0,0.0,0.0,0.0,0.0,0.0,0.0,0.298518231011647,0.91826592186698,1.7160935213514488,0.4778859976396851,0.572845577101776,0.7460948342968317,1.0813965966985892,0.87422677555845,1.29997287641396,1.08135692642382,8.60058863958997,17.5517549835433,15.0668882847275,13.137944368553198,10.2892764474682,10.3536072429552,9.29127793042412,12.0368260539567,7.535848359303781,9.16149596398037,6.46441873236975,9.228989121213669,8.37648979388744,7.83042335693414,2.34387807122887,1.32996103483077,1.25039425683093,1.1317952873649824,1.8633478215767476,1.4749799174902607,1.3645489733720002,0.989908196295347,0.223209903739647,0.0,0.0,0.0,0.0,0.0,0.0,0.0,0.0,0.0,164.19567
CC1=CC(=CC=C1)CO,168.79337000000004,0.0,0.0,0.0,0.0,0.0,0.0,0.0,0.0,0.1284315009395,0.539334454872925,1.8710222404114276,0.6605218037761481,0.3910722490328754,0.863205800825738,1.0126924144305798,1.0879400682352598,0.954745854542093,1.01328568036498,0.751349614653282,5.78245591922986,15.4574857812866,18.8846822935883,15.7336527634189,9.77835974685215,8.92994237563158,11.1025246220871,12.6967434729965,6.171127045563422,9.27587136683882,5.86749571823265,9.610838142021716,10.9816612195113,6.91993630720775,3.30989185183568,1.40580284345045,1.7925765793044404,2.0200724246180988,1.659680076028481,1.2158519387674906,0.8258169464424017,0.0972988830015336,0.0,0.0,0.0,0.0,0.0,0.0,0.0,0.0,0.0,0.0,163.93676
CC(C)(C)CC(C)(C)C1=CC=C(C=C1)O,250.7584599999999,0.0,0.0,0.0,0.0,0.0,0.0,0.0,0.4608201164042464,1.42938166591783,0.60255225692932,0.6772217825563479,0.9647015103261104,1.2187112066962795,0.703806823947033,0.8551636991882667,0.836742776753995,0.68543720505041,1.32578566725657,1.8582848669033,4.83139533368551,7.32273887681119,11.898002033105,24.6228020811412,30.1507483890922,28.401585918542395,19.3447280462186,20.6428899724089,27.702805413250996,22.0805453763499,9.80709482119327,9.44974222920152,7.87577258930996,4.61862477313706,3.83757259487882,0.865939413779981,2.64425546205886,2.6314745828281825,0.4111325150766529,7.135215724409787e-16,0.0,0.0,0.0,0.0,0.0,0.0,0.0,0.0,0.0,0.0,0.0,0.0,294.64946
CCC(C)(C)C1=CC=C(C=C1)O,210.58179,0.0,0.0,0.0,0.0,0.0,0.0,0.0,0.5104900391165942,1.43609726744666,0.561323509675388,0.7155308668870758,0.9803938027338516,1.2067163529612397,0.689562193783384,0.8986980680370567,0.8108337278525591,0.71319859919493,1.44791998278433,1.9998471081133,5.5300295092194,6.65673928619665,11.9025471186037,21.6728587410585,19.3022245752567,18.8178623882937,16.765924604377,20.4208858751319,22.069122284244397,12.8379616975132,7.91583070559118,9.363084608630029,10.7349274960937,5.19237864942952,2.96997905149545,0.915789801718242,2.59530435741926,2.5902245317264425,0.3575031994146578,6.150579364028873e-16,0.0,0.0,0.0,0.0,0.0,0.0,0.0,0.0,0.0,0.0,0.0,0.0,229.4523
CC(C)(C1=CC=CC=C1)C2=CC=C(C=C2)O,251.49017,0.0,0.0,0.0,0.0,0.0,0.0,0.0273300953355229,0.6677902928968197,1.38030024529085,0.618823741406706,0.635028122462903,1.110462437694919,1.1215909839391,0.761018479275685,0.8445486959019739,0.8124525569857551,0.729459626331618,2.71949012356181,7.60048045545495,13.8596170065594,17.2342928276136,19.5468482473161,17.4988061435385,16.2257032609955,14.2558356354062,16.5879623761419,18.9529254202141,8.531544561910154,16.801380828581,12.6013162296938,15.961932198379497,16.3356208189609,17.144424688445,4.59769044899503,1.43989375454953,2.50494096212482,2.3077082477790927,0.0729504862572408,1.2801968435124046e-16,0.0,0.0,0.0,0.0,0.0,0.0,0.0,0.0,0.0,0.0,0.0,0.0,278.45369
CC(CC(C)O)O,151.7858499999999,0.0,0.0,0.0,0.0,0.0,0.0,0.0,0.0,0.0,0.281262516711835,0.818808625859487,2.683990252849747,1.559363151325912,0.749661899768854,0.9816277000623777,2.661820584891457,2.11695419657403,1.42672336965599,1.42693768579643,3.39735886100324,8.09322485236971,15.6182041904925,16.1310647508308,14.1145501108202,13.0420795981315,10.083402007933,14.0219929897596,8.253492003582778,2.8480165424334,2.04351959997177,1.96843138505093,2.19421168528943,1.51550121486278,0.878568457242528,1.81670390312436,3.242793166992811,3.717210294830396,2.579332827682464,3.3099837408983888,3.857098590275589,4.07923228186452,0.27272696106108,0.0,0.0,0.0,0.0,0.0,0.0,0.0,0.0,0.0,147.44986
CC/C(=C/C)/C,147.8174800000001,0.0,0.0,0.0,0.0,0.0,0.0,0.0,0.0,0.0,0.0,0.0,0.0,0.0,0.0,0.0,0.0,0.0,0.0,0.0,0.247351458424644,2.02297119845599,10.3662390325575,17.5256062691132,21.6120274504308,17.1512844776241,17.3761995098429,22.4659067452595,17.562532428949897,7.74777734056789,2.66760639830107,3.2497851993710696,2.9567698063829,2.49527334515304,2.01507522566872,0.355074113896896,0.0,0.0,0.0,0.0,0.0,0.0,0.0,0.0,0.0,0.0,0.0,0.0,0.0,0.0,0.0,0.0,139.01428
CC(C)CCC=C,169.0872800000001,0.0,0.0,0.0,0.0,0.0,0.0,0.0,0.0,0.0,0.0,0.0,0.0,0.0,0.0,0.0,0.0,0.0,0.0,0.0,0.41329304178371,3.81427840382407,8.41417132525211,22.4119140117421,25.3229443498093,25.1335152596992,19.0034347922998,17.6371150353855,17.662287684767996,12.2254405700993,3.86457484205893,2.297940282805411,4.03852562488928,2.9326646639623,2.16495192517253,1.75022818644858,0.0,0.0,0.0,0.0,0.0,0.0,0.0,0.0,0.0,0.0,0.0,0.0,0.0,0.0,0.0,0.0,163.67131
C1CC(CCC1CO)CO,189.25185000000005,0.0,0.0,0.0,0.0,0.0,0.0,0.0,0.0,0.0,0.230031558662831,0.9578857652427338,2.8174862774627667,1.2855067410499528,0.873830232474987,1.7572755996989484,1.3337713121445007,2.38915537432232,1.74139013404629,1.44022209713765,1.65669593399098,2.63684247277214,8.42012137872962,24.057413384907804,32.893577398425,31.242008190119,14.2621919141436,12.2647291746499,8.516002508523949,4.89724133011997,3.3854821584201,2.687997209288961,2.29472127303526,0.92199167213114,1.44537289512052,1.92912964331675,2.456217838378273,4.217748044873616,3.306635099818573,3.9805102360789486,3.7200612454162503,2.72299857680923,0.509605328687502,0.0,0.0,0.0,0.0,0.0,0.0,0.0,0.0,0.0,196.46873
CCCCCCC(=C)C,209.22402999999997,0.0,0.0,0.0,0.0,0.0,0.0,0.0,0.0,0.0,0.0,0.0,0.0,0.0,0.0,0.0,0.0,0.0,0.0,0.0,0.0,2.02633516484086,10.430272154086,21.746612726263,33.739531342269,33.4309134379065,29.5903983717009,27.6678685346639,21.718544122691895,10.7777961356366,3.93652560295922,4.964590504722019,2.11379073856431,2.7695110801509,2.60932654462161,1.43836585805842,0.2636476808648436,0.0,0.0,0.0,0.0,0.0,0.0,0.0,0.0,0.0,0.0,0.0,0.0,0.0,0.0,0.0,206.68231
CCCCCC(=C)C,189.70354000000015,0.0,0.0,0.0,0.0,0.0,0.0,0.0,0.0,0.0,0.0,0.0,0.0,0.0,0.0,0.0,0.0,0.0,0.0,0.0,0.0,2.08367544746762,10.4713830324847,21.052673822977702,30.4052283745445,28.4829669333818,25.4120578690023,24.5834444595538,19.988449757443796,9.8298872252791,3.65192539470592,4.08515161407846,2.52528456827794,3.10311711324402,2.37057947069019,1.54356543667006,0.1141494801982578,0.0,0.0,0.0,0.0,0.0,0.0,0.0,0.0,0.0,0.0,0.0,0.0,0.0,0.0,0.0,185.36833
C1=CC(=C(C=C1C(=O)O)C(=O)O)C(=O)O,214.12236999999993,0.0,0.0,0.0,0.0,0.0,0.0121061717812728,2.4339401278645516,2.8782742017077387,0.919176812909538,4.47590522733349,4.25409881384077,1.6156289302223446,0.4040239865388092,1.04193585502047,2.5146775855428674,3.662820542168388,4.31037385909046,5.02353031619696,4.44367135719069,2.45955286671433,4.61310102917552,6.65232034216533,11.942411728788802,15.3847021360986,15.2700455736443,18.5998432353827,12.970328651508602,9.900730396646928,7.3466014202249,6.85420551557558,6.55891956397482,8.24906718606261,11.8281848050329,4.97312112462899,8.82961510448117,17.258851560158977,5.868267608452322,0.5723363638742179,1.049251847637393e-15,0.0,0.0,0.0,0.0,0.0,0.0,0.0,0.0,0.0,0.0,0.0,0.0,220.60501
CC/C=C\C/C=C\C/C=C\CCCCCCCC(=O)O,398.16172000000006,0.0,0.0,0.0,0.0,0.0,0.0,0.0,0.1782075534299343,1.27479693736705,0.313485509203011,0.7323524685252573,1.4918460986116886,1.2204064417157403,0.393998900679261,0.1965770872360653,0.3584372042232937,0.942195134885876,0.909634394697599,1.17388661876872,4.73083018205285,5.43200004921144,21.6438384107481,46.946208890182405,62.8359729591675,56.2623537479264,46.3756526289159,34.0312648841416,29.373242060014192,14.6878985672823,18.1162930750442,12.766503260533304,8.53780125154934,6.82825572396804,5.79471335100384,2.46469911386503,4.792087128306341,5.344808289512718,1.928462540784492,0.0830095364466211,1.4554443377228895e-16,0.0,0.0,0.0,0.0,0.0,0.0,0.0,0.0,0.0,0.0,0.0,408.50047
CC(C)C1=CC2=CC[C@@H]3[C@@]([C@H]2CC1)(CCC[C@@]3(C)C(=O)O)C,324.23524,0.0,0.0,0.0,0.0,0.0,0.0,0.0,0.1547561075101834,1.18643723431138,0.405676658178435,0.7395932857129485,1.409062947667559,1.0886378423498304,0.511595924269665,0.2101464552078305,0.3554144740257317,0.809783621074147,0.908646901569554,0.669019903755764,0.819207308879537,2.07825055318877,13.3382438710449,43.3238846035635,49.7216993857154,44.7197235046735,42.5786847265747,35.8002438132915,26.642351812181793,9.5900717191288,8.03373381600808,7.27691750160785,9.08362551555147,7.65696793159168,3.76778761329107,1.65031599388563,3.2559734785407537,5.2503276017281255,1.1984578939199335,2.128979885011946e-15,0.0,0.0,0.0,0.0,0.0,0.0,0.0,0.0,0.0,0.0,0.0,0.0,398.13263
C(CCCC(=O)O)CCCC(=O)O,244.52909999999991,0.0,0.0,0.0,0.0,0.0,0.0,0.0,0.3783302593418937,2.55260745324982,0.602042287408293,1.5346092024253684,2.965965163879988,2.407181977046521,0.783486681725688,0.3924679587978026,0.7159342626672535,1.9108417298922,1.81583784975978,2.25882827772287,9.49984697640503,8.58042529064882,10.7474200656901,25.227025170317404,37.2921007915968,29.519187152509996,18.2118739587978,12.3020948128835,7.73979813754191,7.37268033597047,5.50217858263821,7.1649293484502685,3.64534865929466,3.98609661631883,10.2988960824463,4.9747896776555,9.282184621473183,10.855980737015976,3.8559777622300144,0.1521321161976613,2.6378981066245347e-16,0.0,0.0,0.0,0.0,0.0,0.0,0.0,0.0,0.0,0.0,0.0,244.0452
CC(C)(C)C(=O)O,142.11913999999993,0.0,0.0,0.0,0.0,0.0,0.0,0.0,0.29284138349218,1.34814889654984,0.125509719957984,0.8445656570945628,1.6172596773572687,1.064077643440221,0.281857022107944,0.2192836559956881,0.3640210660169087,1.01835341055799,0.820862551319979,0.518232332084942,0.482799518838007,3.73991754329773,14.2833925728416,16.0440488856494,15.030007292079,12.5418803304062,14.0219067213328,18.5403189663718,7.514193468947679,3.95751529500773,2.64337091284204,2.2975863071562506,3.21439745407566,2.8668175858438,3.5224319565867,1.35497099855501,2.5607731272679555,5.71873707594516,2.88979226650229,0.3792687044776204,6.359272965596818e-16,0.0,0.0,0.0,0.0,0.0,0.0,0.0,0.0,0.0,0.0,0.0,139.76314
CCCCCCCCCCCCCCC(=O)O,350.6777500000002,0.0,0.0,0.0,0.0,0.0,0.0962567614095256,0.699335567163593,1.2994815989282678,0.265369448528683,0.597674623043671,1.5191226451398283,1.1916455237136905,0.4496409026019693,0.339354011280797,1.0670625242265186,1.3576262414211897,0.891434831946427,2.60247778199501,4.37571422273646,3.37107036882522,4.51136523904663,4.894981033029,20.46178755568091,54.00301812479991,67.6399670431142,52.5773380710786,42.1473375813443,27.560088381039996,22.7547924784139,2.15394660232766,2.39035098260325,2.67350051096046,0.708990630336892,3.33811778118857,3.96790143665633,6.68696802500387,6.5746139820651885,3.162012593943772,1.9258876682592825,0.4215172261466027,0.0,0.0,0.0,0.0,0.0,0.0,0.0,0.0,0.0,0.0,0.0,359.90312
CCCCC(CC)C(=O)O,203.50768999999997,0.0,0.0,0.0,0.0,0.0,0.0,0.0,0.1797783347699133,1.28222548843888,0.304486176791209,0.8085903478577772,1.576717454269959,1.0195355815249212,0.442176616347346,0.2278792743071054,0.3694552325169978,0.923821233926394,0.925554829927471,0.557964830763658,0.533408589589347,1.46781378585755,8.23461886062699,21.237143436318703,31.5093481189571,33.3626014821745,25.0096517806134,21.5903048219534,18.124851088101497,5.05764291683783,2.26392990404823,4.035060364522319,1.60681387467992,2.89171548950178,4.60805661859544,2.35977246492022,3.6712126974429737,5.362259765325408,1.9605385538836917,0.0027599846080411,4.799758661221206e-18,0.0,0.0,0.0,0.0,0.0,0.0,0.0,0.0,0.0,0.0,0.0,205.30264
CCCCCCC(=O)O,190.72374000000008,0.0,0.0,0.0,0.0,0.0,0.0,0.0,0.1845152700882413,1.27474995814504,0.307224771766719,0.7557303986008782,1.4819545228156688,1.2117230449632204,0.392313962215093,0.1974007851040393,0.3577800352260917,0.948521409880811,0.905704325682405,1.11185470281441,4.70378975990176,4.30030116012181,5.35233460960912,15.964778648489906,29.7026872718839,30.221086253253297,21.609280846536,16.9610298713144,15.755830989390796,7.13106558023713,2.73696159103779,3.5729906284915893,1.86576504848846,1.95092574739253,5.16569621795005,2.49355271940628,4.612303384931522,5.457585702624567,1.9514566140114225,0.0848441676251348,1.4920695547333863e-16,0.0,0.0,0.0,0.0,0.0,0.0,0.0,0.0,0.0,0.0,0.0,183.52011
CCC(C)(C)C(=O)O,157.88298000000003,0.0,0.0,0.0,0.0,0.0,0.0,0.0,0.2507740864844991,1.34563146951917,0.170094443996333,0.713901893150797,1.6611710400235882,1.1316491726199909,0.301037894205627,0.2027210257353431,0.3601960112164777,0.978143503265982,0.842124395109912,0.532126731568761,0.479039574442005,3.00329087970005,11.6694698729813,18.8103348527818,18.4819820551972,16.9490635457319,19.2852526643446,18.48342288456,10.580453258973495,4.00068898569072,3.24890944508601,2.131540696947281,3.21815234855269,3.07514408799833,3.51195832717747,0.816703873658182,3.128839024149185,5.57181533951514,2.67752333439121,0.2698232812249732,4.895420201811869e-16,0.0,0.0,0.0,0.0,0.0,0.0,0.0,0.0,0.0,0.0,0.0,160.22316
CCCC(C)(C)C(=O)O,176.38833000000002,0.0,0.0,0.0,0.0,0.0,0.0,0.0,0.0,0.34490124301312,0.283188756986881,0.9422968111566608,1.0395242780858898,0.5692447951014658,0.374027477307848,0.4261195435722499,1.3111106109477484,0.827241900164803,1.29545904943493,1.54461612384879,2.97100009221065,9.10507256549925,15.1123825857938,22.8584744154642,20.2622632868635,17.8990635539429,15.1433383736846,18.3691703056357,10.997633471255396,3.33124202535057,1.39987684430714,2.0183114794341996,1.65648411871102,1.64409763724625,3.3029135114976,4.53849659764932,4.755764879286872,5.757300360145652,3.355342803151468,2.174615260497132,0.7777552427524195,0.0,0.0,0.0,0.0,0.0,0.0,0.0,0.0,0.0,0.0,0.0,180.80329
CC(C)C1=CC2=C(C=C1)[C@]3(CCC[C@@]([C@@H]3CC2)(C)C(=O)O)C,317.79913999999997,0.0,0.0,0.0,0.0,0.0,0.0,0.0,0.269181365512663,1.33980982954492,0.157508804942415,0.8071791038966809,1.6414943658572287,0.987349657318248,0.352116872927839,0.2573161433044341,0.3793686948537038,0.904068217967058,0.860296847634211,0.59839790119198,1.38928299956014,6.58582365772407,21.2830023777338,44.7165451026487,40.7830177754058,37.3093474249911,34.6875278977235,29.8092372618563,29.515743520676292,14.3911868147483,7.29023479869718,7.67344352282243,8.72088522984502,5.62707575225225,6.36724666599463,2.96151191261315,1.7489388618767758,5.064129321124843,3.1226506899181365,0.1982206068361772,3.4321791266009983e-16,0.0,0.0,0.0,0.0,0.0,0.0,0.0,0.0,0.0,0.0,0.0,394.74753
CCCCCCCCCCCCCCCCC(=O)O,390.4351700000003,0.0,0.0,0.0,0.0,0.0,0.12039699872234,0.696417116672959,1.283355884604698,0.28720727885371,0.672142721146291,1.3990694110386286,1.2808450537767002,0.4261975545247555,0.287919623937569,1.1113383240945984,1.4918218217067394,0.784616707065036,2.53106134518915,4.36588190481637,3.41002601656026,4.48764593319586,4.82778284411686,21.04800951419502,60.95413090908091,77.7203447254846,60.7415557183299,49.3648888248115,30.944324339790896,26.2922690527798,2.11652984882717,2.34681812449281,2.70888617721019,0.74814645514581,3.20274995127498,3.8842033676914,6.69749569167478,6.615779913834299,3.174526752610692,1.974817127661442,0.4359669650816297,0.0,0.0,0.0,0.0,0.0,0.0,0.0,0.0,0.0,0.0,0.0,403.07845
CCCCCCCCCCCCCCCCCCC(=O)O,430.4602400000002,0.0,0.0,0.0,0.0,0.0,0.144435598090435,0.6807917256686912,1.274942676240868,0.248580774007994,0.822652827930118,1.430759243527799,1.2091715871246704,0.2209203875732497,0.307621321917031,1.3221670642300485,1.4472616129001097,0.803740060600438,2.57161636745297,4.15923308032513,3.46095287419624,4.59159636599902,4.60947167209391,22.00781041801672,67.32416532583471,88.218812133054,69.5109394366638,55.788968254695,33.9418039504868,30.3832702905955,2.15536375938802,2.37141789519836,2.71911661908243,0.750408227703539,3.16240719072666,4.10711920059721,6.56376769061326,6.595231090734899,3.169989135703472,1.9544168508041024,0.4293172902230047,0.0,0.0,0.0,0.0,0.0,0.0,0.0,0.0,0.0,0.0,0.0,446.57835
CCCCCCCCCCCCCCCCCCCC(=O)O,450.03521000000023,0.0,0.0,0.0,0.0,0.0,0.102066835868497,0.718300937855109,1.279802226276388,0.296854266308754,0.55875788505745,1.5467996938261783,1.2511340403090805,0.3626504515950346,0.341659876119515,1.1432954056815687,1.3426446013669495,0.919145838590347,2.57949097745136,4.34795477258856,3.41013534745896,4.53845993393021,4.7368658978661,22.11507267816172,70.61995913699552,93.2705618033114,73.9270720357859,59.5941840741028,35.2970857783394,31.7199188301303,1.81021029717959,2.687989864501089,2.80283608800725,0.682062481346914,3.23066052335232,3.91491177883246,6.64169164347971,6.606891464824929,3.166954029918062,2.0102128560098924,0.4609156475708866,0.0,0.0,0.0,0.0,0.0,0.0,0.0,0.0,0.0,0.0,0.0,468.60837
C(=C/C(=O)O)\C(=O)O,141.05796000000004,0.0,0.0,0.0,0.0,0.309941716120048,1.35615130177779,2.1388172556346574,1.279289726467493,0.678721649471904,3.78920029010639,2.8291681259946317,0.8237873746933173,0.5703313869496515,2.32498452265213,1.7072491848621312,1.353746276233171,2.75251355966979,3.56613811838965,2.25361219791349,2.17320203496744,4.03997358316033,6.98835150736792,10.4401730532993,8.69106795507964,7.16549002202156,6.07382042087575,2.3030408788393903,4.98374703468683,5.41873006647175,4.65952337462217,3.793846049546231,4.09884072470909,9.85025505349276,5.4204548900648,8.05391397424782,12.463826907461486,4.522727076854441,1.8674424348460297,0.3158802704490495,5.613939382447233e-16,0.0,0.0,0.0,0.0,0.0,0.0,0.0,0.0,0.0,0.0,0.0,127.22026
C(CCC(=O)O)CCC(=O)O,204.67056,0.0,0.0,0.0,0.0,0.0,0.0,0.0,0.4326461315348275,2.55930633307156,0.541027535393614,1.679678756127108,2.924297089341288,2.3650890326413907,0.72497512189021,0.4129764254321605,0.7177193119283685,1.98401746062261,1.79771459929796,2.56536912588536,10.0959794921554,9.16585893930007,12.5619892281281,25.9010219150477,24.166877630334195,17.352452662422497,8.92973940559449,8.36523792070507,2.620445220142792,7.5902436751702,5.4443803473881,7.090965575715078,3.3926970983436,4.38816566158767,10.0747585257817,5.07085751316022,9.237410183304831,10.711714865364376,3.683259682638554,0.1216875345489003,2.0937334654195402e-16,0.0,0.0,0.0,0.0,0.0,0.0,0.0,0.0,0.0,0.0,0.0,199.80219
C(CCCC(=O)O)CCC(=O)O,224.52306999999996,0.0,0.0,0.0,0.0,0.0,0.0,0.0,0.3877381309168977,2.55304519161317,0.592196677469938,1.5573051405579783,2.9659952312377578,2.390330524046321,0.780409104157944,0.3947336481475836,0.7164543823158724,1.92376429644714,1.8139479535093,2.39020908496366,9.72947329133441,8.65477152420387,11.1430044598001,26.500458826623102,31.226134531245897,24.074507015391095,12.3444930919859,10.95459628872,4.349299066623232,7.47345674549434,5.43827962162502,7.126466600288918,3.61501325673749,4.10296161000792,10.2652496041263,4.93781011822022,9.46999109054708,10.688645480392276,3.808884333640724,0.1534440776085206,2.802215228486691e-16,0.0,0.0,0.0,0.0,0.0,0.0,0.0,0.0,0.0,0.0,0.0,221.84178
C1=CC=C(C=C1)/C=C/C(=O)O,188.58398,0.0,0.0,0.0,0.0,0.0,0.0,0.0,0.4532597505597394,1.2257374821752,0.0874927672650578,1.0815636942774185,1.4494604164277494,0.9664863725442558,0.329879516750566,0.2557470999365511,0.3389803349509458,2.38211281698891,4.95092241173174,10.8410396248401,13.3523285591121,11.0166863057334,7.51632873056106,7.598590003540271,9.04345868832349,9.98528550672122,12.0005627236804,13.3180062928484,13.8743502606334,14.8989836997159,14.3460520384637,12.422053913148202,3.35106322072936,2.56390968495846,3.6281021345738,2.43120416086137,1.4263276191238987,6.376538258326991,3.7650960721485895,1.3063698383477342,2.3493507159024128e-15,0.0,0.0,0.0,0.0,0.0,0.0,0.0,0.0,0.0,0.0,0.0,184.22634
C(CCCCC(=O)O)CCCC(=O)O,264.36837000000014,0.0,0.0,0.0,0.0,0.0,0.0,0.0,0.3580694914338017,2.54969861798502,0.625211890581181,1.4743825979778884,2.9925570527399774,2.422983275134751,0.793211916118906,0.3931104464709987,0.7152688194345115,1.88841176939517,1.82365256572925,2.29484438781214,9.4779768952105,8.42330976145675,10.6776724443659,25.036671004576608,41.1382374053152,34.9148555845229,23.4885329870583,14.503786523791902,10.735043908286798,7.82542282757117,5.46503085758618,7.173049556152598,3.67483842010721,3.95331556960845,10.3681659267667,4.86906284169042,9.525068338761722,10.722996727512175,3.8843845648405937,0.1795450240044326,3.238554766619991e-16,0.0,0.0,0.0,0.0,0.0,0.0,0.0,0.0,0.0,0.0,0.0,266.17139
C=C(CC(=O)O)C(=O)O,154.04874999999998,0.0,0.0,0.0,0.0,0.0,0.436774174930875,0.8002120056241818,2.0694318896499757,0.837234524298738,2.05054424398125,2.07868900980983,2.11340533021421,1.4214497515323212,1.00944715132518,1.03179425891435,1.9780903959117684,3.72246580515513,5.11129219201398,3.7710317132373,4.63929589441173,5.56004681337204,8.16323117596109,10.7125121968758,9.66925042456398,7.894461831048769,5.64396679055887,4.24175302891811,9.20588881888416,4.83817998978361,5.75642505383698,6.3196102982859195,2.36215623349686,7.41337618120832,7.86133695971332,7.9719426100081,8.471608782484825,5.21994105881442,2.38061175914978,1.1568745655722423,0.1344170864519858,0.0,0.0,0.0,0.0,0.0,0.0,0.0,0.0,0.0,0.0,0.0,146.51965
CCC(CC)C(=O)O,164.51852999999994,0.0,0.0,0.0,0.0,0.0,0.0,0.0,0.3795921715362196,1.31137322875825,0.0755245997055292,1.2357628542340675,1.37703983349547,0.9732160697133888,0.261001242557077,0.259701134122644,0.3943111428266568,1.13754603338902,0.774558802839192,0.475498760618944,0.560844189825031,2.56667863561573,12.8086162373582,18.528389662719203,23.656696138051096,19.2489758224296,17.0628823246571,16.5499129728637,12.102424998428896,3.83384792310839,2.16079901551668,3.7009518844031386,1.55789366207273,2.54550398756742,4.23301225066629,3.36726165315755,2.510928019155985,5.450939433727862,3.079658671517138,0.337186643361734,6.034115602330449e-16,0.0,0.0,0.0,0.0,0.0,0.0,0.0,0.0,0.0,0.0,0.0,162.70798
C(CC(=O)O)CC(=O)O,165.1697299999999,0.0,0.0,0.0,0.0,0.0,0.0,0.0,0.6638547034783566,2.59266863872614,0.276456657795504,2.2990302366793864,2.7945991273024293,2.0700230380689315,0.530387597949249,0.516323120174473,0.7309106160629306,2.33730281030841,1.71474376005301,7.25954797145928,12.7629470603575,9.41381860015313,13.2109928918298,11.9905707156136,8.48220945711025,8.11643068213707,5.5169218188437,3.7598849243688406,2.5825772693236124,7.62423405449369,6.20026356797461,6.68965579574444,2.30042630023837,6.16109848939781,9.20271203542297,5.57090753590885,9.36427428734572,9.791437392510074,2.642240167303084,0.0002786758646876,4.974212395545626e-19,0.0,0.0,0.0,0.0,0.0,0.0,0.0,0.0,0.0,0.0,0.0,155.91513
C1=C(C(=CC(=C1C(=O)O)C(=O)O)C(=O)O)C(=O)O,243.22631000000015,0.0,0.0,0.0,0.0,0.0,0.0,2.133449112919203,4.90436360537403,1.29396438572021,5.33338742890259,6.328875672921628,2.1889474730878167,0.5152544792103569,1.45702464189183,3.830201492522956,4.110003143425929,1.74927383751205,3.6720929205567,4.33734224219823,3.33029694352313,9.17077850484853,10.3107217737206,11.843248582903204,18.225173686486094,13.60609009392,10.603859732415,11.1867194492382,15.584183934837698,10.5949123447763,9.51966984839296,6.214294981207233,10.7819455955152,12.4557427212111,7.91479457781236,22.6929216929235,15.336556240395876,2.000218859629623,6.8968262752365624e-15,0.0,0.0,0.0,0.0,0.0,0.0,0.0,0.0,0.0,0.0,0.0,0.0,0.0,256.58546
CC(C)CC1=CC=C(C=C1)C(C)C(=O)O,258.4296099999998,0.0,0.0,0.0,0.0,0.0,0.0,0.0,0.4293800527613176,1.30982921586333,0.0862582431066882,1.3635302031855678,1.36083033981076,0.9224156210556428,0.173542569117238,0.3081999186694877,0.4860631611248037,1.16802016313757,0.758801782367315,1.13468224611662,5.60078610613401,10.5171117212895,17.2373350413785,26.9511109748021,29.6969928960415,27.0816723440868,22.2032692248678,22.5391544509771,22.999771345733595,14.9268611629322,11.7576806060165,11.7250034888829,5.57217794897937,4.09246612168873,4.4849337768001,1.60573390158803,4.51892084176319,4.704944770557086,0.7121297591645078,1.2413422401740813e-15,0.0,0.0,0.0,0.0,0.0,0.0,0.0,0.0,0.0,0.0,0.0,0.0,281.15539
CC1=CCC(CC1)C=C,180.24256999999997,0.0,0.0,0.0,0.0,0.0,0.0,0.0,0.0,0.0,0.0,0.0,0.0,0.0,0.0,0.0,0.0,0.0,0.0,0.0,0.423651397564237,4.01005943837701,15.0096478958228,27.0982573348694,27.358906448105095,21.7656919483738,17.8791359285351,18.8812840092791,10.9715092840388,8.36451025357642,6.35142705842904,5.285871875395251,5.97335738102762,5.19253038476873,3.85325958259925,1.78521839395932,0.0382513852790056,0.0,0.0,0.0,0.0,0.0,0.0,0.0,0.0,0.0,0.0,0.0,0.0,0.0,0.0,0.0,183.30751
C1=CC2=C(C=CC(=C2)C(=O)O)C=C1C(=O)O,230.3034499999999,0.0,0.0,0.0,0.0,0.0,0.701934355561114,0.8179794536370355,1.6141203545296972,1.36292740001869,1.80810024648001,2.6621813568828787,1.5974822807778115,1.256341864559381,1.20658844566008,1.20476585657578,1.8878274927528889,3.06091147251413,7.80732665916118,11.0685168739592,8.46496499618342,6.20183715842207,7.50318726334927,10.001427154762702,13.0903563364516,13.8078077850027,12.7572828744771,28.695259336748897,21.364771679424496,12.8888218711673,6.55340808846197,4.516978052213322,4.00755700834877,7.0198656317259,6.57937555263697,5.52467414072327,10.671057424292696,8.598655905510508,2.68758575057672,1.1568899512559128,0.1546819251944657,0.0,0.0,0.0,0.0,0.0,0.0,0.0,0.0,0.0,0.0,0.0,239.03015
CC1=CC(=O)OC1=O,136.36094999999997,0.0,0.0,0.0,0.0,0.0,0.0,0.0,0.0,0.0,0.0,0.0,0.0,0.0,0.0,0.8076620262586997,2.6748677688027063,1.67626268523666,2.71933055919931,10.1528657307715,11.7714302027819,9.01232528467902,9.63610967083979,12.3268855533145,12.204856424196596,4.996407482479089,2.13274564547235,2.34528583732809,2.73735795076232,3.00387889871884,4.11487657103421,5.192549291380379,6.98699264644729,8.52847702841932,10.7922128576796,8.21375144487159,3.926098986426003,0.4077194529001806,1.4383469171185518e-15,0.0,0.0,0.0,0.0,0.0,0.0,0.0,0.0,0.0,0.0,0.0,0.0,0.0,125.77013
CCCCCCOC=O,192.96789999999987,0.0,0.0,0.0,0.0,0.0,0.0,0.0,0.0,0.0,0.0,0.0,0.0,0.0,0.0,0.0,0.0069995666379113,2.28956698032889,2.81413432011534,1.65056830798546,3.78917116049644,5.77356445176233,11.0456767414083,23.107803987835805,30.1971499077825,26.5085835137017,20.6929942556717,16.0067595018718,14.667993756338596,6.14040664575962,2.25063192689767,2.20370128486242,3.40688962414542,2.29628620203666,3.49820734728854,2.20251435255235,4.598115731684751,5.10978449280364,2.1962760509684203,0.5141198890636031,8.464522587414643e-16,0.0,0.0,0.0,0.0,0.0,0.0,0.0,0.0,0.0,0.0,0.0,185.34101
CCCCCCCOC=O,212.97676,0.0,0.0,0.0,0.0,0.0,0.0,0.0,0.0,0.0,0.0,0.0,0.0,0.0,0.0,0.0,0.0087761952085394,2.30198427666739,2.79986309224592,1.65633085407712,3.69715514739832,5.9650415916532,10.7204701347768,23.226610719107303,34.3262016389991,31.3121567890998,25.394834928184,19.0799157891665,16.111405067488896,8.01562805475419,2.39988696259549,2.1296154068283206,3.46431745402929,2.2721126390022,3.49428280877992,2.25018160123727,4.517353866191821,5.1070586647213005,2.21434251496253,0.5112338028247889,8.804243719117133e-16,0.0,0.0,0.0,0.0,0.0,0.0,0.0,0.0,0.0,0.0,0.0,207.51643
CCCC=C=C,149.1558100000001,0.0,0.0,0.0,0.0,0.0,0.0,0.0,0.0,0.0,0.0,0.0,0.0,0.0,0.0,0.0,0.0,0.0,0.0430029754837961,2.20361296798291,4.92243991219915,4.82892019633807,9.21685371186853,16.3450112263726,19.3195448193787,16.1784062310198,14.5669303458427,13.7912566181696,14.590420051962596,5.84670091153197,6.91493585818005,8.096980024927518,7.59031395461592,3.85468191297585,0.845798281150329,0.0,0.0,0.0,0.0,0.0,0.0,0.0,0.0,0.0,0.0,0.0,0.0,0.0,0.0,0.0,0.0,0.0,134.83923
C1CCC(CC1)OC=O,168.75474,0.0,0.0,0.0,0.0,0.0,0.0,0.0,0.0,0.0,0.0,0.0,0.0,0.0,0.0,0.0,0.2594778756715215,3.16290342234928,3.60381430237172,2.54694368747537,3.12546163923687,4.49635459230218,13.045532339144,25.3504946429113,24.273994944613396,19.4343189649502,18.4744054042282,12.482483957157704,4.634613740958609,1.91271126246565,1.30066832871396,2.446221119249289,3.28117313607678,1.77713651456137,3.03388889170975,4.1507778478071,7.144089426879056,4.744916920803095,3.1510355582150757,0.921321480148524,1.5943997551262588e-15,0.0,0.0,0.0,0.0,0.0,0.0,0.0,0.0,0.0,0.0,0.0,167.69431
CC(=O)OC(C)(C)C,163.56318999999996,0.0,0.0,0.0,0.0,0.0,0.0,0.0,0.0,0.0,0.0,0.0,0.0,0.0,0.0,0.0,0.0,0.0,0.0211549967864108,1.6496364786526,3.98774010841413,10.5985039160687,17.4996330823449,18.6039769343116,16.652417206526,20.2841720988762,15.7045851905897,22.4377024985843,7.804928960972179,2.89769745706467,2.57440797633146,2.0771329857279506,1.26137546579824,3.91147015706324,3.19778882429994,2.41473044110824,2.2669743343096305,2.5134970980985303,2.6098582010929396,1.9500241542308512,0.6437814327475645,0.0,0.0,0.0,0.0,0.0,0.0,0.0,0.0,0.0,0.0,0.0,161.51843
CC(C)C(=O)OC,149.17916999999997,0.0,0.0,0.0,0.0,0.0,0.0,0.0,0.0,0.0,0.0,0.0,0.0,0.0,0.0,0.0,0.0,0.0,0.0337478984444469,1.76642221520903,7.21812105690971,8.29193971401972,14.2302929644732,19.2629783214849,20.098483678002296,14.5290206476628,10.8638823152797,14.5624197023486,8.594460031468858,2.95739813505112,3.36432840549344,1.8737232481781112,3.94956592180418,2.46777989799087,1.7590239927221,2.28660682745206,1.5758430179800338,3.791879576470334,4.970876661249595,0.7303757703048445,1.2915352397085277e-15,0.0,0.0,0.0,0.0,0.0,0.0,0.0,0.0,0.0,0.0,0.0,140.18916
CCOC(=O)C(C)C,168.8474199999999,0.0,0.0,0.0,0.0,0.0,0.0,0.0,0.0,0.0,0.0,0.0,0.0,0.0,0.0,0.0,0.0,0.0,0.0,0.33476470457618,3.29199216127876,9.72064090158927,17.8501563051191,23.8899734232752,20.7498622852607,17.7389790166301,17.069971074082,18.5064239773676,10.196202827242496,3.90335596213241,3.76791618267808,2.229267140282931,2.12315840217636,2.35266977718582,1.53673380505461,1.90337754817413,1.896813837222442,3.00350608778954,5.76364508400599,1.0180094968761584,1.8050363885447493e-15,0.0,0.0,0.0,0.0,0.0,0.0,0.0,0.0,0.0,0.0,0.0,161.73011
CC(C)OC(=O)C=C,165.28489000000002,0.0,0.0,0.0,0.0,0.0,0.0,0.0,0.0,0.0,0.0,0.0,0.0,0.0,0.0,0.0,0.0,0.0,1.2286986087044,4.52674957186334,5.84265452859393,9.72464693838561,15.3673843477387,18.768107156222097,14.118360888162302,16.2514023567626,19.4113120318292,15.294854429500502,8.800734133672009,6.31238039205192,6.36960755792256,3.5162649668423227,2.95707692623343,1.53816055909396,1.96963122640466,2.84760632815157,1.0277583409963258,4.367888963134467,3.5592131398765128,1.4792452559841236,0.0051513518734818,0.0,0.0,0.0,0.0,0.0,0.0,0.0,0.0,0.0,0.0,0.0,157.4796
C1=CC=C(C=C1)COC=O,176.53084999999987,0.0,0.0,0.0,0.0,0.0,0.0,0.0,0.0,0.0,0.0,0.0,0.0,0.0,0.0,0.0487596298467875,1.9691018893660168,3.56490750351554,4.31383512730674,7.99168566014487,14.7572244826183,14.9758451296906,14.3750859238914,10.2287723699803,8.3352293032587,7.88982558375156,8.63204156613793,8.09965993224283,9.5218938493336,10.3043549175361,12.8206039880013,10.980583859515402,2.68433178701567,3.57412640169693,3.16582844294745,5.18194189562044,6.3060882549689765,4.199260108632734,2.376078551593076,0.2337838413866274,3.950841643366461e-16,0.0,0.0,0.0,0.0,0.0,0.0,0.0,0.0,0.0,0.0,0.0,172.88372
CCCCCCCCCCCCCCCCOC(=O)C(=C)C,444.3375500000002,0.0,0.0,0.0,0.0,0.0,0.0,0.0,0.0,0.0,0.0,0.0,0.0,0.0,0.0,0.0,0.0,0.0,0.158270369530408,1.55881745295577,4.05883245330031,10.0706030860242,14.5420471734096,30.642872901467417,68.66676214771641,87.7848163945284,73.7759354343484,58.4831094264911,34.5106823328963,29.908366346731,8.19453099447234,4.1198180663533135,1.13060715646237,1.63825397823973,1.11771195339654,3.2784878594981,1.6166181201773624,2.989630127730059,5.68244746286726,0.4083287614037826,7.182595413661479e-16,0.0,0.0,0.0,0.0,0.0,0.0,0.0,0.0,0.0,0.0,0.0,461.58043
CC(=C)C(=O)OCC=C,180.65918999999997,0.0,0.0,0.0,0.0,0.0,0.0,0.0,0.0,0.0,0.0,0.0,0.0,0.0,0.0,0.0,0.0,0.0,0.223018908765146,4.13048399698124,12.041178322561,16.0409711425455,15.9852629891304,12.5285273647453,14.8534062443479,15.203997490665,17.4369070156464,17.2719845021156,9.58696056705444,7.99078570905067,9.37987734982418,5.978206293914223,3.32695957112197,3.58758270998176,2.20317279405097,3.0833598349716,1.5913638444752454,4.681559608142526,3.508523659723134,0.0251000801857726,4.3425053710296336e-17,0.0,0.0,0.0,0.0,0.0,0.0,0.0,0.0,0.0,0.0,0.0,173.59702
COC(=O)C1=CC2=C(C=C1)C=C(C=C2)C(=O)OC,272.4387899999999,0.0,0.0,0.0,0.0,0.0,0.0,0.0,0.0,0.0,0.0,0.0,0.0,0.0,0.0,0.0,0.0,0.0,0.552379363005905,9.16871268257427,20.6513404051685,21.1106619943721,17.6304897589161,22.8939357446162,21.5250668399531,20.7852433550042,18.0520087477459,30.103623760257396,29.395576254598392,13.9622950587207,7.81881751285162,4.866258047226243,4.10283329008363,2.46519393034407,5.86714064647937,3.28123923270197,5.36148190082074,11.027797823342969,1.8166936512165617,3.207892550570119e-15,0.0,0.0,0.0,0.0,0.0,0.0,0.0,0.0,0.0,0.0,0.0,0.0,283.118
CC(=O)OC1CCCCC1,186.22848999999997,0.0,0.0,0.0,0.0,0.0,0.0,0.0,0.0,0.0,0.0,0.0,0.0,0.0,0.0,0.0,0.0,0.0,0.0,0.667908473128829,4.96435461197156,6.0436003902933,8.67319327363927,26.747081529363403,33.4156530605572,29.7586764874532,23.6108527268574,15.6394414763693,7.971213480895908,1.54028509667545,1.82072059369876,2.1944107658417997,2.76090741386557,2.39566001869076,2.79163845339192,4.27638001303122,1.512617915312906,5.031092873315034,3.2803451279385256,1.1324562177086737,1.967645897330406e-15,0.0,0.0,0.0,0.0,0.0,0.0,0.0,0.0,0.0,0.0,0.0,187.78057
CC1COC(=O)O1,128.77104,0.0,0.0,0.0,0.0,0.0,0.0,0.0,0.0,0.0,0.0,0.0,0.0,0.0,0.0,0.0,0.0,0.701172910533892,5.92312481218691,12.2401640106666,12.9285279814885,11.5105136066321,10.6604651108667,6.74592342444063,6.43436526909406,6.9010444860811795,4.77618397650151,2.4321022967694303,3.67540487972527,3.78031798999032,1.97577539117391,3.3017821610952685,4.30877777877312,3.73379732525772,7.97336396863448,3.4999109787979,7.673550712389946,5.081608581829301,2.4662376093066394,0.0469247377646169,8.46324261178003e-17,0.0,0.0,0.0,0.0,0.0,0.0,0.0,0.0,0.0,0.0,0.0,116.48238
CC(=O)OCC(COC(=O)C)OC(=O)C,261.0090399999999,0.0,0.0,0.0,0.0,0.0,0.0,0.0,0.0,0.0,0.0,0.0,0.0,0.0,0.0,0.0,0.0,0.0085197923812808,5.72724898329635,15.7741735819582,22.2995069717785,24.6117577056573,21.0688192114409,20.195007549149203,31.212619249939795,19.184350896914296,9.51590775789268,8.25993456885888,4.935109057622191,7.07345207660096,6.79807001940401,5.952959593882261,5.48199141085995,6.58498633491395,9.44486275936071,5.65112535209735,12.4347484002605,12.596514321263076,5.712044983015984,0.4853294214515801,8.291852580742082e-16,0.0,0.0,0.0,0.0,0.0,0.0,0.0,0.0,0.0,0.0,0.0,264.28269
CCOC(=O)C1=CC=CC=C1C(=O)OCC,254.75996000000023,0.0,0.0,0.0,0.0,0.0,0.0,0.0,0.0,0.0,0.0,0.0,0.0,0.0,0.0,0.0,0.0,0.0,2.71267831548148,9.20177047496044,12.8005174926294,21.7601831061091,26.1516947557835,25.1470207025721,22.394714223541996,16.369464853444,21.6868759096121,11.398321001119804,14.0922096936352,16.6532617472897,10.3233832470399,5.185810215203285,6.47916964402109,5.08422714293132,3.78973333329308,4.09708258298009,5.877082207184176,9.536564998625858,3.6355614508494902,0.3826329016931149,6.725260210294019e-16,0.0,0.0,0.0,0.0,0.0,0.0,0.0,0.0,0.0,0.0,0.0,277.58047
CCCCOC(=O)C1=CC=CC=C1C(=O)OCCCC,344.04803,0.0,0.0,0.0,0.0,0.0,0.0,0.0,0.0,0.0,0.0,0.0,0.0,0.0,0.0,0.0,0.0,0.0,0.305412620499581,5.10160150561481,10.707923785878,14.0676706183412,23.2494003994124,48.3807381121599,46.86865424189029,36.9589401892205,31.9896635236482,28.6824898912662,32.078199742769094,19.5655076517193,3.17664504672925,3.5052494528966296,4.91753598714847,4.01427229433903,6.72844540088686,4.34998475427964,8.422024377556363,10.048070019513869,0.9296003842304116,1.591305857457518e-15,0.0,0.0,0.0,0.0,0.0,0.0,0.0,0.0,0.0,0.0,0.0,0.0,361.27142
COC(=O)C1=CC=CC=C1C(=O)OC,219.95289,0.0,0.0,0.0,0.0,0.0,0.0,0.0,0.0,0.0,0.0,0.0,0.0,0.0,0.0,0.0,0.0,0.0,3.70132365530268,14.0300357581117,19.3085529266599,15.5257932081951,16.6544535163194,20.0495146276386,17.721237405303295,11.2066790525438,9.73887109754522,8.09617865285357,15.7090727721508,15.7405271371226,10.3441071692535,4.846541914468215,6.63024978397118,3.2011903561203,4.5874574400587,3.61442049041389,6.652625520808524,8.847250103862823,3.4858158288829992,0.2609915824132316,4.44318006376326e-16,0.0,0.0,0.0,0.0,0.0,0.0,0.0,0.0,0.0,0.0,0.0,231.58074
CCOC(=O)CCC(=O)OCC,227.1810399999999,0.0,0.0,0.0,0.0,0.0,0.0,0.0,0.0,0.0,0.0,0.0,0.0,0.0,0.0,0.0,0.0,0.0,0.199633904824831,5.27578024426055,11.1700910135771,23.7119845302033,25.8594502196791,26.1264856026274,23.482108608535498,18.436336537938,20.2918507707459,10.9492512963496,5.121304451016859,3.8527704510767,5.90982187314499,3.639932455968722,5.88099022138153,5.15696058360087,5.65359897905566,7.07344057211986,3.4175930149296994,8.793120837259902,6.878926428950747,0.2996074027531288,5.036533907701329e-16,0.0,0.0,0.0,0.0,0.0,0.0,0.0,0.0,0.0,0.0,0.0,219.34931
CCCCCCOC(=O)CCCCC(=O)OCCCCCC,426.22551,0.0,0.0,0.0,0.0,0.0,0.0,0.0,0.0,0.0,0.0,0.0,0.0,0.0,0.0,0.0,0.0,0.0,0.0,1.04363393334024,8.17934712378024,14.7846389376082,28.3057909512593,58.48230892071711,71.4634359728042,63.20538594765159,44.5900508431485,35.4868558461634,31.15983091581739,13.663918878919,5.24159710622076,4.420011181436731,5.15079274888082,6.25269496318783,4.772073595065,6.33628689982013,4.810715735552325,8.008867624994354,9.115581747483706,1.751690126149212,2.950155365764888e-15,0.0,0.0,0.0,0.0,0.0,0.0,0.0,0.0,0.0,0.0,0.0,437.40115
CC(OC(=O)C)OC(=O)C,188.08122000000003,0.0,0.0,0.0,0.0,0.0,0.0,0.0,0.0,0.0,0.0,0.0,0.0,0.0,0.0,0.0,0.0,0.0,2.2800832791292,8.12024170638142,14.8274245739322,17.0442425447329,16.4571343158294,17.275317803376904,25.417118034717397,16.403297228955395,6.84386240183512,4.06702797471888,4.585632048600539,3.4159975446028,4.66231848259253,4.90611494888212,5.64603465912181,7.5719614075587,6.54627827591549,4.52116001675733,8.253915387267737,6.1919245874970885,2.8583986777874615,0.1857340998076095,3.3286956646982743e-16,0.0,0.0,0.0,0.0,0.0,0.0,0.0,0.0,0.0,0.0,0.0,179.95231
C=CCOC(=O)/C=C\C(=O)OCC=C,252.7683200000001,0.0,0.0,0.0,0.0,0.0,0.0,0.0,0.0,0.0,0.0,0.0,0.0,0.0,0.0,0.0,0.0,0.650633348409663,3.29138073327388,7.71753157298025,16.8285355600138,20.9755740769692,23.3650452504054,21.0944865528201,20.8495802574019,20.6757870132924,17.7615663159943,17.9554433220656,10.2965541970309,10.4525189914563,12.8566716105055,11.380940719882602,9.02636314827286,2.82051217254675,3.85390400212397,2.78279154587793,3.166514572074099,8.203619267360214,3.708373709379746,2.9637661943390015,0.0902258655237437,0.0,0.0,0.0,0.0,0.0,0.0,0.0,0.0,0.0,0.0,0.0,247.17971
CCCCOC(=O)/C=C\C(=O)OCCCC,303.23957999999993,0.0,0.0,0.0,0.0,0.0,0.0,0.0,0.0,0.0,0.0,0.0,0.0,0.0,0.0,0.0,0.0,0.0,0.297843720410123,2.75176345633655,5.25611889281943,9.71782234750892,21.3846720985075,47.9446271612527,48.79163876871489,38.693100968839,31.3489666047085,24.3675584160434,16.878338154884496,6.6660330695991,5.12964604784535,4.353070056280311,6.43404022694333,6.13087582122002,6.2513333987728,2.94281010909777,8.66134105772967,8.72929073244,0.5086888900460392,8.805197341887636e-16,0.0,0.0,0.0,0.0,0.0,0.0,0.0,0.0,0.0,0.0,0.0,0.0,299.7381
CC(C)COC(=O)C=C,185.29968000000008,0.0,0.0,0.0,0.0,0.0,0.0,0.0,0.0,0.0,0.0,0.0,0.0,0.0,0.0,0.0,0.0,0.0,1.5270066156178,4.50258689228149,5.81827791080418,8.07650572100944,15.048657818133,21.2643130167471,21.7888055015385,19.1263107562519,18.7290703933685,16.5479141693459,15.926529828208595,7.6858663914395,6.46628372185419,3.3505966116354826,1.75142861993844,2.20262690828047,1.64787160627033,3.31873979843165,1.460983586457545,4.145096063577442,4.699767921289928,0.2144401475186947,3.75156142243814e-16,0.0,0.0,0.0,0.0,0.0,0.0,0.0,0.0,0.0,0.0,0.0,179.38733
CCCCCCCCCCCC(=O)OC,311.99332000000027,0.0,0.0,0.0,0.0,0.0,0.0,0.0,0.0,0.0,0.0,0.0,0.0,0.0,0.0,0.0,0.0,0.0,0.0583259133829938,1.86518930404176,7.80051588047604,9.48546041694019,10.1771646100205,24.44234837642441,52.0720100083851,57.2948826401035,43.6736966507686,35.1451622036751,24.087630731354395,17.6198272287962,3.23332157690237,1.8914296682074312,3.01323464785625,2.78557583209223,2.37200634010879,3.54304107421531,2.152238861653943,4.008228074318981,4.337807706907569,0.9342222533685802,1.5919981646223405e-15,0.0,0.0,0.0,0.0,0.0,0.0,0.0,0.0,0.0,0.0,0.0,315.72146
CCOC(=O)/C=C\C(=O)OCC,214.55760000000004,0.0,0.0,0.0,0.0,0.0,0.0,0.0,0.0,0.0,0.0,0.0,0.0,0.0,0.0,0.0,0.2955061232231975,3.4721082475281,4.48611738110131,3.78492213656178,7.38127906629017,19.0063635714702,24.7113664690849,24.1433482698183,20.345175532053997,14.52338253051,17.2630417898549,9.569449098087732,8.57747711264303,8.14013359763658,4.08119140170996,4.5324013372536,4.97042491889878,5.54343734582363,5.11153401631985,3.47555096961221,7.021027305494647,10.737428906057074,3.0970564383197567,0.2878764346463189,4.777353861593772e-16,0.0,0.0,0.0,0.0,0.0,0.0,0.0,0.0,0.0,0.0,0.0,222.26932
COC(=O)/C=C\C(=O)OC,178.29348999999996,0.0,0.0,0.0,0.0,0.0,0.0,0.0,0.0,0.0,0.0,0.0,0.0,0.0,0.0,0.0,0.3232331806141273,3.79249220557281,5.54184066522981,9.08593276298656,13.8551845165085,12.9905691193261,14.1703033719951,20.250970174207,11.980193446124098,9.45587861276177,6.1696567647922,4.9421754700382,10.906825342929896,7.32582803334996,4.06745050196887,4.47064233509499,5.11017801988562,4.71305776041661,5.56083317771757,2.81494258247686,8.500694951344471,9.542958963331063,2.566293416503714,0.155354624824065,2.7873026267982316e-16,0.0,0.0,0.0,0.0,0.0,0.0,0.0,0.0,0.0,0.0,0.0,176.42712
CCCOC(=O)/C=C\C(=O)OCCC,238.1091600000001,0.0,0.0,0.0,0.0,0.0,0.0,0.0,0.0,0.0,0.0,0.0,0.0,0.0,0.0,0.0,0.0,0.83224125778888,3.70496273405979,3.52748156608291,6.52285522491188,11.6063672680164,20.3945221402913,27.076162830477205,33.3508771957742,27.0846849763024,27.0685104539431,19.1882355504249,12.449152846183196,5.34289815302576,2.19662908572335,3.7815159232737887,2.88229544112691,3.47005454856228,4.85225293133788,3.18119134432698,4.58188234046774,10.24048015143388,4.32025485669456,0.4536511797707815,7.948186826203414e-16,0.0,0.0,0.0,0.0,0.0,0.0,0.0,0.0,0.0,0.0,0.0,265.11375
CCC(C)OC(=O)C=C,183.32728999999995,0.0,0.0,0.0,0.0,0.0,0.0,0.0,0.0,0.0,0.0,0.0,0.0,0.0,0.0,0.0,0.0,0.0,1.38992791231333,4.38510489917253,5.61845747244682,6.61862890435031,16.237208225975,20.583124821852,21.5096764206339,19.0664817363106,22.8994396544566,18.0999561580812,10.279142369828998,5.79842475888589,5.88237603915351,3.4656736242146424,3.48472077083728,2.0768213100958,2.81727772073256,3.95923696891788,1.1019334913289638,3.341097673750575,4.6851270440638455,0.0274520225977168,4.799734746402728e-17,0.0,0.0,0.0,0.0,0.0,0.0,0.0,0.0,0.0,0.0,0.0,177.96053
CC(C)(C)C(=O)OC=C,179.36170999999987,0.0,0.0,0.0,0.0,0.0,0.0,0.0,0.0,0.0,0.0,0.0,0.0,0.0,0.0,0.0,0.0,0.0,0.454670348166484,3.01153475627182,5.08345767505921,9.10746388938766,18.9031993015748,17.7238769195643,19.0268388628929,18.0200213015707,17.1409831252167,22.1511555232257,8.932716616502939,6.78884334460744,7.4518675275871,5.9191192399487615,5.39526073199691,3.25184417491717,1.2730296280669,1.95459659869281,4.818542787634146,2.8465486635031905,0.1061389836122273,1.8060346207261166e-16,0.0,0.0,0.0,0.0,0.0,0.0,0.0,0.0,0.0,0.0,0.0,0.0,179.379
COC(=O)OC,123.9617899999999,0.0,0.0,0.0,0.0,0.0,0.0,0.0,0.0,0.0,0.0,0.0,0.0,0.0,0.0,0.0,0.0,0.0,0.829193770065634,5.94071101816023,13.328315468254,11.0101339653806,11.9649844367586,17.063957540636096,10.025191918444898,6.212312200500949,3.91386608525898,3.0414216906522205,3.94853212215972,3.60713462791087,3.50400079454371,2.487680340473371,3.68072536586712,1.80678442170742,2.6783004517003,3.82589960535165,3.344259078205146,6.834754255225017,3.2525772485763422,1.5334320883154529,0.1276215058515724,0.0,0.0,0.0,0.0,0.0,0.0,0.0,0.0,0.0,0.0,0.0,108.41182
CCCOC(=O)C1=CC=CC=C1,214.26441,0.0,0.0,0.0,0.0,0.0,0.0,0.0,0.0,0.0,0.0,0.0,0.0,0.0,0.0,0.0,0.0,0.0,0.184067128401904,5.36303829265994,10.5692302575695,14.0909514771811,18.9336326931799,19.7154869688495,21.3403845046881,17.7997889907933,17.7982528484244,18.6264546647959,15.200381911131,13.4051840572087,11.9405117724863,11.5477390046982,1.87177624779232,1.55516353299452,1.97088874289807,2.69698966894587,1.3958626041294462,4.9596446502892535,3.2380798302034464,0.0609001506793521,1.0362418133902551e-16,0.0,0.0,0.0,0.0,0.0,0.0,0.0,0.0,0.0,0.0,0.0,212.44524
CC(C)COCC(C)C,204.12425000000007,0.0,0.0,0.0,0.0,0.0,0.0,0.0,0.0,0.0,0.0,0.0,0.0,0.0,0.0,0.0,0.0,0.0,0.0,0.0,0.0,0.0,4.71797824351643,29.846096985586705,38.6925765798003,31.3560664921016,24.1063456973676,20.4206768957135,28.59363629619069,12.8566739216952,3.46120155896391,1.8440746084462316,1.50508231067411,1.02325934054822,1.59446018798818,0.991571209168654,1.785292788388399,1.3090680519071056,0.0201888319432246,3.5903540438461296e-17,0.0,0.0,0.0,0.0,0.0,0.0,0.0,0.0,0.0,0.0,0.0,0.0,203.72133
CCCCCC#C,168.74658000000005,0.0,0.0,0.0,0.0,0.0,0.0,0.0,0.0,0.0,0.0,0.0,0.0,0.0,0.491918440060407,0.6967227098128427,2.040300590026488,1.68434757045535,0.0674811878130903,1.4066628335678,3.11110895383359,5.51022753219015,5.57356650739132,19.3001393713928,25.7690070529602,22.874625695760695,14.0469633319509,14.6865430798453,16.547801023929498,6.29739452684681,3.55436731227755,2.310096887947771,6.65818132893612,5.11119184081199,9.38213649124784,1.62579573094152,0.0,0.0,0.0,0.0,0.0,0.0,0.0,0.0,0.0,0.0,0.0,0.0,0.0,0.0,0.0,0.0,158.14224
CCOC(C)C,147.28112999999993,0.0,0.0,0.0,0.0,0.0,0.0,0.0,0.0,0.0,0.0,0.0,0.0,0.0,0.0,0.0,0.0,0.0,0.0,0.0,0.0,1.32362907485165,13.2688638935467,22.4969228394856,25.722587512216496,18.347624589764,15.6014063320494,17.610857770564,14.372838330227497,4.59234720039533,1.71361400204762,0.6230977304242757,0.640445447380683,1.40821226778885,0.821569041578508,0.565173981321142,0.9577224479060688,2.562634174403097,1.6421322852857132,0.9774801841319392,1.448238322556969,0.583732572074402,0.0,0.0,0.0,0.0,0.0,0.0,0.0,0.0,0.0,0.0,135.73917
CCCCCCOCC,209.81360999999995,0.0,0.0,0.0,0.0,0.0,0.0,0.0,0.0,0.0,0.0,0.0,0.0,0.0,0.0,0.0,0.0,0.0,0.0,0.0,0.0,0.774163009179471,6.54653550247285,27.400280537831605,41.1624962961906,38.1140216239986,29.7420366092644,22.7037122941402,20.691982740461395,8.52548136907601,1.24969222956617,0.5389382291286416,1.25398319488925,1.30579304714631,0.333643748318316,0.777840601321322,1.3890402956647825,2.6249840229919568,1.791084559141633,0.8995944827621486,1.8690039254775384,0.119301680976763,0.0,0.0,0.0,0.0,0.0,0.0,0.0,0.0,0.0,0.0,200.80061
C1COCOC1,119.55902999999992,0.0,0.0,0.0,0.0,0.0,0.0,0.0,0.0,0.0,0.0,0.0,0.0,0.0,0.0,0.0,0.0,0.0,0.150065149818332,1.68751193732319,5.63108603817334,12.2913263521623,20.0272147233484,17.761631817462796,12.665017110361498,8.76642190328967,5.10857358193762,2.8353942919158306,2.8739906806881894,1.58079017214932,2.64259083052211,2.53342945678866,1.40471270856926,1.75070245452508,1.58410827319759,2.98458309817712,3.541999127625961,4.055675690017521,4.291475085479559,3.064267796796702,0.3264617196698788,0.0,0.0,0.0,0.0,0.0,0.0,0.0,0.0,0.0,0.0,0.0,109.50466
CCOCOCC,162.27116999999996,0.0,0.0,0.0,0.0,0.0,0.0,0.0,0.0,0.0,0.0,0.0,0.0,0.0,0.0,0.0,0.0,0.0,0.0,0.0,0.0556145181993192,6.08392946186297,29.9880224125188,28.945391959657396,22.067050617133496,15.9374414645065,9.73170194978911,16.7502143313549,5.596165187514258,1.33773372274376,1.55448080086453,1.7908988481262198,1.14306293390757,1.48921688488862,1.34780050038825,2.53991630492821,3.4619960942831765,1.4027378200622111,1.713762193783009,4.836732388733845,4.4935514403894805,0.0037481643643234,0.0,0.0,0.0,0.0,0.0,0.0,0.0,0.0,0.0,0.0,146.13549
CCOCCOCC,182.80717999999985,0.0,0.0,0.0,0.0,0.0,0.0,0.0,0.0,0.0,0.0,0.0,0.0,0.0,0.0,0.0,0.0,0.0,0.0,0.0,0.0,3.28166536209236,22.5838006469243,33.5430384264349,28.397616758720694,22.3249126097505,15.0260764013756,20.6671766814561,8.354086497230067,2.81500626067702,1.884503244531,2.10218420797685,1.95551209836911,1.07725168011338,1.35774335848662,2.83248848561772,5.963775502195505,2.762676840804728,2.164794834597072,3.559570186593728,0.153299916052625,0.0,0.0,0.0,0.0,0.0,0.0,0.0,0.0,0.0,0.0,0.0,167.98396
C1COC=C1,107.98286999999998,0.0,0.0,0.0,0.0,0.0,0.0,0.0,0.0,0.0,0.0,0.0,0.0,0.0,0.0,0.0,0.0,0.17715662468143,1.15155099212279,3.08079895626315,3.96169210450887,9.96798086720591,12.625869467802,11.425314081802,9.81165487222933,9.83072155631389,6.99415339460159,4.273989611049541,3.87518306768737,4.32633947005509,2.66581001255623,4.187341032080978,5.35335731287773,2.82739835461119,3.52651386937739,2.62155448415532,2.0819299627219294,1.9162069650772675,1.3003529402189822,2.239231673427801e-15,0.0,0.0,0.0,0.0,0.0,0.0,0.0,0.0,0.0,0.0,0.0,0.0,93.99786
CCC1=CC=CC=C1C(C)C,206.50665,0.0,0.0,0.0,0.0,0.0,0.0,0.0,0.0,0.0,0.0,0.0,0.0,0.0,0.0,0.0,0.0,0.0,0.0,0.0,2.48497983962829,8.22275839087758,19.3645164363231,25.9646824432149,28.195916233859897,20.6855691964521,20.5872105524348,19.0841287795161,20.293219023752396,8.00942438871276,7.68273533348082,4.5290482220665025,9.45358409811272,5.6922113374157,5.54732568040092,0.70934004375139,0.0,0.0,0.0,0.0,0.0,0.0,0.0,0.0,0.0,0.0,0.0,0.0,0.0,0.0,0.0,0.0,217.39652
CCC(Cl)Cl,134.15164000000004,0.0,0.0,0.0,0.0,0.0,0.0,0.0,0.0,0.0,0.0,0.0,0.0,0.0,0.0,0.2295689247140076,1.4164840799767378,2.05828029195974,1.09836847040253,2.04710724896465,3.99167063597884,7.83521851619986,8.97104271946943,10.4950405552129,13.758900376538598,8.73196656308853,9.98141744883409,13.3193865936156,4.601869578311431,8.2276115234638,16.3075768318248,13.715902667218302,7.36422697422618,0.0,0.0,0.0,0.0,0.0,0.0,0.0,0.0,0.0,0.0,0.0,0.0,0.0,0.0,0.0,0.0,0.0,0.0,0.0,126.34622
C(CCl)CCl,137.9971599999999,0.0,0.0,0.0,0.0,0.0,0.0,0.0,0.0,0.0,0.0,0.0,0.0,0.0,0.0,0.0,0.0,0.0,5.22874490383954,12.6236009243455,9.60003233086588,11.7216373078054,7.67308057458272,5.82697082179627,5.041860858846331,6.953877663862069,4.03854302380075,3.96626961566105,10.794157039221496,7.3739549241806,2.95493714011533,18.86637346609809,16.7375086290185,8.59561077596039,0.0,0.0,0.0,0.0,0.0,0.0,0.0,0.0,0.0,0.0,0.0,0.0,0.0,0.0,0.0,0.0,0.0,0.0,127.07251
C=C(CCl)Cl,129.44988000000006,0.0,0.0,0.0,0.0,0.0,0.0,0.0,0.0,0.0,0.0,0.0,0.0,0.0,0.0,0.0,0.7287285366108328,3.88117132308033,4.61131874564988,5.05955100548709,5.99765053087695,4.66018997614433,4.77348246754604,6.5574099511721,7.127779708790429,4.827942079266781,9.80644458439234,11.7673139257128,9.885365546415372,13.9714456981266,22.5254084543768,9.270130410886573,3.99854705546481,0.0,0.0,0.0,0.0,0.0,0.0,0.0,0.0,0.0,0.0,0.0,0.0,0.0,0.0,0.0,0.0,0.0,0.0,0.0,119.35613
CCCCCCCCCCCCCCCC1=CC=CC=C1,418.2994100000003,0.0,0.0,0.0,0.0,0.0,0.0,0.0,0.0,0.0,0.0,0.0,0.0,0.0,0.0,0.0,0.0,0.0,0.0,0.0,2.76687592770462,9.16710969538219,13.1173515388333,21.079041460183916,61.961067685921705,86.1450633472145,71.0378947196628,55.740929365217006,38.53372128222729,27.7698273942516,8.07300476449786,10.4552332051621,8.96320186647747,3.38876293138492,0.100324815879013,0.0,0.0,0.0,0.0,0.0,0.0,0.0,0.0,0.0,0.0,0.0,0.0,0.0,0.0,0.0,0.0,0.0,441.48061
CCCCCCCCCCCCCCCCC1=CC=CC=C1,437.2640900000002,0.0,0.0,0.0,0.0,0.0,0.0,0.0,0.0,0.0,0.0,0.0,0.0,0.0,0.0,0.0,0.0,0.0,0.0,0.144211515996838,5.3812078662551,9.25388719980612,14.6591514151383,26.59523583263052,66.55114708417251,86.0563777457281,68.9247092356767,57.7155170406003,33.936572099952,34.4595574565934,5.69510643093662,7.9153106858441085,8.71354980299415,8.06313529128824,3.15075019702133,0.0486630993658852,0.0,0.0,0.0,0.0,0.0,0.0,0.0,0.0,0.0,0.0,0.0,0.0,0.0,0.0,0.0,0.0,460.02367
CCCCCCCCCCCCCCCCCC1=CC=CC=C1,457.3585700000002,0.0,0.0,0.0,0.0,0.0,0.0,0.0,0.0,0.0,0.0,0.0,0.0,0.0,0.0,0.0,0.0,0.0,0.0,0.152026373376843,5.38626356350227,9.24484740029068,14.5786808156438,26.90966360425182,70.66134576571892,90.3757935353558,72.9960070940769,61.7977544667155,35.5730986695172,35.9937101317952,5.78096557896355,7.934880071422119,8.71616278539059,8.08004106119603,3.1333307066576,0.0439983761254607,0.0,0.0,0.0,0.0,0.0,0.0,0.0,0.0,0.0,0.0,0.0,0.0,0.0,0.0,0.0,0.0,482.31955
CCCCCCCCCCCCCCCCCCC1=CC=CC=C1,478.55178,0.0,0.0,0.0,0.0,0.0,0.0,0.0,0.0,0.0,0.0,0.0,0.0,0.0,0.0,0.0,0.0,0.0,0.0,0.0,2.78838629980686,8.98781457429874,13.2922315834095,21.79063006443302,70.87232591744771,102.350501708204,85.6748071788978,65.2789695120511,44.15431133269999,32.3210573922539,8.0736223679555,10.520240171324698,8.98457840148825,3.36121809078131,0.10108540494761,0.0,0.0,0.0,0.0,0.0,0.0,0.0,0.0,0.0,0.0,0.0,0.0,0.0,0.0,0.0,0.0,0.0,507.77792
C1=CC(=C(C(=C1)Cl)Cl)Cl,173.83419999999995,0.0,0.0,0.0,0.0,0.0,0.0,0.0,0.0,0.0,0.0,0.0,0.0,0.0,0.0,0.0,0.0,1.84278441610392,7.52819006991111,5.52670138927331,4.84413612246736,4.8601487015824,10.2547940342139,4.53120968771508,3.800705856819584,14.076218180669002,21.845064152032,17.0307101390385,26.8427802951623,30.3210052949017,18.6885959132295,1.841155746880292,0.0,0.0,0.0,0.0,0.0,0.0,0.0,0.0,0.0,0.0,0.0,0.0,0.0,0.0,0.0,0.0,0.0,0.0,0.0,0.0,175.45755
C1=C(C=C(C=C1Cl)Cl)Cl,179.16038000000017,0.0,0.0,0.0,0.0,0.0,0.0,0.0,0.0,0.0,0.0,0.0,0.0,0.0,0.0,0.0,1.3759115504725576,5.05325535511453,3.73362581758651,2.54500017042457,5.45665933729432,3.67292516076777,6.41696947961183,7.443612217939728,0.6272041262796115,20.430061089422,18.0935120981435,37.16038267323469,20.91367687809741,35.0041478090522,11.2334362365589,1.0167132968862942e-14,0.0,0.0,0.0,0.0,0.0,0.0,0.0,0.0,0.0,0.0,0.0,0.0,0.0,0.0,0.0,0.0,0.0,0.0,0.0,0.0,177.86009
C(C(F)(F)Cl)(C(F)(F)Cl)(F)F,165.61957,0.0,0.0,0.0,0.0,0.0,0.0,0.0,0.0,0.0,0.0,0.0,0.0,0.0,0.0,0.0,0.0,0.0,0.409478534493761,1.27934759624132,4.88390130423572,0.455652565029198,3.44798853784657,6.6383132805665985,2.330490739139843,8.188259154299582,54.9983914903538,73.355179716495,9.632567081298635,0.0,0.0,0.0,0.0,0.0,0.0,0.0,0.0,0.0,0.0,0.0,0.0,0.0,0.0,0.0,0.0,0.0,0.0,0.0,0.0,0.0,0.0,0.0,172.92188
C1(C(C(C1(F)Cl)(F)Cl)(F)F)(F)F,173.47280999999992,0.0,0.0,0.0,0.0,0.0,0.0,0.0,0.0,0.0,0.0,0.0,0.0,0.0,0.0,0.0,0.0,0.0097703973796448,0.577714418200127,1.75749881937338,5.00316219091052,1.97228015417106,4.95706889997952,10.584482122754196,4.693510186712053,11.048484597197204,30.8537334337385,71.1976028141835,30.660103879039188,0.157398086361017,0.0,0.0,0.0,0.0,0.0,0.0,0.0,0.0,0.0,0.0,0.0,0.0,0.0,0.0,0.0,0.0,0.0,0.0,0.0,0.0,0.0,0.0,185.35199
C=CC(F)(F)F,111.98094999999998,0.0,0.0,0.0,0.0,0.0,0.0,0.0,0.0,0.0,0.0,0.0,0.0,0.0,0.0,0.0,0.0906813089069793,2.10263348001032,5.67734322595578,5.50630647249413,4.87506496313841,4.1421299264699,3.93842618392905,4.537154562136369,3.1259708313046106,4.11720791397415,5.04139424294779,5.73240663209419,15.941429568025208,31.754880583435,15.183918125678,0.2140019795000962,0.0,0.0,0.0,0.0,0.0,0.0,0.0,0.0,0.0,0.0,0.0,0.0,0.0,0.0,0.0,0.0,0.0,0.0,0.0,0.0,98.92779
C(C(F)F)F,100.54756999999996,0.0,0.0,0.0,0.0,0.0,0.0,0.0,0.0,0.0,0.0,0.0,0.0,0.0,0.0,0.4728043314506732,3.9555674361488937,6.72334639526365,5.80629500659199,4.26109394995501,4.55502120830776,3.61489520472315,2.26180011821673,2.19347306771388,1.80306040702898,2.2716078629844003,3.42650854675865,3.38092624837174,3.249115672083532,8.24712513401201,16.3096255364862,19.289038753191495,7.86002792205211,0.866237198659083,0.0,0.0,0.0,0.0,0.0,0.0,0.0,0.0,0.0,0.0,0.0,0.0,0.0,0.0,0.0,0.0,0.0,0.0,84.11553
CC(C(F)(F)F)(F)F,129.6732299999999,0.0,0.0,0.0,0.0,0.0,0.0,0.0,0.0,0.0,0.0,0.0,0.0,0.0,0.0,0.0,0.0,0.44254628722903,4.42044200758045,5.2461419246688,5.17375689620119,4.69781638003178,4.69980249782099,5.716480778406898,2.6087582701404717,6.82316526565294,6.90946451501768,23.149006275491995,32.25698991480209,18.3084860069295,9.13583149209356,0.0845414879325152,0.0,0.0,0.0,0.0,0.0,0.0,0.0,0.0,0.0,0.0,0.0,0.0,0.0,0.0,0.0,0.0,0.0,0.0,0.0,0.0,122.81678
C(C(F)(F)F)(C(F)(F)F)F,142.2233999999999,0.0,0.0,0.0,0.0,0.0,0.0,0.0,0.0,0.0,0.0,0.2995071598018155,2.690376807029906,1.1237129607512426,2.0031380224145,1.1003296641959015,0.54343756245027,0.27249202124415,0.258076624038492,0.723017707884687,1.11878098397198,2.47053506071179,1.31217228816424,1.723763094148821,3.217581794766601,4.605688968945143,18.8632959348237,55.7430949783829,37.10203206509659,6.79561451757325,0.256751783603931,2.1865608976672296e-16,0.0,0.0,0.0,0.0,0.0,0.0,0.0,0.0,0.0,0.0,0.0,0.0,0.0,0.0,0.0,0.0,0.0,0.0,0.0,0.0,138.43294
C(C(F)F)(C(F)(F)F)F,136.11147,0.0,0.0,0.0,0.0,0.0,0.0,0.0,0.0,0.0,0.0,0.0,0.0,2.114424911286756,4.50827857631218,4.109371498804841,3.1842765880654618,1.99275464540982,1.58333929007701,0.711186950315528,1.61252059367928,1.63452706595832,1.52496312439384,2.3377290667638007,3.6657494200146497,2.6033872741870403,5.18933494861376,18.9934334646524,38.134165338896295,27.1535720030396,14.7729160529628,0.2855391865666108,0.0,0.0,0.0,0.0,0.0,0.0,0.0,0.0,0.0,0.0,0.0,0.0,0.0,0.0,0.0,0.0,0.0,0.0,0.0,0.0,130.57117
C1=CC=C(C=C1)C(F)(F)F,157.63161000000008,0.0,0.0,0.0,0.0,0.0,0.0,0.0,0.0,0.0,0.0,0.0,0.0,0.0,0.0,0.0,0.0,0.171289728844912,2.94382496973075,9.63368140442151,11.0874269627619,8.94697625093776,6.08806448817227,6.285863463005499,3.831559462130251,6.252642461078051,8.71871459165346,12.115974251272398,21.179227024048007,38.7425242657405,17.5736174172151,4.06022325898774,0.0,0.0,0.0,0.0,0.0,0.0,0.0,0.0,0.0,0.0,0.0,0.0,0.0,0.0,0.0,0.0,0.0,0.0,0.0,0.0,154.38824
C(Br)Br,108.94114999999992,0.0,0.0,0.0,0.0,0.0,0.0,0.0,0.0,0.0,0.0,0.0,0.0,0.0,0.0752702447597077,2.244742407953406,5.361899246923914,1.6696833941365,3.31349825999892,2.33765867902726,3.72461510241968,3.11687865890238,5.95376760332857,1.9915442073242904,3.1773213809638436,10.981416150427298,6.00479931254783,0.3441265676161341,6.686753559292756,18.4710728022046,13.576560017478,19.837269096534897,0.0722733081599153,0.0,0.0,0.0,0.0,0.0,0.0,0.0,0.0,0.0,0.0,0.0,0.0,0.0,0.0,0.0,0.0,0.0,0.0,0.0,95.72774
CCC(C)Br,138.21094,0.0,0.0,0.0,0.0,0.0,0.0,0.0,0.0,0.0,0.0,0.0,0.0,0.0,0.0,0.0,0.0,0.0,0.0,0.90002912421488,2.35592615466904,8.58494403920758,14.5112544932237,15.3238624567587,14.79549129714,14.571556952414,15.3158194280657,9.012680798150791,10.358315368554898,4.83881588809628,1.60304069273451,7.786648164400924,8.59344217501797,7.89374889616251,1.76536407118851,0.0,0.0,0.0,0.0,0.0,0.0,0.0,0.0,0.0,0.0,0.0,0.0,0.0,0.0,0.0,0.0,0.0,131.59238
C(Cl)Br,103.66904,0.0,0.0,0.0,0.0,0.0,0.0,0.0,0.0,0.0,0.0,0.0,0.0,0.0,0.0,2.205694267988616,5.411306087551945,2.01686868836475,3.28831416647379,2.69584127300299,3.01451391126878,2.09052799643033,4.26614240255784,4.265060877504929,2.893586304058892,7.02855602704658,8.36947550983069,2.0672099780255517,3.1661109427702265,18.1408755294648,13.3198955549897,18.9172130097722,0.511847472897382,0.0,0.0,0.0,0.0,0.0,0.0,0.0,0.0,0.0,0.0,0.0,0.0,0.0,0.0,0.0,0.0,0.0,0.0,0.0,89.26101
C(C(F)(F)F)(Cl)Br,139.37398000000002,0.0,0.0,0.0,0.0,0.0,0.0,0.0,0.0,0.0,0.0,0.0,1.187837616263308,2.331244950625068,0.6704622355045,2.0633772003736377,0.967897883638878,0.293689263604837,0.812672328129037,0.936505511258646,3.52374689774457,3.51312302713851,4.10726676049239,5.287280493627721,6.808044651860168,3.4531096092071607,6.9879005399044,29.050257961952695,40.73978193835939,24.1029388844432,2.53684224587188,2.1464588125265424e-15,0.0,0.0,0.0,0.0,0.0,0.0,0.0,0.0,0.0,0.0,0.0,0.0,0.0,0.0,0.0,0.0,0.0,0.0,0.0,0.0,135.50169
C(Cl)(Cl)(Cl)Br,138.71089999999992,0.0,0.0,0.0,0.0,0.0,0.0,0.0,0.0,0.0,0.0,0.0,0.0,0.0,0.0,0.0,0.0,0.27007248624766,0.640189223911684,3.8351011011104,7.28347474956798,2.41516243916228,3.12138268449304,13.809277829617995,6.340179485888907,0.1310568642417865,16.4825755020314,26.082907945164,43.717604034099686,14.5819156544631,0.0,0.0,0.0,0.0,0.0,0.0,0.0,0.0,0.0,0.0,0.0,0.0,0.0,0.0,0.0,0.0,0.0,0.0,0.0,0.0,0.0,0.0,134.6126
C(CF)F,93.55717000000004,0.0,0.0,0.0,0.0,0.0,0.0,0.0,0.0,0.0,0.0,0.0,0.0,0.0,0.0,0.0,0.0,0.0,2.10627837246827,11.7031526465704,9.2436927204943,5.42654308085008,7.90687797050738,5.368022419267448,1.9884010279654305,3.11011103437975,2.24379455832273,1.2450451221944103,2.643789620706821,4.75074572083757,2.2508898539562,7.064445688772736,14.5280543881238,11.819678715227,0.157647059355705,0.0,0.0,0.0,0.0,0.0,0.0,0.0,0.0,0.0,0.0,0.0,0.0,0.0,0.0,0.0,0.0,0.0,75.8225
C(C(F)(Cl)Cl)(F)F,134.62,0.0,0.0,0.0,0.0,0.0,0.0,0.0,0.0,0.0,0.0,0.0,0.0,0.8012082834831527,3.10641913348505,1.5627108888934529,1.41705332547283,0.94805146510648,0.60897994807364,1.7143613285385,3.26550013413896,4.21840617646227,1.7937795226646,7.69670690044684,6.872172796214647,1.506405779249322,10.4789905801613,20.9497449713259,37.153520568003195,25.8446021665247,4.68138603175515,4.417158332249141e-15,0.0,0.0,0.0,0.0,0.0,0.0,0.0,0.0,0.0,0.0,0.0,0.0,0.0,0.0,0.0,0.0,0.0,0.0,0.0,0.0,129.33628
C(C(Cl)(Cl)Cl)(F)(Cl)Cl,167.3187800000001,0.0,0.0,0.0,0.0,0.0,0.0,0.0,0.0,0.0,0.0,0.0,0.0,0.0,0.0,0.0,0.0,0.0,0.230269857387826,2.45418014261218,9.48633669053541,5.3513533094646,1.47308814579692,16.134229561203995,9.783839026132217,1.1906066845077246,23.0277746654646,27.435450209374,61.81141982431758,8.94023188320303,0.0,0.0,0.0,0.0,0.0,0.0,0.0,0.0,0.0,0.0,0.0,0.0,0.0,0.0,0.0,0.0,0.0,0.0,0.0,0.0,0.0,0.0,178.38027
C(C(F)(F)Cl)(F)Cl,134.66204999999994,0.0,0.0,0.0,0.0,0.0,0.0,0.0,0.0,0.0,0.0,0.0,0.2716831697986495,2.7740916057980254,1.3843103265052,1.5103926447274798,1.2018634634241503,0.627423307710962,0.22172770799332,0.919051792419942,1.96169089311987,4.72222749087801,3.84313151915597,4.424793652899351,6.801270107209659,3.6395680348598303,8.7385885140738,27.828507667348596,40.02054503349509,21.2334279633035,2.53775510527852,2.138157006750873e-15,0.0,0.0,0.0,0.0,0.0,0.0,0.0,0.0,0.0,0.0,0.0,0.0,0.0,0.0,0.0,0.0,0.0,0.0,0.0,0.0,128.796
C(C(F)(F)F)(F)Cl,124.46894999999998,0.0,0.0,0.0,0.0,0.0,0.0,0.0,0.0,0.0,0.0,0.0,0.4041468767048323,3.2847167711797853,1.21882721876747,1.9429830236340089,0.9416748436117957,0.447928598912149,0.369704080706619,0.674923872716832,1.6736749458395,3.13570000508981,3.06805849351149,1.7047068044351514,5.00445388006438,4.036146118952611,8.10186541035297,31.841730692237498,38.53419668182569,16.6415927132607,1.44191896819668,1.1960006330383597e-15,0.0,0.0,0.0,0.0,0.0,0.0,0.0,0.0,0.0,0.0,0.0,0.0,0.0,0.0,0.0,0.0,0.0,0.0,0.0,0.0,114.97917
CC(F)(Cl)Cl,122.69107999999996,0.0,0.0,0.0,0.0,0.0,0.0,0.0,0.0,0.0,0.0,0.0,0.0,0.0,0.0,0.0,0.0,0.245243121010918,3.59340603159269,5.01068294602866,5.09492251330596,5.76552625794398,8.28329775038765,8.399333655264089,3.002504380998743,9.6139694333417,7.19363799720357,3.808222308396531,15.908229615017104,23.3163852089817,22.240254951821,1.2154638287056776,0.0,0.0,0.0,0.0,0.0,0.0,0.0,0.0,0.0,0.0,0.0,0.0,0.0,0.0,0.0,0.0,0.0,0.0,0.0,0.0,113.40613
C(C(F)(F)F)F,106.70516999999994,0.0,0.0,0.0,0.0,0.0,0.0,0.0,0.0,0.0,0.0,0.0,0.0,0.0,0.0,0.1387251550782047,4.233556155911743,4.959236956776,4.38364962844638,4.33407404272047,2.64825713485872,1.38080120718913,1.60094691281136,2.99857512900883,2.52979458192388,3.03746647193129,3.48873528276832,10.168713950160296,22.1648095104449,20.9083511208682,6.82842914630756,7.767127602723699,3.13392001007096,0.0,0.0,0.0,0.0,0.0,0.0,0.0,0.0,0.0,0.0,0.0,0.0,0.0,0.0,0.0,0.0,0.0,0.0,0.0,91.51388
C(=O)(C(F)(F)F)C(F)(F)F,141.4747700000001,0.0,0.0,0.0,0.0,0.0,0.0,0.0,0.0,0.0,0.0,0.0,0.0,0.0,0.0179882767181678,0.628272416554359,0.9789261746637872,2.24055461092444,0.784058025387386,1.19924078251011,1.38719884808602,1.57512526330717,4.14794184647815,3.8675730851916303,4.755851056162244,12.247529409383803,39.1871795215274,48.1878963745063,5.833376685533649,4.3359981505283,3.49254065914136,4.122328707633759,2.44732428429283,0.0378658214692271,0.0,0.0,0.0,0.0,0.0,0.0,0.0,0.0,0.0,0.0,0.0,0.0,0.0,0.0,0.0,0.0,0.0,0.0,135.3674
C(C(F)(F)F)(C(F)(F)F)(F)F,147.11762000000013,0.0,0.0,0.0,0.0,0.0,0.0,0.0,0.0,0.0,0.0,0.0,0.0,0.0,0.0,0.0,0.0,0.0,0.0,0.0,0.0,0.181707880004469,1.25785683799093,2.3011260171620305,3.435570922195877,19.012501319415513,79.75118375201,41.168919072717316,0.0087541985040163,0.0,0.0,0.0,0.0,0.0,0.0,0.0,0.0,0.0,0.0,0.0,0.0,0.0,0.0,0.0,0.0,0.0,0.0,0.0,0.0,0.0,0.0,0.0,146.70189
C(=C(/C(F)(F)F)\F)(\C(F)(F)F)/F,165.64087999999992,0.0,0.0,0.0,0.0,0.0,0.0,0.0,0.0,0.0,0.0,0.0,0.0,0.0,0.0,0.0,0.0,0.0,0.262329172545698,3.96079897325452,5.05188253613928,4.10021349771857,3.06399494852972,3.224588169924171,5.569424870843411,8.447859178551205,30.0651923269281,77.01648440810979,24.878111917455488,0.0,0.0,0.0,0.0,0.0,0.0,0.0,0.0,0.0,0.0,0.0,0.0,0.0,0.0,0.0,0.0,0.0,0.0,0.0,0.0,0.0,0.0,0.0,160.90669
C1(C(C(C1(F)F)(F)F)(F)F)(F)F,155.49387999999988,0.0,0.0,0.0,0.0,0.0,0.0,0.0,0.0,0.0,0.0,0.0,0.0,0.0,0.0,0.0,0.0,1.22972129042542,1.75446406593475,1.98175648501871,2.50852285921202,1.29199529237984,3.51935356577993,5.023234896178679,3.897228987330043,11.607909496477705,26.6520134231811,75.83600875691458,20.19167088116709,0.0,0.0,0.0,0.0,0.0,0.0,0.0,0.0,0.0,0.0,0.0,0.0,0.0,0.0,0.0,0.0,0.0,0.0,0.0,0.0,0.0,0.0,0.0,156.68511
C(C(F)(Cl)Cl)(F)(F)Cl,149.10477999999992,0.0,0.0,0.0,0.0,0.0,0.0,0.0,0.0,0.0,0.0,0.0,0.0,0.0,0.0,0.0,0.0,0.0,0.547761773643081,1.72841465238865,7.10416065994726,1.11342291402101,3.65490663117422,10.314049727699496,3.2400457379833205,3.808946212044995,27.993432336492,57.65663006306409,31.943009291541784,0.0,0.0,0.0,0.0,0.0,0.0,0.0,0.0,0.0,0.0,0.0,0.0,0.0,0.0,0.0,0.0,0.0,0.0,0.0,0.0,0.0,0.0,0.0,150.86992
C(C(F)(Cl)Cl)(F)(Cl)Cl,159.2239499999999,0.0,0.0,0.0,0.0,0.0,0.0,0.0,0.0,0.0,0.0,0.0,0.0,0.0,0.0,0.0,0.0,0.0,0.302297852922485,1.92298591337112,8.51237584255747,3.31910039114894,1.78440820175453,14.584458618620795,6.3021600041105685,1.9918185788773453,26.1316452552268,39.8662327697841,53.55390792257208,0.952558649053643,0.0,0.0,0.0,0.0,0.0,0.0,0.0,0.0,0.0,0.0,0.0,0.0,0.0,0.0,0.0,0.0,0.0,0.0,0.0,0.0,0.0,0.0,165.18283
C(C(Cl)(Cl)Cl)(F)(F)Cl,158.18610999999984,0.0,0.0,0.0,0.0,0.0,0.0,0.0,0.0,0.0,0.0,0.0,0.0,0.0,0.0,0.0,0.0,0.0,0.459646740742189,1.70507558630778,9.30364966547073,2.58838800747932,2.15094737220407,14.100330031671495,6.067856890016238,1.732485369216985,25.3231386925346,40.5487988177151,53.263614820316576,0.942178006324754,0.0,0.0,0.0,0.0,0.0,0.0,0.0,0.0,0.0,0.0,0.0,0.0,0.0,0.0,0.0,0.0,0.0,0.0,0.0,0.0,0.0,0.0,164.38588
C(C(Cl)(Cl)Cl)F,138.50619999999992,0.0,0.0,0.0,0.0,0.0,0.0,0.0,0.0,0.0,0.0,0.0,0.0,0.0,0.0,0.2978236976894925,3.741474341604525,3.58642649729073,3.11981448293214,2.98101981507016,4.14652973094903,7.26281715804825,3.99938512032137,1.7834104595247546,12.3603187348486,10.332577667878098,1.81400679727078,16.538038762308798,18.774828211274205,25.6496561120624,9.15296465304102,8.15678625671235,4.80832150117322,0.0,0.0,0.0,0.0,0.0,0.0,0.0,0.0,0.0,0.0,0.0,0.0,0.0,0.0,0.0,0.0,0.0,0.0,0.0,135.17074
CCCCCCI,190.4713399999999,0.0,0.0,0.0,0.0,0.0,0.0,0.0,0.0,0.0,0.0,0.0,0.0,0.0,0.0,0.0,0.0,0.0,0.446681121788729,3.12282505293895,3.40111104555495,4.51396030939966,7.95993459817475,23.862751992664503,28.629716107946095,23.9393626717772,20.0119852174375,20.1626984115283,14.578348422828896,4.83987874037663,9.48132864594285,9.20258232926332,11.512682795756,4.80549253662164,0.0,0.0,0.0,0.0,0.0,0.0,0.0,0.0,0.0,0.0,0.0,0.0,0.0,0.0,0.0,0.0,0.0,0.0,187.11438
CCCCI,151.10544999999988,0.0,0.0,0.0,0.0,0.0,0.0,0.0,0.0,0.0,0.0,0.0,0.0,0.0,0.0,0.0,0.0,0.0,0.457334549810973,3.16323924906341,3.4510332744251,4.57998165873168,9.96470410393014,22.2096636032926,18.998132080070995,12.8713575487103,13.6614718585465,15.7506152270783,9.107043109147206,2.07914720457739,9.37091282585705,9.24642495606893,11.6788397224676,4.5155490282217,0.0,0.0,0.0,0.0,0.0,0.0,0.0,0.0,0.0,0.0,0.0,0.0,0.0,0.0,0.0,0.0,0.0,0.0,143.02951
C(F)(F)(Cl)Br,116.33935999999994,0.0,0.0,0.0,0.0,0.0,0.0,0.0,0.0,0.0,0.0,0.0,0.0,0.0,0.0,0.0,0.0,0.395645982092184,0.752604688559622,3.20788458950416,2.77748466038274,0.436990108709446,4.90101871927547,5.847247316519089,2.3611532995974107,3.979946822568465,25.9546850353523,37.4900331185563,24.88136326663889,3.35330239224387,0.0,0.0,0.0,0.0,0.0,0.0,0.0,0.0,0.0,0.0,0.0,0.0,0.0,0.0,0.0,0.0,0.0,0.0,0.0,0.0,0.0,0.0,105.22097
C(F)(F)(F)Br,105.48579999999998,0.0,0.0,0.0,0.0,0.0,0.0,0.0,0.0,0.0,0.0,0.0,0.0,0.0,0.0,0.0,0.0,0.542361320041301,0.970893387925188,2.38817529203351,0.0,0.817418543119066,4.09101586733986,3.60980754441448,2.594170105814702,7.025463134773695,27.3715211855361,39.0175476738977,16.32230671435349,0.735119230750887,0.0,0.0,0.0,0.0,0.0,0.0,0.0,0.0,0.0,0.0,0.0,0.0,0.0,0.0,0.0,0.0,0.0,0.0,0.0,0.0,0.0,0.0,91.15438
C(F)(F)(Br)Br,122.51698999999998,0.0,0.0,0.0,0.0,0.0,0.0,0.0,0.0,0.0,0.0,0.0,0.0,0.0,0.0,0.0,0.0,0.827210287070576,1.1955237413908,5.39541950272018,0.384706468818435,0.60573324425531,7.28957825195428,4.695804078588689,1.791090176516181,4.182911440022875,26.5700922246661,32.9917657082071,31.28026613423659,5.30688874155285,0.0,0.0,0.0,0.0,0.0,0.0,0.0,0.0,0.0,0.0,0.0,0.0,0.0,0.0,0.0,0.0,0.0,0.0,0.0,0.0,0.0,0.0,112.57125
C(=C(F)Br)(F)F,119.86665999999998,0.0,0.0,0.0,0.0,0.0,0.0,0.0,0.0,0.0,0.0,0.0,0.0,0.0,0.0,0.0,0.0,0.564053697924205,0.982630329409556,2.35474597266624,0.0,2.06106448685496,7.21377224602154,6.576557011835731,7.69083520305447,6.988536649642422,17.3257837852602,29.635950379962196,34.03664679073798,4.43608344663048,0.0,0.0,0.0,0.0,0.0,0.0,0.0,0.0,0.0,0.0,0.0,0.0,0.0,0.0,0.0,0.0,0.0,0.0,0.0,0.0,0.0,0.0,106.58936
C(=C(F)Cl)(F)F,114.7267099999999,0.0,0.0,0.0,0.0,0.0,0.0,0.0,0.0,0.0,0.0,0.0,0.0,0.0,0.0,0.0,0.0,0.0,0.11044532474715,0.480522249823966,2.2087692456759,2.01104079803813,5.04213626880493,10.0730105039546,8.202870687293009,6.009518823313642,15.6202369600094,32.832738986451496,28.49323151641089,3.64218863547678,0.0,0.0,0.0,0.0,0.0,0.0,0.0,0.0,0.0,0.0,0.0,0.0,0.0,0.0,0.0,0.0,0.0,0.0,0.0,0.0,0.0,0.0,100.17111
C(C(F)(F)Cl)(F)(F)F,129.53057,0.0,0.0,0.0,0.0,0.0,0.0,0.0,0.0,0.0,0.0,0.0,0.0,0.0,0.0,0.0,0.0,0.0,0.304731381139723,0.870495773443192,2.31792222714996,0.0338089962529271,2.85753536282981,3.575437923208959,1.491787739709964,10.53459686020101,49.4623768525194,55.8643831666426,2.2174937169024793,0.0,0.0,0.0,0.0,0.0,0.0,0.0,0.0,0.0,0.0,0.0,0.0,0.0,0.0,0.0,0.0,0.0,0.0,0.0,0.0,0.0,0.0,0.0,122.7912
C(C(F)(F)F)(F)(F)F,119.76580999999996,0.0,0.0,0.0,0.0,0.0,0.0,0.0,0.0,0.0,0.0,0.0,0.0,0.0,0.0,0.0,0.0,0.0990489253801326,1.01385971659386,1.14201815736682,1.57403950682705,0.908666453933994,1.22990483389431,3.89093774142208,3.718986362586344,12.040874069849904,27.8478538321066,60.60848457118399,5.6911358288548675,0.0,0.0,0.0,0.0,0.0,0.0,0.0,0.0,0.0,0.0,0.0,0.0,0.0,0.0,0.0,0.0,0.0,0.0,0.0,0.0,0.0,0.0,0.0,107.57574
C=CBr,98.88166999999991,0.0,0.0,0.0,0.0,0.0,0.0,0.0,0.0,0.0,0.0,0.0,0.0,0.0,0.0,0.0,0.5150316688067481,2.01179883390317,3.77353171909037,5.00399524238193,5.40569546544662,3.26683408562972,6.25729064314685,3.98391474102666,3.684906196084692,7.7885433138885,6.57246897128528,3.426305340399631,4.384475980161135,14.3957471926772,11.3402107336431,14.4263828771718,2.50120056794249,0.14333642731405,0.0,0.0,0.0,0.0,0.0,0.0,0.0,0.0,0.0,0.0,0.0,0.0,0.0,0.0,0.0,0.0,0.0,0.0,82.8374
CC(F)(F)Cl,111.69609999999996,0.0,0.0,0.0,0.0,0.0,0.0,0.0,0.0,0.0,0.0,0.0,0.0,0.0,0.0,0.0,0.0,0.387058146971835,4.61190312395672,4.97194362043995,5.33656966168672,5.2239790517195,5.23928135745993,8.165348826360217,2.3718370069476116,6.63672082998009,6.26177151878661,3.1925626092870307,12.834977722048803,24.3895285115097,21.1073114198408,0.965306593004438,0.0,0.0,0.0,0.0,0.0,0.0,0.0,0.0,0.0,0.0,0.0,0.0,0.0,0.0,0.0,0.0,0.0,0.0,0.0,0.0,98.9739
C=CF,80.59582000000002,0.0,0.0,0.0,0.0,0.0,0.0,0.0,0.0,0.0,0.0,0.0,0.0,0.0,0.0,0.0,0.0487631438096853,1.87529612423481,3.97345311462558,4.93921472985686,5.57252162258511,3.13765779585773,3.37565232159618,3.61031912200321,3.73244074092021,4.23200186508394,3.82119095173768,3.99730374317157,3.5261721702386213,6.26802741950642,10.6641734297919,12.0292408386246,5.21119760938675,0.58119325696916,0.0,0.0,0.0,0.0,0.0,0.0,0.0,0.0,0.0,0.0,0.0,0.0,0.0,0.0,0.0,0.0,0.0,0.0,62.10866
CCCCCCN,172.62927999999994,0.0,0.0,0.0,0.0,0.0,0.0,0.0,0.0,0.0,0.0,0.0,0.0,0.0,0.0,0.0,0.9321612598252323,2.89736452854803,1.87402292454671,2.56379889491361,2.99442301744011,2.44373986284053,3.47252419577182,16.298504522885803,28.22440748621,29.9459029297726,23.0982074090258,18.5381534717269,17.012556888592595,8.61556885093041,0.913161024785398,1.5251105006741597,0.45522467130337,1.13499289211019,0.68866330244859,0.60635211383099,1.139148565701699,0.6029845195164378,0.2483624706196092,0.1123036959793502,1.0026823441691983,1.15016311165821,0.3872504849948,0.723760545882851,0.6992615689493747,0.9283319443455582,0.5520415765986023,0.7081939387101914,0.139954484691207,0.0,0.0,0.0,162.96181
CCCCCCCN,192.04073000000017,0.0,0.0,0.0,0.0,0.0,0.0,0.0,0.0,0.0,0.0,0.0,0.0,0.0,0.0,0.0745499521304418,1.242857846145708,3.25883739343309,1.33176900009505,2.75112958081661,2.73544874935482,2.29346616318887,3.09216668965294,13.058378053490308,30.805779763973103,37.6290980138082,29.4316874541164,23.1083198469767,17.362873035003098,10.3695439683049,1.81219202649718,1.2586703019558103,0.439782113373714,0.867082759955087,0.59474091812504,0.626952493196883,1.0042189259348988,0.421337826564425,0.416977123906862,0.2352376135454623,0.7364015340666891,1.47850196707778,0.390494203477679,0.539929872504691,0.4456638341645488,0.6708709751631452,0.657131895456877,0.7071374713935518,0.191500633149572,0.0,0.0,0.0,183.96671
CCCCCCCCN,212.2678100000001,0.0,0.0,0.0,0.0,0.0,0.0,0.0,0.0,0.0,0.0,0.0,0.0,0.0,0.0,0.0,0.9856801343112982,3.01623722011841,1.65046744233624,2.57624130372895,2.92554428703523,2.45484081582005,3.55011997720588,16.94680320172271,35.0583504742562,40.4218419738044,31.4622475106989,25.032543673799,19.288376353486097,12.7063475371448,1.65393127664013,1.86875451530978,0.419982311557974,0.329139991024053,0.502473162395668,0.949098796199018,1.1171338400900688,0.3754642013152444,0.2108054037787625,1.2425054032719285,0.8241259975532368,0.14116342236167,0.797556228054687,0.677738914573958,1.006326974370158,0.461394823132297,0.4957043908986919,0.9771167752643212,0.141751666740289,0.0,0.0,0.0,206.33495
CCCCCCCCCN,232.0688200000002,0.0,0.0,0.0,0.0,0.0,0.0,0.0,0.0,0.0,0.0,0.0,0.0,0.0,0.0,0.0735125080935463,1.247341351407648,3.21068475475024,1.32705477522858,2.8137780252888,2.68403485986108,2.28595057582003,3.13233882226011,13.92056217980501,37.36804902764921,48.2818584984907,37.2642370902751,30.0711703428056,20.756470947390596,13.9332070246495,1.99226639625307,1.2333851309546209,0.46065407994226,0.880337855557623,0.659186002312622,0.628935703309688,0.9369854208647144,0.4837797696559265,0.3369288573738965,0.2387352607657821,0.843455220422474,1.44414688683667,0.324497420680583,0.480718069039043,0.5894338989721981,0.6093432432832468,0.7672679875352725,0.5690447667974247,0.219467245667304,0.0,0.0,0.0,227.74392
CCCCCCCCCCN,252.17548000000025,0.0,0.0,0.0,0.0,0.0,0.0,0.0,0.0,0.0,0.0,0.0,0.0,0.0,0.0,0.0,0.9828885481818782,2.98958910703751,1.72704734338419,2.52652743100927,2.95848896399801,2.49274560884611,3.44565563382347,17.855905594305312,41.15787698895221,50.8462613985333,39.8127276372537,32.359853592337,22.956922609351395,16.2577072871177,0.966238571552759,1.6035156572347595,0.414928235523359,1.13374717715684,0.68836997805306,0.617236411804312,1.1328036841343492,0.6329673507292176,0.2332554326271934,0.090599757053324,0.9834933692779044,1.20105593013215,0.376388761268219,0.70126951094117,0.7028971500448058,0.9263252783357442,0.5582606036056873,0.7010943660576315,0.140835030336683,0.0,0.0,0.0,250.44528
CCCCCCCCCCCCN,291.4076100000002,0.0,0.0,0.0,0.0,0.0,0.0,0.0,0.0,0.0,0.0,0.0,0.0,0.0,0.0,0.0749768674436416,1.281390755389828,3.22259870124994,1.33153020916036,2.77364604561393,2.70462280378072,2.26874277672681,3.15677788091044,14.938267167049714,46.80445501314121,63.9207995923744,50.0803439171428,40.6267102897094,24.876659476970396,19.7580079747696,1.87426613567642,1.2818186245039205,0.437903216799797,0.874258684948046,0.598580049588711,0.616414807120713,1.0152198158738488,0.423441411191025,0.416427782864487,0.2321984009470663,0.7360615743669441,1.48334098046698,0.388264339362715,0.541938182916589,0.4492093859166417,0.6629671360230582,0.666736820012619,0.6964578160992179,0.192575363888165,0.0,0.0,0.0,293.19137
CCNCC(=C)C,165.11700000000002,0.0,0.0,0.0,0.0,0.0,0.0,0.0,0.0,0.0,0.0,0.0,0.0,0.0,0.0,0.0,0.1835032951104076,1.0308708405228,1.08849274873043,0.968083115636365,1.06976596593616,4.97862124358482,14.9602406641482,21.8092848920261,23.242657629770097,18.5687347115701,17.841477260862,18.6973965388761,10.425929312048398,5.72281598647443,4.90066355850826,3.709095896089401,2.03430960010323,3.05793618914175,3.49863635968607,2.23645250907793,0.7512860330877459,0.6619118629584066,0.5512637260904544,0.4379269214947842,0.8896431384655552,0.627500074478543,0.355719925521458,0.441559186275327,0.3752208137246727,1.3096061922788962e-15,0.0,0.0,0.0,0.0,0.0,0.0,155.76574
C(CNCCNCCNCCNCCN)N,331.59474,0.0,0.0,0.0,0.0,0.0,0.0,0.0,0.0,0.0,0.0,0.0,0.0,0.0,0.0,0.9878427324249612,7.312394891532779,10.549783403005,9.4349582669745,10.019496483988,9.66341986732686,14.8907447143119,26.1226071798581,32.96427075748581,45.19389620666269,33.4979166996953,24.7410745231751,24.1471864635286,6.830428011871341,9.56367813324878,10.3302587608107,4.1909219605490655,3.49162959581379,4.88647984860078,2.03243100339439,2.97398631228612,4.346113912334539,3.812888083079128,0.3277964222776682,2.8197350297078057,9.07765833570028,4.71685140044277,2.64495656299651,1.27608151947396,3.143344693559459,2.9400705791482307,1.9448736085407032,0.7189640361943502,0.0,0.0,0.0,0.0,329.21231
C=CCN(CC=C)CC=C,208.2841100000001,0.0,0.0,0.0,0.0,0.0,0.0,0.0,0.0,0.0,0.0,0.0,0.0,0.0,0.0,0.0,0.0,0.0,0.0,0.0402529142796758,7.1756197910822,15.2044677038141,19.6097873191021,24.8838722293248,21.5525298509551,20.7246238693752,19.758709410779,13.171957249450202,16.498437028156896,12.129002916253,6.41827872753374,8.145887075481498,8.40559656304318,3.3699606458082,5.24240385067143,1.18435163206837,0.8396120168828416,1.1526795692791814,1.5483003814703489,0.3333320803532442,0.0293194764486687,0.684380781877395,0.180746916509743,0.0,0.0,0.0,0.0,0.0,0.0,0.0,0.0,0.0,211.97057
C(CNCCN)N,163.74866999999998,0.0,0.0,0.0,0.0,0.0,0.0,0.0,0.0,0.0,0.0,0.0,0.0,0.0,0.0,0.4865467793234951,4.571719233412833,7.08644646711264,4.96693352233403,7.05078787955179,6.70771904446687,8.05099450793655,14.7669911609782,14.896395234382302,18.069659748721197,13.7245727096645,10.3395272203585,9.61097887640293,4.364890980997979,3.31308170580397,4.93331469349422,1.8560786998933327,1.78032118654234,2.40433880307631,1.87435750688652,2.3537558655326,2.137697202053349,1.5967010082263653,0.2807487533812315,1.0780621854838186,4.316202123298145,2.2922410800987,1.37382619354085,1.04420673087653,2.573289026136395,1.1504933101224848,1.7694657593821477,0.8716521110736611,0.0546726894531833,0.0,0.0,0.0,150.85828
C(CNCCNCCNCCN)N,275.67115,0.0,0.0,0.0,0.0,0.0,0.0,0.0,0.0,0.0,0.0,0.0,0.0,0.0,0.0,0.7704209490301797,6.32532607214147,9.44418515902853,8.05454273055286,9.07036451994463,9.45864202210774,13.7761035061719,25.365609779168,24.284113255201703,33.83031527931799,25.532118511515,20.4207256333916,19.8240732795176,6.37224304659492,6.08159964314354,9.01787953828162,3.863707886215484,2.71687343300098,4.10405102833274,2.33843970829069,2.87618721474491,3.2865393811028896,3.12274692025382,0.2808964474076418,2.396255738937006,7.127150624425892,3.82668676665764,2.65925562531461,1.22740383482178,3.389404080343235,2.036113186415215,1.8985983021091304,0.8591025814111335,0.0334743151059536,0.0,0.0,0.0,270.62725
CCCN(CCC)CCC,225.36893999999995,0.0,0.0,0.0,0.0,0.0,0.0,0.0,0.0,0.0,0.0,0.0,0.0,0.0,0.0,0.0,0.0,0.0,0.0,0.0,0.0,0.466003712697172,7.71583018676926,24.330329295468605,30.430747967411403,42.0085873030501,36.4995310050235,32.5747273874742,33.745089417075086,8.03728183096139,2.42074205615324,2.0096033727659504,0.912632592926018,0.19567528232351,0.109427670200974,0.0554548058323565,1.3253069794512882,0.2660091344158961,9.388836791545785e-16,0.0,0.6943961700067188,1.45488382999328,0.0370003998152452,0.0796796001847548,0.0,0.0,0.0,0.0,0.0,0.0,0.0,0.0,229.12181
C=CCC#N,118.61693,0.0,0.0,0.0,0.0,0.0,0.0,0.0,0.0,0.0,0.0,0.0,0.0,0.0,0.0,0.0,2.7579195900022553,4.94301672625691,3.63961516094134,6.27060765138929,10.7825692417521,10.1417918636748,4.88659800552144,4.9910610605821715,8.166360074878398,4.73822996593788,6.38966792021267,5.78730683349217,5.224343935148039,2.92785549815718,5.26003629572584,3.931644590328351,3.65812696236689,3.4612642653679,4.01323810102552,4.0096047613762,5.614288020505017,4.210098698747565,2.641448622879415,0.1702361537306496,2.902179243809052e-16,0.0,0.0,0.0,0.0,0.0,0.0,0.0,0.0,0.0,0.0,0.0,102.16552
C(CCC#N)CCN,177.50079000000005,0.0,0.0,0.0,0.0,0.0,0.0,0.0,0.0,0.0,0.0,0.0,0.0,0.0,0.0,0.0884898597942815,1.2459636502545883,4.87908024080992,6.31693736114232,7.12347171830736,6.56897735084017,11.5384681370889,18.2748305990846,18.0712541404405,20.1263012485129,17.884927662872595,8.9062434388385,7.16895692419196,5.0627303064303595,2.86043004012338,2.52886205557297,2.9876287565142996,1.43006833563947,4.07552295125223,3.1185974801402,4.88323023135263,6.498029955794327,4.989545629171936,3.694198270992824,1.1126113470727046,1.4395201204461694,1.28102218731798,0.527617685217767,0.328052314782234,0.382688316172307,0.680483296822143,0.7538212345419578,0.6722271524635882,0.0,0.0,0.0,0.0,167.27237
CCCCN=C=O,154.4039500000001,0.0,0.0,0.0,0.0,0.0,0.0,0.0,0.0,0.0,0.0,0.0,0.0,0.0,0.0,0.0,0.0,0.0,0.0,0.285035185359202,4.05445294929086,6.2208494748191,10.9900146165022,21.4319524263125,20.3648732927599,18.8786636014105,17.2347904373279,11.509397901000002,12.356111025968897,3.43709569474304,4.15037320896509,2.8861504841732613,5.97295938046061,7.50048816580934,7.13074215509768,0.0,0.0,0.0,0.0,0.0,0.0,0.0,0.0,0.0,0.0,0.0,0.0,0.0,0.0,0.0,0.0,0.0,140.21973
C1CCC(CC1)N=C=O,166.26189999999994,0.0,0.0,0.0,0.0,0.0,0.0,0.0,0.0,0.0,0.0,0.0,0.0,0.0,0.0,0.0,0.0,0.0,0.0,0.0,0.661080966870975,3.88028811102923,10.8359780984548,25.3683106163711,27.686918797651696,22.4303093347256,23.1243971574769,14.761129762060202,7.676233110111207,2.23466381649198,4.15053331907581,2.420281286565322,5.784228537123,6.00861917094729,8.94457590276702,0.294352012277808,0.0,0.0,0.0,0.0,0.0,0.0,0.0,0.0,0.0,0.0,0.0,0.0,0.0,0.0,0.0,0.0,165.63762
CCC1=CC=CC=C1N,167.94070000000008,0.0,0.0,0.0,0.0,0.0,0.0,0.0,0.0,0.0,0.0,0.0,0.4248353674009673,1.210202972510639,1.38927201918907,1.9549243086782688,1.2851508001043912,2.33113433187726,2.20817041329176,2.46836109791289,4.14726358321475,10.1642569558416,14.4169365812846,16.9629315428373,14.8460530309293,13.8571710040453,10.64295106805,9.87796955103164,7.627760219018019,4.60317791734204,6.96347676445567,6.95371964943355,8.39803135335199,10.003420322844,7.92315958373916,5.86883317899188,1.3902658165387776,0.0212705660852436,7.377883431768551e-17,0.0,0.0,0.0,0.0,0.0,0.0,0.0,0.0,0.0,0.0,0.0,0.0,0.0,166.41768
C1=CC=C(C(=C1)N)N,147.93745,0.0,0.0,0.0,0.0,0.0,0.0,0.0,0.0,0.0,0.0,0.0,0.0,0.2123422258761966,1.99349153822887,4.224943107266377,5.306790677369318,4.56229367106237,5.23937551980894,5.63381779809985,5.19224762563265,7.00143535459124,9.88369768598047,7.6512523140104,7.364141730046329,6.00324999074718,6.122318631585,5.11426900747639,5.789933117313401,8.22633366854529,8.69127576075489,9.84615204241928,10.9272683848723,8.07073014926576,6.00253556687394,1.74586417426302,1.7323618032034291,1.24774401771736,1.2738460898572,1.0030037891614905,1.8721066577340384,0.0026279002370276,0.0,0.0,0.0,0.0,0.0,0.0,0.0,0.0,0.0,0.0,141.10877
CC1CN1,103.67994000000007,0.0,0.0,0.0,0.0,0.0,0.0,0.0,0.0,0.0,0.0,0.0,0.0,0.0,0.051116673789697,0.7196103996622688,2.015662924764398,0.519343713290561,1.23427797019758,2.03555581916294,3.23814571910855,7.69531596999336,9.71888346832628,10.3140147092635,10.6283154498498,8.64889703250411,8.68735174255685,9.88198059963369,6.742072560939119,4.11890091018811,2.61509628104985,1.7695752109415006,1.30534821642879,0.608610313914695,1.60358390763494,0.861572300877499,0.167108105921988,0.2021810138924425,2.3760819516337226,1.304867735056322,0.9284265587160668,0.693192740701442,0.183422054691541,1.51189077029792,0.49969780219595,0.781286360493941,0.0185530123206475,6.415507419255028e-17,0.0,0.0,0.0,0.0,88.13518
C1=CC(=CC(=C1)N)N,149.02572000000004,0.0,0.0,0.0,0.0,0.0,0.0,0.0,0.0,0.0,0.0,0.0,1.3748306293445176,5.6980029460539425,3.13571598243605,4.038913924552078,4.127665808189,4.83167781833826,6.09465642838671,3.95911470040121,6.12337043398387,7.75107630097959,6.6338428866171,6.05486647544006,5.142030394926451,6.919652295942379,3.60600607562756,3.54283292111709,4.540506665310571,5.65724295266406,7.47805843648116,4.603738756771783,5.00273032498614,10.7604862886594,16.1600213210386,8.97751701775504,5.880839459386561,0.9303227546108378,3.2132079269222607e-15,0.0,0.0,0.0,0.0,0.0,0.0,0.0,0.0,0.0,0.0,0.0,0.0,0.0,140.7304
CC(C)(C)NCCNC(C)(C)C,247.9981100000001,0.0,0.0,0.0,0.0,0.0,0.0,0.0,0.0,0.0,0.0,0.0,0.0,0.0,0.0,0.0,0.3833988911142343,1.41622527822787,2.65922954152184,2.25628456698665,2.21395312681436,4.61029723278909,16.3985688438522,32.7015700999682,32.1971860007486,33.4182751749594,23.9680132942991,23.0203137848948,37.83720391590259,13.4069165020353,2.85643207099692,5.023759540132509,2.00871342758532,0.197117483450295,0.916178687783159,0.623524587642727,0.7168325075932857,0.5406034887754363,0.9169817481380846,0.3919459092944099,1.0052023263732288,3.77239929909173,0.518472669028792,0.52333017143163,0.7757646574550274,0.6112773518109316,0.1121378193024087,3.950400338826832e-16,0.0,0.0,0.0,0.0,266.06145
C1CCC(C1)N,133.7764400000001,0.0,0.0,0.0,0.0,0.0,0.0,0.0,0.0,0.0,0.0,0.0,0.0,0.0,0.0,0.0721712534649771,0.7939228465681227,3.70495523644352,0.91123088013456,2.21491944337356,3.43109366411067,2.57023521544255,2.38637382841333,10.296596255756103,19.706497426119103,24.8874989119793,19.845408515291,11.0247434865958,13.867214729092796,5.48240591096421,1.53838435306901,0.9085487259449766,1.12308164825273,0.60153801451509,0.433744611269339,0.737336657773422,0.6015486134101076,0.8926035777312843,0.4078661942845226,7.028698753147734e-16,0.5054285894955931,1.48873379358295,0.668765538443308,0.339942078478146,0.2232369470788978,0.7491130529210962,0.9025923275773724,0.4587076724226305,0.0,0.0,0.0,0.0,125.81521
C1CCC(CC1)NC2CCCCC2,237.35006,0.0,0.0,0.0,0.0,0.0,0.0,0.0,0.0,0.0,0.0,0.0,0.0,0.0,0.0,0.0,0.0023517200409296,0.319205048535434,1.10592513640744,0.86843483038266,1.15719384206607,1.38092752337994,1.93344442482308,19.23666003694041,42.2577903667693,48.7243354075917,36.8196900470616,34.0192529008383,27.854644468329298,9.53883500792133,2.23195370387372,1.8487308708520205,1.33263336737408,0.862238793836209,0.728969591101198,1.25136422800704,0.5185471690141259,0.4657875436817525,0.3275066400456014,0.6404807313020614,0.1365330991661258,0.589514116762394,0.34975240739901,0.730676976497143,0.0922345645544239,0.0244454354455753,8.61651166094847e-17,0.0,0.0,0.0,0.0,0.0,257.88522
CNC1CCCCC1,165.17419000000007,0.0,0.0,0.0,0.0,0.0,0.0,0.0,0.0,0.0,0.0,0.0,0.0,0.0,0.0,0.0,0.3201346289852444,1.30319900915327,0.970656438714253,1.02500032416391,1.12919591126528,1.37877796482162,6.46106002295597,12.559623987937703,24.429225837999304,33.9044496885503,28.3161678981546,24.5115329582738,13.862741789554596,3.73040974826462,1.07394332360869,1.3976701145759698,1.07609426630321,0.45350900500341,0.319458090482712,0.826802529954308,0.682647116361165,0.6528964924508661,0.4077375983952338,0.5954465443181877,0.6321212026029679,0.662630627164801,0.274096879984072,0.722011886258299,0.7723377297869436,0.3509112439076784,0.2453883183796893,0.1263108216673894,0.0,0.0,0.0,0.0,166.19472
C(CNCCO)N,159.55643999999995,0.0,0.0,0.0,0.0,0.0,0.0,0.0,0.0,0.0,0.171810933182972,0.5045608393157445,2.058892503633037,0.4640457238682487,0.550719181882082,0.7451203819397877,2.915997390594606,5.76032040064436,4.07592245075513,4.62407311890599,4.76821379505629,7.33018506011558,14.3807869284399,17.4857801216906,19.313829275978296,15.133430545754,9.30970400973888,6.894631379107031,2.6730734502926405,3.26534376359391,4.22039751830281,2.325743641879592,1.56928267708122,1.68068602501846,2.12122086804396,2.12571246570017,2.6737389514599084,1.6331866281005314,2.004368836127618,2.947272984479638,4.375792744834977,2.84805266354422,2.35935903170221,1.37916203724022,0.64130046837443,2.0853397682386148,0.1393814353822827,4.787968213724085e-16,0.0,0.0,0.0,0.0,146.00097
C(CC#N)/C=C\C#N,161.36201999999994,0.0,0.0,0.0,0.0,0.0,0.0,0.0,0.0,0.0,0.0,0.0,0.0,0.0,0.0,0.0,5.80918318873918,12.7314431058993,14.5628099477761,8.99467757026215,8.87789860142892,7.57540441607174,4.44015051160043,7.21277097012514,6.95692723981467,6.96756747205986,5.7819639957316,6.56493373307327,7.895893272483417,2.02961247801588,3.23226637286745,4.052755576555869,3.67790532315151,4.40344593170497,8.0854025271243,8.4216783967137,9.919815241838148,8.466518488451056,4.487451922334964,0.2135437161763221,3.6240686405668583e-16,0.0,0.0,0.0,0.0,0.0,0.0,0.0,0.0,0.0,0.0,0.0,150.20173
C(CC#N)/C=C/C#N,163.71868999999987,0.0,0.0,0.0,0.0,0.0,0.0,0.0,0.0,0.0,0.0,0.0,0.0,0.0,0.0,0.0942679469230495,5.883409204324599,12.4040264008217,13.2650637631889,11.2357057094919,10.6149012845993,7.00846804916177,4.77883347008767,6.006287105361551,8.081968587698718,5.99048762876219,5.83362304790545,8.07998653901887,7.074883709805499,2.39375510748082,2.74268628559892,3.0259840600719294,3.74137089937733,4.13949551537802,8.553037621671,7.95629177513006,10.956643149221197,8.537456560101008,5.033786744417612,0.2862698344008141,5.079056605634839e-16,0.0,0.0,0.0,0.0,0.0,0.0,0.0,0.0,0.0,0.0,0.0,150.19223
C(/C=C/CC#N)C#N,164.26505000000006,0.0,0.0,0.0,0.0,0.0,0.0,0.0,0.0,0.0,0.0,0.0,0.0,0.0,0.0,0.0701016293999377,7.275000180450897,10.9051202056862,10.3800341871912,11.5335309403022,13.4859975212187,6.5541100851744,3.75431635670314,7.341800341021371,9.988532577094398,5.62068679986966,4.50520218153769,6.972107220082769,6.9643383106705485,3.51137790175049,4.05330560166902,2.6850980264261013,3.50740758660828,4.61283750540165,8.23540698256122,8.3434842529165,10.461464588759696,8.645737819702196,4.6087782839838844,0.2492729138179052,4.450557664472069e-16,0.0,0.0,0.0,0.0,0.0,0.0,0.0,0.0,0.0,0.0,0.0,150.1595
C1=CC(=CC=C1CC2=CC=C(C=C2)N=C=O)N=C=O,288.17876999999993,0.0,0.0,0.0,0.0,0.0,0.0,0.0,0.0,0.0,0.0,0.0,0.0,0.0,0.0,0.0,0.0,0.564056758534771,3.92163166839715,10.6887282616045,18.3355544687629,19.6079044415065,19.3140067574619,16.808693940203003,24.0552488706124,20.3103609237946,14.6460450787918,17.6932915699559,26.834539929680897,20.8343169829651,28.4442784259504,19.083231658762408,17.7255172552745,9.3113630077412,0.0,0.0,0.0,0.0,0.0,0.0,0.0,0.0,0.0,0.0,0.0,0.0,0.0,0.0,0.0,0.0,0.0,0.0,304.18337
C1=CC=C(C=C1)NC2=CC=CC=C2[N+](=O)[O-],237.65029,0.0,0.0,0.0,0.0,0.0,0.0,0.0,0.0,0.0,0.0,0.0,0.0,0.0,0.0,0.0,0.0,0.0,1.22973787801938,9.46381448882981,19.1681758990148,18.1029660049467,16.0168528718863,13.8969741330086,13.837679517730502,18.9301775099015,20.6402061235422,17.6350098756849,20.7461729659153,17.7827721777778,14.1794489253696,9.916961157691023,5.06968393366724,5.74992180200447,4.86333817223936,3.5372970413588,2.0900268679031013,2.983944997922496,1.791208330046924,0.017919325539164,2.987997152327251e-17,0.0,0.0,0.0,0.0,0.0,0.0,0.0,0.0,0.0,0.0,0.0,247.42498
C=CCNCC=C,164.34269000000006,0.0,0.0,0.0,0.0,0.0,0.0,0.0,0.0,0.0,0.0,0.0,0.0,0.0,0.0,0.1160345266759777,0.3122233886513667,1.71225866641202,0.581530021301084,0.285543292828785,4.70089944080296,13.7294942700632,16.9907341339476,20.196931984679896,15.9574732714436,14.0903167775401,13.025948601592,7.849354522716731,12.252625617152898,7.97790507407164,5.89772133883354,7.713390025391628,6.82640418747189,3.95490751547507,4.547359657076,0.554700987907091,0.3688936849692588,0.2514290129957333,1.2024079536238867,1.3869432183579198,0.200339942959837,0.530634946072073,0.318896886510309,0.342657052475979,0.4665562846528543,0.0001737153471424,5.897859224363804e-19,0.0,0.0,0.0,0.0,0.0,151.88789
C1=CC(=CC(=C1)[N+](=O)[O-])[N+](=O)[O-],177.07343000000003,0.0,0.0,0.0,0.0,0.0,0.0,0.0,0.0,0.0,0.0,0.0,0.0,0.0,0.0,0.0,0.2617854163502836,4.70665986173403,7.83049849808082,9.87302761201298,7.23736838438287,9.78039125395794,12.1311126696854,20.641616630505297,14.695273118401197,8.10635293271335,5.67347441015205,4.22838391025466,5.70458267420118,6.26251256795229,6.74662554019234,16.34040183299679,14.1126347993713,6.65933103362128,5.71827531824284,5.8945693386091,4.237245476806543,0.2313067197754822,7.97793079907458e-16,0.0,0.0,0.0,0.0,0.0,0.0,0.0,0.0,0.0,0.0,0.0,0.0,0.0,172.34291
C1=CC=C(C(=C1)[N+](=O)[O-])[N+](=O)[O-],174.45597000000012,0.0,0.0,0.0,0.0,0.0,0.0,0.0,0.0,0.0,0.0,0.0,0.0,0.0,0.0,0.1976380796867296,3.9905033556702834,10.2815939130006,10.8819516297399,6.98325267069373,5.84460548803222,4.97533947425327,5.16714922624293,7.542671739554322,10.8064107311916,9.92411587702941,12.8132318258022,11.1147813533423,4.573536602670762,8.52830646593167,11.3844514931675,19.622544410829192,11.9072350440161,5.62642149583535,5.83499889164216,5.50142222102834,0.9538080106395584,0.0,0.0,0.0,0.0,0.0,0.0,0.0,0.0,0.0,0.0,0.0,0.0,0.0,0.0,0.0,174.45819
C1=CC(=CC=C1[N+](=O)[O-])[N+](=O)[O-],177.06214000000017,0.0,0.0,0.0,0.0,0.0,0.0,0.0,0.0,0.0,0.0,0.0,0.0,0.0,0.0,0.0,1.9898414546488368,7.83768299637366,7.63451084552397,8.02465270608894,4.99280315823111,9.65032146530742,11.1159794119123,11.464468563066104,18.841015269869395,11.6997671902428,8.07313750347377,4.053056170501491,7.205628558557359,5.0431316177006,7.50530537205641,16.651958941671293,12.1748072540392,6.90329387417754,5.32830983782624,5.37181587376651,5.046817807498592,0.4538341274666294,1.5542726509830864e-15,0.0,0.0,0.0,0.0,0.0,0.0,0.0,0.0,0.0,0.0,0.0,0.0,0.0,172.37432
CC1=C(C=C(C=C1)[N+](=O)[O-])[N+](=O)[O-],192.45312,0.0,0.0,0.0,0.0,0.0,0.0,0.0,0.0,0.0,0.0,0.0,0.0,0.0,0.0,0.0,0.3724981228225854,3.68604773117449,6.53053950542612,10.161126441441,10.1064129434101,12.3715001826175,11.4267169188319,15.512537125736804,22.661296010151897,13.175893445607798,7.67448891696301,8.66116373999633,4.48833303708412,5.47347737696931,6.42540856362243,12.977996456054294,14.0845160874632,9.74035472657242,4.7110303685962,4.88396811730182,6.073569654771992,1.2542445273846856,4.257170756104991e-15,0.0,0.0,0.0,0.0,0.0,0.0,0.0,0.0,0.0,0.0,0.0,0.0,0.0,193.55211
CC1=C(C=CC=C1[N+](=O)[O-])[N+](=O)[O-],189.26791999999992,0.0,0.0,0.0,0.0,0.0,0.0,0.0,0.0,0.0,0.0,0.0,0.0,0.0,0.0,0.0,1.201615326435658,7.38054178976116,9.24000352361723,10.0749348646842,9.33632028577971,8.54224450992696,10.0885800568992,9.568722490671794,17.2016325419093,13.7000527322229,10.6012589781891,10.4829836036456,4.51521368457872,4.23528721927114,8.18910536340567,13.708455289299394,16.5386435450528,8.30305487107633,5.44967685869317,5.1073799140657,5.229181280168882,0.573031270645301,2.0236009581901285e-15,0.0,0.0,0.0,0.0,0.0,0.0,0.0,0.0,0.0,0.0,0.0,0.0,0.0,193.03308
CC1=CC(=C(C=C1)[N+](=O)[O-])[N+](=O)[O-],193.16932,0.0,0.0,0.0,0.0,0.0,0.0,0.0,0.0,0.0,0.0,0.0,0.0,0.0,0.0,0.0,1.568054204378197,6.08889228965881,6.72794141991434,9.22281025978978,9.91973587550594,11.0346779919391,9.01388494526626,11.235426267809602,15.5663844712924,16.5231826512879,12.1492856550838,9.11715902614179,5.60956727410764,5.96112718382218,10.7640522751812,18.88630026807959,13.7891395959809,6.28219421363845,6.07682701927245,5.440985595444,2.1680458970353063,0.0236456193703455,8.204666394734791e-17,0.0,0.0,0.0,0.0,0.0,0.0,0.0,0.0,0.0,0.0,0.0,0.0,0.0,195.99261
C1=C(C=C(C=C1[N+](=O)[O-])[N+](=O)[O-])[N+](=O)[O-],204.13437,0.0,0.0,0.0,0.0,0.0,0.0,0.0,0.0,0.0,0.0,0.0,0.0,0.0,0.0,0.0,0.4316009540099023,6.10980526796435,8.94721789192535,10.5343388715147,22.4921042794422,25.7234800158911,8.69888379916251,2.44661892008986,2.170984464682161,3.762590840884101,6.29391673961994,11.108846335449298,6.0929236447113215,9.46455166030341,18.2423975726741,24.254585407478796,12.0318345806032,8.17078473753455,9.25803348682711,7.34867708588736,0.550193443344677,0.0,0.0,0.0,0.0,0.0,0.0,0.0,0.0,0.0,0.0,0.0,0.0,0.0,0.0,0.0,203.18984
CC1=C(C=C(C=C1[N+](=O)[O-])[N+](=O)[O-])[N+](=O)[O-],216.9907299999999,0.0,0.0,0.0,0.0,0.0,0.0,0.0,0.0,0.0,0.0,0.0,0.0,0.0,0.0,0.0428138989033308,2.6231828758249556,7.46074550438686,7.15394264797111,9.45399192946352,15.1537582335416,19.5491896347219,18.2443870005789,12.216100380143398,7.313441439391209,5.21723828438733,6.34143322481974,6.35788036825743,7.201291140463642,10.5258822751145,15.6166784911805,27.16573298945819,13.8134992044168,8.30891250592936,8.7684315014745,7.57119009238047,0.8910063771906704,0.0,0.0,0.0,0.0,0.0,0.0,0.0,0.0,0.0,0.0,0.0,0.0,0.0,0.0,0.0,224.30325
CC1=C(C=CC(=C1)[N+](=O)[O-])[N+](=O)[O-],192.41522999999995,0.0,0.0,0.0,0.0,0.0,0.0,0.0,0.0,0.0,0.0,0.0,0.0,0.0,0.0,0.0,0.0751897001528687,3.11125694507386,6.09031669060848,9.60726612974345,9.55506150017682,10.7444245700172,13.2737933905231,15.448689604675904,23.272405660721695,18.717473819432698,5.48594335167145,6.42109450287595,3.909607684025691,6.18404084863224,7.70254442072357,14.152502665148594,15.2628089052384,7.24671644432323,5.69644337134605,5.74477477135479,4.427425757135373,0.285449266398549,9.895079693141053e-16,0.0,0.0,0.0,0.0,0.0,0.0,0.0,0.0,0.0,0.0,0.0,0.0,0.0,193.6833
CC1=CC(=CC(=C1)[N+](=O)[O-])[N+](=O)[O-],195.7415499999999,0.0,0.0,0.0,0.0,0.0,0.0,0.0,0.0,0.0,0.0,0.0,0.0,0.0,0.0,0.0,0.0410150745979093,1.72748653987263,4.45305422775866,9.46185037389892,10.2440561748844,14.1068726262509,15.8619930396478,17.535434979785602,23.7332737241434,16.176822282185295,5.12652021529007,4.94540104741418,6.674008187872419,5.30956241393411,6.17961313112669,15.605136651749993,13.2556415960189,8.54273855493715,4.90603654859198,5.05173207777393,5.870168797203081,0.9331317350618936,3.192925128757583e-15,0.0,0.0,0.0,0.0,0.0,0.0,0.0,0.0,0.0,0.0,0.0,0.0,0.0,193.82487
C1=CC(=CC=C1N)N,150.20243000000002,0.0,0.0,0.0,0.0,0.0,0.0,0.0,0.0,0.0,0.0,0.0,0.5941602479731399,2.7704956795620963,5.96020918953947,3.1889500885290047,3.784887090440089,4.28049758104019,5.34485869470817,7.1377434690917,7.60710133418656,7.68524646860167,6.25517655241549,7.050604014275179,4.90727189696689,5.86734179082071,4.61838209557455,4.09585177750095,4.45633247088823,5.2010528326006,6.28804603896039,7.731345302313149,4.89188526117648,12.9313103970659,12.4370803580243,8.67779917669231,3.0489858676654285,2.3191224580978353,1.0706918652895243,1.811615953693098e-15,0.0,0.0,0.0,0.0,0.0,0.0,0.0,0.0,0.0,0.0,0.0,0.0,141.79181
C1=CC=C(C=C1)N=C=O,156.60270999999997,0.0,0.0,0.0,0.0,0.0,0.0,0.0,0.0,0.0,0.0,0.0,0.0,0.0,0.0,0.0,0.0,0.28536434536672,2.11339576318123,7.24822783206546,10.4920640619786,11.7534141716628,9.26558581796942,9.227301888551882,12.972063604403498,8.01770426193656,8.76780036791684,9.22762514619029,13.747475362164298,10.9986192283787,14.1314310917922,11.267979446941302,12.9956167795403,4.09104082995986,0.0,0.0,0.0,0.0,0.0,0.0,0.0,0.0,0.0,0.0,0.0,0.0,0.0,0.0,0.0,0.0,0.0,0.0,147.31438
C1CNCCN1,126.08149,0.0,0.0,0.0,0.0,0.0,0.0,0.0,0.0,0.0,0.0,0.0,0.0,0.0,0.0,0.4586934125649462,2.9652871329731556,2.70440603455956,1.83033662856451,2.40438558580727,1.51252617499274,3.8124860097972,11.8546273511064,12.8424477962885,14.538819231612704,21.3597828153945,15.182687585082,9.691341655208042,1.76810874695769,1.59663183955643,3.73669368787949,1.9778711832143716,1.0644670071685,0.737779799233549,1.26866083530848,0.957150510775967,0.5409014113597499,1.0770605815848409,1.3465879174043491,1.2473487595401302,0.9057413106774536,1.60349899538749,0.256878712948716,1.80609492790513,1.386231626797518,0.7818542222626051,0.5170237477803948,0.3470767623056346,0.0,0.0,0.0,0.0,117.42546
C1=CC=NN=C1,113.62300000000003,0.0,0.0,0.0,0.0,0.0,0.0,0.0,0.0,0.0,0.0,0.0,0.0,0.0,0.0,0.0,0.0001323408579434,4.81777348723564,12.6241582079831,9.65650951136711,5.25108358064777,4.46851379642286,5.21120136324136,4.302842383221191,5.7596773904803,6.060228589779281,8.6711595250493,12.29529164625,3.768954273043239,2.41480918137105,1.64523225865063,1.71170838519017,2.66739084063706,2.12329052386564,1.56966906006055,1.94882084772545,3.0387345204584277,1.683250183148542,2.264803818224058,3.328175505286198,2.5644675498495215,2.68917814558916,1.08594308436448,0.0,0.0,0.0,0.0,0.0,0.0,0.0,0.0,0.0,100.98096
C1=CN=CN=C1,112.61804999999998,0.0,0.0,0.0,0.0,0.0,0.0,0.0,0.0,0.0,0.0,0.0,0.0,0.0,0.0,0.0,0.0,1.27679592588847,9.62230150441428,10.9535727562182,6.46063165665682,4.10383922802948,4.65488168767209,5.37099253322654,4.5012066334671905,7.356308532911211,12.5068452501936,11.7950680580449,3.82455514072977,4.36690291762009,2.30104154844076,0.8814814986198232,3.40959809806662,3.23764840818159,0.917957147325829,2.23660396781385,3.527338888514867,1.65772129345771,1.66249250560178,1.8446147012939096,2.298017871661909,1.37670539049263,0.472926855456068,0.0,0.0,0.0,0.0,0.0,0.0,0.0,0.0,0.0,100.20799
C1=CNN=C1,101.34402000000004,0.0,0.0,0.0,0.0,0.0,0.0,0.0,0.0,0.857457492299238,2.1734189579606,0.977105240178148,1.7635260163467887,1.2118284278681508,0.289529230731297,0.839965688668542,1.905767874245878,2.80642130088216,3.915505801685,4.3193966226603,6.00080001464005,3.48511288647204,3.87646394315611,5.21475385623712,4.564900842917689,2.6685647778866404,5.38685952459724,3.3136195913913205,4.366150613609521,5.62991721339872,3.63400227408145,5.464978666802078,5.58940928270557,6.48198204339492,2.15873206873928,2.3731434552208,1.7737702470033792,1.279972026028621,1.518570140979339,2.1311681649729293,0.8794900494369924,1.47424543215231,1.01749023064981,0.0,0.0,0.0,0.0,0.0,0.0,0.0,0.0,0.0,86.27097
C(=C\C#N)\C#N,122.87986000000004,0.0,0.0,0.0,0.0,0.0,0.0,0.0,0.0,0.0,0.0,0.0,0.0,2.2918373605583766,7.60282162826427,4.1268654447467865,2.4926173867293127,2.72056960886897,2.66703506979864,3.05720382928878,2.85232396299846,4.2178252438363,10.8025069717978,7.803820575178579,3.859139349283141,4.939356895651,6.19415690224922,1.591958845432091,3.8905959652797097,1.83008289165634,6.51004052245362,4.239347517133072,8.69617774247756,5.5672136712985,10.3115454039472,7.46281628848512,5.5715279738631125,1.5804729487240543,5.5611066926791025e-15,0.0,0.0,0.0,0.0,0.0,0.0,0.0,0.0,0.0,0.0,0.0,0.0,0.0,106.7591
C(=C/C#N)\C#N,124.1845,0.0,0.0,0.0,0.0,0.0,0.0,0.0,0.0,0.0,0.0,0.0,0.0,3.687150431189874,5.83923489936261,3.664462375494254,2.3846568169486324,1.99504179341442,2.82416303069657,3.07654636031755,3.06148368661414,8.44802742805732,8.61778933780641,9.373718513452086,3.1087644765533216,5.90815134756998,5.81468631193159,1.8336668077812504,3.4643248152749595,2.09100149294781,4.67578885463335,4.061363529504491,8.03698231616559,5.75242018464883,11.5260761091644,7.03749491215389,5.971260481381513,1.9302436869351431,6.620278294593685e-15,0.0,0.0,0.0,0.0,0.0,0.0,0.0,0.0,0.0,0.0,0.0,0.0,0.0,106.45974
C(C#N)N(CC#N)CC#N,178.97858999999994,0.0,0.0,0.0,0.0,0.0,0.0,0.0,0.0,0.0,0.0,0.0,0.0,0.9051990714079896,4.63784015582082,9.988581624523102,16.55072429640019,11.8994652248564,7.54833526639289,7.16507413977285,3.67917913102449,2.06879857777233,4.49169742784209,4.423424255108398,1.310950069591451,3.810819581979211,7.67762581321738,5.88987302363197,4.74752294900225,5.71449967415137,3.3403497614913,6.615252928365227,9.54191127323788,11.5048333009575,15.849077583305,12.5601103596526,10.79659172015099,5.9991632234159,0.2616895669283862,4.3657104943190135e-16,0.0,0.0,0.0,0.0,0.0,0.0,0.0,0.0,0.0,0.0,0.0,0.0,176.83215
C(C(CO[N+](=O)[O-])(CO[N+](=O)[O-])CO[N+](=O)[O-])O[N+](=O)[O-],290.41299999999995,0.0,0.0,0.0,0.0,0.0,0.0,0.0,0.0,0.0,0.0,0.0,0.0,0.0,0.0,0.0,0.9029286420059054,8.11574105490836,15.9508321985115,16.9732143213629,19.3946753477056,15.2955281584228,7.34607224079939,7.048421668910173,12.235397530839698,9.86922158435421,8.83332360942949,19.647206185761995,17.97054231650121,42.2527625171945,38.4972936839368,28.84563952468031,18.1334736186575,3.10072579601761,0.0,0.0,0.0,0.0,0.0,0.0,0.0,0.0,0.0,0.0,0.0,0.0,0.0,0.0,0.0,0.0,0.0,0.0,301.48743
C(C(CO[N+](=O)[O-])O[N+](=O)[O-])O[N+](=O)[O-],221.34391000000016,0.0,0.0,0.0,0.0,0.0,0.0,0.0,0.0,0.0,0.0,0.0,0.0,0.0,0.0,1.6021027779695474,8.17217775649697,10.2356835884327,10.4602039688539,9.2319034800735,7.16154014022023,8.71045355308219,5.55995976697271,5.58856610824362,6.532213939350641,7.70393205453375,7.33471835705988,12.088841040397398,16.695024415520507,32.6216084282426,31.2379696102367,23.329282933469702,14.5163166761895,2.56141140465409,0.0,0.0,0.0,0.0,0.0,0.0,0.0,0.0,0.0,0.0,0.0,0.0,0.0,0.0,0.0,0.0,0.0,0.0,216.48762
C1=CC=C(C(=C1)N)[N+](=O)[O-],158.99618999999993,0.0,0.0,0.0,0.0,0.0,0.0,0.0,0.0,0.0226053314304877,0.740485630010867,1.5295793809011486,1.2883982271585204,1.0553078293552605,1.86607949790619,1.6569829435707804,2.076257427871519,2.55572153915808,3.49310372333983,7.44595602333458,9.81946919972502,6.24938799798916,7.11730123735418,5.900772390280251,7.6302275754890605,9.19504982100531,8.51615434728349,11.8380729087106,10.618309489394,11.4741940965638,12.9623201676115,7.544539553444935,2.77775791887183,6.11924059810803,4.85557219433877,3.93351819514961,2.512172625863649,2.0932741657991323,2.674315290137508,1.4340626728428223,2.532055440920999e-15,0.0,0.0,0.0,0.0,0.0,0.0,0.0,0.0,0.0,0.0,0.0,153.92907
C1=CC(=CC=C1N)[N+](=O)[O-],162.75433,0.0,0.0,0.0,0.0,0.0,0.0,0.0,0.0,0.0,0.0,0.4095525309056153,2.8731034268469355,2.7255676881504205,2.66795234573198,3.661837072597588,2.596886327159652,2.74987356092765,4.21652338457551,6.69933415259224,7.42531500823247,6.53668116850196,5.07550296886359,6.95108645333002,6.138967140531331,8.23209010564162,11.5275006463625,13.8297963673311,13.290030684339898,9.989803539858,3.48244451019947,5.1389550159489685,3.2207425048721,9.25255018744535,8.92454723826949,4.845294154782,4.049705278532106,1.9019580689269755,3.4851689419881344,0.8555595265553445,1.5040903400525508e-15,0.0,0.0,0.0,0.0,0.0,0.0,0.0,0.0,0.0,0.0,0.0,156.1925
C1=CC(=CC(=C1)[N+](=O)[O-])N,163.15980000000008,0.0,0.0,0.0,0.0,0.0,0.0,0.0,0.0,0.0,0.0,1.1048225256627682,3.012712769809657,2.2661152325987213,2.43602139358571,2.1780644431773104,3.408531418615248,3.75237011443615,3.321775843439,6.39757892407066,7.78311043753406,5.63952020540254,7.44946588218903,5.269941808860431,6.9032195410059,7.36895871892895,6.78481973786495,8.95359309741727,11.15467424952,14.8215640480766,12.8400178957294,7.863938209544444,9.34703457450173,8.77410375427224,5.21055897169194,3.00132611738412,1.620094697748343,3.4660981801420916,1.0297672067908183,1.7059784205171573e-15,0.0,0.0,0.0,0.0,0.0,0.0,0.0,0.0,0.0,0.0,0.0,0.0,156.63598
C1=CC=C(C=C1)NNC2=CC=CC=C2,231.75292000000013,0.0,0.0,0.0,0.0,0.0,0.0,0.0,0.0,0.292186164262299,1.56867968564605,2.112969004418299,1.6173454300974708,1.8208767296098296,1.66751049250923,1.1746734748488008,3.935581148101836,2.58727905004845,2.24022542126687,5.55521763918111,11.9536512564262,16.8345766410103,15.8823703500575,13.170097312198598,11.0262083890818,10.793365445939,14.0444559968342,9.55880435745901,7.648201942056232,13.6607436867962,22.7330916348122,13.282629999381308,17.6395028236585,14.4967552411938,12.7216322184576,1.73428846464744,0.0,0.0,0.0,0.0,0.0,0.0,0.0,0.0,0.0,0.0,0.0,0.0,0.0,0.0,0.0,0.0,233.32307
C1=CC=C2C(=C1)C=CN2,154.17467999999997,0.0,0.0,0.0,0.0,0.0,0.0,0.0,0.0,0.0764563393154417,1.20029302945845,1.9966710187044188,0.4263684556553788,1.702676359406048,1.8839029568118,0.2780461947657937,0.7118315326571882,2.21619085101349,2.79835104726013,5.28628765271856,7.11757455114719,10.9680073003285,10.6947112075986,8.7500718993222,8.892322263934998,5.98484468763019,7.92170837614647,6.09662775123559,6.2504920537365,6.69501259224603,11.9356965810512,8.875610262655924,12.7182075103507,12.2853010116053,9.38511403748286,1.02630247576101,0.0,0.0,0.0,0.0,0.0,0.0,0.0,0.0,0.0,0.0,0.0,0.0,0.0,0.0,0.0,0.0,148.84337
C1=CC=C2C=NC=CC2=C1,164.34458999999995,0.0,0.0,0.0,0.0,0.0,0.0,0.0,0.0,0.0,0.0,0.0,0.0,0.0,0.0,0.0,0.0,0.0,1.25624481076225,14.091950396033,15.5772040864408,13.2833923548226,8.10509904815259,8.08894741401829,6.7542020402519,7.25064369551074,8.44784573114104,10.3477698505825,15.261034398777,19.2864338164935,15.9409625047509,7.423870014654798,1.33871086494571,0.501203011510525,2.40549110940476,1.12695485174704,0.7689431087248624,1.5675943912390684,1.1399904446301117,1.0569512064808702,0.7404588657240205,1.23534313946894,0.877999975177714,0.469348868554406,0.0,0.0,0.0,0.0,0.0,0.0,0.0,0.0,162.7324
C1=CC=C(C=C1)N=NC2=CC=C(C=C2)N,245.67727999999985,0.0,0.0,0.0,0.0,0.0,0.0,0.0,0.0,0.0,0.0,0.0,0.0,0.6877292501197428,3.04874082069261,2.1520537038576313,2.714189761474449,2.92627640394945,3.14466758550448,7.71805161475883,17.6079034628874,18.6807553982624,17.5668979108325,13.26010121227,12.087360039504,12.0394506071005,11.1317685399099,10.2884801000983,18.166506572991,16.8147601578095,23.7255062022113,24.0775643959501,9.56975390073241,2.82317560304933,4.53699705010775,2.03573859135936,3.5005986754482183,2.4569002748880058,1.1491315947745744,0.8060451500619026,0.8784294614729439,0.0817459579212721,0.0,0.0,0.0,0.0,0.0,0.0,0.0,0.0,0.0,0.0,250.28909
C1=CC=C(C=C1)C2=CC=C(C=C2)N,212.8703000000001,0.0,0.0,0.0,0.0,0.0,0.0,0.0,0.0,0.0,0.0,0.3293132690669244,2.0148148999922073,2.574236884327209,1.96027996786111,2.567663717306159,2.2429967700301905,3.0333338806006,5.16206156419412,6.27570057115426,14.8061859977881,13.8503118197403,13.881949672782,10.3353512504646,9.245357462391167,6.245032484145501,9.01841280148455,10.8096598064623,8.533623036549733,11.7027745942279,11.8565685980128,21.291992297035794,22.0035882996462,17.5225136856077,4.75647285982613,0.774373637576115,0.0757301717264318,0.0,0.0,0.0,0.0,0.0,0.0,0.0,0.0,0.0,0.0,0.0,0.0,0.0,0.0,0.0,217.80554
C1=CC2=C(C=CC=C2N=C=O)C(=C1)N=C=O,234.2373,0.0,0.0,0.0,0.0,0.0,0.0,0.0,0.0,0.0,0.0,0.0,0.0,0.0,0.0,0.0,0.0,2.13614376497084,3.59086611081072,9.66322492343297,11.0044102032903,13.2313801771911,11.8825198530354,16.5016272473081,20.426799902081296,11.5959373209041,15.1493300904459,23.2089735142642,26.182140537495595,16.4159060508526,20.8580491255039,9.14802297108588,19.8444643646574,3.39750384266971,0.0,0.0,0.0,0.0,0.0,0.0,0.0,0.0,0.0,0.0,0.0,0.0,0.0,0.0,0.0,0.0,0.0,0.0,240.26654
C1=CC=C2C(=C1)C3=CC=CC=C3N2,201.64210999999975,0.0,0.0,0.0,0.0,0.0,0.0,0.0,0.0,0.260658268917115,1.32734852407243,1.1991232070104505,0.4497248313502892,1.9098426481396376,1.76192086659803,0.4091113528283844,0.8706317987069633,0.627288368998382,1.27127686552374,6.49753853564393,13.7305585503425,16.1239055183074,14.2706272183936,11.563167000982498,9.10061731739171,9.18912960475639,9.40446362650389,7.82380342830709,7.535907320280735,20.8337778728952,15.5953921185651,17.1370134814944,16.6152135328641,13.0197908970436,3.11427724408221,0.0,0.0,0.0,0.0,0.0,0.0,0.0,0.0,0.0,0.0,0.0,0.0,0.0,0.0,0.0,0.0,0.0,206.98256
C1=CC(=CN=C1)C#N,141.83153999999993,0.0,0.0,0.0,0.0,0.0,0.0,0.0,0.0,0.0,0.0,0.0,0.0,0.0,0.0,0.0,2.1137355313713164,6.72432189337972,10.5542130690196,7.52926109600041,4.74630066825827,4.08886319366766,6.86736295546484,9.84441719608959,10.3498278682452,10.9611210949866,11.2921582106748,11.0496577742367,4.00327492762684,3.34192618658454,2.49320605506388,2.33894643962078,4.29142347026464,4.75832455604075,4.22504802315414,7.10992168384387,5.018410493890598,4.1142076453340115,1.4753671657777094,1.1118413840654109,0.8958235218081684,0.48829270455881,0.0442851909710629,0.0,0.0,0.0,0.0,0.0,0.0,0.0,0.0,0.0,131.53608
CCC1=C(C(=CC=C1)CC)N,201.68715000000017,0.0,0.0,0.0,0.0,0.0,0.0,0.0,0.0,0.0,0.0,0.0,0.0,0.0949125785368044,1.24350078541046,2.4891614596372977,2.047357028161681,1.79458362450247,2.57434476073388,2.15280989460157,3.14644087248162,5.7269645808563,18.2217850125028,22.993357671778,24.352486460067496,18.3311235742181,17.2132057523834,16.4084355452859,12.532126551108895,6.38169477415203,6.21223537764143,8.041980313577959,6.08036121910919,7.29619436325172,6.30309655429347,5.31229555765635,1.3432681454434094,0.9214890604436846,0.2337364764148254,0.6760315918517272,0.7384224051917789,0.73882974692858,0.0849182617773607,0.0,0.0,0.0,0.0,0.0,0.0,0.0,0.0,0.0,207.53452
CN=C=O,94.37778,0.0,0.0,0.0,0.0,0.0,0.0,0.0,0.0,0.0,0.0,0.0,0.0,0.0,0.0,0.0,0.0,0.0,0.0,3.20788562711038,7.61561144111892,8.22426807725912,8.2861526737527,9.898954392557858,6.43932303287718,6.54724822564092,8.14810163976654,2.6887832214986807,3.955356765212349,2.23940776216302,4.06469882491043,3.076577732587091,5.9758823516245,7.03106424955651,6.97846398236381,0.0,0.0,0.0,0.0,0.0,0.0,0.0,0.0,0.0,0.0,0.0,0.0,0.0,0.0,0.0,0.0,0.0,74.95196
CC1=CC(=NC(=C1)C)C,174.97670999999983,0.0,0.0,0.0,0.0,0.0,0.0,0.0,0.0,0.0,0.0,0.0,0.0,0.0,0.0,0.0,0.0,0.0,0.0,0.448666973617486,4.3840227363233,16.637434561218,17.0240843566451,20.019192838206894,14.5527112224331,14.1310990860514,23.4578446766409,15.407748742678304,9.19463493087369,8.37580659109583,10.5150676007165,8.276293938781961,1.12441020689223,1.62360264410697,0.656834554280623,1.16788533251522,1.1278496673423395,0.9511595911683248,1.4326509092491884,0.7468291243304362,1.805173349902528,0.465633576808705,0.531144990750201,0.585875372090003,0.3330524252806348,1.1567934263573032e-15,0.0,0.0,0.0,0.0,0.0,0.0,169.52711
CC1=NC(=CC=C1)C,155.9514999999999,0.0,0.0,0.0,0.0,0.0,0.0,0.0,0.0,0.0,0.0,0.0,0.0,0.0,0.0,0.0,0.0,0.0,0.0839398439979864,3.36212516301477,7.33654148599113,14.2101061478665,13.5127239200221,16.027518801562795,11.1305647895396,11.222922768516602,17.9473475978903,12.243819517035504,8.36213096580467,9.25761199541335,10.918754039366,8.251816469848501,1.24758030319135,1.55556317554149,0.552793763377172,1.25999056382673,1.04301440529556,1.091165411329151,1.2627801580532694,1.0582524958090405,1.3280168401646495,0.531829902005876,0.472019310564565,0.645244740327591,0.0353254246436266,1.2182656250074003e-16,0.0,0.0,0.0,0.0,0.0,0.0,147.98836
CC1=CN=CC=C1,136.69849000000002,0.0,0.0,0.0,0.0,0.0,0.0,0.0,0.0,0.0,0.0,0.0,0.0,0.0,0.0,0.0,0.0,0.0,0.282934745673923,4.93809452083894,10.0231853600757,15.2062924300934,11.5805800171636,8.81636306245052,8.192712736873572,12.4331204282733,10.8470718067401,8.26693014406849,7.372816222664901,9.29910043932556,10.9337677845819,3.953228046039206,2.00265903385979,0.979407885430991,0.93026894167602,2.66982013476777,0.4384247974252192,1.1406582832706118,1.6749661589697482,1.037287049123891,0.8316166563212023,1.02618190058833,1.11014796703451,0.575486851960281,0.1353665947085415,4.626602797512368e-16,0.0,0.0,0.0,0.0,0.0,0.0,127.45409
CC(CCC#N)C#N,163.90021000000002,0.0,0.0,0.0,0.0,0.0,0.0,0.0,0.0,0.0,0.0,0.0,0.0,0.0,0.0,0.0,0.8263134481102675,9.8639716759544,9.32098224603961,12.4678060809645,13.17668860493,13.4623336096404,9.07925494560195,7.605986464889101,9.44767676952309,7.8089411681254095,3.37272182045791,5.824135076778249,4.227280697797569,2.5679916011174,3.16593573305582,2.5862955685252405,4.45584899511776,5.00179992099398,9.47803518887807,9.88707082634244,9.057846347794827,7.435884593417646,3.6924607433314622,0.0869478726128937,1.4721307824686256e-16,0.0,0.0,0.0,0.0,0.0,0.0,0.0,0.0,0.0,0.0,0.0,155.29212
CC1=CC=NC=C1,137.32905,0.0,0.0,0.0,0.0,0.0,0.0,0.0,0.0,0.0,0.0,0.0,0.0,0.0,0.0,0.0,0.0,0.0,0.138449765517307,4.15941443473435,10.7515235992247,15.4792810500965,12.5971916620692,8.209710731524,9.0756029359884,12.0573146243203,9.66426616577086,9.43484570968617,5.889170948879792,10.0364951329289,12.1012283981463,3.0060555435680287,2.03539278152646,0.863380465755085,1.02957408548641,2.58063742366595,0.4126087042455552,1.0997720007078235,2.1377076208724866,0.7253021948251004,0.8710044514413677,1.10371398408605,1.08799547683642,0.624054227401533,0.1573558806949384,5.438454382563995e-16,0.0,0.0,0.0,0.0,0.0,0.0,128.0502
C1CS1,94.42079999999994,0.0,0.0,0.0,0.0,0.0,0.0,0.0,0.0,0.0,0.0,0.0,0.0,0.0,0.0,0.0,0.0,0.0,1.24197025336972,6.64593348415506,8.65052168383205,6.57131049817785,4.8418166260121,6.25956569705192,7.044499105842269,4.660117638634211,6.80454282429412,7.11133264419582,5.377323875011399,4.18883917276393,6.27651524079038,5.2964143007671005,1.34865578238459,1.64420210653513,3.11364449750456,3.9103549227386,1.902935342244919,1.1305624229259976,0.3997418807682206,6.921128923155302e-16,0.0,0.0,0.0,0.0,0.0,0.0,0.0,0.0,0.0,0.0,0.0,0.0,79.36236
CCCCSC,162.6858499999999,0.0,0.0,0.0,0.0,0.0,0.0,0.0,0.0,0.0,0.0,0.0,0.0,0.0,0.0,0.0,0.0,0.0,0.0,0.779479477665912,2.43649274219518,6.81618528910696,11.4913384525515,21.3687554494658,21.9972068027386,24.8557583931502,19.2132862207576,13.4006475939995,11.274011255645297,4.88440799229932,3.15385104674136,3.27763254804595,3.18931269780085,4.66291864276465,1.61594660515907,1.7915059819806,2.0692332469154424,3.243258616914262,0.978976523141854,0.1856444209599854,3.2324573127294496e-16,0.0,0.0,0.0,0.0,0.0,0.0,0.0,0.0,0.0,0.0,0.0,153.84393
CCSC(C)(C)C,169.71639999999996,0.0,0.0,0.0,0.0,0.0,0.0,0.0,0.0,0.0,0.0,0.0,0.0,0.0,0.0,0.0,0.0,0.0,0.0,0.0,0.154255520717933,5.19071129797522,18.1700225615043,22.9090449365943,23.938970919670897,19.4129436105131,16.0470384090481,27.679903492493096,11.428139422543996,1.84740915387956,1.93381123752881,2.949270209038199,3.33736494336297,4.08310230549011,2.41415246144413,2.57234324073584,1.5302455153037005,1.74006602556985,1.7852124128662898,0.592392323719535,1.0468283427169028e-15,0.0,0.0,0.0,0.0,0.0,0.0,0.0,0.0,0.0,0.0,0.0,173.27959
C1CSC1,110.35609999999996,0.0,0.0,0.0,0.0,0.0,0.0,0.0,0.0,0.0,0.0,0.0,0.0,0.0,0.0,0.0,0.0,0.0,0.0,0.0,0.945283827222004,9.0072923844651,14.1954135035418,14.3772665004876,10.577792264444904,17.7341722053408,10.8146093859999,2.325456300590241,3.660985630113299,2.88847276327633,3.38749239011294,4.325922537463489,3.6737492403698,2.85863007466426,1.33414607440738,2.34214499977639,4.0018836248014145,0.9970295972547246,0.9083566956675874,1.5631155452523933e-15,0.0,0.0,0.0,0.0,0.0,0.0,0.0,0.0,0.0,0.0,0.0,0.0,97.8802
C1=CC=C2C(=C1)C3=CC=CC=C3S2,207.9060499999999,0.0,0.0,0.0,0.0,0.0,0.0,0.0,0.0,0.0,0.0,0.0,0.0,0.0,0.0,0.0,0.0,0.0995733075871523,4.18419655526622,10.9800990006711,15.9068521548693,14.691552370605,12.8939063214213,8.889121360807302,11.0011898541156,10.911764534037,9.70036927923987,12.1787426007084,17.0890368063171,19.2243045986805,27.7051599999565,20.08414609975191,12.1948830252796,0.171152130686081,0.0,0.0,0.0,0.0,0.0,0.0,0.0,0.0,0.0,0.0,0.0,0.0,0.0,0.0,0.0,0.0,0.0,0.0,217.4351
,230.53050999999977,0.0,0.0,0.0,0.0,0.0,0.0,0.0,0.0,0.0,0.0,0.0,0.0,0.0,0.0,0.0,0.0,0.521154660098312,1.05973485034346,0.709501792880934,1.90583030754771,2.87716646685695,12.0002346943666,29.6543999201454,31.6122979580909,27.8904729578456,24.9748305951241,31.9800382671307,28.493636499948593,16.1829590651546,6.29663402857909,2.507387221371923,3.67170546285251,1.91712001853747,2.55983378318757,1.77316115571735,0.2399833869519128,1.318908527971547,0.3835183792965192,6.45350697175307e-16,0.0,0.0,0.0,0.0,0.0,0.0,0.0,0.0,0.0,0.0,0.0,0.0,287.07408
CC1=CC=CS1,133.34867999999997,0.0,0.0,0.0,0.0,0.0,0.0,0.0,0.0,0.0,0.0,0.0,0.0,0.0,0.0,0.0,0.0,0.553182902124856,1.56216371073453,3.84665902954255,7.4053461123049,10.4018425103856,10.49900699681,10.1266762105612,8.959820336119963,11.825290533795,10.2345250402617,8.67748099871033,8.50877084176278,7.41540749732652,7.07109271519577,7.959126386034139,8.16788123544637,5.84543152703959,4.07890396399609,0.210071451848093,0.0,0.0,0.0,0.0,0.0,0.0,0.0,0.0,0.0,0.0,0.0,0.0,0.0,0.0,0.0,0.0,124.40839
CC1=CSC=C1,134.01058000000003,0.0,0.0,0.0,0.0,0.0,0.0,0.0,0.0,0.0,0.0,0.0,0.0,0.0,0.0,0.0,0.0,1.00045787259098,3.20166030581387,5.24557763222393,4.81438777876292,8.59376057532664,9.23126796210784,11.807865670966898,8.18879955783974,9.02803086356424,12.4476634318785,11.2065415993131,10.0074822175209,6.09835436636864,6.95870668143059,8.03113491914014,7.96834908071557,7.707493499295,2.46371741921071,0.0093285659298377,0.0,0.0,0.0,0.0,0.0,0.0,0.0,0.0,0.0,0.0,0.0,0.0,0.0,0.0,0.0,0.0,125.21403
CC1(C2CCC1(C(=O)C2)C)C,186.19328,0.0,0.0,0.0,0.0,0.0,0.0,0.0,0.0,0.0,0.0,0.0,0.0,0.0,0.0,0.0,0.0,0.0,0.0,0.35602662490843,2.91616840292088,6.13276398954324,20.4095241050696,25.748980711966,29.230995059719895,19.5755268415285,21.0039888035134,22.3680505354336,12.769194887450894,2.00539113371242,1.55247943519728,2.0443068741453896,1.46803788908301,0.957350947515483,1.37428159363035,1.86371905842658,1.962527895448253,3.786333600303823,4.623761020563987,2.807254057639743,1.0751445751277129,0.161471957151523,0.0,0.0,0.0,0.0,0.0,0.0,0.0,0.0,0.0,0.0,209.10451
C(=O)N,76.98944000000003,0.0,0.0,0.0,0.0,0.0,0.0,0.0,0.0,0.0,0.217507292382918,2.3959784106028263,2.985035528567939,2.105152101660011,3.24298742897865,2.778182724596281,1.134213156122683,2.53493234445237,1.41641212725922,4.255837664187,3.90101848000436,3.01744623152404,1.96497859456605,1.361221409209871,2.7667762455525797,1.6669749990256704,3.45567007632257,1.7865316745451505,2.037078443223591,3.578784829266,3.10267963056079,1.6322335337745613,1.44902701163024,2.25245920173198,0.815330580925435,1.04890863070275,1.1223868004015816,2.0483444642618944,3.2932060088079056,6.458921372777595,3.6688353920545342,1.43055990263054,0.0638277076904328,0.0,0.0,0.0,0.0,0.0,0.0,0.0,0.0,0.0,57.82548
CNC=O,98.44696000000005,0.0,0.0,0.0,0.0,0.0,0.0,0.0,0.0,0.0,0.0,0.525092494949747,1.5013694316000583,0.6042191888208126,1.50080261877445,1.2052144068270103,0.7975318454259827,0.244688703185376,0.850117497636456,6.28448050390451,8.25727358460241,10.2035364111687,8.32146680565577,6.196711987569832,10.0803147377409,5.314865186503589,3.05033316302128,1.79609749874123,2.6445886267998406,3.34962171746739,1.89938696503134,0.6890574416192072,0.446059291018255,1.98304798895234,1.16819473557197,1.2038409613756,0.6936262167959284,2.1335135632318787,1.7056385672072516,6.738244324911181,4.284313532892514,2.50655815993228,0.267151841064932,0.0,0.0,0.0,0.0,0.0,0.0,0.0,0.0,0.0,80.07674
CC(=O)N,97.18486,0.0,0.0,0.0,0.0,0.0,0.0,0.0,0.0,0.0,0.0639392874331366,0.8421229028947347,2.7118129266963864,2.174980420642461,2.3743668778293,2.31721015294835,2.6837504726181693,1.34276732853438,1.7940058182607,2.79696601608449,4.80220531769567,6.5449514479104,6.87062923439751,4.93340609890099,4.641583763201991,7.04381887116519,6.2522282231833,3.267307466109641,2.15171838891412,2.40288165454772,2.30591971638884,2.6817877196891295,2.02658784668348,1.26259930539183,1.02717391996535,1.49237044450552,1.1335234241521708,1.5947187085910324,2.2957354548455178,4.449189517774136,4.728651144589479,3.51521091247042,0.658739214984446,0.0,0.0,0.0,0.0,0.0,0.0,0.0,0.0,0.0,79.50856
CC(=O)CC(C)(C)O,161.81651999999997,0.0,0.0,0.0,0.0,0.0,0.0,0.0,0.0,0.0,0.0,0.0,0.0,0.0,0.0,0.0,0.0,0.0,0.099911207654145,4.7354657948749,11.1139912183326,13.1809861400383,16.42725008575,16.384368777264,18.2733931219454,15.6962769581816,10.5494766487215,13.4113678656047,7.120599765115619,4.16307170510901,1.45809248582132,2.782710173321379,2.11535265058872,2.8083579637625,2.24086585772884,4.08244045579022,2.81473804653212,2.782670398321072,3.4279217248298477,1.6465950014418032,2.2090816776750493,2.10512034368334,0.186413931911964,0.0,0.0,0.0,0.0,0.0,0.0,0.0,0.0,0.0,161.67369
C1=COC(=C1)CO,132.22971999999996,0.0,0.0,0.0,0.0,0.0,0.0,0.0,0.0,0.0,0.365702733284632,1.0545052390662986,1.1434141683423795,0.2899607883042065,0.558699170759275,1.0203231135437891,1.2365558741632996,2.31038083776947,3.80006357104635,5.89541035670974,9.01640890662196,9.43917166874733,7.39230977031318,7.901123384802989,6.60083598310933,7.15865256399993,5.71074954069514,4.97982908715698,7.10311110598989,6.92314773451542,8.48215276709953,8.54422188581175,6.8548340308284,5.71895857467806,2.54191287945338,1.94563721264504,1.1082484057461703,1.3754900928806415,1.908435277586118,2.1188970528356994,1.5663341611819608,0.164242060311619,0.0,0.0,0.0,0.0,0.0,0.0,0.0,0.0,0.0,0.0,120.51932
CC(=O)N(C)C,133.10393000000005,0.0,0.0,0.0,0.0,0.0,0.0,0.0,0.0,0.0,0.0,0.0,0.0,0.0,0.0,0.0,0.0,0.0,0.0,1.35710977889197,8.48050135411091,14.6104254887424,17.4265766550491,13.237164649839604,17.1010234927123,15.0756734746935,10.8864255016934,4.001180823212782,4.728714974797089,2.59664083477165,2.2079132729746,1.6013783204150205,0.197993963819639,0.77503998182283,0.587951262217683,0.277945954641258,1.757405872652561,2.311907052545089,1.985332051733651,1.6303497393403708,5.727687980747963,3.0570603398146,1.48452717876008,0.0,0.0,0.0,0.0,0.0,0.0,0.0,0.0,0.0,122.70784
C(OC(F)F)(F)F,116.1314,0.0,0.0,0.0,0.0,0.0,0.0,0.0,0.0,0.0,0.0,0.0,0.0,0.0,4.55739957875041,6.305087836206657,2.423793531967217,2.70378862828707,1.95527836584407,1.65989545365564,2.27973388200242,2.99279056099014,1.3883671520207,2.1674604996413405,3.3570613642804794,2.6516262675061,2.5150268167415,4.55692296706988,15.368040377391404,24.1214427133203,32.2212267132683,2.9032411456260334,0.0032161454303427,0.0,0.0,0.0,0.0,0.0,0.0,0.0,0.0,0.0,0.0,0.0,0.0,0.0,0.0,0.0,0.0,0.0,0.0,0.0,102.94396
COC1=CC=C(C=C1)O,160.73936000000003,0.0,0.0,0.0,0.0,0.0,0.0,0.0,0.4836198262211352,1.40177235058329,0.66930299914192,0.7101723009175749,0.8276648069831818,1.2263216063592193,0.753845230580844,1.0915471221097692,0.7075269676851127,0.848491287632793,1.98027324587531,4.97594441599821,12.9392120722028,14.5032072188973,9.68025821242276,9.7806085579113,8.798538082220988,6.52721264745679,6.45672997886019,5.99338934737863,4.755470349257222,9.38706135378916,9.87437830176908,13.556331249515695,11.2213413389835,7.14293283953897,3.75357959095922,2.30432112659268,4.656067397802247,3.2311200709594305,0.5011181033937042,8.6097750083873535e-16,0.0,0.0,0.0,0.0,0.0,0.0,0.0,0.0,0.0,0.0,0.0,0.0,154.35357
COCCO,120.83050000000004,0.0,0.0,0.0,0.0,0.0,0.0,0.0,0.0,0.0424384520627769,0.482533286221744,1.3353257395517484,0.6912925221637302,0.7873197392733348,0.644401022468807,1.1805765281785892,1.13821386029246,0.698994422992702,0.563084277526622,1.48394616618214,2.9172542595924,8.36480993339311,16.6732517492862,13.7162347101338,10.5298251474402,12.627157491776098,7.66531430472878,4.062577385173071,2.82540631695701,2.96010687998538,2.55813542559122,2.4851563508968,1.3891586830112,1.38459669234313,2.29853266913236,3.36685218782036,3.510351547914958,2.2065275123565655,3.7459086741281946,3.87159042824997,2.150542146595333,0.473083486579236,0.0,0.0,0.0,0.0,0.0,0.0,0.0,0.0,0.0,0.0,104.06905
CCOCCO,140.93090000000004,0.0,0.0,0.0,0.0,0.0,0.0,0.0,0.0,0.0,0.523236928820788,1.2225316567470788,1.0413514144321303,0.497022014434053,0.68281772757065,1.0150437143096591,1.1840548938793698,0.763246351234593,1.00267681593441,1.04537797498466,1.96680168654948,5.74479233707608,16.0532188510544,20.014665758605197,15.8457275737099,14.6731956736902,9.51718697478555,10.8682653302869,5.6734100995154195,2.87768702747806,1.88854817826041,2.2746229916548297,1.63698065430585,1.43327201954579,1.87385551256358,2.85690701849315,4.469854796383056,2.6039918153796022,3.2059290125732978,3.7440221967109593,2.1061985863363426,0.624406412694603,0.0,0.0,0.0,0.0,0.0,0.0,0.0,0.0,0.0,0.0,124.71127
CCCCOCCO,180.7226700000001,0.0,0.0,0.0,0.0,0.0,0.0,0.0,0.0,0.0,0.487888334049242,1.2096250709937988,1.0896065949569602,0.4871546204100931,0.686291635420759,1.005705749842159,1.2045045746758396,0.741415679376503,1.01277612760266,1.0289167367957,2.06693110954086,4.55160582175404,12.3479083597651,25.6437230981083,25.2679828494951,24.698534738121,16.7714893769413,13.2385230523222,13.569960194865896,4.91604407790638,2.05883128325559,2.26892424651531,1.69996774700105,1.24183319039033,1.83543188498725,2.6600472178502,4.5111346891189275,2.84787415215872,2.88065733821045,3.873349563527928,2.188819792479063,0.629211091561386,0.0,0.0,0.0,0.0,0.0,0.0,0.0,0.0,0.0,0.0,168.25652
COCCOCCO,173.56439999999998,0.0,0.0,0.0,0.0,0.0,0.0,0.0,0.0,0.0607211334784302,0.483148336393045,1.4245182262770584,0.5832023038514685,0.8839859805085725,0.518443427466594,1.618341245866418,0.6795893461584127,0.818882336314529,0.564417642456394,1.55358607745821,3.19609628323551,11.5215575559734,27.459407359325,22.092644896258,16.0817389434167,17.4186501105142,11.4121644669048,6.7027434975418405,4.0414420984857,3.62806755673609,4.2754405497063,2.614761504002262,1.66326293822329,2.23953322204085,3.57153100439998,7.19244220729621,4.387624394845227,3.0820389309929084,5.549737947176432,3.808029784501083,2.082193367646793,0.354455324548252,0.0,0.0,0.0,0.0,0.0,0.0,0.0,0.0,0.0,0.0,159.13921
CCOCCOCCO,194.03257000000005,0.0,0.0,0.0,0.0,0.0,0.0,0.0,0.0,0.0406944576775348,0.472729500047599,1.4083171289005785,0.6298489133742904,0.8717680480525796,0.501298549686219,1.661697030838918,0.6635263714222818,0.80462743828671,0.592260725266121,1.58659189540911,2.11193099647828,9.46261293990401,26.3817722003144,28.039998765708397,21.4478426099444,19.2081491274384,13.647572908897,14.0239768451224,6.416878711952239,4.06984116826862,3.71247943834463,2.4076976600375213,1.70557957334461,1.91106817246344,3.41194162610418,6.83977802008497,5.369043197723838,3.653444815991273,4.612490427876426,3.880703660492941,2.097895906611023,0.386511167935119,0.0,0.0,0.0,0.0,0.0,0.0,0.0,0.0,0.0,0.0,179.82857
C(COCCO)N,156.65758999999994,0.0,0.0,0.0,0.0,0.0,0.0,0.0,0.0,0.0,0.412284062877418,1.382329449807698,0.835486487314878,0.5315180230935376,0.854283665678275,1.495492770320569,4.657120405172135,2.64538666494156,3.00744411040809,4.36175517431067,4.35750426865587,9.67084816554956,16.8928900269405,17.651123274525897,12.5885542470245,12.6260872440833,9.29909322999072,5.629850501296681,4.61332334088001,4.14180048558057,2.13088506481879,3.213035261848049,2.49439125418604,1.75486004390137,2.80228745298848,4.72592443298586,4.7056986941040755,2.333426640882134,3.426388175341106,3.9104305940427193,3.716861756888701,0.677675029560172,0.348871887613932,0.620345864838082,0.6643422475479883,0.7556258880449527,0.5129002545148239,0.209463857440226,0.0,0.0,0.0,0.0,141.00302
CCOC(=O)CCl,153.37621,0.0,0.0,0.0,0.0,0.0,0.0,0.0,0.0,0.0,0.0,0.0,0.0,0.0,0.0,0.2112336856665816,3.2560133087832845,4.32970863217716,2.76524349697732,2.76457453625024,8.38484664086742,11.3173183913876,13.5854758128651,12.5430864925427,12.0719088980565,8.95387585944264,10.2762787351914,8.81878560789929,4.09914402308073,3.86410553891895,8.80188618220713,9.14768537077915,7.19363998081942,4.55317268187168,3.31065630228182,2.58597640976045,3.8813135717844713,4.727329680075759,1.6441229290619503,0.2888272312512562,4.745434754361632e-16,0.0,0.0,0.0,0.0,0.0,0.0,0.0,0.0,0.0,0.0,0.0,141.07974
CC=NO,99.58068000000006,0.0,0.0,0.0,0.0,0.0,0.0,0.0,0.0544620641716,0.543084843927818,1.40152581917995,0.7491377211795501,0.6711243512797351,0.8017990790300348,1.02070896905242,0.9653344686639712,0.4572786656764239,0.666831293840162,0.896958350826391,2.55923613300998,7.15618283970844,7.28646442482956,8.12954635713585,6.93977033173213,6.220790630423821,8.07149051087743,6.01233812707284,4.26864220975869,1.9594838836796704,2.74353557476322,1.66600763255324,2.1220971389684697,2.48128826287173,3.26349944489042,5.74039084010452,4.04665947131513,3.742970959080679,3.3962706076911147,1.8432822940514857,1.4202228684162608,0.282263830237311,0.0,0.0,0.0,0.0,0.0,0.0,0.0,0.0,0.0,0.0,0.0,80.89926
C(C(F)(F)F)OC(F)F,143.98600000000005,0.0,0.0,0.0,0.0,0.0,0.0,0.0,0.0,0.0,0.0,0.0,0.0,0.0,0.752489703247787,4.049579167633385,4.541058497961919,4.11377400005398,4.15409600202921,4.60303942147039,2.74481524504585,3.18910388428393,2.483303158838,2.8920722769299805,3.54909615605227,3.3518679902854305,6.09483611613181,13.435927995612198,32.7302094058579,27.8391575766238,15.1845846739923,7.173283212173628,1.10370551577629,0.0,0.0,0.0,0.0,0.0,0.0,0.0,0.0,0.0,0.0,0.0,0.0,0.0,0.0,0.0,0.0,0.0,0.0,0.0,133.00537
COCCOCCOCCO,226.57872,0.0,0.0,0.0,0.0,0.0,0.0,0.0,0.0,0.0090047006595139,0.499327193600825,1.653256171449008,1.0377219342906512,0.4457344052130931,0.695083064999673,0.7849355952173909,1.4218791847834789,0.981985670646115,0.788433006080397,0.475919306284043,1.96657148262897,13.8584950240527,39.5914550169088,32.286749960836794,22.4089112392294,20.2356570334404,17.3007051820181,9.671639493686,4.56008156900184,4.18336309347569,5.71337320844895,2.6134393655215526,2.58575562412171,2.43407874347001,4.29959871965329,12.4474783259272,4.787699959966989,4.07550509162983,6.78371379033642,3.858024692636165,1.8164260917152035,0.306717058069801,0.0,0.0,0.0,0.0,0.0,0.0,0.0,0.0,0.0,0.0,214.03315
C1CC(=O)NC1=O,125.03649,0.0,0.0,0.0,0.0,0.0,0.0,0.0,0.0432453949062315,0.854736098904756,1.19057092319732,1.24060270210021,1.8590169173155588,0.3075779635759237,0.277258766783223,0.3988560458128737,0.7796615215266103,2.15537753494939,5.2338850764784,14.5895106924696,10.9390592394617,6.8282192415681,6.34269495745553,10.1498151195113,7.514262376050438,3.1771205700996994,1.88304476715928,1.72701036194686,1.2480429294441704,2.38411911255578,2.50168971810715,1.9831768444497604,3.68402026740206,1.01596485676813,2.64805909480382,4.50786276382013,4.882656231141561,11.03380182020279,8.10667238323661,3.345723384677358,0.2031743221176986,0.0,0.0,0.0,0.0,0.0,0.0,0.0,0.0,0.0,0.0,0.0,112.38324
C(C(=O)O)S,116.11218000000004,0.0,0.0,0.0,0.0,0.204495345494454,0.820676346895429,1.332648342596188,0.7152058280134171,0.41577656039772,1.75267812856067,0.9935570772706552,0.9225261910010232,0.8431014829070351,1.54857617816495,1.56915868448059,3.671630456303426,4.26129773382126,4.46638121101314,3.54550356225607,3.30549563943105,3.7206220406802,4.00780117900843,3.785454919280861,4.829277854105669,3.1360611714072903,4.16310686141265,5.23988167225431,4.99835277440564,4.89987753329618,5.47548752638445,5.140531562635,4.68652555165876,7.05028384013044,6.65298193970538,9.10645002667805,5.243129874591805,2.340129482053376,1.188850218342244,0.0786652033622283,1.3520542192912722e-16,0.0,0.0,0.0,0.0,0.0,0.0,0.0,0.0,0.0,0.0,0.0,102.98709
CC(=C)C(=O)OCCO,176.47775000000004,0.0,0.0,0.0,0.0,0.0,0.0,0.0,0.0,0.177831552006678,0.673164975572782,1.6383352617588185,0.3574820262196471,1.1448349267648286,0.41203979752495,1.532373159115408,0.9697829615928,1.35089597141083,1.14621647511145,3.9612206807882,9.98603968333889,14.8257169516072,13.8463403308249,11.3257397033913,14.9755466160729,14.8621296629014,15.3370618997978,11.4231914850049,7.56583978727072,7.74290045562946,7.86534803506008,3.6670202797562337,1.79131224667382,2.02758917214952,2.7823419401385,4.91004077061072,2.610824313604965,5.732444304208431,5.8724941578754795,2.3513517544400857,1.5140891384486013,0.0982095233277376,0.0,0.0,0.0,0.0,0.0,0.0,0.0,0.0,0.0,0.0,168.82073
CC(=C)C(=O)OCCOC(=O)CC(=O)C,262.3389400000001,0.0,0.0,0.0,0.0,0.0,0.0,0.0,0.0,0.0,0.0,0.0,0.0,0.0,0.0,0.0,0.0218476000190696,1.91313823473425,6.24667839375641,14.7469597451808,17.3835224915403,19.2440570834943,21.6121937817514,20.2399573352779,22.8570192332829,22.6692486123345,19.6389623037176,10.722680162783002,10.9280745320079,12.1861298828253,6.07616006685942,4.825063966760671,5.6937464621898,5.25636562512757,7.19076109464969,7.57653509699416,10.6269944291222,10.500526517096576,3.837447331631303,0.3448700168631099,5.988136518399096e-16,0.0,0.0,0.0,0.0,0.0,0.0,0.0,0.0,0.0,0.0,0.0,266.13982
CC(C(=O)OC)O,142.52422000000013,0.0,0.0,0.0,0.0,0.0,0.0,0.0,0.0,0.0966774043820306,0.443459174649061,1.571244419405478,0.5084206694426296,0.6072618758187328,1.24058691407494,1.0088572046427604,0.5631029796880458,0.971447528877978,1.69857565744828,2.22318981445368,10.7634820575883,14.1632191599709,11.4243586874991,14.106614339921398,10.8681910421597,9.11310429785916,8.0174504976428,5.12805345207376,4.28170246993166,3.41930290000685,2.89769724775425,3.2191409951761893,3.51948448335654,3.53785280345138,4.96236863349189,4.52257849495524,6.81417801156275,6.6203700991744965,2.8637499106321127,1.299849283546033,0.0486474893620138,0.0,0.0,0.0,0.0,0.0,0.0,0.0,0.0,0.0,0.0,0.0,130.66257
CC(CO)OC,135.55122999999992,0.0,0.0,0.0,0.0,0.0,0.0,0.0,0.0,0.0,0.0,0.0,0.0,0.0,0.316679062584122,0.5227521912639287,0.7296435918643137,0.670723956832951,0.194041197454684,0.951394309967041,3.710896879619,10.1050233034118,19.3807888108025,18.0684206885048,14.2641342611967,14.371598207013,10.3672555480196,9.7154362098897,3.3558268095047494,2.192934030388,3.52534272360944,1.7780089819702516,1.90176504146044,1.11089009548101,1.71167512629767,1.97784919811885,3.456219243174397,1.6435360579059808,1.9151109626638692,3.8623019995382166,2.2901204518796625,1.38624264517126,0.0746184144119868,0.0,0.0,0.0,0.0,0.0,0.0,0.0,0.0,0.0,125.65116
C1=CC=C(C(=C1)C=O)C(=O)O,172.9937299999999,0.0,0.0,0.0,0.0,0.0,0.0,0.2115688071238142,1.2100473009789268,0.402968981781721,0.873568822445566,1.387585339803119,0.9870275358544488,0.4033632120124059,0.207749369084851,0.3692487274078977,1.2117969505562287,0.810183441976206,4.64851694998447,9.03999464656173,7.58964601183639,6.25919696675767,9.87295811188767,10.165812470129202,14.2069048227847,11.2483493115219,12.9260224809724,13.6279974476545,15.887150418002395,8.24804698971258,4.28720486598046,5.371171242071469,3.39590671481985,5.37890672234858,3.6236251649714,4.35392205205813,7.844201006502583,4.231619449449592,1.967819177264388,0.6785422273153251,0.0651062603873428,0.0,0.0,0.0,0.0,0.0,0.0,0.0,0.0,0.0,0.0,0.0,171.42204
C(CC=O)CO,133.13332999999994,0.0,0.0,0.0,0.0,0.0,0.0,0.0,0.0,0.0,0.315319340375038,0.826180781601589,1.341663280906429,0.5042279271875274,0.823033914952572,0.7262953731420762,1.371733577869919,0.516830638612667,1.17346312654192,3.88873834713966,11.1993241156034,19.2186100924546,16.2113843405893,11.7969882682521,6.8554393183514994,4.50468911907439,4.83413348860484,3.97672632976298,1.71989322331858,1.9584913610401,2.34693932938407,2.27101947229405,2.79051141551168,2.89350538558784,2.12048957056246,3.59142535870455,6.261694875467368,5.268192003561676,4.224017804682104,3.8433047560842706,2.2845462650841326,1.43647362038734,0.0380441773072148,0.0,0.0,0.0,0.0,0.0,0.0,0.0,0.0,0.0,119.42735
C1=CC(=CC(=C1)Cl)[N+](=O)[O-],168.42294000000004,0.0,0.0,0.0,0.0,0.0,0.0,0.0,0.0,0.0,0.0,0.0,0.0,0.0,0.0,0.0,0.2663692425701265,4.58515019642406,7.84849559971563,6.63876562401559,7.28701639061817,5.77029570343421,7.97438507585873,8.51353305154123,7.403390791747904,16.9800742990223,15.7345195372866,16.983217989113,11.893613453909,15.8906126257709,5.79152736075992,5.97430802248543,8.30198478328905,5.36482673696007,2.27213961627657,2.58891592158231,2.9960672722404773,1.3592626290094254,0.0044680763693449,7.890385632332416e-18,0.0,0.0,0.0,0.0,0.0,0.0,0.0,0.0,0.0,0.0,0.0,0.0,163.6806
CC(=O)C1=CC=CC=C1O,167.17002999999988,0.0,0.0,0.0,0.0,0.0,0.0,0.0,0.0,0.0,0.0,0.0,0.0,0.0,0.0,0.0,0.0,0.0537754748048672,2.65934471187834,11.9442341153247,13.3935347355923,12.5762074426048,10.1408952209182,7.839229825156343,13.3970901407792,11.5954333239246,8.58987365847291,10.6933443803158,11.957421419117498,9.01476892365917,11.4068848709784,9.506937477263644,3.18501607394042,3.8864516043399,2.9278052832305,4.1645539005296,4.040594962463168,2.801782853214345,1.3589457105397051,0.0359038909514658,5.98706826898565e-17,0.0,0.0,0.0,0.0,0.0,0.0,0.0,0.0,0.0,0.0,0.0,164.60549
CC(=O)C1=CC=C(C=C1)O,171.4885200000001,0.0,0.0,0.0,0.0,0.0,0.0,0.598105481332028,1.434908864808047,0.756196780811661,0.67670431558692,1.1901986632139692,1.0943048404082802,0.8540060011010865,0.794064968723041,0.7103317505153771,0.9445330585459044,1.37027887103162,2.64392624362028,9.1315948064618,10.9177384582074,10.1192203512312,9.25554787268078,8.21017728376015,8.077731896203591,12.5167000798049,8.4957721377421,9.86827233146394,10.4482212471901,13.0035063050826,13.9158459831718,6.853511162425126,2.53847398406137,1.68347071560671,2.8952417680248,5.61289482102624,3.480282204193669,3.000594954460077,5.026474673226143,1.801038756731305,1.452267392165261,0.116380975380844,0.0,0.0,0.0,0.0,0.0,0.0,0.0,0.0,0.0,0.0,168.67179
C=CC1=CC=C(C=C1)O,165.17947999999998,0.0,0.0,0.0,0.0,0.0,0.0,0.0,0.2497775519539361,0.815231966502174,1.7778813237446,0.4074709956115813,0.3171789460811142,1.1475792672032386,0.98519302533482,1.2503785594179295,0.4046210813101135,0.220137357454916,1.20403891379736,7.23363355493646,12.3042520365749,11.534848469099,9.9258257255781,7.93555356193091,8.6915331258635,8.67061135132278,7.8269024534841,7.40613430549596,12.284818817641398,8.50654968006924,15.3727183704273,15.5320144363185,8.45414514434574,3.53379647390774,3.466850410974,1.59769560895332,1.4228137035006212,2.056751438071381,2.3844217580021385,0.2581205850911136,4.663124843284585e-16,0.0,0.0,0.0,0.0,0.0,0.0,0.0,0.0,0.0,0.0,0.0,159.11612
CC(=O)OC1=CC=CC=C1C(=O)O,200.11224,0.0,0.0,0.0,0.0,0.0,0.0,0.0,0.58150828253459,1.02184647434177,0.308856109508802,1.3105155722077182,1.13041519630037,0.8474745829974465,0.335888753989301,0.308019706157402,0.4387894607589128,1.14870428334864,2.10275712776201,9.70370862053063,14.2907405042302,13.1501818130472,9.77471146535409,12.0154686224744,15.9288809097284,12.9180273897459,12.7179306189887,13.9392216214296,13.476471340235,12.6264546717116,6.54921469437543,5.686501131693041,5.36823593404178,7.3034376681395,6.52393756132588,4.95383958988396,8.327541599269663,4.1294312966199005,1.19352739726816,2.082502169207746e-15,0.0,0.0,0.0,0.0,0.0,0.0,0.0,0.0,0.0,0.0,0.0,0.0,206.03697
CCOC1=CC=C(C=C1)N,185.32253999999992,0.0,0.0,0.0,0.0,0.0,0.0,0.0,0.0,0.0,0.0,0.0,0.6593985248502248,2.564261017717367,1.93841325569654,2.06165874370266,2.2851992108830297,2.04213119594231,3.25938059415542,4.2792801393071,6.45204761955682,12.5564118212051,17.9802730473778,14.7722248812371,13.3861187437953,9.37912649406091,10.4184168939382,10.6171855333432,6.9622345515313695,5.37459231441176,8.21255297866065,6.362607488759862,12.9552018454418,11.6018613724838,10.5152219257543,3.52417043876683,2.682816078806509,2.1970604423267233,0.2826928462872366,4.632526225043625e-16,0.0,0.0,0.0,0.0,0.0,0.0,0.0,0.0,0.0,0.0,0.0,0.0,179.83442
CC(C)C(C(C)(C)COC(=O)C(C)C)O,270.4007100000001,0.0,0.0,0.0,0.0,0.0,0.0,0.0,0.0,0.0,0.0,0.0073160271884639,0.4749081902457822,0.8714297039938893,0.716044625216885,0.2299053473195548,1.4597822779789678,0.522405022313757,0.851426357972946,0.980950616997718,2.98789345261574,10.6668421873038,21.7474033573361,32.3534407841237,35.3313838864322,33.3436249629563,29.7391512910097,31.600609192575,23.17356934843519,9.81280119998911,4.46752327882368,1.3229951201590726,2.09159424446238,2.35879727120035,2.21524930368423,2.64481747900974,3.719408269872624,6.401545740583037,5.692844108501433,1.3946359856355468,1.0353636529730508,0.185047713090166,0.0,0.0,0.0,0.0,0.0,0.0,0.0,0.0,0.0,0.0,303.85116
CC(=O)CO,110.96883,0.0,0.0,0.0,0.0,0.0,0.0,0.0,0.0,0.0,0.0,0.0,0.0,0.0,0.0,0.0,0.4254381812843383,0.931863396415043,3.50206547469295,12.1487269344932,11.5830420276806,9.42221823341073,8.58357650928898,7.54770741073902,7.5880637462668,5.28484135339337,3.33335342913414,2.17160579595633,2.3162829641590306,3.73353775151865,2.21267775370021,0.9481392274636692,2.28799604413169,3.29194520246956,4.07232099420167,3.93782779368022,3.6795001309670496,3.4603403870996834,4.483409964977686,2.0465569856702244,1.8689842922992,0.106808014905958,0.0,0.0,0.0,0.0,0.0,0.0,0.0,0.0,0.0,0.0,95.46678
C1=CC=C(C(=C1)O)Cl,147.93176999999997,0.0,0.0,0.0,0.0,0.0,0.0,0.0,0.0,0.0,0.03827629390817,0.3084929733232925,0.6811090537479514,0.6280225497881631,0.673890106160095,0.8136705007355368,0.5016120476980176,0.310598466226472,1.03603447957503,4.70791480552728,8.37159617448119,9.76829226700611,7.75601983375841,7.80260362719842,7.542244458553701,9.55525534223947,8.31903435627271,12.7566296831653,19.9133277003379,15.9796172057709,12.9292057285643,8.127375186782203,2.49048574136434,0.69879835461018,2.33487701907359,2.51958192050638,1.3672041236248675,0.0,0.0,0.0,0.0,0.0,0.0,0.0,0.0,0.0,0.0,0.0,0.0,0.0,0.0,0.0,141.72228
C1=CC(=CC(=C1)Cl)O,150.55799000000002,0.0,0.0,0.0,0.0,0.0,0.0,0.3014583703163139,1.3044658305667567,0.857518755436251,0.748946824449315,0.72576768651138,1.4276610975216586,0.837937635855833,0.811483767877676,0.796865903471719,0.6936033028182852,1.78243508721339,2.89318476237822,8.04086979269036,6.87872846315185,5.39516586512917,5.99546940093386,5.394179140003,5.898916170111989,4.707186917807421,6.7570882523704,8.65746275873009,12.708372916922002,18.5391780412308,23.41848221466,13.988389367623208,3.20300103812149,1.50168147547306,1.21145421031025,2.16957589118885,2.6865421629485255,0.2249168961769082,7.943998610163848e-16,0.0,0.0,0.0,0.0,0.0,0.0,0.0,0.0,0.0,0.0,0.0,0.0,0.0,143.64238
C1=CC(=CC=C1O)Cl,150.87519999999995,0.0,0.0,0.0,0.0,0.0,0.0,0.278041528056099,1.167977437505217,1.0121227359644,0.730075449015359,0.6289026315083253,1.3936618344157787,0.9245150186854258,0.974617891345218,0.7340022964412615,0.728499761352017,1.7717558480366,3.7534265264125,8.5206309874143,7.06223174401863,5.32128215266243,5.27360578867815,5.25158880434637,5.57612970590826,5.38913771844512,4.81937800957135,12.256388871452698,8.802339004891593,17.4316973117376,23.0926232097877,17.592012276438403,2.07303231273676,1.89990323779097,0.817268648877977,2.22506007988358,2.7038622686029563,0.6694289080169107,2.370128772288062e-15,0.0,0.0,0.0,0.0,0.0,0.0,0.0,0.0,0.0,0.0,0.0,0.0,0.0,143.91914
C(CCl)O,108.67436999999998,0.0,0.0,0.0,0.0,0.0,0.0,0.0,0.0,0.212536820042127,0.938009269108982,1.4955499559312089,1.051054615379721,0.2908464773867112,0.708613413091452,1.806965733214968,1.364497065330181,1.25732431825174,2.61590047684989,5.41247573845732,6.92790364462399,6.78108652001232,5.90884131682425,5.76786915565102,4.91218607634267,5.589083726101159,2.92636002575733,2.79226393311086,6.787255382379239,5.35452449802872,2.8102721805031,10.127360303877293,9.45380092533302,4.48616118340226,1.15299230893273,1.70585885077922,1.2511125360244002,1.3836737592957424,2.112252410016297,2.3435619710755695,0.9461754088844846,0.0,0.0,0.0,0.0,0.0,0.0,0.0,0.0,0.0,0.0,0.0,93.36226
C1=CC(=CC(=C1)C(=O)Cl)C(=O)Cl,201.75006000000025,0.0,0.0,0.0,0.0,0.0,0.0,0.0,0.0,0.0,0.0,0.0,0.0,0.0,0.0,0.0,0.0399754770553089,3.84406716879179,7.12386329243275,4.99188951743806,3.68799515596961,6.70170243381588,11.3686461852886,15.745093656963002,21.02422717073,19.9550006811973,23.6197940840086,11.180471439959303,15.9595249770218,14.6163404407984,9.71180955260673,6.454835622107053,8.24807062395583,9.06093531676576,5.98253196410352,2.39463649523054,0.0386487437603727,0.0,0.0,0.0,0.0,0.0,0.0,0.0,0.0,0.0,0.0,0.0,0.0,0.0,0.0,0.0,207.07374
C1COCCN1C=O,146.0190899999999,0.0,0.0,0.0,0.0,0.0,0.0,0.0,0.0,0.0,0.0,0.0,0.0,0.0,0.0,0.0,0.0,0.0,2.21090979164676,7.5688681398945,12.5155729540983,21.0013829397513,19.1196601438149,14.5935638531682,9.947848047625367,7.365001784908849,5.01037840506279,4.260446250037,2.8451620688398904,3.56411857701777,2.46763223996665,1.4637480223027808,1.52960099248126,2.39610819520925,1.88694202997114,2.61047830508935,2.906864576398202,4.0611193702487665,3.065899694403744,8.728563050337332,3.3167045213221584,1.31573133392049,0.266784712483145,0.0,0.0,0.0,0.0,0.0,0.0,0.0,0.0,0.0,141.54053
OS(=O)(=O)Cl,110.16938,0.0,0.0,0.284689739548425,1.2333955992680568,1.03511944725271,0.182043273382092,1.305599710804296,1.27657970043346,0.902799779456347,0.405359668713413,0.379075110447404,0.992736894367184,0.3779143534710161,0.245744470966239,0.3442585048056688,0.2327949392158242,0.211959465108142,0.274874432426109,1.61952672577077,2.81843379746517,2.07160638937236,2.15839278160995,6.2710230585548095,3.74889457615171,3.611644116773311,10.3063935088461,9.2429788186413,13.916327208609596,6.99689161690413,11.9740518992099,16.858665029454496,8.80629751460671,0.0833078683632954,0.0,0.0,0.0,0.0,0.0,0.0,0.0,0.0,0.0,0.0,0.0,0.0,0.0,0.0,0.0,0.0,0.0,0.0,96.01273
N(Cl)(Cl)Cl,115.43322,0.0,0.0,0.0,0.0,0.0,0.0,0.0,0.0,0.0,0.0,0.0,0.0,0.0,0.0,0.0,0.0,0.0,1.49812056940792,3.80736649513173,4.81215893127534,1.18811707565211,4.41718354884056,8.328854464414789,3.3103801997683497,1.9440473211010536,17.1409524462119,21.2101362530712,40.74062391762769,6.16350496782509,0.871773809672281,7.874524449036989e-16,0.0,0.0,0.0,0.0,0.0,0.0,0.0,0.0,0.0,0.0,0.0,0.0,0.0,0.0,0.0,0.0,0.0,0.0,0.0,0.0,103.11215
CC(C)CCCCC=C,208.6622399999999,0.0,0.0,0.0,0.0,0.0,0.0,0.0,0.0,0.0,0.0,0.0,0.0,0.0,0.0,0.0,0.0,0.0,0.0,0.0,0.386813677956047,3.79749330772156,7.4926969287701,22.690791463543505,34.5189965975166,35.5782211894653,26.2387063363782,23.6960110744522,21.6661203244888,15.2474272902261,4.2425834067319,2.309191003058782,3.75699869137068,3.20019174111746,1.97294390586067,1.86705306134205,0.0,0.0,0.0,0.0,0.0,0.0,0.0,0.0,0.0,0.0,0.0,0.0,0.0,0.0,0.0,0.0,207.5979
CCCCCCCC(=C)C,229.1886000000001,0.0,0.0,0.0,0.0,0.0,0.0,0.0,0.0,0.0,0.0,0.0,0.0,0.0,0.0,0.0,0.0,0.0,0.0,0.0,0.0,2.11994569614385,10.2621414282347,21.881285109094307,37.2946009262464,38.6227093062547,34.0574337343399,30.8999960706008,22.997649145485695,13.6081607231072,3.35542498640244,4.332263735906109,2.66587432397606,2.8288718034727,2.5898141096264,1.56020912514678,0.1122197759620708,0.0,0.0,0.0,0.0,0.0,0.0,0.0,0.0,0.0,0.0,0.0,0.0,0.0,0.0,0.0,228.98273
CC(C)CCCCCC=C,228.88023999999993,0.0,0.0,0.0,0.0,0.0,0.0,0.0,0.0,0.0,0.0,0.0,0.0,0.0,0.0,0.0,0.0,0.0,0.0,0.0,0.390495324553227,3.74099294634882,7.27108281340021,23.53755515747901,37.1685682244902,41.3030296666974,30.6430388034542,26.9640464822028,23.607413769641894,16.7095621301507,4.63694179094097,2.390885685456192,3.29279437870572,3.1912540234446,2.35473920388548,1.67127781658437,0.0065617825641271,0.0,0.0,0.0,0.0,0.0,0.0,0.0,0.0,0.0,0.0,0.0,0.0,0.0,0.0,0.0,229.81207
CCCCCCC/C=C\C,230.53366000000017,0.0,0.0,0.0,0.0,0.0,0.0,0.0,0.0,0.0,0.0,0.0,0.0,0.0,0.0,0.0,0.0,0.0,0.0,0.0,0.0,0.831554041124793,8.51085167716822,19.78572537265261,40.7315372090373,41.9353236400858,35.612255167212,30.7416758299356,23.469068863582397,13.2121552543503,3.23240546688099,3.15364535782161,1.93195098350894,3.20448298821193,2.37572586381152,1.58668434996433,0.2186179346517916,0.0,0.0,0.0,0.0,0.0,0.0,0.0,0.0,0.0,0.0,0.0,0.0,0.0,0.0,0.0,228.00863
CCCCCCC/C=C/C,232.7659000000002,0.0,0.0,0.0,0.0,0.0,0.0,0.0,0.0,0.0,0.0,0.0,0.0,0.0,0.0,0.0,0.0,0.0,0.0,0.0,0.0,0.700760047003387,8.17397741697919,19.24561478350371,40.1837124574797,42.9893111354668,36.7883402373866,31.6462565380631,23.638251317239195,13.3815922295073,4.69577876980399,3.2693843324891714,2.63880546116198,2.2881372813979,2.43111940600797,0.694858586510176,0.0,0.0,0.0,0.0,0.0,0.0,0.0,0.0,0.0,0.0,0.0,0.0,0.0,0.0,0.0,0.0,228.08198
CCCCCCCCC/C=C\C,270.23577000000023,0.0,0.0,0.0,0.0,0.0,0.0,0.0,0.0,0.0,0.0,0.0,0.0,0.0,0.0,0.0,0.0,0.0,0.0,0.0,0.0,0.834647731969617,8.39320208674879,20.77094687123061,47.4954476792353,51.8813292083896,44.0346163072963,37.448342666746,26.402652335042397,17.2022821698029,3.34068045959949,3.13345352284413,1.95701717053544,3.2050079643851,2.37444303841295,1.55274848537578,0.2089523023858346,0.0,0.0,0.0,0.0,0.0,0.0,0.0,0.0,0.0,0.0,0.0,0.0,0.0,0.0,0.0,272.02292
CCCCCCCCC/C=C/C,272.57260999999994,0.0,0.0,0.0,0.0,0.0,0.0,0.0,0.0,0.0,0.0,0.0,0.0,0.0,0.0,0.0,0.0,0.0,0.0,0.0,0.0,0.643788359268099,8.36757547730919,19.72670706513941,47.2527249333431,52.8282829369184,45.1343393296162,38.9689803321693,26.360417454040896,17.4104301660115,4.45295257770415,3.2930503934131807,2.79328693796276,2.05510400622891,2.51468375039702,0.770286280477787,0.0,0.0,0.0,0.0,0.0,0.0,0.0,0.0,0.0,0.0,0.0,0.0,0.0,0.0,0.0,0.0,271.91759
C(C(=O)O)C(=O)O,126.37269999999998,0.0,0.0,0.0,0.0,0.0,0.0,0.3294432960061039,2.7501927279879115,0.598907241161854,2.0947755040452,3.156420806434338,1.914883051084872,0.4805273732797105,0.506965153466089,0.9783167952182302,3.7506353138640858,4.95943913643625,5.08209786493375,3.54008411485708,4.69176252482846,5.08501456892867,4.047881628512,5.22221365514111,5.225876601703379,3.3496317862711797,1.41106830022788,2.42209266697797,6.73268758461264,5.81599800355269,5.92749618293564,1.7520301205220736,5.50406163279531,10.6235178753787,5.15064642564967,7.93890990446962,11.328847024862386,3.577952167200979,0.4223229666541497,7.273080998247683e-16,0.0,0.0,0.0,0.0,0.0,0.0,0.0,0.0,0.0,0.0,0.0,0.0,112.77558
CCCCCCCCOC(=O)CCCCC(=O)OCCCCCCCC,505.8978800000001,0.0,0.0,0.0,0.0,0.0,0.0,0.0,0.0,0.0,0.0,0.0,0.0,0.0,0.0,0.0,0.0,0.0,0.0,1.32054151609521,7.94596574623225,14.7574043657042,27.5901985888336,59.84979043701232,85.3876604611923,83.9953737929769,61.797382241527,48.2182675591002,37.952802652501695,21.0866725335986,5.47775962439822,4.305928775013271,5.54320652239962,6.43297355140519,4.70767222652436,6.41066874591166,4.732172036518365,7.211743023949556,8.931148518081054,2.242547081024542,3.8488569545704926e-15,0.0,0.0,0.0,0.0,0.0,0.0,0.0,0.0,0.0,0.0,0.0,524.62467
CCCCC(CC)COC(=O)CCCCC(=O)OCC(CC)CCCC,486.55448000000007,0.0,0.0,0.0,0.0,0.0,0.0,0.0,0.0,0.0,0.0,0.0,0.0,0.0,0.0,0.0,0.0,0.0,0.0,0.882028886717103,6.61751365173378,14.2793307262352,24.9272997778224,64.1458803030156,80.295005293152,77.7745897911557,54.5076998021753,50.0089105074571,45.565383515115386,16.9043213260076,4.65552824421002,4.110549822495431,3.80782142375081,5.25037995404276,5.13760303944389,4.45043810850129,3.818845279841657,7.809274176041584,9.206004700557724,2.3946935299095617,0.0053781406181889,0.0,0.0,0.0,0.0,0.0,0.0,0.0,0.0,0.0,0.0,0.0,526.29245
CCC1=CC(=CC(=C1)CC)CC,227.43136000000004,0.0,0.0,0.0,0.0,0.0,0.0,0.0,0.0,0.0,0.0,0.0,0.0,0.0,0.0,0.0,0.0,0.0,0.0,0.0,0.0803841823195208,2.02380937937055,18.6993994315542,32.0105498737481,35.0171403051884,28.8763514186244,28.3838787884984,21.5517429764034,22.011593832606692,8.38398938508673,5.60669251157523,4.792790359025001,6.97773449073411,7.61752171590696,4.07710248296896,1.32067886638941,0.0,0.0,0.0,0.0,0.0,0.0,0.0,0.0,0.0,0.0,0.0,0.0,0.0,0.0,0.0,0.0,234.83535
CCCCCC1=CC=CC2=CC=CC=C21,261.12332000000004,0.0,0.0,0.0,0.0,0.0,0.0,0.0,0.0,0.0,0.0,0.0,0.0,0.0,0.0,0.0,0.0,0.0,0.0,1.72712575220843,11.8901239315251,15.3837789642605,17.2778186249554,24.202303613301705,29.8235702873824,28.1393102099652,23.2875519698112,20.3982669777184,21.422114762430297,14.5753153528913,11.8549537208441,21.026908932356793,15.7385944748367,4.37558242551249,0.0,0.0,0.0,0.0,0.0,0.0,0.0,0.0,0.0,0.0,0.0,0.0,0.0,0.0,0.0,0.0,0.0,0.0,274.79116
CCCCCNCCCCC,252.86669,0.0,0.0,0.0,0.0,0.0,0.0,0.0,0.0,0.0,0.0,0.0,0.0,0.0,0.0,0.0,0.2279473061993885,1.03168889532053,0.92524185527899,1.56988223907583,0.905229466662554,1.06412952792653,3.59309772322749,21.850108112604712,42.44981852023181,53.0355689135541,39.6632545605073,32.1673578158917,30.793599767913392,11.2528357787001,2.32318113282308,1.9916099232115003,0.30266113188192,0.459195318174803,0.643333259792823,0.588439672036112,0.40649623657663,0.3960876261447266,0.5723088445773543,0.2011763716866236,1.1007040553888885,1.25548754136311,0.431198531610238,0.610637756040105,0.1455015170608559,0.406995117468758,0.5019154810680386,1.7529905232773639e-15,0.0,0.0,0.0,0.0,249.57899
CCCCCCCCCCCN,271.83049000000005,0.0,0.0,0.0,0.0,0.0,0.0,0.0,0.0,0.0,0.0,0.0,0.0,0.0,0.0,0.0731189872573898,1.265243211153528,3.21327888860214,1.31495458207897,2.77480365990159,2.70769639562274,2.30832055856686,3.10186616247475,14.643468014088612,43.717606928727506,58.8171969266085,45.5717630501115,37.2066432890527,23.737194090696697,17.6856521281782,1.99035066349383,1.2019248850251407,0.504270599170124,0.889379940941666,0.675207643157419,0.543478230899936,1.007542956713699,0.5165998554153863,0.3150983520612047,0.2337955060311091,0.755227285409064,1.5139125756972,0.34865566398874,0.551428968873894,0.4446284507561047,0.6444115492438883,0.6728167469231269,0.6944938229272879,0.188459430149586,0.0,0.0,0.0,271.35239
C1=CC(=CN=C1)C(=O)O,149.45598,0.0,0.0,0.0,0.0,0.0,0.0,0.263017994772722,1.3242825341155664,0.179189471111705,1.04456646637318,1.5769344904688392,0.9402713993273972,0.2656176438305832,0.232400125168968,0.3890698946182767,1.1986268598261889,0.94227313273685,5.8951817910493,10.008980171329,6.92802187565627,4.22740425083262,4.74232191945528,7.981657408861121,10.4812975767865,11.204332711719,13.1274468097515,11.9020460221622,10.5265607078744,4.59018433527136,5.79351036700496,3.3838189627200124,3.16968546099823,6.70583967234284,2.10837921421306,2.21195925397403,7.606219447347214,3.988505359146031,1.380979886629379,0.6856447774153712,1.244136945240569,0.803853123758962,0.401761936110531,0.0,0.0,0.0,0.0,0.0,0.0,0.0,0.0,0.0,142.18644
C1=CC=C(C=C1)C[C@@H](C(=O)O)N,203.1564099999999,0.0,0.0,0.0,0.0,0.0,0.0,0.0,0.8015951957816553,0.984534804218344,0.266994860128794,1.4805098059223378,1.3851367798719303,0.6059459199804385,0.152475311655496,1.1578479597022582,2.524048963919368,2.67192559069188,3.31452074019305,4.77490274582146,7.84283285975086,15.6985320809692,16.7556791107557,15.9996301014679,15.194225925949098,11.0699295703451,9.32726363255087,7.663245165549421,9.0846660809974,12.4252248136249,11.3323517114301,12.3024470666821,9.95148531799017,8.09789821811148,4.45437380315318,2.57611489087198,7.043006001380443,3.690272127658939,0.6616943665442563,0.1884829873721397,1.4972086585290278,0.179406830428678,0.0,0.0,0.0,0.0,0.0,0.0,0.0,0.0,0.0,0.0,209.39409
CN(C1=C(C=C(C=C1[N+](=O)[O-])[N+](=O)[O-])[N+](=O)[O-])[N+](=O)[O-],249.23628,0.0,0.0,0.0,0.0,0.0,0.0,0.0,0.0,0.0,0.0,0.0,0.0,0.0,1.01696686914408,3.7972549085759657,6.307663325684506,8.24265141772911,10.7248755072668,13.4361151667563,17.9353823262267,16.3192470400269,7.76330888175607,5.008823054754201,6.28235673268386,6.8988432574207605,9.97414574409632,10.9293176919166,12.201306796315002,16.6334579906668,28.2586564648211,24.4013510328886,14.6342108912658,11.0513356692708,11.5990106839367,5.5086289998956,0.3113695469014444,0.0,0.0,0.0,0.0,0.0,0.0,0.0,0.0,0.0,0.0,0.0,0.0,0.0,0.0,0.0,276.37073
CCCCCCCCNCCCCCCCC,372.3751900000002,0.0,0.0,0.0,0.0,0.0,0.0,0.0,0.0,0.0,0.0,0.0,0.0,0.0,0.0,0.0,0.2613097362961996,1.07440207511241,0.922973535657887,1.55167887532859,0.811314261909245,0.971238347430858,3.61125411075899,24.054114374482214,62.84144014088701,83.7657785860439,65.1396070316235,52.1894268820383,39.66693857041949,22.9582565299307,2.34968601637582,2.0660162460886404,0.36365176762095,0.43628447344815,0.681261026559443,0.532041865355595,0.4638555466322869,0.4039241697990247,0.6089225776784353,0.1596832525225378,1.0240635393486786,1.32857609799269,0.503940362658632,0.613853618834583,0.135872982621014,0.4478227963309809,0.4360006022134221,1.4989136600209788e-15,0.0,0.0,0.0,0.0,380.6524
CCCCC(CC)CNCC(CC)CCCC,350.69990000000007,0.0,0.0,0.0,0.0,0.0,0.0,0.0,0.0,0.0,0.0,0.0,0.0,0.0,0.0,0.0,0.0,0.355348998548614,1.16455291481217,1.00380027683728,1.38145422795554,1.00310285793087,1.52509901702848,19.351102318602113,52.881389723505706,75.261585789318,58.7103895011205,54.5365061158878,50.947183343998795,26.5635933290618,3.02155656947428,1.621155712625901,1.1026173135976,0.244875922720177,0.0245860669744143,0.0,0.0,0.0,0.0,0.0,0.0,0.0,0.0,0.0,0.0,0.0,0.0,0.0,0.0,0.0,0.0,0.0,380.09532
CN(C)CCN(C)C,175.4983299999999,0.0,0.0,0.0,0.0,0.0,0.0,0.0,0.0,0.0,0.0,0.0,0.0,0.0,0.0,0.0,0.0,0.0,0.0,0.0,0.0,2.73311323676757,15.8357556501039,16.043305210480003,21.596492063399605,29.3399369986238,28.6892008410546,29.4009480570825,11.576933021206496,4.98110524193168,3.58889485635193,1.8610779958700316,1.85692000039458,1.91596817813585,0.757549794424257,0.713443476991973,0.39791463821494,0.4390209437990983,0.5384557051977706,0.5807081773380679,1.2800420214914587,0.341453781194827,0.46195085332072,0.348517519255339,0.2196217373688842,7.62079887398245e-16,0.0,0.0,0.0,0.0,0.0,0.0,179.05632
C1=CC=C2C(=C1)C=C3C=CC=CC3=N2,211.64289999999997,0.0,0.0,0.0,0.0,0.0,0.0,0.0,0.0,0.0,0.0,0.0,0.0,0.0,0.0,0.0,0.0,0.109355142988954,2.54895217516714,14.8831349064769,17.4362990476719,16.8382032057417,12.8649590598834,9.29812315414422,9.20889843846119,8.02361552632317,10.9350204849764,15.2975791590941,23.5694642312789,20.8767488971896,20.5873312234597,17.191289845188404,1.61441073919534,0.536454578657851,1.11423539045931,1.53560251339497,1.088168211187862,2.3223871115986654,0.9856905024289015,1.04802630881901,0.2945833631018812,1.06673371506169,0.367633068048813,0.0,0.0,0.0,0.0,0.0,0.0,0.0,0.0,0.0,219.30212
C(CN)CN,127.70483,0.0,0.0,0.0,0.0,0.0,0.0,0.0,0.0,0.0,0.0,0.0,0.0,0.0,0.0,0.1088365013713448,2.6982995897021858,6.29570813916603,2.95272088686002,5.77207638779768,5.47285261813508,4.67006987323761,9.04523025230063,16.0046685642862,15.978261591332698,13.236686088896498,8.29910087429406,5.452389374026701,3.3357251521999896,1.8728071386352,2.92118185957367,2.0560076881151708,0.974589162396132,2.13815443817573,1.32465639998654,0.973768869450727,2.0363898666442783,1.1200195055181978,0.5118971045391091,0.5825384389686219,2.057384362094828,2.20714698850215,0.811318152018457,1.13080777244636,1.6224946040432282,1.0932856874403618,1.383907955309639,1.3275308350226902,0.236317277512183,0.0,0.0,0.0,112.98184
C1=CC(=CC=C1C2=CC=C(C=C2)N)N,227.46963,0.0,0.0,0.0,0.0,0.0,0.0,0.0,0.0,0.0,0.0,0.2124611188373056,2.503931122824356,5.991516767723414,3.472070592501,4.303511041110938,4.4592278721439,5.66803492956937,6.23478855396573,9.77822800068774,11.1742838947331,13.5956029389125,9.81237506812134,8.6119620667861,9.978938015390868,6.7353668852533195,4.65083437923323,10.6337388028361,9.19882642528556,9.09705861023148,12.1565686387243,11.8472216972614,23.8958998888281,23.1621795197658,15.1449356088252,3.90548969948824,1.234608114907518,0.0099697460520613,3.5226998619289624e-17,0.0,0.0,0.0,0.0,0.0,0.0,0.0,0.0,0.0,0.0,0.0,0.0,0.0,234.47
CCNC1=CC=CC=C1,173.52826,0.0,0.0,0.0,0.0,0.0,0.0,0.0,0.0,0.0,0.0,0.0,0.0,0.4638717232976391,0.953849171857902,1.11838130847522,0.7613313172287677,1.25894496934486,1.17985795084037,1.90969426801386,5.69135604460744,13.4364917782393,16.9659868029755,18.4910975882499,16.7333493293928,13.477058380763,11.2933421246253,12.0697670729979,5.86415707806457,5.66700586545039,8.92400570363854,4.661239625518293,10.2079802219268,9.18571210129925,8.72786723591283,2.53336519714621,0.5231594010104801,0.6026842845950434,0.7332194491078375,0.0934840054199792,1.616279933588741e-16,0.0,0.0,0.0,0.0,0.0,0.0,0.0,0.0,0.0,0.0,0.0,167.49341
C(#N)N=C(N)N,120.3484,0.0,0.0,0.0,0.0,0.0,0.0,0.1898135041199323,1.2306294272845963,1.18481884655797,0.842082036829697,2.242081671589377,3.2473527868140084,3.36424905716052,4.23393217275557,4.33993978149189,2.9502944167536524,2.27770264101683,2.80842474021401,3.8614021890224,3.10534551970801,2.40853588464361,4.34660185340379,2.1089902322894707,3.9528064067560513,6.59916246931319,5.02946818112639,3.848891465358721,5.478467593542949,3.38418549481904,2.68492119788806,3.693751661983989,5.36580497747373,5.31059744233802,4.17075341290709,4.67813629596392,6.124002481130281,7.393333740520774,2.870156937947126,0.8258941152400148,1.7330285800391785,1.22467468784141,1.20788173614658,0.0302843600081524,0.0,0.0,0.0,0.0,0.0,0.0,0.0,0.0,104.69751
CCOCC(C)OC(=O)C,203.29665000000017,0.0,0.0,0.0,0.0,0.0,0.0,0.0,0.0,0.0,0.0,0.0,0.0,0.0,0.0,0.0,0.0,0.0,0.368221067389905,2.84246688000192,4.37687062427073,10.3262548666297,24.2971985291701,27.6836579561061,26.2802417180142,26.210879105588596,15.0266718519907,17.9594119644827,7.735832466092658,3.06276161945362,3.3168966375931,2.615971263463281,4.48976654177666,3.40399356897112,4.44476069261354,4.62775218023027,3.2391452203000135,5.407886081870566,4.208192002800804,1.324393743260215,0.0474234179296654,0.0,0.0,0.0,0.0,0.0,0.0,0.0,0.0,0.0,0.0,0.0,196.54111
C(C(=O)O)(Cl)Cl,130.32468,0.0,0.0,0.0,0.0,0.0,0.418740004082608,1.3976336833901866,0.1822599770432411,1.66206022219189,1.66664629798858,0.4117570063429623,0.0699670592618696,0.8109755976567377,3.82813101681673,1.8734008966003937,1.126742293336651,2.1297792315833,1.70457162294953,0.997882920803386,1.70515484401965,3.24418038371952,7.2964895987835,4.11447596398619,4.956765795499802,9.155421133103578,4.45638608737159,7.838672994293839,17.9958082731425,16.0565243323274,10.9030604158762,5.228048446029455,4.50476155182272,2.03770572403068,3.47751574390149,5.6357522812602,3.0376480083608057,0.3997605924228126,1.406256641559624e-15,0.0,0.0,0.0,0.0,0.0,0.0,0.0,0.0,0.0,0.0,0.0,0.0,0.0,120.48981
CC(COC)O,137.25204000000002,0.0,0.0,0.0,0.0,0.0,0.0,0.0,0.0,0.0,0.0,0.0,0.0,0.0871109783482389,0.292232613173821,0.3468764084779399,0.9905596698229868,0.890344915951649,0.0622354142253639,0.412176612574142,1.80814117261949,7.82191332563569,20.0529941595869,19.352889418024,16.9110096003739,14.556723666785896,8.39279218919642,9.39828282909435,6.144912685339869,3.31198729734009,3.91410258805195,2.1941869444881412,2.60231445438363,1.48730494590023,1.85669312789202,2.80621568706816,2.7653289211860677,1.4815903175642318,2.012177270438868,2.0315109064707,2.2875257580233295,0.979906121961963,0.0,0.0,0.0,0.0,0.0,0.0,0.0,0.0,0.0,0.0,125.48316
CC(COC(C)COC)O,204.14729000000003,0.0,0.0,0.0,0.0,0.0,0.0,0.0,0.0,0.0,0.25290321938098,0.826312024577921,0.9942757236568088,0.6443890323842896,0.729052049401268,0.4368062618255575,1.0131934141157188,1.26597194832745,0.83816103128503,0.734180408368977,2.7033512591251,11.1665628313487,26.1214321814891,25.9235538241305,23.6510066834719,19.699706399639,15.0411433316819,18.3904861881471,10.673737646050196,5.03428536117665,3.4447060684046,2.609131096575291,2.96824316083196,3.04449179298662,3.24876267293633,4.41002709038765,5.151700438499857,2.8723784578957408,3.093485443538609,4.255133587451408,2.506750283521763,0.401969087386054,0.0,0.0,0.0,0.0,0.0,0.0,0.0,0.0,0.0,0.0,203.51215
CC(COC(C)(C)C)O,187.53259999999997,0.0,0.0,0.0,0.0,0.0,0.0,0.0,0.0,0.0,0.0,0.0,0.0,0.0,0.0,0.0,0.1880113548396486,0.699936157626128,0.4784631287333,0.812875489275565,1.00401729525841,4.62229039767387,21.8761895730874,28.0597410862149,28.419521057424195,18.9613219880492,16.3637787388161,27.468099621176396,11.826682282071197,2.17149071907871,2.32377871709057,1.8138116772796704,1.78868644613288,1.87052711174433,1.27844546251938,2.23891740192288,2.4396255058884506,2.7683584422886276,2.1132885027591723,2.4954784773625196,2.4381230183273,1.01114034735913,0.0,0.0,0.0,0.0,0.0,0.0,0.0,0.0,0.0,0.0,192.58334
,272.19276000000013,0.0,0.0,0.0,0.0,0.0,0.0,0.0,0.0,0.0,0.278122725438184,0.8547560470755942,0.900938930118736,0.6800622973674844,0.778076210957081,0.4155810811469446,1.027602613578869,1.15951677740422,0.912462394910615,0.662963310066211,2.63152159703374,13.5024448202721,34.1196859417393,35.959841390504,32.400774482191,27.4902323943369,20.9957317011392,26.7654040048886,16.884766884600797,7.88050260283592,4.29668555556023,3.0171038540954607,3.78566695314195,3.43488475145341,3.35179029151714,6.6127480292598,6.676114811158284,3.3114475000702317,3.809007114815748,4.702615002764978,2.470100457011184,0.423607471546168,0.0,0.0,0.0,0.0,0.0,0.0,0.0,0.0,0.0,0.0,282.06049
C1=CC(=CC=C1N)Cl,154.59137999999996,0.0,0.0,0.0,0.0,0.0,0.0,0.0,0.0,0.0,0.0,0.2960779303026615,1.892036721406407,2.6656888511661085,2.1992790577501,2.3525942813934395,2.1525702913751306,3.34218808289296,3.56385594828968,7.00276612521484,7.28748241669296,6.93260991609327,5.50577111410289,5.74923564267745,6.319557038796879,4.89283781629117,4.16585904977855,7.449566745909089,10.626940036560498,8.20165649622169,15.4844412755757,25.073929937146893,15.6309712510914,3.48625580813188,1.24469956395534,0.888523964558878,0.1839846366240927,0.0,0.0,0.0,0.0,0.0,0.0,0.0,0.0,0.0,0.0,0.0,0.0,0.0,0.0,0.0,148.11905
CCCCOCCOCCOCCO,286.11501000000004,0.0,0.0,0.0,0.0,0.0,0.0,0.0,0.0,0.0267795276898769,0.499781399234213,1.3694925942352785,0.6713307772267412,1.0405726337086194,0.380403288545425,1.5027262487677382,0.6641235305920974,0.981489214859877,1.05624066358864,1.24896506662923,2.14264573727021,11.5610896317503,33.7093462406362,42.0128227537617,36.3976840308075,33.5029041456287,25.4820053022411,18.9477331260625,14.811393603812297,6.31648793864008,5.46085407291483,2.822365545889462,2.90277459480857,2.23403756367266,4.79850602720706,10.2925053969578,5.818321574095119,5.225614730481091,5.605677611621288,4.150388834815603,2.1000192505784936,0.377927341269745,0.0,0.0,0.0,0.0,0.0,0.0,0.0,0.0,0.0,0.0,277.85661
CCOCCOCCOCCO,246.16378000000003,0.0,0.0,0.0,0.0,0.0,0.0,0.0,0.0,0.0147478745307134,0.562194128809713,1.3383155891943688,0.9052549609070968,0.6859630695930163,0.537382182323711,1.0527970819011891,1.1684639704791997,0.783362202187698,1.18353805929428,0.916958674183058,2.3995275733745,12.6211292693953,37.6148332978183,36.72899823641549,26.9431405333308,22.9127468649716,18.5096323259672,16.7770081009582,6.480391782531029,4.08799362479671,5.25825382231734,3.015971174493812,3.19731829655659,2.31449728536985,4.58096354395172,10.3149044613557,5.674753873978479,5.164554314455863,5.828204770774377,4.035610253051104,2.0641637560768635,0.49020504465514,0.0,0.0,0.0,0.0,0.0,0.0,0.0,0.0,0.0,0.0,234.21931
C1C(O1)CO,110.66176999999996,0.0,0.0,0.0,0.0,0.0,0.0,0.0,0.0,0.124890031757051,0.747991271154894,1.5109892838146686,0.6805342876310044,0.8963093650688186,0.311695242074382,1.7491828792069577,1.3292374306569306,0.836353592272376,0.9905363717432,5.2664217374982,11.8256051516852,10.3259357739664,7.37561431618407,6.77877119767224,6.40796266535687,6.0133460413219595,3.89541781692291,3.44242165531489,3.033322389012179,2.35431063968338,3.61279228581148,2.639351413310651,2.06346794557635,1.95807815658683,3.02941904092213,3.15340867927182,4.63372875903123,4.609995493571439,4.430728174042261,2.574410813258083,1.9159661666998211,0.143573931919274,0.0,0.0,0.0,0.0,0.0,0.0,0.0,0.0,0.0,0.0,95.4326
CCCCCCOCCO,220.531,0.0,0.0,0.0,0.0,0.0,0.0,0.0,0.0,0.0,0.521147652174579,1.2270862652992187,1.0388860825262003,0.5376116738785549,0.649332247103049,1.0079088979857591,1.1992137426359295,0.742541664544427,0.964536022769111,1.0479529650307,1.97692198890798,4.56595721719014,11.4706193626336,26.412793569577804,33.992395699479,34.8760602700334,24.9392338372031,18.6268088474886,17.728822641023797,7.64767867420186,2.6791250560547,1.9789391223691903,2.41166570405724,1.05201005662081,1.93032875485833,2.41515236949832,4.2107977822596085,2.981678571023559,2.724226521509601,4.182358098447147,2.1809970393255935,0.610211602289115,0.0,0.0,0.0,0.0,0.0,0.0,0.0,0.0,0.0,0.0,212.45048
CCCCCCOCCOCCO,273.57022,0.0,0.0,0.0,0.0,0.0,0.0,0.0,0.0,0.0433796675694994,0.476365619768909,1.3975640062599683,0.6342807064016244,0.8612510044479995,0.516947131271555,1.598310360578398,0.7262915037020414,0.798157927883119,0.588906505635305,1.53928156302842,2.14168108187062,8.27622927648194,22.2922528275364,33.8712792924375,39.6127890217597,39.4391636609724,28.9115806015237,21.3651755071275,19.201445775642895,9.21275927831658,4.10058238740361,2.4077621577579813,1.82050710574495,1.78132020707604,3.08603045941933,6.56268636555173,5.557649160564527,3.5907837188269327,4.360642167612737,4.2377797078798,2.148373220549294,0.411011021396985,0.0,0.0,0.0,0.0,0.0,0.0,0.0,0.0,0.0,0.0,266.779
CCCOCC(C)O,178.36108000000004,0.0,0.0,0.0,0.0,0.0,0.0,0.0,0.0,0.0,0.0,0.0,0.0,0.0,0.0,0.2684968035736985,0.7944237951778041,0.614585310894935,0.390500518697218,0.557469097522842,1.32052933092492,2.89191491458979,15.9409261276784,31.2170698188492,27.2827515547783,23.2765718678978,18.1620425100125,17.9322819721016,10.077794178779095,3.41388376481346,2.18695476258295,1.6884693127400003,2.26477624070711,1.13775526426677,1.44283363107395,2.71499199604046,2.9634465284445386,2.1181971960571597,2.0273408551583505,2.3492296057931497,2.40636488672499,0.919478154119055,0.0,0.0,0.0,0.0,0.0,0.0,0.0,0.0,0.0,0.0,168.7837
CCCCOCCOCCOC(=O)C,278.66345,0.0,0.0,0.0,0.0,0.0,0.0,0.0,0.0,0.0,0.0,0.0,0.0,0.0,0.0,0.0,0.0,0.0,0.547851231994039,3.56911823204736,8.08648961916853,18.1027038625407,27.6180477694766,36.1485688735698,40.4716295822843,34.6846938615533,21.4433752344123,16.0666833612248,15.278753835260495,6.44846969372744,5.03144027327616,3.1873433772529314,4.63989106574954,3.62952544611125,5.93895327564814,6.41766007039926,5.325929250315365,8.438276626112607,4.6558939837675934,2.875236605607533,0.0569148684999871,0.0,0.0,0.0,0.0,0.0,0.0,0.0,0.0,0.0,0.0,0.0,271.16171
C(C#N)O,93.91969999999998,0.0,0.0,0.0,0.0,0.0,0.0,0.0185381829279747,1.139218575778986,1.0568494276867,1.40784736864915,0.0722068972876902,0.4565597540246763,1.8537139445717477,1.31805289241722,0.9199268284735256,4.535963146301643,7.27176087024885,4.45598796848905,3.89123998072445,3.80374320617545,2.11225924310939,1.95624015329614,3.512055563009409,1.1901989752364903,1.6047523329387,2.30201946322608,4.02178493651392,3.5931644898472395,2.12538028496073,2.48012169880445,2.40210690743141,4.10586426708384,4.27975275014582,5.01434054085608,7.33263015923898,6.096594940808348,5.086758069711531,2.482411850779159,0.0196543292451421,3.2764264689586e-17,0.0,0.0,0.0,0.0,0.0,0.0,0.0,0.0,0.0,0.0,0.0,75.22895
C(C#N)N,97.88748000000008,0.0,0.0,0.0,0.0,0.0,0.0,0.0,0.0,0.0,0.0,0.0,0.0,0.0064720379896013,1.7932153586135,3.835813033580256,2.1786551783479124,5.22097595530434,8.66581814531258,10.7073274835909,5.0456522364186,4.92720558148769,1.59446021813866,2.25078914541807,2.4261832226711797,1.2082652964463003,1.89161470820301,3.5648452089715295,2.7593231276911494,2.00711622219623,3.10117070887416,1.9789921859525912,2.92393781508955,3.35976586465191,5.22842015299003,7.07991321511819,4.859896938259189,3.701869501088515,2.2592270000754047,0.3720962532266882,1.0361993633585689,0.54990616900637,0.676973660434328,0.547372912717672,0.1280060987753825,4.560953610929954e-16,0.0,0.0,0.0,0.0,0.0,0.0,78.96638
C1=CC=C(C=C1)CC#N,163.52395000000007,0.0,0.0,0.0,0.0,0.0,0.0,0.0,0.0,0.0,0.0,0.0,0.0,0.0,0.0,0.1249309580916438,3.877165635661554,4.58855736450517,3.88818854201726,8.62767044658319,13.9330020757835,12.5826347437643,8.16621081413805,8.200484372147432,10.662521933056198,5.40323963378739,7.39107279884439,7.69321441296468,10.2109238162069,6.15133577236184,10.0460616629214,10.8829769104759,9.22943852223399,2.87876293994324,4.10086499841423,3.98467980760454,4.479859300362669,4.138804868815963,2.1745502042955365,0.1067974650191105,1.8344555549839494e-16,0.0,0.0,0.0,0.0,0.0,0.0,0.0,0.0,0.0,0.0,0.0,157.87611
CCN(CC)O,141.08800999999994,0.0,0.0,0.0,0.0,0.0,0.0,0.0,0.0,0.0,0.288551614385006,0.5717838434327736,0.4547145421822192,0.9030834563697522,1.01464569639848,0.7010753795955256,0.728938947642902,0.401146519993343,0.184602320796932,1.01266476624973,1.52614117432034,5.18486405499781,8.46698685723162,12.026765588603505,18.3544826054417,19.6943067735918,17.1082072704179,14.0878727419094,15.344904919525094,4.2565731580511,1.52542080820506,2.1897659045980395,1.86142968148979,0.624793071299287,1.36947002744116,1.14228133107602,1.851534342798763,3.5710398609876526,1.4456798461360671,2.2136228022418187,0.4456881858336839,0.534971906755645,0.0,0.0,0.0,0.0,0.0,0.0,0.0,0.0,0.0,0.0,130.77837
CCCCOS(=O)(=O)OCCCC,260.6354099999999,0.0,0.0,0.0,0.0,0.0,0.0,0.0,0.0,0.0,0.0,0.0,0.0,0.0,0.0,0.0,0.0,0.0,0.0,2.37232266673356,8.53737754222162,10.5829688194769,28.5616824955263,41.21769866716179,31.478736160510397,22.7631967827705,21.2853281574362,16.933479242242,14.201516646958297,4.06778495187069,6.88559526985848,12.052137463559896,5.62869273132948,16.182321126103,11.5866194797627,5.82627355472564,0.4716782417524671,0.0,0.0,0.0,0.0,0.0,0.0,0.0,0.0,0.0,0.0,0.0,0.0,0.0,0.0,0.0,258.4561
C(CO[N+](=O)[O-])O[N+](=O)[O-],163.21611999999996,0.0,0.0,0.0,0.0,0.0,0.0,0.0,0.0,0.0,0.0,0.0,0.0,0.0,0.0,0.0,2.5421250411972554,9.27945922178245,12.3453824258499,9.52598520135191,7.558780882302,6.94095639889637,4.32469497770997,3.4692936202416806,4.41828692558006,5.23342399330708,3.92739850874027,5.81063420034764,9.906583748012812,13.154038356591,22.418973272294,18.313550213413503,16.6367407970925,7.32176585123607,0.0880463640535034,0.0,0.0,0.0,0.0,0.0,0.0,0.0,0.0,0.0,0.0,0.0,0.0,0.0,0.0,0.0,0.0,0.0,148.18586
CCOS(=O)OCC,175.11471999999986,0.0,0.0,0.0,0.0,0.0,0.0,0.0,0.0,0.0,0.0,0.0,0.0,0.0,0.0,0.0,0.0,0.0,0.0,1.03417209793143,8.63373428567971,16.2902224526808,23.2126736196796,22.084478072549796,17.3884111012462,16.461288183296,18.0819595427685,6.1107360158093815,2.36033020431173,2.76826951986626,1.72427724855042,2.0681705294138495,5.50016651123196,4.95869168802299,5.40547929115479,9.71338786030356,9.021832166563248,2.160465605574363,0.135974003365268,2.230877236544605e-16,0.0,0.0,0.0,0.0,0.0,0.0,0.0,0.0,0.0,0.0,0.0,0.0,162.95162
CCOC(=O)CC(C(=O)OCC)SP(=S)(OC)OC,340.86690999999985,0.0,0.0,0.0,0.0,0.0,0.0,0.0,0.0,0.0,0.0,0.0,0.0,0.0,0.0,0.0,0.0,0.0,1.90147791240028,7.78411396134195,18.5587665535944,28.097222317862,36.6245966580684,36.96179756352849,27.9110564768598,23.5256208496605,29.1106374781619,19.3143569471488,16.8849343578157,13.9694488799157,13.3258289825325,13.7085803473149,10.2450843429208,8.71439474602123,10.6595088818601,8.38041627542041,7.318203368607899,6.838797435926399,1.0320656630377405,1.8113873363064816e-15,0.0,0.0,0.0,0.0,0.0,0.0,0.0,0.0,0.0,0.0,0.0,0.0,383.00747
C(=C(F)F)(OC(C(F)(F)F)(F)F)F,175.50587000000007,0.0,0.0,0.0,0.0,0.0,0.0,0.0,0.0,0.0,0.0,0.0,0.0,0.0,0.0,0.0,0.0,0.0,0.0,0.0,0.551415431960534,5.99125490112604,6.62554091674244,4.022448379851431,5.543777696004904,13.95162147376111,54.9738172649953,69.0475364946112,14.068220428949097,0.73023701199801,0.0,0.0,0.0,0.0,0.0,0.0,0.0,0.0,0.0,0.0,0.0,0.0,0.0,0.0,0.0,0.0,0.0,0.0,0.0,0.0,0.0,0.0,175.92288
C(=C(F)F)(OC(F)(F)F)F,145.24276999999998,0.0,0.0,0.0,0.0,0.0,0.0,0.0,0.0,0.0,0.0,0.0,0.0,0.0,0.0,0.0,0.0,0.0,0.0,0.0,0.501487621407521,5.62732324134835,6.97190510444442,5.28779405089236,6.286039708472612,10.829700556667303,32.5424838768798,56.15214573476419,18.80838186677499,2.23550823834842,0.0,0.0,0.0,0.0,0.0,0.0,0.0,0.0,0.0,0.0,0.0,0.0,0.0,0.0,0.0,0.0,0.0,0.0,0.0,0.0,0.0,0.0,136.08048
CS(=O)(=O)Cl,119.33707,0.0,0.0,0.0,0.0,0.0,0.0,0.0,0.0,0.0,0.0,0.0,0.0,0.0,0.692140021456693,4.323360781478314,5.447086245158088,4.42219257200201,4.74660713791136,3.92235456932807,6.14462118222358,4.40604235437795,2.71431921508415,2.70013915797212,2.829481754827072,7.144599433175049,3.88718064460898,4.7994951761948,10.3625159463523,9.38618050247282,7.01057169080173,3.9547142907994526,12.1466913758337,13.8189813770166,4.35377209402022,0.12402247690496,0.0,0.0,0.0,0.0,0.0,0.0,0.0,0.0,0.0,0.0,0.0,0.0,0.0,0.0,0.0,0.0,107.7055
CC(C1=CC=CC=C1)OO,178.42226,0.0,0.0,0.0,0.0,0.0,0.0,0.0,0.1090543251351156,0.466710717600853,1.15741343489311,0.8089251932230607,0.9057644596801038,0.4138232882193648,1.23283894181216,0.6297019227847221,0.6920882397852519,0.713159928437938,0.667669548428324,3.16116444624663,11.9783229017822,18.0502432477939,14.1262698591017,14.0816577266829,10.7826789920875,10.4711779170056,11.9947149167692,7.420609393818701,10.3119941891497,5.16749515058097,8.56989340624163,9.648501875838168,12.2905527842687,5.28654906635503,3.02070218035689,2.7955914837123,5.322715295758717,3.153712378782585,1.726677782612575,1.2431384821783709,0.0207465228760433,0.0,0.0,0.0,0.0,0.0,0.0,0.0,0.0,0.0,0.0,0.0,178.32023
CC1=C(C=CC=C1N)N,163.39267999999998,0.0,0.0,0.0,0.0,0.0,0.0,0.0,0.0,0.0,0.0,0.0,0.0,0.6896077007237907,4.52345134526326,4.234671558536201,4.585157106001419,4.62352490232646,6.02129628081386,4.15039446939686,4.41123761885409,9.80295614664534,12.8484864029535,10.5236237628971,8.56047429707445,6.87717381432189,8.6057483780898,6.99442640994226,6.39164439846237,5.48188413915075,5.36954270009702,8.292979048584488,5.92172632917232,10.2308746461565,7.1877396930278,6.2889348228235,3.7749969624943858,0.8319801482404773,0.9294759414238206,1.6487484938050088,1.2468831589234206,1.525653079585,0.780207409147145,0.0371788350657326,0.0,0.0,0.0,0.0,0.0,0.0,0.0,0.0,161.10868
CC(=O)C1=CC(=C(C=C1)O)OC,198.8867400000001,0.0,0.0,0.0,0.0,0.0,0.0,0.0,0.0,0.0,0.0174288370364142,0.617612625528572,0.6955877962226978,0.5931574572043452,0.765203284007972,0.1284720759055141,0.7603529176054399,1.04881395651681,0.905976223529134,5.56145475737164,17.2901292717967,16.9528589066518,14.6090153457548,13.737499442461198,10.726070819528902,14.312070884755,14.1055352718641,14.5263337602709,12.6602461288077,14.5257311415868,12.3957020969031,4.3811589977868675,2.25042938128842,1.84299347219915,4.31896190934395,5.48270561891281,2.5236515569677116,3.5282134665784946,4.821840672383286,1.557711447104856,1.2366391668868104,0.0071813092381714,0.0,0.0,0.0,0.0,0.0,0.0,0.0,0.0,0.0,0.0,199.93745
COC1=C(C=CC(=C1)C=O)O,182.32020000000009,0.0,0.0,0.0,0.0,0.0,0.0,0.0,0.0,0.0,0.13563794031473,0.5885984236300422,0.8516363563109925,0.6347669999110863,0.497980279833148,0.3181168447875492,0.7020614875007133,1.39089528946752,2.05782265493444,8.04129309468571,16.4694218380998,12.964572990565,11.8999885429956,11.3373481766509,9.45632323438034,10.6109865204484,10.6382220741891,14.7925925477004,14.4782996121813,15.491595317523,7.16225208920525,3.604837395187753,2.50142588533753,2.3994976362169,4.31756420306715,5.11224974214277,2.748066621892894,5.1498256093798345,3.5684367639468357,1.8111969059138728,0.5866869215994861,0.0,0.0,0.0,0.0,0.0,0.0,0.0,0.0,0.0,0.0,0.0,179.75683
C(C(=O)O)OCC(=O)O,158.74709999999996,0.0,0.0,0.0,0.0,0.0,0.0,0.3349544565729378,2.732737693237072,0.504567850189984,2.15424466264391,3.159269381426028,1.923990668098582,0.4565352878314794,0.522554008091987,0.9213131971990972,2.322660436698148,2.23393763792693,12.9886684512615,10.1341366253217,7.18826164011788,7.81577126165103,6.78795302936441,7.75306950413764,6.982152552676178,2.49582877770593,2.70348314250009,3.71472175756931,6.1699863151493695,3.74738750527846,5.47636604290454,4.627816418954331,3.06791429785417,8.05138017070279,5.14769381413546,7.84378953439748,16.069331239213188,9.241255552757918,3.24651467829593,0.2268524081345181,3.960997765368357e-16,0.0,0.0,0.0,0.0,0.0,0.0,0.0,0.0,0.0,0.0,0.0,145.36794
CC(=O)CCC(=O)O,154.96010999999993,0.0,0.0,0.0,0.0,0.0,0.0,0.0,0.4176676415743235,1.2845121790394,0.073111032119523,1.357183254881298,1.32096337097869,0.9329839507534328,0.231132730349295,0.2928676256075539,0.4070486570725627,1.18967994630736,0.818183044201158,6.69066368760939,16.6551197829274,13.6029930721962,12.0923261154689,9.53229931471636,10.660768838721502,13.569935191223898,5.88345833429743,3.4023759339504105,2.4036376941461115,5.14153350267749,3.3669805461269,3.35033945761652,2.99855078842405,4.0810956283386,6.163515250596,5.31790814839333,7.590056153826852,8.92464154497255,3.4597664651757087,1.551785640942733,0.1950254747669853,0.0,0.0,0.0,0.0,0.0,0.0,0.0,0.0,0.0,0.0,0.0,144.85028
C(C(C(=O)O)O)C(=O)O,152.35671000000002,0.0,0.0,0.0,0.0,0.0,0.0219323016171954,1.1919461742736657,1.8443252489705175,1.25109265040216,2.25571596097481,2.885085704839849,1.4930840778608625,0.5594371627516577,0.877174668709954,2.3734918849275672,2.32699265814988,2.75857961552863,5.07629498859534,5.53239547429847,6.09544191938442,7.66307998627072,7.51223924852475,7.871461790598269,5.53234899236751,5.0059997876767,3.59187684829617,5.866313877564169,9.002067828657928,6.75225812454083,5.11837609043477,4.144010960171621,7.00534978232671,8.53412252471734,8.5070101042034,7.63886049620731,9.148571613862062,5.1657989177905055,1.129723735068564,0.6242487994356999,1.1244224546677284e-15,0.0,0.0,0.0,0.0,0.0,0.0,0.0,0.0,0.0,0.0,0.0,143.4925
COC1=CC=CC=C1O,158.85434000000004,0.0,0.0,0.0,0.0,0.0,0.0,0.0,0.2664752673581741,0.678508270986958,1.67263766602408,0.3207187956307943,0.3908141900177809,1.2247784244933584,0.31060360945233,1.7795935032898973,0.8226697320456037,0.735848396109523,1.15517503811261,3.09142657504158,9.87981161800216,13.7727495441007,12.3365134467693,10.9606359168965,9.46317752647873,9.2366531590656,6.16182833958807,7.890852183456339,5.6435761100688815,10.5088840727892,10.9247283356291,8.871526700688111,9.65493519925735,8.72636587094754,4.50025859332532,2.75087772012657,2.196728445152439,1.8032423802902076,1.1003708867724524,0.0213744820328005,3.788418750928378e-17,0.0,0.0,0.0,0.0,0.0,0.0,0.0,0.0,0.0,0.0,0.0,153.90776
CCCOCCO,161.16806000000005,0.0,0.0,0.0,0.0,0.0,0.0,0.0,0.0,0.0044427372778893,0.427367262722111,1.4282718109901282,0.7111381890098732,0.6562723667511701,0.695387556091894,1.4011716457729888,0.7577579666202271,0.702788921330487,1.06020502993479,1.41085878532968,1.42011413913563,5.14267449588327,14.0172836216141,23.1125294896598,20.8908031317119,18.1630919684688,15.0218170934556,12.3216918134729,9.428070243756329,4.06954889295699,2.30804727606832,1.8932157237629703,1.53685158727553,1.02307067278433,1.79312655648302,3.11061511945729,4.528841108005676,2.685358170512969,2.419347970214231,4.249711063940986,2.2711861346484334,0.505401454899732,0.0,0.0,0.0,0.0,0.0,0.0,0.0,0.0,0.0,0.0,146.70093
CCCCOCCOCCO,233.7570500000001,0.0,0.0,0.0,0.0,0.0,0.0,0.0,0.0,0.011063904387774,0.469566349790648,1.3866285873338484,0.6843311584877282,0.9268997031788404,0.488929211385616,1.531583109568408,0.6523779758671365,0.744901219614124,1.23619126079107,1.3262728901099,1.92008476830562,8.12355407825097,22.7723517107737,33.6817440519681,30.7396588092134,29.610040128490997,20.6428674249437,16.3854833756896,14.689502364660497,5.90284400587078,3.97433604375678,2.384666746068201,1.72915838272387,1.75818606369549,3.20524425291039,6.48252904054496,5.6176280918547565,3.4873582447753932,4.389800590287697,4.2531715294171,2.1577597174629637,0.390335207820048,0.0,0.0,0.0,0.0,0.0,0.0,0.0,0.0,0.0,0.0,222.9848
C1=CC(=CC(=C1)Cl)N,154.98452999999998,0.0,0.0,0.0,0.0,0.0,0.0,0.0,0.0,0.0,0.0,0.3882294354167103,2.3529218452358664,2.42597846923037,2.2121950102244,2.33380702292816,2.5327693975878693,3.38486670422745,3.01793975320057,4.94481861691031,7.2012530642787,7.13540822764551,5.9953872897946,6.7546012019535,6.229808666123839,4.2564510045319,5.79289843677294,8.01832327632047,6.125492176447183,13.1612984587218,18.862122741709,24.183495141529196,9.85155633349873,5.71078883606959,1.30021628124862,0.776924109522794,0.0349784988698909,0.0,0.0,0.0,0.0,0.0,0.0,0.0,0.0,0.0,0.0,0.0,0.0,0.0,0.0,0.0,148.48022
C1=CC(=C(C=C1C(F)(F)F)[N+](=O)[O-])Cl,201.2716000000001,0.0,0.0,0.0,0.0,0.0,0.0,0.0,0.0,0.0,0.0,0.0,0.0,0.0,0.0,0.2638124700821795,3.4303076839357147,4.57190639952577,4.51213785117963,5.7955615014239,5.84963585062782,6.84730036415153,7.11227785052147,10.403692775341906,20.937122764295296,16.141999907211,12.1546090417243,20.561232059375296,32.75664434067869,17.6188045474473,5.77262882660468,5.70386685407275,8.19019369175997,4.39535441530098,2.49225098196521,2.53335091497985,2.8385569477946557,0.3883519600002036,1.3452775637917425e-15,0.0,0.0,0.0,0.0,0.0,0.0,0.0,0.0,0.0,0.0,0.0,0.0,0.0,206.66324
C1=CC(=C(C=C1N=C=O)Cl)Cl,192.03875,0.0,0.0,0.0,0.0,0.0,0.0,0.0,0.0,0.0,0.0,0.0,0.0,0.0,0.0,0.0,0.1484582498102417,3.04674077768286,5.63479150807841,4.99787691260975,4.88121203923062,7.35316133672817,8.98773136123343,11.4709129429043,8.994703834503571,15.028609703076402,21.6241910808701,25.5083580461229,23.7452973162222,21.3397727667993,14.7023652906841,4.389602366833179,9.85179394530523,0.333170521305234,0.0,0.0,0.0,0.0,0.0,0.0,0.0,0.0,0.0,0.0,0.0,0.0,0.0,0.0,0.0,0.0,0.0,0.0,190.88496
C1=CC(=CC(=C1)[N+](=O)[O-])C(F)(F)F,187.38277,0.0,0.0,0.0,0.0,0.0,0.0,0.0,0.0,0.0,0.0,0.0,0.0,0.0,0.0,0.0,0.0899615017838688,2.71915644653242,7.52280232865749,8.79702800818757,6.65187505280939,6.76804080633905,7.57413936922871,8.461210198535964,17.1141670626616,17.5372470063111,13.2979203574701,15.6809077740581,22.8680843081188,21.304932428454,2.9208167063216,6.721305893380166,8.2382603517984,4.61102597771816,2.50941228581718,2.68311321265696,2.9015718141303855,0.4097911090290015,1.411719994784323e-15,0.0,0.0,0.0,0.0,0.0,0.0,0.0,0.0,0.0,0.0,0.0,0.0,0.0,187.23938
C(=O)C(Cl)(Cl)Cl,137.60577,0.0,0.0,0.0,0.0,0.0,0.0,0.0,0.0,0.0,0.0,0.0,0.0,0.0,0.0,0.4825134954017541,2.9242367015517057,1.35063160166113,2.034062500957,1.95156474314423,3.68786404849127,8.7828327734197,1.94371746876938,9.714519119834252,14.696216593014496,4.542712725111672,12.9221093705595,23.430493317436895,24.264136823395297,7.03595388006683,1.66424223134296,2.3597388967965194,2.72347355770436,4.64544584584262,3.85869545006223,2.33756351828651,0.2530453371497065,0.0,0.0,0.0,0.0,0.0,0.0,0.0,0.0,0.0,0.0,0.0,0.0,0.0,0.0,0.0,131.97255
C(=O)(C(Cl)(Cl)Cl)O,144.44788,0.0,0.0,0.0,0.0,0.0,0.0,0.0,0.3137136393944159,0.784970903640025,0.817549831371906,0.5780432136423584,0.6456931303694979,0.3454718552246815,0.291479251488298,0.5166013394936747,0.8208972407864874,0.824800239439115,1.06932910632214,2.98582382774712,9.41217315527111,5.34198666182693,4.58066624160679,12.441567947733198,7.033515204254949,4.1729495138412025,17.6573544528349,22.487524842052,18.857715359056293,3.43524388173585,3.68249741882137,5.579995826414638,4.38188722997067,3.30240085297956,6.14025906763144,4.56120562693531,1.3511010931084777,0.033462045005604,1.1918161417548944e-16,0.0,0.0,0.0,0.0,0.0,0.0,0.0,0.0,0.0,0.0,0.0,0.0,0.0,140.98612
C(C=O)Cl,103.21575,0.0,0.0,0.0,0.0,0.0,0.0,0.0,0.0,0.0,0.0,0.0,0.0,0.0,0.0,0.1870639971704686,2.8074764067333553,4.19484806832374,6.53538434769904,6.87394916693141,4.86054997149655,4.58624152145125,3.79427988906955,4.320990970514001,5.763670317675509,3.4577036338688605,5.22901850362352,5.43575447149524,2.2197837435248724,6.9470149955572,10.0408296645713,8.601001861792941,1.96930111214895,2.10513495739829,3.24245108641151,4.59358168909906,3.132983746014698,1.978247106343454,0.3384887710852127,6.006155492656116e-16,0.0,0.0,0.0,0.0,0.0,0.0,0.0,0.0,0.0,0.0,0.0,0.0,87.06482
C(=O)C(Cl)Cl,120.81807000000008,0.0,0.0,0.0,0.0,0.0,0.0,0.0,0.0,0.0,0.0,0.0,0.2024812948387266,2.453047486234136,3.14923034007392,2.015973337991782,3.215962446084408,4.89958602322158,1.80008609924923,2.1108243724567,1.8562932438521,2.24315857094125,5.62134770672443,5.955901637959449,3.6064892394816623,9.21703082896129,6.826069114687,3.377246801704601,14.5003810280501,14.3299061874976,13.6848668616532,2.01143656921635,3.25283850178524,4.15996333137612,3.92361002551012,3.51058365214093,2.6915856180344555,0.2021696802737083,6.917183566339226e-16,0.0,0.0,0.0,0.0,0.0,0.0,0.0,0.0,0.0,0.0,0.0,0.0,0.0,109.44996
C1=CC(=C(C=C1[N+](=O)[O-])[N+](=O)[O-])Cl,193.11415999999997,0.0,0.0,0.0,0.0,0.0,0.0,0.0,0.0,0.0,0.0,0.0,0.0,0.0,0.0,0.0579034815520163,2.5676214804201254,6.55876977016495,5.95029339543906,6.3409432108394,7.5899510935573,10.235316782963,12.5819604543742,20.921831970760795,14.134629151433598,8.85470163419448,8.89660791983603,11.9561531749051,9.527123901314829,5.57764224872062,8.45307029149913,17.970334777754992,14.4250145254956,6.35823271848393,5.86660874195693,5.69916124565274,2.476411716266646,0.1138763124144786,3.9086781185433794e-16,0.0,0.0,0.0,0.0,0.0,0.0,0.0,0.0,0.0,0.0,0.0,0.0,0.0,194.37682
CN(C)C1=CC=C(C=C1)C=O,192.99731999999997,0.0,0.0,0.0,0.0,0.0,0.0,0.0,0.0,0.0,0.0,0.0,0.0,0.0,0.0,0.0,0.0,0.027342284153272,2.25949264866369,7.30110630285461,15.6373185643706,21.1059531508892,18.0902714671016,13.492701389824402,17.603968086705198,13.091840384153098,8.40882505757763,8.15506682028878,6.961947200560942,12.9592441473602,10.4232475125468,10.6862631995714,6.1353028802321,1.15712977220462,1.11252821216422,1.14574581131603,3.4163251931342375,1.8679446138727327,5.506248734601908,3.9001408577482928,1.9128324823829836,0.634544958997817,0.0039882667235756,0.0,0.0,0.0,0.0,0.0,0.0,0.0,0.0,0.0,195.01619
CCOC(=O)Cl,134.15541000000002,0.0,0.0,0.0,0.0,0.0,0.0,0.0,0.0,0.0,0.0,0.0,0.0,0.0,0.0,0.0,0.0,0.0,0.419581339538475,4.98986946114139,6.89788547994983,12.092299160153,14.0486518720774,11.112775223763798,8.005203946465812,10.3735049714403,8.97132339640993,5.576934674113951,9.76905009965356,9.40547074134906,8.31355877756521,5.821606010163462,3.85051642217406,3.86659668672982,6.49485290137873,3.2654789283183,0.8802499076139144,0.0,0.0,0.0,0.0,0.0,0.0,0.0,0.0,0.0,0.0,0.0,0.0,0.0,0.0,0.0,119.67351
COCC(=O)O,124.59265999999998,0.0,0.0,0.0,0.0,0.0,0.0,0.0026314136092066,1.0470609377712163,0.736427648619573,0.464770639142111,1.4654350173668085,1.43553593314106,0.4301412682624088,0.149171285011368,0.3723132800218326,1.027893550545239,0.965096154864305,1.45905930297559,5.98266786558701,6.49937663064611,10.377550402636,12.3604542696551,9.62981618636068,11.5304830936913,6.678435057885309,3.18344666312159,2.0641383419128703,3.7575574708402306,4.65685615490479,3.75725111962669,2.216095986465591,1.60333958122752,5.20381546959036,4.28277674250659,3.29932580994813,6.505762032253746,4.426495844289894,2.7196799401898057,2.67287627899204,1.6289226263379015,0.0,0.0,0.0,0.0,0.0,0.0,0.0,0.0,0.0,0.0,0.0,108.26393
COC(=O)Cl,113.94446999999997,0.0,0.0,0.0,0.0,0.0,0.0,0.0,0.0,0.0,0.0,0.0,0.0,0.0,0.0,0.0,0.0,0.305053298364166,3.87409392399887,7.40938911325696,5.50693330386567,8.49627683917064,11.5589435027951,6.418178150060309,5.1611876623745,5.53430003827389,4.03263853102692,6.444895010031699,9.84940691681257,8.89441390784461,7.72590484198073,5.450751250255942,3.69299605663092,3.49527548774665,6.52740997824588,2.97811200727796,0.588310179985992,0.0,0.0,0.0,0.0,0.0,0.0,0.0,0.0,0.0,0.0,0.0,0.0,0.0,0.0,0.0,98.59805
C1(=C(SC(=C1Cl)Cl)Cl)Cl,186.84682000000015,0.0,0.0,0.0,0.0,0.0,0.0,0.0,0.0,0.0,0.0,0.0,0.0,0.0,0.0,0.0,0.0,0.0,0.0,0.662027978439729,2.45866102152832,9.71105620661718,7.50454498618098,8.696196928217953,16.4991654588347,17.828370240532603,33.822189807753,31.7581866933743,31.163029544897896,24.451434500489,2.29195663313448,2.1715953169439687e-15,0.0,0.0,0.0,0.0,0.0,0.0,0.0,0.0,0.0,0.0,0.0,0.0,0.0,0.0,0.0,0.0,0.0,0.0,0.0,0.0,192.3821
C1=CC(=C(C=C1N)Cl)Cl,171.21383,0.0,0.0,0.0,0.0,0.0,0.0,0.0,0.0,0.0,0.0,0.7869068510754167,2.951271137991356,2.151015533395871,2.39367924426142,2.2006818003002406,3.172520787167858,4.00244104603356,4.2871961202989,5.40376213973791,5.32995896105532,4.09964483849083,5.3788009711069,7.1892456082372895,4.844218255109309,3.202192615352911,9.9257992962599,9.71234460952215,11.487302469138704,23.7423957638075,30.6901700319088,20.922118844495103,4.81340221942524,1.13316240573063,0.993027197345237,0.400571252751634,0.0,0.0,0.0,0.0,0.0,0.0,0.0,0.0,0.0,0.0,0.0,0.0,0.0,0.0,0.0,0.0,169.66103
C1=CC(=C(C=C1[N+](=O)[O-])Cl)Cl,185.0183600000001,0.0,0.0,0.0,0.0,0.0,0.0,0.0,0.0,0.0,0.0,0.0,0.0,0.0,0.0,0.0,1.5996881278920974,5.46944351413057,4.17434911705612,5.14162881025012,5.02195711237897,6.38814558851231,10.3661566072925,5.340532569077086,20.4956573490649,24.418762441357895,13.9344360945261,12.3430525845298,22.056688327150795,14.7270416243496,5.21606203626169,6.349152887797409,7.63451441423639,5.28761053563609,2.27626021584263,2.53271682263029,3.0667771988008767,1.177726021225806,4.025905164073425e-15,0.0,0.0,0.0,0.0,0.0,0.0,0.0,0.0,0.0,0.0,0.0,0.0,0.0,185.28502
C1=CC=C(C(=C1)[N+](=O)[O-])Cl,164.92140999999998,0.0,0.0,0.0,0.0,0.0,0.0,0.0,0.0,0.0,0.0,0.0,0.0,0.0,0.0,0.0,0.0144658137472943,2.419259922349,9.47099007566561,8.74748441738466,8.08604669021607,6.3994728701725,8.011731682796,8.21792813200572,7.269824648686504,15.144826389083,12.7730665713563,13.773151664894,17.742151384093898,11.1123507472482,4.39269753285696,5.777450368049279,7.55311513108179,7.08747016928351,3.64536265680947,2.23338340983088,2.8954926875171587,2.0064781259656534,0.1472089089065275,2.5963754835840635e-16,0.0,0.0,0.0,0.0,0.0,0.0,0.0,0.0,0.0,0.0,0.0,0.0,161.87349
C1=CC(=CC=C1[N+](=O)[O-])Cl,168.15071000000017,0.0,0.0,0.0,0.0,0.0,0.0,0.0,0.0,0.0,0.0,0.0,0.0,0.0,0.0,0.0,0.4070565603383583,6.24088876212527,8.33918520447665,5.05884144885136,6.73534695258889,4.83830351917388,8.2627602700423,8.746914753799029,6.319899526649675,17.8466289630004,17.3507349185642,18.1389121733158,13.29018678802,13.2297054350099,3.39000926972372,4.591769530429289,8.96304681524338,5.20916812696502,3.48215207003666,2.51716658825392,2.6404808622407896,2.3344045002928824,0.2171469608587924,3.700003459135853e-16,0.0,0.0,0.0,0.0,0.0,0.0,0.0,0.0,0.0,0.0,0.0,0.0,163.56191
CCOP(=O)(OCC)OCC,218.91905000000003,0.0,0.0,0.0,0.0,0.0,0.0,0.0,0.0,0.0,0.0,0.0,0.0,0.0,0.0,0.0,0.0,0.0,0.0,0.181156042835087,5.65568921927426,21.6003149704228,28.5343638046701,30.232541669164796,22.7415572432651,20.1060234588578,24.7635758114093,12.760249029685305,4.79010020010291,4.03031202432067,3.54914087113285,4.05209006863155,6.4432789735891,4.78492258309272,3.31632771153554,5.67647164812347,3.3344207014664153,0.779591968616479,3.3759436598225108,5.834191858138375,2.290432321567496,0.0863541602753796,0.0,0.0,0.0,0.0,0.0,0.0,0.0,0.0,0.0,0.0,224.35016
COP(=O)(OC)OC,160.58376000000004,0.0,0.0,0.0,0.0,0.0,0.0,0.0,0.0,0.0,0.0,0.0,0.0,0.0,0.0,0.0,0.0,0.0,0.649884863340837,6.84283046678229,16.4203659526658,15.7318566957572,16.1335903640206,24.06207955097399,11.4662062034366,7.71734067782238,5.87318856954952,3.94621616565404,5.745118298765648,1.95061502521886,4.08784087356116,3.6037963179982406,3.87227286851774,4.5794952788766,4.64565467388932,9.84538149714701,3.460907067823704,0.2022082461078677,3.878443176491557,5.548077527882147,0.3203896377168979,0.0,0.0,0.0,0.0,0.0,0.0,0.0,0.0,0.0,0.0,0.0,154.61758
NO,62.75217999999999,0.0,0.0,0.0,0.0,0.0,0.0,0.0,0.0,0.0,0.387329105662377,1.044578410342969,1.05591663979294,0.4131645589444231,2.33349378139763,4.1000871657069675,3.7905124666228103,4.1888871039256,3.24239151202649,1.78876439210102,0.897946778081099,2.12601439551481,2.52661168673829,0.3832106811934301,0.7675187666584634,1.80970926987309,1.27360687582479,0.5734812433426922,1.2342358376753906,2.88357678919177,2.48822571274301,3.646440878876579,1.47492851750108,1.19798592189803,0.676282289413277,2.57769631445207,2.3468526153899507,2.7577369899472126,3.5678066215130473,2.4529421813328716,0.9856050378988404,0.397339458416975,0.620063867437992,0.741236132562009,0.0,0.0,0.0,0.0,0.0,0.0,0.0,0.0,43.34808
C1CCC(=NO)CC1,152.66231,0.0,0.0,0.0,0.0,0.0,0.0,0.0,0.0,0.336814474074541,0.907187445825916,1.1066522244594696,0.7897758556400696,0.6494749662432162,0.70984132746018,1.268672101347819,0.5914293746426161,0.35745832929683,0.812042560453207,0.251597735385243,0.788641124992489,3.96205380484289,11.4782897763586,22.6006432139435,21.5709263561231,18.2904310539536,16.7747144461948,11.1661083774371,6.456071917801808,1.83498879492979,2.68091977721322,1.920200980257991,1.36226781765902,2.58902188058914,4.81624143075479,5.53496356629999,3.6670787139154686,2.7884776878111475,2.0104935250339526,0.829055640404258,1.4833603439323788,0.276413374721847,0.0,0.0,0.0,0.0,0.0,0.0,0.0,0.0,0.0,0.0,149.32738
CC(=O)C(=O)O,116.00342,0.0,0.0,0.0,0.0,0.0,0.0659609382638431,1.212454898471496,0.5952847033949291,0.726831808948246,1.70367299042753,1.163353801091541,0.2440808594024115,0.1524402030813411,0.593547109477418,1.4907455682657784,0.372236967898051,1.43131236990371,5.85714569891072,4.63394344779967,6.87022427287362,7.09698848484216,6.97042647383093,8.23410504446578,8.119966556200739,4.2169279518825,2.79454500442209,3.26764282957341,2.6970160492384205,3.86890403046754,2.10784389590234,4.739552612605959,4.1440753724508,2.89066371034728,5.43586772993364,9.18189754994832,5.987760715522426,3.378174613718686,2.2345423090006338,1.4575462502059913,0.0657371772300475,0.0,0.0,0.0,0.0,0.0,0.0,0.0,0.0,0.0,0.0,0.0,101.63589
C(OCCl)Cl,126.59360999999991,0.0,0.0,0.0,0.0,0.0,0.0,0.0,0.0,0.0,0.0,0.0,0.0,0.0,0.0,0.0,2.118962333323746,6.53039247554468,5.52071168986149,5.31391315109058,6.99563399416739,6.04841795692203,2.92526244302048,2.198235037874902,5.282514286893931,7.404921798761989,4.90543095464445,10.133701283359798,9.502953203935558,6.28903477079655,18.5968325487236,15.4717685385555,8.67505265868448,1.31358070745384,1.36629016638493,0.0,0.0,0.0,0.0,0.0,0.0,0.0,0.0,0.0,0.0,0.0,0.0,0.0,0.0,0.0,0.0,0.0,116.11093
C(COCCC#N)C#N,180.81874,0.0,0.0,0.0,0.0,0.0,0.0,0.0,0.0,0.0,0.0,0.0,0.0,0.0,0.0,0.0,2.1335344400243663,9.47171647521412,9.67322619546531,14.5344175853473,19.7669931663377,15.331537183276,10.4063870342561,8.42886916555032,6.740138427945168,3.32436923983486,3.27113235689957,6.009267783237249,5.740500490282948,2.36010871784396,3.25450613110353,4.142576816964839,6.60718716781771,6.50226649463238,8.74665149437422,10.1726878038394,10.909052002279596,8.631296614226896,4.439529399132475,0.2207878141139863,3.958508057587782e-16,0.0,0.0,0.0,0.0,0.0,0.0,0.0,0.0,0.0,0.0,0.0,167.48845
C(CN)CO,122.96855,0.0,0.0,0.0,0.0,0.0,0.0,0.0,0.0,0.0,0.195272605122539,0.5457320290246435,1.670364051970408,0.1822528009296976,0.819027366538539,0.8765393123473398,3.268266621290546,3.74238750422865,2.37707938226284,3.82298942313754,3.88252348963217,5.64822079551937,12.2632634952039,13.026675585461,14.174307090958498,10.8918329953839,6.30976805373591,3.96905250321066,2.62733139243184,2.72084330244715,3.81699798301388,1.2370792254647325,1.96653583251085,1.12020383909396,1.38894347186465,1.83331904609491,2.3781344782227793,2.117354345700728,1.549729192405862,2.407499529165809,4.038990423318958,2.45523143847065,0.529994057897334,0.43162360936851,0.8318409028373376,0.4125415183080635,0.921714548408596,0.4240886420259607,0.0929981149893001,0.0,0.0,0.0,107.69596
CC(CN)O,121.07716999999998,0.0,0.0,0.0,0.0,0.0,0.0,0.0,0.0,0.0,0.0568232732484467,0.3634802563039024,1.2480116646280983,0.7262648058195469,0.583633384024567,0.9836767354231252,1.991949759221688,2.46206930205024,2.03360718612867,3.69488270078849,3.59460007787479,8.53146075834579,14.513855118482,12.7074083149332,9.81298963075478,8.33604558828701,7.8706593632987,8.61025320495249,4.0403602768237095,2.5520144307095,1.41002162132254,1.3969905515052,2.39318663543439,1.42268198985685,0.803032014582105,2.75855669126308,2.3621846889756988,1.5399486838520289,1.1764562307163913,2.346128778157358,2.7205844036792497,1.81071918378141,0.635229134324618,0.493409711134375,1.224866250529698,0.647199289546748,0.4547922065764976,0.7043715145397561,0.0627645881232438,0.0,0.0,0.0,108.75941
COC(=O)CCl,132.69182999999992,0.0,0.0,0.0,0.0,0.0,0.0,0.0,0.0,0.0,0.0,0.0,0.0,0.0,0.0,0.2871673475847485,3.2554435140812545,4.17406850964096,3.37860649326872,6.42696026317448,11.0981934807529,8.12784028384839,9.08267894971462,10.280442945958098,7.390325029331549,4.92377777564501,4.17120625985591,5.975808502689419,4.978083276770449,2.23971387580636,8.82092285999145,9.07438946286509,8.65818231732298,4.27189893481902,4.38317070519995,1.84383594308108,4.826634031305259,4.1910906130186385,0.8313886242736036,1.4390472718296442e-15,0.0,0.0,0.0,0.0,0.0,0.0,0.0,0.0,0.0,0.0,0.0,0.0,119.36303
CCSC(=O)C,144.64672000000016,0.0,0.0,0.0,0.0,0.0,0.0,0.0,0.0,0.0,0.0,0.0,0.0,0.0,0.0,0.0,0.0,0.0,0.5552694574541,3.59992088166978,6.83878426771419,12.5445173631492,12.7022751403711,14.405476746376802,17.447487729485395,12.9382481836395,11.3760238708191,9.97766501194909,6.18025804638582,5.5490893822175,4.52112320252815,4.30508329455507,3.94577499765361,2.82767428120208,1.78443799326432,2.58046364383579,3.0212229342720938,5.101992520788679,2.1120629988103308,0.331868051858452,5.904714379024368e-16,0.0,0.0,0.0,0.0,0.0,0.0,0.0,0.0,0.0,0.0,0.0,134.78844
CC(=O)CC(=O)NC1=CC=CC=C1,220.11277999999976,0.0,0.0,0.0,0.0,0.0,0.0,0.0,0.0,0.358668509250639,0.930730065544613,1.1085070849142298,1.1761469468165695,1.3383038775709295,0.330887619139415,1.3000311202573485,5.748006425204023,5.93443130410631,5.11408924898588,7.05798482051043,17.505572277588,16.5188569088476,15.564437283066,12.1548539208055,10.070257277936404,12.1863275093889,9.95501129738434,6.839354583854031,10.7082535987901,10.6598426443894,8.84134365047951,12.985510999186095,8.84954579435219,6.55703703931064,3.9065086693527,1.5999809230611,3.5604196917531636,5.731759677934039,5.365604324993871,4.404978178580942,3.0336521966789123,1.88508826272465,0.83079626724129,0.0,0.0,0.0,0.0,0.0,0.0,0.0,0.0,0.0,220.28118
C1=COC=N1,97.94869000000004,0.0,0.0,0.0,0.0,0.0,0.0,0.0,0.0,0.0,0.0,0.0,0.0,0.0,0.0369684484651497,2.0621507217589063,4.900803182612365,4.50291273304184,4.31348079725521,3.99340215457979,3.15478513465749,4.04921896947457,3.24689294665347,3.8774801558267606,4.53342474348574,5.17231286753074,5.56459503812354,6.52919571141943,7.43227238431883,6.70804699194424,8.00771932552025,3.039220441916105,3.3046712992378,2.59632225064364,1.11802219939636,1.52806635668724,2.0594594597817384,1.0005461823184112,1.2920212048347488,1.5081726428136797,0.9647951466285608,1.27439200529082,0.177338503782591,0.0,0.0,0.0,0.0,0.0,0.0,0.0,0.0,0.0,83.04567
CC(=O)NC1=CC=CC=C1,177.56211999999994,0.0,0.0,0.0,0.0,0.0,0.0,0.0,0.0,0.211188985775122,0.78450021536502,1.2001299541654893,1.3957376214261896,0.8760238159187549,0.382842807697126,1.3839155690853782,1.6133347949889796,1.40518138075562,2.42709914394231,4.40003632991438,13.2872281714127,12.3200496506286,13.1740767558206,11.873835517963,12.0335637335142,11.5316266730588,9.2275576312791,6.8348834629331,10.0971563378014,10.2093262663529,8.63026087891198,12.157942201598395,9.10609009474606,4.09528323127272,2.26791776277598,2.56529173022216,0.9520191933882596,2.460441823555432,3.1177496300784178,2.8221146348064603,1.8923354185234715,0.792380398351615,0.0329981819702178,0.0,0.0,0.0,0.0,0.0,0.0,0.0,0.0,0.0,171.88744
C1=CC2=C(C(=C1)O)N=CC=C2,172.22780999999983,0.0,0.0,0.0,0.0,0.0,0.0,0.0,0.0,0.0,0.0,0.0,0.0,0.0,0.27773211767731,0.7443549191370902,0.3975870518915516,1.02330876822187,3.59426608000782,12.0195599681136,14.9283354090711,10.9685648031823,8.16758408880723,6.47372864217174,7.18809997482066,7.29813647962536,7.69831712263368,12.8009880099635,19.8018534000076,17.3521142730242,12.5333374201777,9.785000953000102,5.80113742277879,3.51460066983507,3.01268194192882,3.06839565771106,2.6473715244208273,1.130753301790856,3.854917970018409e-15,0.0,0.0,0.0,0.0,0.0,0.0,0.0,0.0,0.0,0.0,0.0,0.0,0.0,171.76661
CC(C#N)O,112.42499999999995,0.0,0.0,0.0,0.0,0.0,0.0,0.0,0.6277966764498638,0.779692382260128,1.21721902133665,0.5507719199533581,0.4083822519929073,1.507248076290578,1.11802995494417,0.3423217249572143,2.839596372996956,3.91110061801087,2.89447877377673,4.26103023648294,7.34050530294996,7.63400357724704,5.46381773694849,6.699501302983809,5.269668565061191,7.2838680173754895,3.49263136895124,3.53622950901799,3.182117812236819,1.89541200470944,3.15537267526402,2.4645683974750305,3.28439090582571,4.82069222538997,5.59160656040556,6.54760798665642,5.8289099840664695,5.365643335004052,3.032779377360938,0.0780053456179653,1.3342557729078515e-16,0.0,0.0,0.0,0.0,0.0,0.0,0.0,0.0,0.0,0.0,0.0,96.7995
C(CCN)C[C@@H](C(=O)O)N,192.4329299999999,0.0,0.0,0.0,0.0,0.0,0.0,0.0,0.7021753859226536,1.06431461407735,0.140687440069792,1.5053222102645676,1.3321922370634105,0.730196727654101,0.828461118400201,1.7045388422145384,3.679502928675777,6.19742484378539,4.85174101330928,5.22462347022956,6.80650085698584,5.5792984493468,7.57644012509107,18.1575612551052,20.2596853646245,18.8705436937729,13.3715697161907,11.4275336324017,6.503724992526859,4.82042151564223,6.28859836488037,5.9853147371921,4.21757201356222,4.46427485883638,5.49775293432389,3.66306103883875,3.302200054689185,6.34119222121915,3.4316689084041796,2.3290910378565517,1.4626294718805315,1.33436365709215,0.953059978626966,0.581992944541673,0.7151021598693613,0.5305951848320457,1.8732058179421513e-15,0.0,0.0,0.0,0.0,0.0,194.08824
COS(=O)(=O)OC,138.04208999999997,0.0,0.0,0.0,0.0,0.0,0.0,0.0,0.0,0.0,0.0,0.0,0.0,0.0,0.0,0.0,0.0,0.154461328481073,3.81946382711795,10.4739284141353,11.7656977104985,12.2669403133879,15.5427329037425,9.267951665962007,4.903624693203399,3.85810954456319,4.60375574397004,3.66290345828587,3.3740101722256406,4.87381900130398,6.82525136348364,5.649064786970561,9.42497200551827,16.7464727820184,10.6067849917517,0.222145293380027,0.0,0.0,0.0,0.0,0.0,0.0,0.0,0.0,0.0,0.0,0.0,0.0,0.0,0.0,0.0,0.0,129.31511
CCOS(=O)(=O)OCC,177.89822999999996,0.0,0.0,0.0,0.0,0.0,0.0,0.0,0.0,0.0,0.0,0.0,0.0,0.0,0.0,0.0,0.0,0.208136535783747,3.04332452074158,4.9254907135028,11.8227361232353,18.7850690794233,18.2780153746377,18.1085150171628,11.427500149357,12.4447098467643,12.5222243569216,4.440745306715662,3.1319147633571203,4.04329081077806,7.44092916854913,4.995561299720753,9.12520935575165,13.8710394687285,15.5473885061925,3.73642960267647,0.0,0.0,0.0,0.0,0.0,0.0,0.0,0.0,0.0,0.0,0.0,0.0,0.0,0.0,0.0,0.0,169.90265
C(CC(=O)O)[C@@H](C(=O)O)N,176.4577299999999,0.0,0.0,0.0,0.0,0.0,0.0,0.0,1.079449160324066,2.33914132202948,0.265248147951403,2.7192224577532462,2.78181685999117,1.7203867257022418,0.483512331780313,1.6928590157624277,2.740002662913088,4.48117410297917,4.1855985979081,7.05531981925719,8.81280255043293,9.87396252727416,10.3734575964996,10.9218027592431,11.8071923910909,8.78500468470621,5.04546709589181,4.2373814139174,5.592003850898221,7.41807344293667,6.6929076893674,6.26359592315037,3.23878435760762,7.77193798515927,8.60270479009987,5.31625637423734,10.934040754995896,8.550496067904499,2.573274953279571,0.936529156955218,0.4925205135256518,0.534394931780082,0.139406984694216,0.0,0.0,0.0,0.0,0.0,0.0,0.0,0.0,0.0,172.0007
C(CCC(=O)O)CCO,181.96551000000005,0.0,0.0,0.0,0.0,0.0,0.0,0.0,0.2091394872215173,1.27811524162186,0.424538522516875,1.2971056548476785,3.470036489081876,1.7574854893362428,0.760495199609158,1.0210710537375995,1.4260207189094694,2.08375438931033,1.48667286540761,2.28504044074526,5.71390814600121,5.13361941938169,10.1714439481064,25.6145614906123,25.211218165830697,19.643518963795596,9.60355926479102,7.362191950536681,3.9710134854809502,5.71270424912559,4.13451832864611,4.11603493997676,3.35010926444945,2.87039668458545,5.82121934168814,3.09234405947653,6.4626114588821615,7.720499047818993,2.823732520892897,2.1947044892412513,2.661054444245909,1.08107078408881,0.0,0.0,0.0,0.0,0.0,0.0,0.0,0.0,0.0,0.0,173.3691
C(C(=O)O)C(CC(=O)O)(C(=O)O)O,193.07537,0.0,0.0,0.0,0.0,0.0,0.0,0.4135480686277465,3.915506854317848,1.08586747669029,2.68614878013213,4.570093491909977,3.490320034949392,0.6986752933726077,0.669055835447098,1.5630071581159584,4.107578478991526,6.29719723343378,9.1799613317412,7.73899369832251,6.53717698257375,6.35749973041936,8.2759442009104,8.949153028110679,6.7844323590702595,5.325392512867159,2.43484019541328,4.475181820874179,9.014602941868391,11.5868222164578,7.95123762030813,4.220960299309653,9.39508845308659,10.8278634258983,9.0782946272059,11.228360344279,16.496945569617182,6.562679557218192,1.1569403784597188,1.938323257365321e-15,0.0,0.0,0.0,0.0,0.0,0.0,0.0,0.0,0.0,0.0,0.0,0.0,202.593
CC(C(=O)O)O,121.39373000000003,0.0,0.0,0.0,0.0,0.0,0.0,0.0054215458375623,1.2825561223860755,0.702897911465271,1.02723819738275,3.475835399477635,1.6009900706767932,1.017802312622591,1.48003968919037,1.45649918211113,1.7029681980124896,1.99722926077805,1.94669790468864,1.79582074046746,6.23926731552262,7.82534301072717,5.45488936469315,7.9306668756202,7.277793580994719,5.67145138500124,7.06729325875418,3.997891706235131,5.191124779222539,3.95945097136233,4.10666837678018,1.7694076433255517,2.0629953023322,6.33762727438597,4.42729616702198,5.22316944849902,8.681608002763205,5.154819066949091,2.590957008148579,0.932012926564157,1.6194377577884633e-15,0.0,0.0,0.0,0.0,0.0,0.0,0.0,0.0,0.0,0.0,0.0,107.94735
C(C(C(=O)O)O)(C(=O)O)O,158.37632000000002,0.0,0.0,0.0,0.0,0.0,0.181041675412007,2.5145107165123015,1.0590428965996248,1.72437182623476,3.18487176857087,2.529452362405021,0.3085087542654089,0.5619100348856165,2.24952512746916,4.377376048961176,1.593877969474135,4.58362855111472,5.50908409909535,4.40138785897171,6.8174710397263,4.84415644079996,5.3515839332776,6.305886140169069,3.4103940929937395,2.397062468530061,4.23084252547008,9.81920983750154,10.0538367418755,8.53553953057125,4.34389930444781,6.360303572434298,12.0969418863091,6.80373503626952,9.96057178126069,9.82109012617892,8.372461218894129,2.145003728324338,1.6779148540349915,0.2498260509592433,4.233195614671515e-16,0.0,0.0,0.0,0.0,0.0,0.0,0.0,0.0,0.0,0.0,0.0,154.99467
CCCCC(C(=O)O)O,177.95094000000006,0.0,0.0,0.0,0.0,0.0,0.0,1.0585908738924863,0.766789126107511,0.483586933527908,1.50336662999176,1.51064447059668,0.349411965883655,0.0557671392976431,0.42015451652314,1.682891501870448,1.52912206428715,0.834254132189637,1.416257399465,3.03564521349723,2.27882782017967,4.5582562074724,8.10197721921128,18.5517797959241,21.1704826627804,20.098821563246,14.8537464248532,14.2968004994283,16.137008861814397,8.62695668447365,3.28014736473568,2.273196923548031,4.43612692318352,4.97412201346118,3.22346278945364,4.83173622286703,4.554955956026417,2.66030097740153,2.5444601213606304,0.9029643626382028,0.8620483801401031,0.0862782586704741,0.0,0.0,0.0,0.0,0.0,0.0,0.0,0.0,0.0,0.0,172.04832
CCOC(=O)C(C)O,161.59613,0.0,0.0,0.0,0.0,0.0,0.0,0.0,0.0,0.0,0.0,0.0,0.603663088275579,0.8121846225693486,0.323251504745085,0.6218057137243316,0.4818116215021473,1.15497269430211,1.01244768079974,2.38149897178553,7.07100976768986,14.8404930140619,16.9226531223474,17.4896339490741,18.329898222571195,12.6169640607864,15.163952786739,7.736790663933061,4.955435320354239,3.69561096249468,2.58976962417117,1.7421222339490106,3.17124677582225,2.73772556268287,3.69738760438453,2.77158474822575,4.202528117951064,6.559216481240492,4.360631866402978,2.565951542575553,0.983887674838605,0.0,0.0,0.0,0.0,0.0,0.0,0.0,0.0,0.0,0.0,0.0,152.09584
CCOCCOC(=O)C,186.49236999999997,0.0,0.0,0.0,0.0,0.0,0.0,0.0,0.0,0.0,0.0,0.0,0.0,0.0,0.0,0.0,0.0,0.0,0.461793839299929,3.43554277509549,7.20905568324758,14.0494078081245,23.2765870554222,22.2309535608683,25.677403376067797,20.632643506047497,10.6393765376311,11.1927997473183,5.172600037803079,3.62766908179741,3.40168265965063,2.7345253239404004,4.197607744055,3.01215341090549,3.57767747930854,5.12280292832954,3.2674980771864752,6.416190844281177,5.324937698686764,1.7965598503091458,0.0349009746236293,0.0,0.0,0.0,0.0,0.0,0.0,0.0,0.0,0.0,0.0,0.0,172.72275
CCOCCOCCOC(=O)C,239.43124,0.0,0.0,0.0,0.0,0.0,0.0,0.0,0.0,0.0,0.0,0.0,0.0,0.0,0.0,0.0,0.0,0.0,0.421044373824389,3.60962478920558,7.9143416045594,19.1508807598276,31.6913444068785,29.7926681003969,32.2490330375906,24.166470101046396,14.7864100838289,13.8925719353329,6.894374983018939,4.79077435895337,4.66817857286252,3.0739634755528114,4.44349993415497,3.8608995806003,6.07819080052089,7.03640687641916,5.080029069379446,8.42767325052869,5.22687196651594,2.175987939001775,3.931067475414327e-15,0.0,0.0,0.0,0.0,0.0,0.0,0.0,0.0,0.0,0.0,0.0,227.81141
CC(=O)CC(=O)OC,155.46003999999994,0.0,0.0,0.0,0.0,0.0,0.0,0.0,0.0,0.0,0.0,0.0,0.0,0.0,0.0,0.0,0.031594584798757,1.10733803471294,4.84746652492265,8.38510232405797,12.7280061247636,12.9058115336146,15.3213562210059,15.4994825170201,14.013736726120598,10.957360526828698,6.69216971359712,2.055036328453332,2.84208253129585,3.27646817521593,2.98824077270045,4.148305871204669,4.12813224946207,5.20533019239396,5.23116120096466,4.47584425564386,6.987325090835272,7.772041538430464,3.1588623327569056,0.7017846291996073,1.1660792107067684e-15,0.0,0.0,0.0,0.0,0.0,0.0,0.0,0.0,0.0,0.0,0.0,146.19453
CCOC(=O)CC(=O)C,176.57022000000006,0.0,0.0,0.0,0.0,0.0,0.0,0.0,0.0,0.0,0.0,0.0,0.0,0.0,0.0,0.0,0.0,1.95485934632984,6.51714654136864,9.53423136332811,8.85290519384203,16.8142477546895,18.4967867998172,15.8549126248289,15.8543019337217,11.4831977028865,12.2832878621864,6.712801633705631,2.68414807510091,2.37387001709442,2.26857691056425,2.5337034249499695,3.73892862311702,4.95912665596742,5.7788191211913,6.7932345841623,6.949650885551303,8.347514544000576,4.441321996399694,1.3426464051964653,2.3107825474902863e-15,0.0,0.0,0.0,0.0,0.0,0.0,0.0,0.0,0.0,0.0,0.0,168.3858
COC(=O)CC#N,138.1159199999999,0.0,0.0,0.0,0.0,0.0,0.0,0.0,0.0,0.0,0.0,0.0,0.0,0.0075894744121396,3.2089586695655,5.187836993129267,3.8020045073858624,2.52588372998395,4.28316758677952,9.4717928639899,8.75883675170632,7.2695163370365,8.27137173580039,11.513798487438896,5.042115812725249,3.00113195045577,3.38712287256008,5.37307649540211,3.40618397003229,3.53172020217902,4.18175293428122,3.507845106930501,4.83817961075733,6.03285706750333,6.78466509357301,9.28998446919172,9.882721531385153,4.353749190717739,1.2020565550771212,1.9997131623420244e-15,0.0,0.0,0.0,0.0,0.0,0.0,0.0,0.0,0.0,0.0,0.0,0.0,123.90069
CCOC(=O)CC#N,158.46093999999994,0.0,0.0,0.0,0.0,0.0,0.0,0.0,0.0,0.0,0.0,0.0,0.0,0.0,2.70865004404191,5.044247939149206,4.103204849367132,2.41817693863694,3.42931399667076,5.01506110650939,8.32397229495412,11.2050518637873,12.3716041939654,14.105561883226198,8.907912411853069,6.680937553804831,9.49909166324189,7.073627680736231,3.15732409198538,3.62274437155602,4.46890296978696,3.84612911816049,4.20510059662506,6.08022124325211,6.9857666324758,8.63050340354886,10.072024842757491,5.227333682106597,1.278474627800804,2.168547019328714e-15,0.0,0.0,0.0,0.0,0.0,0.0,0.0,0.0,0.0,0.0,0.0,0.0,144.92471
COCCC#N,135.10757999999984,0.0,0.0,0.0,0.0,0.0,0.0,0.0,0.0,0.0,0.0,0.0,0.0,0.0,0.0,0.0,0.4568197188649982,4.33178189350251,4.65828836421312,4.44915851922903,9.81558255149144,15.4305096121689,12.4658280181915,11.5647083530791,11.5650801120078,7.044390445877239,2.86902619633772,4.910996190540619,4.125071237983989,2.21338279873382,2.03992683444959,2.23770277388031,3.10988859445864,3.87995047506358,5.7926675461081,5.30508941786124,6.256383621919291,6.763718668252209,3.676008079364381,0.1456199764207099,2.4228977937389064e-16,0.0,0.0,0.0,0.0,0.0,0.0,0.0,0.0,0.0,0.0,0.0,119.25546
C1=CON=C1,98.25116,0.0,0.0,0.0,0.0,0.0,0.0,0.0,0.0,0.0,0.0,0.0,0.0,0.0,0.0601183206659091,1.820363275465677,4.621659303147405,5.49010994083007,5.00021227496051,4.02946413675593,4.57209055311897,3.66876400809992,3.74942887687655,4.23498315981148,3.6115279585586304,4.35286893753594,3.9203708201266,5.66016244603542,5.4953483549440705,7.48388306333785,5.25273866409312,2.439713499753552,4.04877739144331,6.24693187369817,3.09213699230338,1.98922366633683,2.265767970514468,0.9753624932001724,2.564089831438755,1.1613643104482425,0.4436978764990762,0.0,0.0,0.0,0.0,0.0,0.0,0.0,0.0,0.0,0.0,0.0,83.25995
CCS(=O)(=O)Cl,135.88385000000002,0.0,0.0,0.0,0.0,0.0,0.0,0.0,0.0,0.0,0.0,0.0,0.0,0.0,0.154543062637547,1.868831336476787,3.3970818038004875,3.36114074787295,3.58576735829445,4.07595211983706,7.48829278337405,9.34445112265369,7.39621442113839,7.79731562405656,6.4304405874571415,9.82193856454625,6.54321640037104,4.534551356573161,9.01123809765689,7.05860275568793,8.12789541838514,5.990596399445201,10.25561988702,13.4857383263868,5.80704216052077,0.34737966580773,0.0,0.0,0.0,0.0,0.0,0.0,0.0,0.0,0.0,0.0,0.0,0.0,0.0,0.0,0.0,0.0,129.02305
CC(C)(C)NC=O,149.60804999999996,0.0,0.0,0.0,0.0,0.0,0.0,0.0,0.0,0.0,0.0,0.0,0.5110995168587501,0.9296345833136112,0.46012446945012,1.550265382942628,1.155637313339681,0.605732863793306,0.411547493864668,2.68631953229046,4.60434437062194,12.8738357679589,18.3749157608035,17.684742173183697,12.403641157076,10.7670666843614,13.9637872819797,17.1756210144578,5.119757480753079,2.29398536728687,2.23503691743528,0.5224305051720686,0.415671695191519,1.16963812103044,1.86876245788302,1.13562312141768,0.8291219133082368,1.262266677268833,2.123106948988887,4.794720121495466,5.410596720997499,3.50940760175432,0.759608983720611,0.0,0.0,0.0,0.0,0.0,0.0,0.0,0.0,0.0,146.5897
CC(=O)NC,116.95703,0.0,0.0,0.0,0.0,0.0,0.0,0.0,0.0,0.0,0.0,0.4212335595822802,1.9542539091722573,0.4988966013888624,1.05298344844171,1.454203976812949,0.9988255277628818,0.630701148030506,1.02214866306897,2.22720537588286,5.3068056480668,9.96144368109939,13.7423941631269,8.5114909570281,9.506434179217912,13.3993428947038,9.35255069023053,4.283443051625292,3.6763742946219904,4.36156336779239,2.7091008133178,0.8517722906804416,0.88765466377368,0.939558582273573,0.460223408204974,0.302466460361946,2.1366464432213896,1.9821998555027909,2.1465373318374694,1.8277292892130304,6.646205226013242,2.58617236650316,1.0727165689775,0.0457515624626344,0.0,0.0,0.0,0.0,0.0,0.0,0.0,0.0,100.89541
C(CSCCO)O,163.23327999999995,0.0,0.0,0.0,0.0,0.0,0.0,0.0,0.0,0.0919519600606091,1.05756115785638,2.5450981183704773,1.8220450944706912,1.6224101238447004,0.911239410921418,2.5914197244897372,1.916108307857731,2.27444612852483,1.92446215818446,3.37107447654497,8.45849221514267,17.3200701923934,14.3455590599835,11.8657450290979,11.758762207175998,8.38675252677582,5.24672598914108,4.32048857215175,4.022069309951651,6.21243578405605,4.75798449788217,8.028150685558927,3.76842964078849,2.8117255744502,4.13522446624276,5.08918761535212,5.275386086662928,3.8855661868986817,4.265045061498749,4.37035116396051,4.0679968285208705,0.71331464518771,0.0,0.0,0.0,0.0,0.0,0.0,0.0,0.0,0.0,0.0,153.50193
,181.4813200000001,0.0,0.0,0.0,0.0,0.0,0.0,0.0,0.0,0.0,0.0,0.0,0.0,0.0,0.0,0.0,0.8856384922768864,3.68198379551437,2.51192695503982,5.95283463545299,8.63399324784276,18.4721197333662,21.0822060037063,14.086561540958298,11.9617889748676,11.7039469241744,8.13173338189728,9.23114601207948,6.833291768129911,8.75610310600518,7.60419388534866,5.936681846185961,6.15292878703415,5.4991846306697,7.78667191178037,6.19891469927126,6.168569116605104,2.651278538691256,1.557622013102154,2.700807555891529e-15,0.0,0.0,0.0,0.0,0.0,0.0,0.0,0.0,0.0,0.0,0.0,0.0,173.35302
C(CS)O,113.81864,0.0,0.0,0.0,0.0,0.0,0.0,0.0,0.0,0.082637202419028,0.575814716403173,1.215566326356969,1.0791102025389103,0.6354534835227278,0.432156646568571,1.1447025998872986,1.3264763150539298,2.62233387224332,2.81310026741365,5.20143680209035,6.3710000454379,9.4174328541576,8.86878471919228,6.179586439625979,5.034548407521961,6.6768135245257,5.12730430924424,4.5736669178067,4.34712465740534,4.34288109479104,4.96666487896518,3.5598758134223414,4.23074027191977,3.50113309351235,3.59422327612405,3.34586202308406,3.795563440741797,2.1287058623320196,1.9470810133702907,2.1341594598865097,2.06691902418337,0.479780438251589,0.0,0.0,0.0,0.0,0.0,0.0,0.0,0.0,0.0,0.0,99.8535
CCSCCO,152.38305999999994,0.0,0.0,0.0,0.0,0.0,0.0,0.0,0.0,0.0024998531733259,0.581083509899206,1.1010836173233691,1.1715400987736198,0.6607950398928258,0.506309229575637,0.8723795787770035,1.2459270642346294,0.887254139580329,1.55909440002343,1.11273335778717,4.06029023668038,11.6639390928436,17.8423636981326,15.3460985564325,13.458091838368302,16.5585876517238,8.67475459971254,8.93156343562976,3.84222061322335,3.49579082847833,5.03803328773751,4.70919883162213,5.25968395973387,2.63345981334798,3.03615615556876,3.11777554006487,4.337639025327608,3.0986931464582392,2.815782869887721,2.121385693172271,2.07387274830337,0.566978488509898,0.0,0.0,0.0,0.0,0.0,0.0,0.0,0.0,0.0,0.0,141.87743
C(CS)S,128.88271000000003,0.0,0.0,0.0,0.0,0.0,0.0,0.0,0.0,0.0,0.0,0.0,0.0,0.0,0.0,0.0,0.4591644082504722,2.98564821308051,4.20914086648536,7.78926249501321,11.5401015942697,8.78587077959668,8.84405075858535,6.588913711794439,5.1486501327313405,7.298373273051899,5.14113110755306,8.3387942311557,6.44743598932652,5.70399976355875,7.58061934476375,5.131242018386292,6.51862537866003,5.72904794376823,4.20038111861258,4.48957365262218,5.120344119116923,0.8323390996170581,2.8910078848750243e-15,0.0,0.0,0.0,0.0,0.0,0.0,0.0,0.0,0.0,0.0,0.0,0.0,0.0,118.39329
CCN(CC)CCO,174.06852000000015,0.0,0.0,0.0,0.0,0.0,0.0,0.0,0.0,0.0,0.339165103384497,0.7332748267392674,1.6242613511888384,0.3240319022452623,0.783426404447635,0.6521891645939802,1.2957332230161989,0.858147394991792,0.649764588145213,1.43492005084429,1.38580854064184,5.2936196435132,11.8606855620017,17.775996159551703,24.1230718648199,22.7505985994751,21.3612842485474,18.5607822555983,12.522589412764397,5.10328028033441,2.87880198238872,2.45598861396199,1.56729141739363,1.05721681505362,1.46874994470001,0.99241910127066,2.7216838845928377,1.5144830565519416,1.9410836129249784,3.853891459020527,2.200244208749523,1.88044255795764,0.103592768589148,0.0,0.0,0.0,0.0,0.0,0.0,0.0,0.0,0.0,174.40372
CNCCO,124.11660999999988,0.0,0.0,0.0,0.0,0.0,0.0,0.0,0.0,0.0,0.368906922213484,0.7408186989237553,1.7098773041709985,0.2265185023622505,0.805167825599378,1.0176711553691296,3.1320495575161664,1.65922141212811,1.79621894322681,2.72593363289271,3.20293541713316,5.72851382628134,10.4997983437385,11.809502896079,13.7835035838812,11.645397707129,11.3112038245396,8.64452171255599,2.7254172358155304,3.60632972453235,2.6879882770646,2.2438177452659502,1.98564055209733,0.660820009571541,1.17293770155948,1.47498452566651,2.492826996264639,1.8607965240126116,2.321271221832818,3.4744724647831977,2.8690167349396107,1.56506752987681,0.382471489347784,1.00293584709315,0.0559504136998885,0.5615587294862192,0.1645450113492714,5.612922919640577e-16,0.0,0.0,0.0,0.0,108.58052
CN(C)CCO,139.98743,0.0,0.0,0.0,0.0,0.0,0.0,0.0,0.0,0.0,0.243172857737311,0.6764749171835742,1.7630088255644685,0.1572542732897388,0.712690462228424,0.7780405866238599,1.4291795313930789,0.692092461437288,0.888235026770811,0.580824109916722,1.39957511946955,9.15147495786346,12.4181893334038,14.8241159231307,15.143032188748702,17.6364439301483,17.0635574491812,13.3223791821834,3.672504130146789,1.95206817773409,1.85020809953169,2.2313627622101495,2.52220871136536,1.43294490792023,1.14974331445248,1.47312572565993,1.9093638825495092,1.3777266414551874,3.502054394939893,3.029191924913361,2.168255236689751,1.94832901932253,0.62162490053912,0.266977034295548,0.0,0.0,0.0,0.0,0.0,0.0,0.0,0.0,130.30587
CC(CNCC(C)O)O,189.26621999999992,0.0,0.0,0.0,0.0,0.0,0.0,0.0,0.0,0.0,0.348800758928245,0.7777850152494372,1.3971771762619989,0.5185270495603146,0.57010822651173,0.8638584832547944,1.3565106776007492,1.10046064982462,1.83309546826248,1.62654754803387,3.22187803509443,7.14070635480309,20.5824552203355,26.7317621466993,24.350332693869795,16.3044174634979,15.7985628978682,16.2620938874577,9.747793584305867,4.20457748787517,3.16273538082169,2.98717204842503,2.05577520844085,2.81009880934839,3.35903526162219,2.81364903599909,2.2352191401839794,2.093960034199621,2.361815729938779,2.8315272301765693,3.2306405998795893,2.9590605377367,1.55128712938851,0.0767930285437349,0.0,0.0,0.0,0.0,0.0,0.0,0.0,0.0,184.53874
C1CN(CCN1)CCO,173.57151999999996,0.0,0.0,0.0,0.0,0.0,0.0,0.0,0.0,0.0,0.37216579901106,1.1953330909283983,1.4307537243584996,0.304076252435815,0.639972678721844,1.2836288439323889,2.7926907474925775,2.09812763276359,2.17200257929415,1.56540866147805,2.24205771470993,9.48996292687063,15.9059748005285,15.4727417349034,19.759675157919904,27.233591493203196,17.962247270606,9.775971963750273,4.20371819111117,3.8655028208725,3.60813939609623,3.3121524712693704,2.0037060214873,0.977555437518378,2.08810701374742,1.33973541295002,3.0532220244312893,2.5745544131302296,2.4031397434047506,3.958772765501767,3.672626501230321,1.89713471434102,0.547145525293029,1.17366616882618,0.3213971638191175,0.4859211420616674,0.3183120240616315,0.0706279759383706,0.0,0.0,0.0,0.0,172.44429
CC(COC)N,142.23735,0.0,0.0,0.0,0.0,0.0,0.0,0.0,0.0,0.0,0.0,0.0,0.0,0.0,0.0,0.1177991603042057,0.7224872825459498,1.64795540365482,1.45847226748684,2.12482483710078,3.53764107536783,5.40518323961697,15.6883152967123,18.8782775431087,20.4663119983538,17.6063923819267,12.0189070922444,8.66033078404156,6.322336618339458,2.75595759039636,2.72683479025331,1.884256005634101,2.47096433225635,2.89509289641912,1.98299389770528,1.23028992711094,2.8600752802681364,0.7201361464440349,0.9801889957691692,1.7022104539921687,1.74886352541607,0.823871177530654,0.0207072070350451,0.368232792964955,0.6370500945074905,0.5115108649962474,0.8815539212005297,0.3813251192957267,0.0,0.0,0.0,0.0,130.86421
CCCCOCCOC(=O)C,226.46679000000012,0.0,0.0,0.0,0.0,0.0,0.0,0.0,0.0,0.0,0.0,0.0,0.0,0.0,0.0,0.0,0.0,0.0,0.460857535701686,3.40790918186566,7.24414625391514,12.3245609017823,19.8889132255166,28.398353865467403,34.9169527656235,31.093903832391195,17.161594208815,13.3208095131683,13.868767638244096,5.32438318434974,3.58948861516039,2.735123399026041,4.16920011479629,2.97734458528916,3.62641121616882,5.05067726446826,3.4195868415969053,6.586745199777296,5.3005280543140145,1.573745823333586,0.0267867792287504,0.0,0.0,0.0,0.0,0.0,0.0,0.0,0.0,0.0,0.0,0.0,216.77003
CCOC1=C(C=CC(=C1)C=O)O,202.48202000000015,0.0,0.0,0.0,0.0,0.0,0.0,0.0,0.0,0.0,0.0,0.0375180332413947,0.8627948303346914,0.6554957414671874,0.565563142031007,0.3663751761787893,0.6882565150516834,0.975453512819418,2.5275110241108,5.43784712800186,13.5043158657551,15.2724344176464,16.0992791327325,15.1325498150659,13.2115782490057,13.4014456455917,17.3257204601358,17.5197993703571,14.4553047611703,14.7403355891833,8.12529729226937,3.1181001311349545,2.58282722577925,2.3051541818864,4.38504837192307,5.08464433706096,2.798510180980874,5.179885362137115,3.6712039747815153,1.8441303845236332,0.6076401476424103,0.0,0.0,0.0,0.0,0.0,0.0,0.0,0.0,0.0,0.0,0.0,201.57836
C=CC(=O)OCCO,159.15319000000002,0.0,0.0,0.0,0.0,0.0,0.0,0.0,0.0,0.178689317213737,0.628187019539171,1.5769045134836484,0.6883451138078506,0.671432107214373,1.10026042100601,1.05867017925749,0.6979123137129447,1.63847031642401,3.29964716948536,7.90318627431252,11.3632332641467,12.3524134260212,9.81820882386076,9.51866421263732,10.9085628804663,12.0776277550546,8.92790447863904,6.357030845575841,6.783464090350271,7.95263685376359,7.27795159689261,3.930422801161753,2.76824047075047,3.26359851393732,3.70878950338185,4.56382943951268,2.813322930662946,6.524894662060075,4.940064471273005,2.306573271423175,1.4708901226527014,0.083160840318699,0.0,0.0,0.0,0.0,0.0,0.0,0.0,0.0,0.0,0.0,145.65042
CC(COC(=O)C(=C)C)O,194.3654999999999,0.0,0.0,0.0,0.0,0.0,0.0,0.0,0.0,0.0,0.371282668591318,0.8932543827655861,1.3641783519436792,0.6480441921747462,0.417873711190783,0.7061790279671766,1.462243371094459,0.729825472320183,1.29169164393397,3.07570133122923,8.72830308288321,17.8747233678794,18.0939506098101,15.8900262744688,15.9909571977093,17.5432916289073,18.2961995654802,14.2481797688038,6.5670516529045,7.19176891461144,8.11717471163888,3.304967050453354,2.12889591955076,2.3742818515329,2.49355745387074,5.12398544320433,3.003336954132434,5.285978679541138,7.565347758002722,2.176863431599989,1.2248731952011316,0.181511334602361,0.0,0.0,0.0,0.0,0.0,0.0,0.0,0.0,0.0,0.0,190.89339
CCOCCC(=O)OCC,205.14523,0.0,0.0,0.0,0.0,0.0,0.0,0.0,0.0,0.0,0.0,0.0,0.0,0.0,0.0,0.0,0.0,0.0,0.0051272706697393,2.35254107394112,5.53237504083885,13.399393426328,26.3355594154889,29.247505789181,24.5424519933574,21.3683293556375,17.5762993974836,14.6562720206476,7.127366540772928,3.60203438661853,3.95656474655978,2.562010148948011,3.51541475441171,3.67721931761212,3.52758455541656,5.57523187653237,4.287131829594354,6.365628214119463,4.274445537324307,1.6039313894472542,0.0548119190689137,0.0,0.0,0.0,0.0,0.0,0.0,0.0,0.0,0.0,0.0,0.0,193.83683
C1=CC(=CC=C1C(=O)OCCO)C(=O)OCCO,288.78842999999995,0.0,0.0,0.0,0.0,0.0,0.0,0.0,0.0,0.413511688053017,1.44280379855595,3.311173644340597,1.3421982463039237,1.29807310892009,1.32199282055185,2.3381816282493384,3.0305990826721487,2.31902118248216,3.21428000385877,10.5093930981977,20.1760534099353,20.4965583357453,18.3216456293848,15.335018096723704,22.9982519221244,20.5440794594336,16.2474935470695,22.648318455497,17.99442049023,16.3317439169398,5.8398204643699,3.676815054842052,5.18208790713513,5.18707439081141,7.50712420882887,6.06572308495441,9.061643580827097,12.306102230158874,4.9281356739199955,4.115371114631651,3.2837207242516016,0.0,0.0,0.0,0.0,0.0,0.0,0.0,0.0,0.0,0.0,0.0,293.64605
COC(=O)C(=O)OC,148.27479,0.0,0.0,0.0,0.0,0.0,0.0,0.0,0.0,0.0,0.0,0.0,0.0,0.0,0.0,0.0,0.0,0.0,2.99196987959653,14.440093446033,13.2113513608696,14.1454158219556,16.4113957985516,13.5178099299877,8.160510703147928,4.47027835474435,4.04571529390372,4.14053193159905,2.5366674964650104,3.42613293840716,4.05985336178201,3.4824250101784204,4.17061483663737,4.50013257648669,5.70773887970768,9.49187040949598,9.211490733011953,3.907101686964394,2.245689550474226,3.86760424226092e-15,0.0,0.0,0.0,0.0,0.0,0.0,0.0,0.0,0.0,0.0,0.0,0.0,134.63282
CC1CCCC1(C)C,165.81912999999997,0.0,0.0,0.0,0.0,0.0,0.0,0.0,0.0,0.0,0.0,0.0,0.0,0.0,0.0,0.0,0.0,0.0,0.0,0.0,0.0,0.0,0.719061040623972,13.936220484566505,26.198824548000506,35.6688779250352,26.3340798858455,19.9666726106785,23.032413572548595,18.3620044362921,1.60097549640911,1.4164980623467685e-15,0.0,0.0,0.0,0.0,0.0,0.0,0.0,0.0,0.0,0.0,0.0,0.0,0.0,0.0,0.0,0.0,0.0,0.0,0.0,0.0,174.95501
CC1CCC(C1)(C)C,170.33826999999985,0.0,0.0,0.0,0.0,0.0,0.0,0.0,0.0,0.0,0.0,0.0,0.0,0.0,0.0,0.0,0.0,0.0,0.0,0.0,0.0,0.0,0.570490910491987,12.440155055409807,27.228823053065604,38.868064243871,27.0525881678236,20.4094126555876,25.158296416447698,17.3318299900366,1.27860950726597,1.0053814496406694e-15,0.0,0.0,0.0,0.0,0.0,0.0,0.0,0.0,0.0,0.0,0.0,0.0,0.0,0.0,0.0,0.0,0.0,0.0,0.0,0.0,177.00613
CCCC(C)C(C)(C)C,196.5779900000001,0.0,0.0,0.0,0.0,0.0,0.0,0.0,0.0,0.0,0.0,0.0,0.0,0.0,0.0,0.0,0.0,0.0,0.0,0.0,0.0,0.0,1.59402753035055,19.684805176121305,31.254146264349902,38.4473496884951,25.321114512356,27.0385891973758,29.186374354537296,21.5064403759389,2.54514290047528,2.0044602018265816e-15,0.0,0.0,0.0,0.0,0.0,0.0,0.0,0.0,0.0,0.0,0.0,0.0,0.0,0.0,0.0,0.0,0.0,0.0,0.0,0.0,209.45242
CCC(C)CC(C)(C)C,195.7493100000002,0.0,0.0,0.0,0.0,0.0,0.0,0.0,0.0,0.0,0.0,0.0,0.0,0.0,0.0,0.0,0.0,0.0,0.0,0.0,0.0,0.102305203347713,2.45803746863474,18.22345764656841,32.8229965343439,39.6836264907857,23.6248017217932,22.9472515626275,29.904418028811495,23.4090211904135,2.57339415267404,2.1164641205908037e-15,0.0,0.0,0.0,0.0,0.0,0.0,0.0,0.0,0.0,0.0,0.0,0.0,0.0,0.0,0.0,0.0,0.0,0.0,0.0,0.0,210.71662
CCCCNC1=CC=CC=C1,213.85982999999993,0.0,0.0,0.0,0.0,0.0,0.0,0.0,0.0,0.0,0.0,0.0,0.1259024088072307,0.5587622885255122,1.22126651039093,0.7388068864551199,0.768311283401144,1.05543012725955,1.14592353151952,2.0312953578059,3.84719769892586,9.11430384781513,18.3747030201054,26.9154681233706,26.432150707683295,20.6685076320624,16.3684905750935,15.2923281109814,15.231937466315095,7.10247941881869,7.99947749956093,6.559127922632131,10.7333904226285,10.0110087725093,6.85795148701276,4.44037743897551,0.2652314613445206,0.0,0.0,0.0,0.0,0.0,0.0,0.0,0.0,0.0,0.0,0.0,0.0,0.0,0.0,0.0,211.81465
CCCCCCCCCC#N,241.98125000000005,0.0,0.0,0.0,0.0,0.0,0.0,0.0,0.0,0.0,0.0,0.0,0.0,0.0,0.0,0.0,0.0,1.15407856537132,4.72226175480306,4.32696153622291,4.15057848294291,7.87260478484632,13.0613263557508,19.740429475416207,35.2673792987119,39.8004763003367,28.7439278011216,23.0837189126155,20.488405895587096,11.0325325195579,1.13924524496732,1.9219560053203792,0.98073873608116,2.5019199093364,2.65479045453549,4.75587504255351,5.4173808233567184,4.576931452485606,3.5024572715518536,1.0852733765273943,1.988099628926914e-15,0.0,0.0,0.0,0.0,0.0,0.0,0.0,0.0,0.0,0.0,0.0,239.11118
CC(C)CC1CCCCC1,203.1856700000001,0.0,0.0,0.0,0.0,0.0,0.0,0.0,0.0,0.0,0.0,0.0,0.0,0.0,0.0,0.0,0.0,0.0,0.0,0.0,0.0,0.0,0.30042387177249,9.3540254190813,33.67984395345291,46.9614439841917,38.3289740571119,30.5767055982467,26.8870572941682,16.0567825042081,1.04041331776679,9.039002477704185e-16,0.0,0.0,0.0,0.0,0.0,0.0,0.0,0.0,0.0,0.0,0.0,0.0,0.0,0.0,0.0,0.0,0.0,0.0,0.0,0.0,216.55448
CC(C)(C)C1CCCCC1,194.71291000000005,0.0,0.0,0.0,0.0,0.0,0.0,0.0,0.0,0.0,0.0,0.0,0.0,0.0,0.0,0.0,0.0,0.0,0.0,0.0,0.0,0.0,0.520358266750105,14.384600181817008,32.49376666259981,41.2385830770801,30.1203732336475,29.6139465973843,26.029297262076696,18.3608286297617,1.95115608888285,1.608089113705618e-15,0.0,0.0,0.0,0.0,0.0,0.0,0.0,0.0,0.0,0.0,0.0,0.0,0.0,0.0,0.0,0.0,0.0,0.0,0.0,0.0,213.60226
CCC(C)C1CCCCC1,199.6615400000001,0.0,0.0,0.0,0.0,0.0,0.0,0.0,0.0,0.0,0.0,0.0,0.0,0.0,0.0,0.0,0.0,0.0,0.0,0.0,0.0,0.0,1.05056999616874,10.56421948221691,29.292439531132807,44.7322299607626,39.0387756578818,32.9666390578018,27.18209743234539,14.1564545555963,0.678114326093693,5.762233003723683e-16,0.0,0.0,0.0,0.0,0.0,0.0,0.0,0.0,0.0,0.0,0.0,0.0,0.0,0.0,0.0,0.0,0.0,0.0,0.0,0.0,213.90283
CCCCCCC1CCCC1,236.2596300000001,0.0,0.0,0.0,0.0,0.0,0.0,0.0,0.0,0.0,0.0,0.0,0.0,0.0,0.0,0.0,0.0,0.0,0.0,0.0,0.0,0.0,0.272699604668219,10.839290978532212,38.13365146733461,54.5782090662442,46.4115219083237,37.1484800190904,26.832407442304696,21.5548445508109,0.488524962691177,4.2479413126737924e-16,0.0,0.0,0.0,0.0,0.0,0.0,0.0,0.0,0.0,0.0,0.0,0.0,0.0,0.0,0.0,0.0,0.0,0.0,0.0,0.0,242.02652
CCCCCCCC1CCCC1,256.06037000000003,0.0,0.0,0.0,0.0,0.0,0.0,0.0,0.0,0.0,0.0,0.0,0.0,0.0,0.0,0.0,0.0,0.0,0.0,0.0,0.0,0.0,0.259335272309782,11.400316012418113,41.52457624385351,59.3862219008882,50.6432962428138,40.3612823278591,28.308919144998196,23.6482002644515,0.528222590407808,4.4333150783577093e-16,0.0,0.0,0.0,0.0,0.0,0.0,0.0,0.0,0.0,0.0,0.0,0.0,0.0,0.0,0.0,0.0,0.0,0.0,0.0,0.0,263.74276
CCCCCCCCC1CCCC1,276.09609000000034,0.0,0.0,0.0,0.0,0.0,0.0,0.0,0.0,0.0,0.0,0.0,0.0,0.0,0.0,0.0,0.0,0.0,0.0,0.0,0.0,0.0,0.274500439266671,11.840114193410717,44.73036159389591,64.5151442729566,54.9294462513566,43.8299875833779,29.915937852118596,25.4248818030055,0.635716010611866,5.502706342503838e-16,0.0,0.0,0.0,0.0,0.0,0.0,0.0,0.0,0.0,0.0,0.0,0.0,0.0,0.0,0.0,0.0,0.0,0.0,0.0,0.0,285.68896
CCCCCCCCCC1CCCC1,295.88587000000007,0.0,0.0,0.0,0.0,0.0,0.0,0.0,0.0,0.0,0.0,0.0,0.0,0.0,0.0,0.0,0.0,0.0,0.0,0.0,0.0,0.0,0.265020825295966,12.225242637704016,47.790398565026905,69.8709898426536,58.9522761105682,47.4528896801036,31.627292886485396,27.1343871534481,0.567372298714286,5.266238495401832e-16,0.0,0.0,0.0,0.0,0.0,0.0,0.0,0.0,0.0,0.0,0.0,0.0,0.0,0.0,0.0,0.0,0.0,0.0,0.0,0.0,307.59292
CCCCCCCCCCC1CCCC1,316.22863,0.0,0.0,0.0,0.0,0.0,0.0,0.0,0.0,0.0,0.0,0.0,0.0,0.0,0.0,0.0,0.0,0.0,0.0,0.0,0.0,0.0,0.29198446747005,12.338171921121916,52.47196086217231,73.9316786551867,62.6573186499612,51.1601343973444,34.2169882893353,28.5377356436788,0.622657113729341,5.956099940148898e-16,0.0,0.0,0.0,0.0,0.0,0.0,0.0,0.0,0.0,0.0,0.0,0.0,0.0,0.0,0.0,0.0,0.0,0.0,0.0,0.0,329.15058
CCCCCCCCCCCCC1CCCC1,355.7228900000002,0.0,0.0,0.0,0.0,0.0,0.0,0.0,0.0,0.0,0.0,0.0,0.0,0.0,0.0,0.0,0.0,0.0,0.0,0.0,0.0,0.0,0.295095641850959,13.12272715412652,58.553838847794914,84.8227404394951,70.7713437608646,57.9863061220645,37.2904778716897,32.1680547740547,0.712305388059192,6.014189449095311e-16,0.0,0.0,0.0,0.0,0.0,0.0,0.0,0.0,0.0,0.0,0.0,0.0,0.0,0.0,0.0,0.0,0.0,0.0,0.0,0.0,372.281
CCCCCCCCCCCCCC1CCCC1,375.85843000000017,0.0,0.0,0.0,0.0,0.0,0.0,0.0,0.0,0.0,0.0,0.0,0.0,0.0,0.0,0.0,0.0,0.0,0.0,0.0,0.0,0.0,0.288691302765471,13.524526393227422,61.72249804712391,90.2171012109238,74.8676871951412,61.6810691790338,38.871821579075,33.9001726199713,0.784862472738278,6.599223935271898e-16,0.0,0.0,0.0,0.0,0.0,0.0,0.0,0.0,0.0,0.0,0.0,0.0,0.0,0.0,0.0,0.0,0.0,0.0,0.0,0.0,394.77882
CCCCCCCCCCCCCCC1CCCC1,395.1485000000002,0.0,0.0,0.0,0.0,0.0,0.0,0.0,0.0,0.0,0.0,0.0,0.0,0.0,0.0,0.0,0.0,0.0,0.0,0.0,0.0,0.0,0.0603808343851727,8.892307457623714,61.579314752443715,98.8411338931579,88.5398941676209,63.847174840986305,44.66249464957289,28.7257994042096,0.0,0.0,0.0,0.0,0.0,0.0,0.0,0.0,0.0,0.0,0.0,0.0,0.0,0.0,0.0,0.0,0.0,0.0,0.0,0.0,0.0,0.0,415.06982
CCCCCCCCCCCCCCCCC1CCCC1,435.4981300000002,0.0,0.0,0.0,0.0,0.0,0.0,0.0,0.0,0.0,0.0,0.0,0.0,0.0,0.0,0.0,0.0,0.0,0.0,0.0,0.0,0.0,0.30338183772228,14.776525687000126,71.30441913761972,105.74305012647,87.5662726506752,71.8044551600186,43.6732330821686,39.4334166983492,0.893375619976396,7.197557177431029e-16,0.0,0.0,0.0,0.0,0.0,0.0,0.0,0.0,0.0,0.0,0.0,0.0,0.0,0.0,0.0,0.0,0.0,0.0,0.0,0.0,459.93582
