solute_smiles,solvent_smiles,temperature,ln_x2,source,solute_name,solvent_name,fda_approved,has_solubility,T_m,has_T_m,dH_fus,has_dH_fus,hansen_d,hansen_p,hansen_h,has_hansen,ln_gamma_inf,has_gamma_inf,has_sigma_profile,sigma_area,sigma_p_0,sigma_p_1,sigma_p_2,sigma_p_3,sigma_p_4,sigma_p_5,sigma_p_6,sigma_p_7,sigma_p_8,sigma_p_9,sigma_p_10,sigma_p_11,sigma_p_12,sigma_p_13,sigma_p_14,sigma_p_15,sigma_p_16,sigma_p_17,sigma_p_18,sigma_p_19,sigma_p_20,sigma_p_21,sigma_p_22,sigma_p_23,sigma_p_24,sigma_p_25,sigma_p_26,sigma_p_27,sigma_p_28,sigma_p_29,sigma_p_30,sigma_p_31,sigma_p_32,sigma_p_33,sigma_p_34,sigma_p_35,sigma_p_36,sigma_p_37,sigma_p_38,sigma_p_39,sigma_p_40,sigma_p_41,sigma_p_42,sigma_p_43,sigma_p_44,sigma_p_45,sigma_p_46,sigma_p_47,sigma_p_48,sigma_p_49,sigma_p_50
C,C,298.15,0.0,aux_only_sigma_profile_stream,,,No,False,0.0,False,0.0,False,0.0,0.0,0.0,False,0.0,False,True,56.00743999999999,0.0,0.0,0.0,0.0,0.0,0.0,0.0,0.0,0.0,0.0,0.0,0.0,0.0,0.0,0.0,0.0,0.0,0.0,0.0,0.0,0.0,0.04835438441166531,0.09743196111671419,0.1604213974384414,0.10515929547067232,0.10766661122279597,0.13016872020107847,0.2825268736801307,0.06827075645850178,0.0,0.0,0.0,0.0,0.0,0.0,0.0,0.0,0.0,0.0,0.0,0.0,0.0,0.0,0.0,0.0,0.0,0.0,0.0,0.0,0.0,0.0
CC,CC,298.15,0.0,aux_only_sigma_profile_stream,,,No,False,0.0,False,0.0,False,0.0,0.0,0.0,False,0.0,False,True,77.55931000000011,0.0,0.0,0.0,0.0,0.0,0.0,0.0,0.0,0.0,0.0,0.0,0.0,0.0,0.0,0.0,0.0,0.0,0.0,0.0,0.0,0.0,0.0025631938578938585,0.09542595798333507,0.12760158058197835,0.19888452857698935,0.13026167095081798,0.19302680740677267,0.2196486542062683,0.03258760643594452,0.0,0.0,0.0,0.0,0.0,0.0,0.0,0.0,0.0,0.0,0.0,0.0,0.0,0.0,0.0,0.0,0.0,0.0,0.0,0.0,0.0,0.0
CCC,CCC,298.15,0.0,aux_only_sigma_profile_stream,,,No,False,0.0,False,0.0,False,0.0,0.0,0.0,False,0.0,False,True,97.62584999999991,0.0,0.0,0.0,0.0,0.0,0.0,0.0,0.0,0.0,0.0,0.0,0.0,0.0,0.0,0.0,0.0,0.0,0.0,0.0,0.0,0.0,0.0056685240794438,0.09725848405676947,0.14455348414499142,0.19732636406578707,0.13377943222391006,0.16377086444410485,0.1721948765905312,0.08184366715426239,0.0036043032401998376,2.839702469882618e-18,0.0,0.0,0.0,0.0,0.0,0.0,0.0,0.0,0.0,0.0,0.0,0.0,0.0,0.0,0.0,0.0,0.0,0.0,0.0,0.0
CC(C)C,CC(C)C,298.15,0.0,aux_only_sigma_profile_stream,,,No,False,0.0,False,0.0,False,0.0,0.0,0.0,False,0.0,False,True,115.69517999999997,0.0,0.0,0.0,0.0,0.0,0.0,0.0,0.0,0.0,0.0,0.0,0.0,0.0,0.0,0.0,0.0,0.0,0.0,0.0,0.0,0.0,0.005487651807897487,0.0991060937362724,0.15677878635554057,0.20839943714867382,0.12904807722083153,0.12570111499579156,0.14825408125735492,0.11945473158007192,0.007770025897565847,6.66036161664257e-18,0.0,0.0,0.0,0.0,0.0,0.0,0.0,0.0,0.0,0.0,0.0,0.0,0.0,0.0,0.0,0.0,0.0,0.0,0.0,0.0
CCCC,CCCC,298.15,0.0,aux_only_sigma_profile_stream,,,No,False,0.0,False,0.0,False,0.0,0.0,0.0,False,0.0,False,True,117.34339,0.0,0.0,0.0,0.0,0.0,0.0,0.0,0.0,0.0,0.0,0.0,0.0,0.0,0.0,0.0,0.0,0.0,0.0,0.0,0.0,0.0,0.0046409783718867935,0.08352114589709343,0.15252044467900494,0.20374178047192348,0.14950599083295787,0.15559806015169153,0.16374418318950812,0.08388495676580274,0.0028424596401311142,2.4664655703367317e-18,0.0,0.0,0.0,0.0,0.0,0.0,0.0,0.0,0.0,0.0,0.0,0.0,0.0,0.0,0.0,0.0,0.0,0.0,0.0,0.0
CCCCC,CCCCC,298.15,0.0,aux_only_sigma_profile_stream,,,No,False,0.0,False,0.0,False,0.0,0.0,0.0,False,0.0,False,True,137.25438000000003,0.0,0.0,0.0,0.0,0.0,0.0,0.0,0.0,0.0,0.0,0.0,0.0,0.0,0.0,0.0,0.0,0.0,0.0,0.0,0.0,0.0,0.0039019821772029854,0.07282665592769916,0.15732428123707598,0.21108910894003596,0.1586784847127851,0.15735317107366334,0.14927730176714354,0.08674691967823539,0.0028020944861586196,2.4961579132548476e-18,0.0,0.0,0.0,0.0,0.0,0.0,0.0,0.0,0.0,0.0,0.0,0.0,0.0,0.0,0.0,0.0,0.0,0.0,0.0,0.0
CC(C)(C)C,CC(C)(C)C,298.15,0.0,aux_only_sigma_profile_stream,,,No,False,0.0,False,0.0,False,0.0,0.0,0.0,False,0.0,False,True,130.2498,0.0,0.0,0.0,0.0,0.0,0.0,0.0,0.0,0.0,0.0,0.0,0.0,0.0,0.0,0.0,0.0,0.0,0.0,0.0,0.0,0.0,0.00723001069048758,0.11045223427278894,0.18529992749503263,0.19167815928458468,0.09751972184634296,0.0997756025469997,0.14188894599432092,0.15522878490454342,0.010926612964899064,8.715709763071513e-18,0.0,0.0,0.0,0.0,0.0,0.0,0.0,0.0,0.0,0.0,0.0,0.0,0.0,0.0,0.0,0.0,0.0,0.0,0.0,0.0
CCCCCC,CCCCCC,298.15,0.0,aux_only_sigma_profile_stream,,,No,False,0.0,False,0.0,False,0.0,0.0,0.0,False,0.0,False,True,157.18793000000008,0.0,0.0,0.0,0.0,0.0,0.0,0.0,0.0,0.0,0.0,0.0,0.0,0.0,0.0,0.0,0.0,0.0,0.0,0.0,0.0,0.0,0.0033988938034854436,0.06659915713369467,0.15743375807753682,0.2171362434678056,0.16581346549834003,0.15818892012293367,0.14107606352139115,0.08804549712499676,0.0023080012498158213,2.041827309756719e-18,0.0,0.0,0.0,0.0,0.0,0.0,0.0,0.0,0.0,0.0,0.0,0.0,0.0,0.0,0.0,0.0,0.0,0.0,0.0,0.0
CCC(C)CC,CCC(C)CC,298.15,0.0,aux_only_sigma_profile_stream,,,No,False,0.0,False,0.0,False,0.0,0.0,0.0,False,0.0,False,True,151.00224,0.0,0.0,0.0,0.0,0.0,0.0,0.0,0.0,0.0,0.0,0.0,0.0,0.0,0.0,0.0,0.0,0.0,0.0,0.0,0.0,0.0,0.00771573428871393,0.09072836394611565,0.14307517322489058,0.20432230443503352,0.14141658575473384,0.15542990154267777,0.1727435014024785,0.07854587650451741,0.006022558900838756,5.423110745329191e-18,0.0,0.0,0.0,0.0,0.0,0.0,0.0,0.0,0.0,0.0,0.0,0.0,0.0,0.0,0.0,0.0,0.0,0.0,0.0,0.0
CCC(C)(C)C,CCC(C)(C)C,298.15,0.0,aux_only_sigma_profile_stream,,,No,False,0.0,False,0.0,False,0.0,0.0,0.0,False,0.0,False,True,146.27045999999996,0.0,0.0,0.0,0.0,0.0,0.0,0.0,0.0,0.0,0.0,0.0,0.0,0.0,0.0,0.0,0.0,0.0,0.0,0.0,0.0,0.0,0.006088204816067429,0.10607580555805737,0.1712026550709939,0.19490409300766065,0.11028518840621754,0.1250143673766754,0.15013386256336725,0.12454659932033442,0.011749223880626072,1.0447632508559876e-17,0.0,0.0,0.0,0.0,0.0,0.0,0.0,0.0,0.0,0.0,0.0,0.0,0.0,0.0,0.0,0.0,0.0,0.0,0.0,0.0
CC(C)C(C)C,CC(C)C(C)C,298.15,0.0,aux_only_sigma_profile_stream,,,No,False,0.0,False,0.0,False,0.0,0.0,0.0,False,0.0,False,True,147.3467599999999,0.0,0.0,0.0,0.0,0.0,0.0,0.0,0.0,0.0,0.0,0.0,0.0,0.0,0.0,0.0,0.0,0.0,0.0,0.0,0.0,0.0,0.005948999730385653,0.10125873656936273,0.15540858474701527,0.19819396666148012,0.13575500404016222,0.13184876565480716,0.1525868850049347,0.10579974318444471,0.013199314407407474,1.1080903800138813e-17,0.0,0.0,0.0,0.0,0.0,0.0,0.0,0.0,0.0,0.0,0.0,0.0,0.0,0.0,0.0,0.0,0.0,0.0,0.0,0.0
CCCCCCC,CCCCCCC,298.15,0.0,aux_only_sigma_profile_stream,,,No,False,0.0,False,0.0,False,0.0,0.0,0.0,False,0.0,False,True,176.93428000000003,0.0,0.0,0.0,0.0,0.0,0.0,0.0,0.0,0.0,0.0,0.0,0.0,0.0,0.0,0.0,0.0,0.0,0.0,0.0,0.0,0.0,0.0029789451619619037,0.061472454165491304,0.15866045556381103,0.22225284980040716,0.16993198642962343,0.1601794023550043,0.1319235382520594,0.09106306496887259,0.0015373033027688073,1.4356929302510313e-18,0.0,0.0,0.0,0.0,0.0,0.0,0.0,0.0,0.0,0.0,0.0,0.0,0.0,0.0,0.0,0.0,0.0,0.0,0.0,0.0
CCCCC(C)C,CCCCC(C)C,298.15,0.0,aux_only_sigma_profile_stream,,,No,False,0.0,False,0.0,False,0.0,0.0,0.0,False,0.0,False,True,173.31560000000007,0.0,0.0,0.0,0.0,0.0,0.0,0.0,0.0,0.0,0.0,0.0,0.0,0.0,0.0,0.0,0.0,0.0,0.0,0.0,0.0,0.0,0.003583121645041224,0.07706191536574145,0.15861208258603607,0.21755428979574476,0.1507143833088394,0.1458224168464806,0.14302200350411495,0.09745590909621576,0.006173877851785814,5.6154306797449455e-18,0.0,0.0,0.0,0.0,0.0,0.0,0.0,0.0,0.0,0.0,0.0,0.0,0.0,0.0,0.0,0.0,0.0,0.0,0.0,0.0
CCCC(C)CC,CCCC(C)CC,298.15,0.0,aux_only_sigma_profile_stream,,,No,False,0.0,False,0.0,False,0.0,0.0,0.0,False,0.0,False,True,170.99966000000018,0.0,0.0,0.0,0.0,0.0,0.0,0.0,0.0,0.0,0.0,0.0,0.0,0.0,0.0,0.0,0.0,0.0,0.0,0.0,0.0,0.0,0.0063733878483871196,0.08245050608546758,0.14796441536766025,0.21039537165808903,0.14726849303160588,0.15707383798145313,0.16082769298104493,0.08165539608609505,0.005990898960197049,5.2941961381088935e-18,0.0,0.0,0.0,0.0,0.0,0.0,0.0,0.0,0.0,0.0,0.0,0.0,0.0,0.0,0.0,0.0,0.0,0.0,0.0,0.0
CCC(CC)CC,CCC(CC)CC,298.15,0.0,aux_only_sigma_profile_stream,,,No,False,0.0,False,0.0,False,0.0,0.0,0.0,False,0.0,False,True,166.60221000000007,0.0,0.0,0.0,0.0,0.0,0.0,0.0,0.0,0.0,0.0,0.0,0.0,0.0,0.0,0.0,0.0,0.0,0.0,0.0,0.0,0.0,0.005046908147632631,0.07668488496132975,0.14832278237622112,0.21323797801528613,0.15937854285626155,0.1520082286297384,0.16428485041628668,0.07645548631441319,0.004580338282830574,4.311517693605508e-18,0.0,0.0,0.0,0.0,0.0,0.0,0.0,0.0,0.0,0.0,0.0,0.0,0.0,0.0,0.0,0.0,0.0,0.0,0.0,0.0
CCCC(C)(C)C,CCCC(C)(C)C,298.15,0.0,aux_only_sigma_profile_stream,,,No,False,0.0,False,0.0,False,0.0,0.0,0.0,False,0.0,False,True,165.98708000000008,0.0,0.0,0.0,0.0,0.0,0.0,0.0,0.0,0.0,0.0,0.0,0.0,0.0,0.0,0.0,0.0,0.0,0.0,0.0,0.0,0.0,0.004539414008864031,0.09482458710747185,0.17023496776592487,0.2090726556010063,0.12013903502117931,0.12727566469822105,0.14262836074230228,0.118608664514082,0.012676650540948303,1.1125651637819398e-17,0.0,0.0,0.0,0.0,0.0,0.0,0.0,0.0,0.0,0.0,0.0,0.0,0.0,0.0,0.0,0.0,0.0,0.0,0.0,0.0
CCC(C)C(C)C,CCC(C)C(C)C,298.15,0.0,aux_only_sigma_profile_stream,,,No,False,0.0,False,0.0,False,0.0,0.0,0.0,False,0.0,False,True,165.00478,0.0,0.0,0.0,0.0,0.0,0.0,0.0,0.0,0.0,0.0,0.0,0.0,0.0,0.0,0.0,0.0,0.0,0.0,0.0,0.0,0.0,0.005877478966547593,0.10186878208579778,0.1371564429466286,0.21328879427009267,0.1330156406002747,0.1438092586588952,0.16399489282207033,0.09029028135527649,0.010698428294416681,9.260360703774422e-18,0.0,0.0,0.0,0.0,0.0,0.0,0.0,0.0,0.0,0.0,0.0,0.0,0.0,0.0,0.0,0.0,0.0,0.0,0.0,0.0
CCC(C)(C)CC,CCC(C)(C)CC,298.15,0.0,aux_only_sigma_profile_stream,,,No,False,0.0,False,0.0,False,0.0,0.0,0.0,False,0.0,False,True,161.26507000000004,0.0,0.0,0.0,0.0,0.0,0.0,0.0,0.0,0.0,0.0,0.0,0.0,0.0,0.0,0.0,0.0,0.0,0.0,0.0,0.0,0.0006067630835449206,0.012036878820844463,0.0929285115653396,0.17042560901749024,0.1846206779994024,0.1240063876675488,0.13745700868131142,0.1573217487013269,0.10997903768960071,0.010617376773590523,9.165233688382153e-18,0.0,0.0,0.0,0.0,0.0,0.0,0.0,0.0,0.0,0.0,0.0,0.0,0.0,0.0,0.0,0.0,0.0,0.0,0.0,0.0
CCCCCCCC,CCCCCCCC,298.15,0.0,aux_only_sigma_profile_stream,,,No,False,0.0,False,0.0,False,0.0,0.0,0.0,False,0.0,False,True,197.0283900000001,0.0,0.0,0.0,0.0,0.0,0.0,0.0,0.0,0.0,0.0,0.0,0.0,0.0,0.0,0.0,0.0,0.0,0.0,0.0,0.0,0.0,0.002659194825849746,0.057084421751565376,0.1584745602634412,0.2267042004180747,0.17392896563727892,0.16208146960632625,0.12744417577203818,0.08964002434934883,0.0019829873760766705,1.6768639700442861e-18,0.0,0.0,0.0,0.0,0.0,0.0,0.0,0.0,0.0,0.0,0.0,0.0,0.0,0.0,0.0,0.0,0.0,0.0,0.0,0.0
CCCCCC(C)C,CCCCCC(C)C,298.15,0.0,aux_only_sigma_profile_stream,,,No,False,0.0,False,0.0,False,0.0,0.0,0.0,False,0.0,False,True,193.13859000000008,0.0,0.0,0.0,0.0,0.0,0.0,0.0,0.0,0.0,0.0,0.0,0.0,0.0,0.0,0.0,0.0,0.0,0.0,0.0,0.0,0.0,0.0031426600068886843,0.06900206995954823,0.1612787468067769,0.22301705857510706,0.1554563323772188,0.15146750934947742,0.13414285541816365,0.09668957118714232,0.0058031963196768675,4.632626408439753e-18,0.0,0.0,0.0,0.0,0.0,0.0,0.0,0.0,0.0,0.0,0.0,0.0,0.0,0.0,0.0,0.0,0.0,0.0,0.0,0.0
CCCCC(C)CC,CCCCC(C)CC,298.15,0.0,aux_only_sigma_profile_stream,,,No,False,0.0,False,0.0,False,0.0,0.0,0.0,False,0.0,False,True,190.8589499999999,0.0,0.0,0.0,0.0,0.0,0.0,0.0,0.0,0.0,0.0,0.0,0.0,0.0,0.0,0.0,0.0,0.0,0.0,0.0,0.0,0.0,0.005651601068684179,0.07324912903188618,0.15367140418424607,0.21573242486678834,0.15328456349294287,0.15602756216887922,0.15461173729092192,0.08254856620463806,0.005223011691012962,4.4773080078773516e-18,0.0,0.0,0.0,0.0,0.0,0.0,0.0,0.0,0.0,0.0,0.0,0.0,0.0,0.0,0.0,0.0,0.0,0.0,0.0,0.0
CCCC(C)CCC,CCCC(C)CCC,298.15,0.0,aux_only_sigma_profile_stream,,,No,False,0.0,False,0.0,False,0.0,0.0,0.0,False,0.0,False,True,191.01498999999995,0.0,0.0,0.0,0.0,0.0,0.0,0.0,0.0,0.0,0.0,0.0,0.0,0.0,0.0,0.0,0.0,0.0,0.0,0.0,0.0,0.0,0.004280787082377777,0.07756126345003295,0.1519025163354421,0.2137260837226309,0.15256641531238677,0.1583576103613544,0.15300959248312238,0.08278288305086738,0.0058128482017853166,4.8958920095827675e-18,0.0,0.0,0.0,0.0,0.0,0.0,0.0,0.0,0.0,0.0,0.0,0.0,0.0,0.0,0.0,0.0,0.0,0.0,0.0,0.0
CCCC(CC)CC,CCCC(CC)CC,298.15,0.0,aux_only_sigma_profile_stream,,,No,False,0.0,False,0.0,False,0.0,0.0,0.0,False,0.0,False,True,186.66897999999992,0.0,0.0,0.0,0.0,0.0,0.0,0.0,0.0,0.0,0.0,0.0,0.0,0.0,0.0,0.0,0.0,0.0,0.0,0.0,0.0,0.0,0.003418351826039239,0.07229841557152834,0.15213215943906436,0.21514017237704314,0.1638958025515365,0.1554621592967729,0.15309309567329132,0.07996181106202277,0.004598032202701619,3.846700881940011e-18,0.0,0.0,0.0,0.0,0.0,0.0,0.0,0.0,0.0,0.0,0.0,0.0,0.0,0.0,0.0,0.0,0.0,0.0,0.0,0.0
CCCCC(C)(C)C,CCCCC(C)(C)C,298.15,0.0,aux_only_sigma_profile_stream,,,No,False,0.0,False,0.0,False,0.0,0.0,0.0,False,0.0,False,True,185.82645000000016,0.0,0.0,0.0,0.0,0.0,0.0,0.0,0.0,0.0,0.0,0.0,0.0,0.0,0.0,0.0,0.0,0.0,0.0,0.0,0.0,0.0,0.004117008664622568,0.0849358556150311,0.1791915580657456,0.20638462289381343,0.12641103482530977,0.1335785899132749,0.13532343270052397,0.11991944868248833,0.010138448639190323,8.906098157223054e-18,0.0,0.0,0.0,0.0,0.0,0.0,0.0,0.0,0.0,0.0,0.0,0.0,0.0,0.0,0.0,0.0,0.0,0.0,0.0,0.0
CCCC(C)C(C)C,CCCC(C)C(C)C,298.15,0.0,aux_only_sigma_profile_stream,,,No,False,0.0,False,0.0,False,0.0,0.0,0.0,False,0.0,False,True,184.9036200000001,0.0,0.0,0.0,0.0,0.0,0.0,0.0,0.0,0.0,0.0,0.0,0.0,0.0,0.0,0.0,0.0,0.0,0.0,0.0,0.0,0.0,0.004886811809701971,0.0884729463665876,0.15367837493116623,0.20778338220810808,0.14195627176472847,0.1489985275791993,0.15320314345571265,0.09086905263883796,0.0101514892459577,8.70949326990776e-18,0.0,0.0,0.0,0.0,0.0,0.0,0.0,0.0,0.0,0.0,0.0,0.0,0.0,0.0,0.0,0.0,0.0,0.0,0.0,0.0
CCC(C)CC(C)C,CCC(C)CC(C)C,298.15,0.0,aux_only_sigma_profile_stream,,,No,False,0.0,False,0.0,False,0.0,0.0,0.0,False,0.0,False,True,185.17106000000013,0.0,0.0,0.0,0.0,0.0,0.0,0.0,0.0,0.0,0.0,0.0,0.0,0.0,0.0,0.0,0.0,0.0,0.0,0.0,0.0,0.0,0.005824912069048961,0.07642968295661536,0.15834190809009402,0.21497467664839512,0.1515571937129219,0.1399862423695975,0.15388872693377995,0.09090754182886349,0.008089115390683776,7.066174551558911e-18,0.0,0.0,0.0,0.0,0.0,0.0,0.0,0.0,0.0,0.0,0.0,0.0,0.0,0.0,0.0,0.0,0.0,0.0,0.0,0.0
CCCC(C)(C)CC,CCCC(C)(C)CC,298.15,0.0,aux_only_sigma_profile_stream,,,No,False,0.0,False,0.0,False,0.0,0.0,0.0,False,0.0,False,True,180.88696,0.0,0.0,0.0,0.0,0.0,0.0,0.0,0.0,0.0,0.0,0.0,0.0,0.0,0.0,0.0,0.0,0.0,0.0,0.0,0.0,0.0,0.007607925080486952,0.0889050247742049,0.16807827394194533,0.20026826063024114,0.12724602275748292,0.1445433062567169,0.1461326485970824,0.10575848288156979,0.0114600550802698,9.194621385085991e-18,0.0,0.0,0.0,0.0,0.0,0.0,0.0,0.0,0.0,0.0,0.0,0.0,0.0,0.0,0.0,0.0,0.0,0.0,0.0,0.0
CCC(CC)C(C)C,CCC(CC)C(C)C,298.15,0.0,aux_only_sigma_profile_stream,,,No,False,0.0,False,0.0,False,0.0,0.0,0.0,False,0.0,False,True,180.9661600000001,0.0,0.0,0.0,0.0,0.0,0.0,0.0,0.0,0.0,0.0,0.0,0.0,0.0,0.0,0.0,0.0,0.0,0.0,0.0,0.0,0.0,0.011785220587790277,0.08586378924649171,0.14030279758310393,0.20914492248146938,0.1489626413198738,0.14218999798089482,0.16864445395869362,0.08544449618106442,0.007661680660617872,7.153528846288243e-18,0.0,0.0,0.0,0.0,0.0,0.0,0.0,0.0,0.0,0.0,0.0,0.0,0.0,0.0,0.0,0.0,0.0,0.0,0.0,0.0
CCC(C)(CC)CC,CCC(C)(CC)CC,298.15,0.0,aux_only_sigma_profile_stream,,,No,False,0.0,False,0.0,False,0.0,0.0,0.0,False,0.0,False,True,176.73765000000014,0.0,0.0,0.0,0.0,0.0,0.0,0.0,0.0,0.0,0.0,0.0,0.0,0.0,0.0,0.0,0.0,0.0,0.0,0.0,0.0,0.0002670690158662971,0.009636430795971705,0.08630244033051357,0.15675205465818676,0.19654039248294447,0.1376103228845307,0.15365774193376386,0.16247415166748663,0.08704842851253758,0.00971096771819835,8.171200931004183e-18,0.0,0.0,0.0,0.0,0.0,0.0,0.0,0.0,0.0,0.0,0.0,0.0,0.0,0.0,0.0,0.0,0.0,0.0,0.0,0.0
CCC(C)C(C)(C)C,CCC(C)C(C)(C)C,298.15,0.0,aux_only_sigma_profile_stream,,,No,False,0.0,False,0.0,False,0.0,0.0,0.0,False,0.0,False,True,176.70743000000007,0.0,0.0,0.0,0.0,0.0,0.0,0.0,0.0,0.0,0.0,0.0,0.0,0.0,0.0,0.0,0.0,0.0,0.0,0.0,0.0,0.0,0.009382676828048256,0.10972603943962059,0.15080083011730286,0.19764065538373504,0.11675755307524473,0.13558926112455028,0.15530348747932607,0.11098612964971134,0.01381336690246086,1.0906679082969967e-17,0.0,0.0,0.0,0.0,0.0,0.0,0.0,0.0,0.0,0.0,0.0,0.0,0.0,0.0,0.0,0.0,0.0,0.0,0.0,0.0
CC(C)CC(C)(C)C,CC(C)CC(C)(C)C,298.15,0.0,aux_only_sigma_profile_stream,,,No,False,0.0,False,0.0,False,0.0,0.0,0.0,False,0.0,False,True,179.59978000000012,0.0,0.0,0.0,0.0,0.0,0.0,0.0,0.0,0.0,0.0,0.0,0.0,0.0,0.0,0.0,0.0,0.0,0.0,0.0,0.0,0.0,0.006711837816380784,0.09602867458183074,0.17372129809285056,0.2047263686057047,0.11830720845609101,0.11557059036356607,0.14363560810481163,0.12908706607942438,0.012211347899340015,9.800921756665868e-18,0.0,0.0,0.0,0.0,0.0,0.0,0.0,0.0,0.0,0.0,0.0,0.0,0.0,0.0,0.0,0.0,0.0,0.0,0.0,0.0
CC(C)C(C)C(C)C,CC(C)C(C)C(C)C,298.15,0.0,aux_only_sigma_profile_stream,,,No,False,0.0,False,0.0,False,0.0,0.0,0.0,False,0.0,False,True,176.56630999999996,0.0,0.0,0.0,0.0,0.0,0.0,0.0,0.0,0.0,0.0,0.0,0.0,0.0,0.0,0.0,0.0,0.0,0.0,0.0,0.0,0.0,0.010239749404783283,0.10363402609352548,0.14148418602253912,0.20326880817391554,0.1370811747688067,0.13709880040967276,0.14585438536882775,0.10829917999960018,0.013039689758329212,1.0700731502730244e-17,0.0,0.0,0.0,0.0,0.0,0.0,0.0,0.0,0.0,0.0,0.0,0.0,0.0,0.0,0.0,0.0,0.0,0.0,0.0,0.0
CC(C)(C)C(C)(C)C,CC(C)(C)C(C)(C)C,298.15,0.0,aux_only_sigma_profile_stream,,,No,False,0.0,False,0.0,False,0.0,0.0,0.0,False,0.0,False,True,170.13661000000002,0.0,0.0,0.0,0.0,0.0,0.0,0.0,0.0,0.0,0.0,0.0,0.0,0.0,0.0,0.0,0.0,0.0,0.0,0.0,0.0,0.0,0.015842663040741375,0.13801794463328085,0.1381552135140015,0.1801105778188568,0.11424076681112195,0.10842262508575137,0.13038048920599218,0.16113165353905015,0.013698066351203717,1.1887541609214728e-17,0.0,0.0,0.0,0.0,0.0,0.0,0.0,0.0,0.0,0.0,0.0,0.0,0.0,0.0,0.0,0.0,0.0,0.0,0.0,0.0
CCCCCCCCC,CCCCCCCCC,298.15,0.0,aux_only_sigma_profile_stream,,,No,False,0.0,False,0.0,False,0.0,0.0,0.0,False,0.0,False,True,216.92979000000017,0.0,0.0,0.0,0.0,0.0,0.0,0.0,0.0,0.0,0.0,0.0,0.0,0.0,0.0,0.0,0.0,0.0,0.0,0.0,0.0,0.0,0.0025233777210214954,0.05347470309230836,0.15920588733116225,0.23060704399588025,0.17654571990754322,0.16263120357126828,0.12147378355499575,0.09212480765033694,0.0014134731754834539,1.2943239589826709e-18,0.0,0.0,0.0,0.0,0.0,0.0,0.0,0.0,0.0,0.0,0.0,0.0,0.0,0.0,0.0,0.0,0.0,0.0,0.0,0.0
CC(C)CCC(C)(C)C,CC(C)CCC(C)(C)C,298.15,0.0,aux_only_sigma_profile_stream,,,No,False,0.0,False,0.0,False,0.0,0.0,0.0,False,0.0,False,True,201.5996200000002,0.0,0.0,0.0,0.0,0.0,0.0,0.0,0.0,0.0,0.0,0.0,0.0,0.0,0.0,0.0,0.0,0.0,0.0,0.0,0.0,0.0,0.004103464449198477,0.09393862647570808,0.17337345083589278,0.21065504919838318,0.11842417080359119,0.12296113257924732,0.14137497821760414,0.12248831530431842,0.012680812136056345,1.1444455271297316e-17,0.0,0.0,0.0,0.0,0.0,0.0,0.0,0.0,0.0,0.0,0.0,0.0,0.0,0.0,0.0,0.0,0.0,0.0,0.0,0.0
CCC(C)CC(C)(C)CC,CCC(C)CC(C)(C)CC,298.15,0.0,aux_only_sigma_profile_stream,,,No,False,0.0,False,0.0,False,0.0,0.0,0.0,False,0.0,False,True,212.15038000000004,0.0,0.0,0.0,0.0,0.0,0.0,0.0,0.0,0.0,0.0,0.0,0.0,0.0,0.0,0.0,0.0,0.0,0.0,0.0,0.0,0.0,0.01107960903966634,0.09121005876679834,0.14891463446185813,0.20663493180365972,0.13578812559834583,0.14025103124617402,0.1597398424780167,0.09453475576019707,0.011847010845283706,9.664306695733922e-18,0.0,0.0,0.0,0.0,0.0,0.0,0.0,0.0,0.0,0.0,0.0,0.0,0.0,0.0,0.0,0.0,0.0,0.0,0.0,0.0
CCC(C)(C)CC(C)C,CCC(C)(C)CC(C)C,298.15,0.0,aux_only_sigma_profile_stream,,,No,False,0.0,False,0.0,False,0.0,0.0,0.0,False,0.0,False,True,194.47761000000008,0.0,0.0,0.0,0.0,0.0,0.0,0.0,0.0,0.0,0.0,0.0,0.0,0.0,0.0,0.0,0.0,0.0,0.0,0.0,0.0,0.0003861530414155808,0.009344451125783576,0.09602226553528344,0.15712901118409822,0.20154997674956865,0.13350182924849646,0.13110188141841567,0.1462754792069811,0.11118038972020014,0.01350856276975709,1.081029434570634e-17,0.0,0.0,0.0,0.0,0.0,0.0,0.0,0.0,0.0,0.0,0.0,0.0,0.0,0.0,0.0,0.0,0.0,0.0,0.0,0.0
CCC(CC)(CC)CC,CCC(CC)(CC)CC,298.15,0.0,aux_only_sigma_profile_stream,,,No,False,0.0,False,0.0,False,0.0,0.0,0.0,False,0.0,False,True,188.7630900000001,0.0,0.0,0.0,0.0,0.0,0.0,0.0,0.0,0.0,0.0,0.0,0.0,0.0,0.0,0.0,0.0,0.0,0.0,0.0,0.0,0.0,0.0012373205827430557,0.07048955100607805,0.17413543621984776,0.201779724596274,0.1382115807262971,0.16621376363869114,0.16340530500743594,0.08186512885005641,0.0026621893725764807,2.354781125593653e-18,0.0,0.0,0.0,0.0,0.0,0.0,0.0,0.0,0.0,0.0,0.0,0.0,0.0,0.0,0.0,0.0,0.0,0.0,0.0,0.0
CCC(C)(C)C(C)(C)C,CCC(C)(C)C(C)(C)C,298.15,0.0,aux_only_sigma_profile_stream,,,No,False,0.0,False,0.0,False,0.0,0.0,0.0,False,0.0,False,True,184.71061,0.0,0.0,0.0,0.0,0.0,0.0,0.0,0.0,0.0,0.0,0.0,0.0,0.0,0.0,0.0,0.0,0.0,0.0,0.0,0.0,0.0,0.005718264853135182,0.11444761197301229,0.14966708070024295,0.18196291048060528,0.1319853422800596,0.13900303327289157,0.15308566026301573,0.11817528311228682,0.005954813064750584,4.551877623139639e-18,0.0,0.0,0.0,0.0,0.0,0.0,0.0,0.0,0.0,0.0,0.0,0.0,0.0,0.0,0.0,0.0,0.0,0.0,0.0,0.0
CC(C)C(C)C(C)(C)C,CC(C)C(C)C(C)(C)C,298.15,0.0,aux_only_sigma_profile_stream,,,No,False,0.0,False,0.0,False,0.0,0.0,0.0,False,0.0,False,True,187.90836999999996,0.0,0.0,0.0,0.0,0.0,0.0,0.0,0.0,0.0,0.0,0.0,0.0,0.0,0.0,0.0,0.0,0.0,0.0,0.0,0.0,0.0,0.011198050967782544,0.1003933538053803,0.155240911550303,0.20218743588654464,0.1323173445176221,0.11900831438495744,0.14277977060341113,0.12097997551736787,0.015894842766630942,1.3727686402814228e-17,0.0,0.0,0.0,0.0,0.0,0.0,0.0,0.0,0.0,0.0,0.0,0.0,0.0,0.0,0.0,0.0,0.0,0.0,0.0,0.0
CC(C)(C)CC(C)(C)C,CC(C)(C)CC(C)(C)C,298.15,0.0,aux_only_sigma_profile_stream,,,No,False,0.0,False,0.0,False,0.0,0.0,0.0,False,0.0,False,True,189.89558000000008,0.0,0.0,0.0,0.0,0.0,0.0,0.0,0.0,0.0,0.0,0.0,0.0,0.0,0.0,0.0,0.0,0.0,0.0,0.0,0.0,0.0,0.008620288437398276,0.102144876752323,0.18659491572817063,0.19760573255853597,0.10731957938077702,0.09994406181264247,0.12944050830094883,0.15149025392820983,0.01683978310099397,1.3627506091246903e-17,0.0,0.0,0.0,0.0,0.0,0.0,0.0,0.0,0.0,0.0,0.0,0.0,0.0,0.0,0.0,0.0,0.0,0.0,0.0,0.0
CC(C)C(C)(C)C(C)C,CC(C)C(C)(C)C(C)C,298.15,0.0,aux_only_sigma_profile_stream,,,No,False,0.0,False,0.0,False,0.0,0.0,0.0,False,0.0,False,True,186.12318000000005,0.0,0.0,0.0,0.0,0.0,0.0,0.0,0.0,0.0,0.0,0.0,0.0,0.0,0.0,0.0,0.0,0.0,0.0,0.0,0.0,0.00024764988185634637,0.010675398915126958,0.0970772793040367,0.16300990475327679,0.2045902427460389,0.1259197917866662,0.12027587740607319,0.13952658398417164,0.12016989459522179,0.01850737662753145,1.6506414019837137e-17,0.0,0.0,0.0,0.0,0.0,0.0,0.0,0.0,0.0,0.0,0.0,0.0,0.0,0.0,0.0,0.0,0.0,0.0,0.0,0.0
CCCCCCCCCC,CCCCCCCCCC,298.15,0.0,aux_only_sigma_profile_stream,,,No,False,0.0,False,0.0,False,0.0,0.0,0.0,False,0.0,False,True,236.9372800000001,0.0,0.0,0.0,0.0,0.0,0.0,0.0,0.0,0.0,0.0,0.0,0.0,0.0,0.0,0.0,0.0,0.0,0.0,0.0,0.0,0.0,0.002399137426275387,0.0509760519701387,0.1600702250864186,0.23125845801581826,0.1808279929239349,0.16207329741450727,0.11855823307548514,0.09233009650868107,0.0015065075787405546,1.2796887191070507e-18,0.0,0.0,0.0,0.0,0.0,0.0,0.0,0.0,0.0,0.0,0.0,0.0,0.0,0.0,0.0,0.0,0.0,0.0,0.0,0.0
CCCC(C)(C)C(C)(C)C,CCCC(C)(C)C(C)(C)C,298.15,0.0,aux_only_sigma_profile_stream,,,No,False,0.0,False,0.0,False,0.0,0.0,0.0,False,0.0,False,True,204.91834000000003,0.0,0.0,0.0,0.0,0.0,0.0,0.0,0.0,0.0,0.0,0.0,0.0,0.0,0.0,0.0,0.0,0.0,0.0,0.0,0.0,0.0,0.010775483362327401,0.1221163567748987,0.14307024048231895,0.18293461906404176,0.1273255444281278,0.136045976981257,0.13931588464808517,0.12085832638820077,0.01755756787074236,1.4893982032814895e-17,0.0,0.0,0.0,0.0,0.0,0.0,0.0,0.0,0.0,0.0,0.0,0.0,0.0,0.0,0.0,0.0,0.0,0.0,0.0,0.0
CC(C)(C)CCC(C)(C)C,CC(C)(C)CCC(C)(C)C,298.15,0.0,aux_only_sigma_profile_stream,,,No,False,0.0,False,0.0,False,0.0,0.0,0.0,False,0.0,False,True,213.6944100000001,0.0,0.0,0.0,0.0,0.0,0.0,0.0,0.0,0.0,0.0,0.0,0.0,0.0,0.0,0.0,0.0,0.0,0.0,0.0,0.0,0.0,0.00453502964617138,0.09956319636432981,0.18751250115632592,0.19999678816518407,0.10927417946789388,0.111466508546494,0.1319208776792537,0.13950761022388414,0.016223308750463097,1.308185883297619e-17,0.0,0.0,0.0,0.0,0.0,0.0,0.0,0.0,0.0,0.0,0.0,0.0,0.0,0.0,0.0,0.0,0.0,0.0,0.0,0.0
CCCCCCCCCCC,CCCCCCCCCCC,298.15,0.0,aux_only_sigma_profile_stream,,,No,False,0.0,False,0.0,False,0.0,0.0,0.0,False,0.0,False,True,256.73316,0.0,0.0,0.0,0.0,0.0,0.0,0.0,0.0,0.0,0.0,0.0,0.0,0.0,0.0,0.0,0.0,0.0,0.0,0.0,0.0,0.0,0.002139784222446193,0.04834445029731847,0.15948598056565505,0.2355435327574502,0.1816548736005906,0.16438997834099656,0.11461887580858701,0.09243389145955318,0.0013886329474028989,1.1281617291205479e-18,0.0,0.0,0.0,0.0,0.0,0.0,0.0,0.0,0.0,0.0,0.0,0.0,0.0,0.0,0.0,0.0,0.0,0.0,0.0,0.0
CCCCCCCCCCCC,CCCCCCCCCCCC,298.15,0.0,aux_only_sigma_profile_stream,,,No,False,0.0,False,0.0,False,0.0,0.0,0.0,False,0.0,False,True,276.6583400000002,0.0,0.0,0.0,0.0,0.0,0.0,0.0,0.0,0.0,0.0,0.0,0.0,0.0,0.0,0.0,0.0,0.0,0.0,0.0,0.0,0.0,0.0020320238535739663,0.046251834953339226,0.16046560628193887,0.23629927577579393,0.18404187392925067,0.16467760592518146,0.11231562202362913,0.09254080240743034,0.001375354849862331,1.0942194444972553e-18,0.0,0.0,0.0,0.0,0.0,0.0,0.0,0.0,0.0,0.0,0.0,0.0,0.0,0.0,0.0,0.0,0.0,0.0,0.0,0.0
CCCCCCCCCCCCC,CCCCCCCCCCCCC,298.15,0.0,aux_only_sigma_profile_stream,,,No,False,0.0,False,0.0,False,0.0,0.0,0.0,False,0.0,False,True,296.87300000000033,0.0,0.0,0.0,0.0,0.0,0.0,0.0,0.0,0.0,0.0,0.0,0.0,0.0,0.0,0.0,0.0,0.0,0.0,0.0,0.0,0.0,0.0018138333439700089,0.04364852126455488,0.16402500109764023,0.2336552835267546,0.18740866454045044,0.16653201282179467,0.1103279339806438,0.09000288589709293,0.002585863527098477,2.3546792137533968e-18,0.0,0.0,0.0,0.0,0.0,0.0,0.0,0.0,0.0,0.0,0.0,0.0,0.0,0.0,0.0,0.0,0.0,0.0,0.0,0.0
CCCCCCCCCCCCCC,CCCCCCCCCCCCCC,298.15,0.0,aux_only_sigma_profile_stream,,,No,False,0.0,False,0.0,False,0.0,0.0,0.0,False,0.0,False,True,316.99831000000023,0.0,0.0,0.0,0.0,0.0,0.0,0.0,0.0,0.0,0.0,0.0,0.0,0.0,0.0,0.0,0.0,0.0,0.0,0.0,0.0,0.0,0.0016685810922386168,0.04248108621873349,0.16216027196579935,0.2364914397396246,0.18843527912899743,0.1676345790770319,0.10974252036845646,0.0893898829545179,0.0019963594546003184,1.8049415111608592e-18,0.0,0.0,0.0,0.0,0.0,0.0,0.0,0.0,0.0,0.0,0.0,0.0,0.0,0.0,0.0,0.0,0.0,0.0,0.0,0.0
CCCCCCCCCCCCCCC,CCCCCCCCCCCCCCC,298.15,0.0,aux_only_sigma_profile_stream,,,No,False,0.0,False,0.0,False,0.0,0.0,0.0,False,0.0,False,True,336.6937300000004,0.0,0.0,0.0,0.0,0.0,0.0,0.0,0.0,0.0,0.0,0.0,0.0,0.0,0.0,0.0,0.0,0.0,0.0,0.0,0.0,0.0,0.0016490292863962073,0.04105708180233532,0.16237744737272222,0.23777012925024354,0.189842149027513,0.16747588836546326,0.10799028625245637,0.08994456566893409,0.001893422973935984,1.6981616643309696e-18,0.0,0.0,0.0,0.0,0.0,0.0,0.0,0.0,0.0,0.0,0.0,0.0,0.0,0.0,0.0,0.0,0.0,0.0,0.0,0.0
CCCCCCCCCCCCCCCC,CCCCCCCCCCCCCCCC,298.15,0.0,aux_only_sigma_profile_stream,,,No,False,0.0,False,0.0,False,0.0,0.0,0.0,False,0.0,False,True,356.8653600000001,0.0,0.0,0.0,0.0,0.0,0.0,0.0,0.0,0.0,0.0,0.0,0.0,0.0,0.0,0.0,0.0,0.0,0.0,0.0,0.0,0.0,0.0014969854748592265,0.03984303601745324,0.16138326134384154,0.2404223841409821,0.19157740138604873,0.1667270623923414,0.10578986121694996,0.0909404457883816,0.0018195622391422351,1.5409380260751793e-18,0.0,0.0,0.0,0.0,0.0,0.0,0.0,0.0,0.0,0.0,0.0,0.0,0.0,0.0,0.0,0.0,0.0,0.0,0.0,0.0
CCCCCCCCCCCCCCCCC,CCCCCCCCCCCCCCCCC,298.15,0.0,aux_only_sigma_profile_stream,,,No,False,0.0,False,0.0,False,0.0,0.0,0.0,False,0.0,False,True,376.57937000000027,0.0,0.0,0.0,0.0,0.0,0.0,0.0,0.0,0.0,0.0,0.0,0.0,0.0,0.0,0.0,0.0,0.0,0.0,0.0,0.0,0.0,0.001430761678425607,0.038237174165685735,0.1600412192090713,0.244693418509001,0.19128241293180837,0.16795838052638054,0.10456385293497059,0.09050559111919135,0.001287188925465353,1.1031918485045407e-18,0.0,0.0,0.0,0.0,0.0,0.0,0.0,0.0,0.0,0.0,0.0,0.0,0.0,0.0,0.0,0.0,0.0,0.0,0.0,0.0
CCCCCCCCCCCCCCCCCC,CCCCCCCCCCCCCCCCCC,298.15,0.0,aux_only_sigma_profile_stream,,,No,False,0.0,False,0.0,False,0.0,0.0,0.0,False,0.0,False,True,396.2658500000002,0.0,0.0,0.0,0.0,0.0,0.0,0.0,0.0,0.0,0.0,0.0,0.0,0.0,0.0,0.0,0.0,0.0,0.0,0.0,0.0,0.0,0.001299681694090517,0.03887277888578971,0.16074443759233675,0.24277092188772373,0.19358692550392007,0.16663327678454945,0.10224113904145002,0.09132374959527696,0.002527089014862773,2.1210445162175434e-18,0.0,0.0,0.0,0.0,0.0,0.0,0.0,0.0,0.0,0.0,0.0,0.0,0.0,0.0,0.0,0.0,0.0,0.0,0.0,0.0
CCCCCCCCCCCCCCCCCCC,CCCCCCCCCCCCCCCCCCC,298.15,0.0,aux_only_sigma_profile_stream,,,No,False,0.0,False,0.0,False,0.0,0.0,0.0,False,0.0,False,True,416.1325499999997,0.0,0.0,0.0,0.0,0.0,0.0,0.0,0.0,0.0,0.0,0.0,0.0,0.0,0.0,0.0,0.0,0.0,0.0,0.0,0.0,0.0,0.00131977966913157,0.03732494186909084,0.16079184347961742,0.24435116022344344,0.19377045371906013,0.16831385059842366,0.10146203276624632,0.09039046595802523,0.0022754717169614007,1.9399703072405334e-18,0.0,0.0,0.0,0.0,0.0,0.0,0.0,0.0,0.0,0.0,0.0,0.0,0.0,0.0,0.0,0.0,0.0,0.0,0.0,0.0
CCCCCCC(C)(C)C,CCCCCCC(C)(C)C,298.15,0.0,aux_only_sigma_profile_stream,,,No,False,0.0,False,0.0,False,0.0,0.0,0.0,False,0.0,False,True,225.70297000000005,0.0,0.0,0.0,0.0,0.0,0.0,0.0,0.0,0.0,0.0,0.0,0.0,0.0,0.0,0.0,0.0,0.0,0.0,0.0,0.0,0.0,0.0033731052464403715,0.07288466524619684,0.17700041464649666,0.21587131223752076,0.14248041469416325,0.13985712679905982,0.1246251982045411,0.11434236082320182,0.009565402102379467,8.871508291984988e-18,0.0,0.0,0.0,0.0,0.0,0.0,0.0,0.0,0.0,0.0,0.0,0.0,0.0,0.0,0.0,0.0,0.0,0.0,0.0,0.0
CCCCCCCCCCCCCCCCCCCC,CCCCCCCCCCCCCCCCCCCC,298.15,0.0,aux_only_sigma_profile_stream,,,No,False,0.0,False,0.0,False,0.0,0.0,0.0,False,0.0,False,True,436.5402000000004,0.0,0.0,0.0,0.0,0.0,0.0,0.0,0.0,0.0,0.0,0.0,0.0,0.0,0.0,0.0,0.0,0.0,0.0,0.0,0.0,0.0,0.0012222690253909986,0.03741431922576572,0.16140901899968238,0.24316389889595486,0.19735922151468965,0.16506664176373273,0.09898874042574238,0.09198919603926664,0.003386694109774584,2.6829709150817107e-18,0.0,0.0,0.0,0.0,0.0,0.0,0.0,0.0,0.0,0.0,0.0,0.0,0.0,0.0,0.0,0.0,0.0,0.0,0.0,0.0
CCCCCCCCCCCCCCCCCCCCC,CCCCCCCCCCCCCCCCCCCCC,298.15,0.0,aux_only_sigma_profile_stream,,,No,False,0.0,False,0.0,False,0.0,0.0,0.0,False,0.0,False,True,456.0726300000006,0.0,0.0,0.0,0.0,0.0,0.0,0.0,0.0,0.0,0.0,0.0,0.0,0.0,0.0,0.0,0.0,0.0,0.0,0.0,0.0,0.0,0.0011976714680335572,0.03589703003811872,0.16066943131502676,0.24573228872230254,0.19533282254904288,0.168990726455367,0.09998834980654385,0.08986572129088792,0.0023259583546768607,1.793537268197859e-18,0.0,0.0,0.0,0.0,0.0,0.0,0.0,0.0,0.0,0.0,0.0,0.0,0.0,0.0,0.0,0.0,0.0,0.0,0.0,0.0
CCCCCCCCCCCCCCCCCCCCCC,CCCCCCCCCCCCCCCCCCCCCC,298.15,0.0,aux_only_sigma_profile_stream,,,No,False,0.0,False,0.0,False,0.0,0.0,0.0,False,0.0,False,True,475.70944000000094,0.0,0.0,0.0,0.0,0.0,0.0,0.0,0.0,0.0,0.0,0.0,0.0,0.0,0.0,0.0,0.0,0.0,0.0,0.0,0.0,0.0,0.0011641846441044071,0.035871012051177695,0.16054324791400515,0.24580384125869303,0.19824404282593994,0.1662821521895362,0.09733832902142452,0.09146165867630947,0.003291531418809488,3.081850324463739e-18,0.0,0.0,0.0,0.0,0.0,0.0,0.0,0.0,0.0,0.0,0.0,0.0,0.0,0.0,0.0,0.0,0.0,0.0,0.0,0.0
CCCCCCCCCCCCCCCCCCCCCCC,CCCCCCCCCCCCCCCCCCCCCCC,298.15,0.0,aux_only_sigma_profile_stream,,,No,False,0.0,False,0.0,False,0.0,0.0,0.0,False,0.0,False,True,496.2701100000006,0.0,0.0,0.0,0.0,0.0,0.0,0.0,0.0,0.0,0.0,0.0,0.0,0.0,0.0,0.0,0.0,0.0,0.0,0.0,0.0,0.0,0.0010941390274306995,0.03424910494176711,0.16081102091625127,0.24698701539766288,0.19726515350103127,0.1687638728295766,0.09815923394824169,0.09064086164870022,0.0020295977893382273,1.6631009923911089e-18,0.0,0.0,0.0,0.0,0.0,0.0,0.0,0.0,0.0,0.0,0.0,0.0,0.0,0.0,0.0,0.0,0.0,0.0,0.0,0.0
CCCCCCCCCCCCCCCCCCCCCCCC,CCCCCCCCCCCCCCCCCCCCCCCC,298.15,0.0,aux_only_sigma_profile_stream,,,No,False,0.0,False,0.0,False,0.0,0.0,0.0,False,0.0,False,True,515.3987700000002,0.0,0.0,0.0,0.0,0.0,0.0,0.0,0.0,0.0,0.0,0.0,0.0,0.0,0.0,0.0,0.0,0.0,0.0,0.0,0.0,0.0,0.0010160179541670593,0.03462252430421986,0.16018170987044278,0.24767953742699453,0.19710716213152188,0.16900726549737585,0.09744607841158018,0.09051550221653376,0.002424202187164027,2.09750940601454e-18,0.0,0.0,0.0,0.0,0.0,0.0,0.0,0.0,0.0,0.0,0.0,0.0,0.0,0.0,0.0,0.0,0.0,0.0,0.0,0.0
CCCCCCCCCCCCCCCCCCCCCCCCC,CCCCCCCCCCCCCCCCCCCCCCCCC,298.15,0.0,aux_only_sigma_profile_stream,,,No,False,0.0,False,0.0,False,0.0,0.0,0.0,False,0.0,False,True,535.5346999999998,0.0,0.0,0.0,0.0,0.0,0.0,0.0,0.0,0.0,0.0,0.0,0.0,0.0,0.0,0.0,0.0,0.0,0.0,0.0,0.0,0.0,0.001034623876035682,0.033687211601100796,0.1605839402225552,0.2482864003576613,0.19796556897367068,0.16905789776358177,0.09592280440187745,0.09092482246503862,0.002536730338478441,2.4117105820144455e-18,0.0,0.0,0.0,0.0,0.0,0.0,0.0,0.0,0.0,0.0,0.0,0.0,0.0,0.0,0.0,0.0,0.0,0.0,0.0,0.0
CCCCCCCCCCCCCCCCCCCCCCCCCC,CCCCCCCCCCCCCCCCCCCCCCCCCC,298.15,0.0,aux_only_sigma_profile_stream,,,No,False,0.0,False,0.0,False,0.0,0.0,0.0,False,0.0,False,True,556.1380700000003,0.0,0.0,0.0,0.0,0.0,0.0,0.0,0.0,0.0,0.0,0.0,0.0,0.0,0.0,0.0,0.0,0.0,0.0,0.0,0.0,0.0,0.0009557112183538373,0.032906408916423796,0.16095238943034176,0.2480700132287723,0.19879768252711766,0.16929425109591553,0.09620732278579484,0.09081071336045395,0.0020055074368263612,1.6408920420874901e-18,0.0,0.0,0.0,0.0,0.0,0.0,0.0,0.0,0.0,0.0,0.0,0.0,0.0,0.0,0.0,0.0,0.0,0.0,0.0,0.0
CCCCCCCCCCCCCCCCCCCCCCCCCCC,CCCCCCCCCCCCCCCCCCCCCCCCCCC,298.15,0.0,aux_only_sigma_profile_stream,,,No,False,0.0,False,0.0,False,0.0,0.0,0.0,False,0.0,False,True,575.6572200000011,0.0,0.0,0.0,0.0,0.0,0.0,0.0,0.0,0.0,0.0,0.0,0.0,0.0,0.0,0.0,0.0,0.0,0.0,0.0,0.0,0.0,0.0009484176230900084,0.03258443257654112,0.1606926372153631,0.24927013392157532,0.1985793828723937,0.16987833558260682,0.09505375249407955,0.09074584569268775,0.002247062021662731,1.798001878318317e-18,0.0,0.0,0.0,0.0,0.0,0.0,0.0,0.0,0.0,0.0,0.0,0.0,0.0,0.0,0.0,0.0,0.0,0.0,0.0,0.0
CCCCCCC(C)CC,CCCCCCC(C)CC,298.15,0.0,aux_only_sigma_profile_stream,,,No,False,0.0,False,0.0,False,0.0,0.0,0.0,False,0.0,False,True,230.5683400000001,0.0,0.0,0.0,0.0,0.0,0.0,0.0,0.0,0.0,0.0,0.0,0.0,0.0,0.0,0.0,0.0,0.0,0.0,0.0,0.0,0.0,0.003828669872351762,0.06677072300915253,0.1527830666347973,0.22439328097836797,0.16314671569917877,0.158551267432876,0.14138676885656107,0.08405447941263225,0.005085028104082285,4.4354255769764295e-18,0.0,0.0,0.0,0.0,0.0,0.0,0.0,0.0,0.0,0.0,0.0,0.0,0.0,0.0,0.0,0.0,0.0,0.0,0.0,0.0
CCCCCCCC(C)C,CCCCCCCC(C)C,298.15,0.0,aux_only_sigma_profile_stream,,,No,False,0.0,False,0.0,False,0.0,0.0,0.0,False,0.0,False,True,232.88742,0.0,0.0,0.0,0.0,0.0,0.0,0.0,0.0,0.0,0.0,0.0,0.0,0.0,0.0,0.0,0.0,0.0,0.0,0.0,0.0,0.0,0.002697676131769058,0.06210152118888908,0.16022964983646948,0.22891951839501462,0.16586373187095937,0.1532366929143403,0.12473965728401085,0.09686012152009155,0.005351430858455687,4.515515476244322e-18,0.0,0.0,0.0,0.0,0.0,0.0,0.0,0.0,0.0,0.0,0.0,0.0,0.0,0.0,0.0,0.0,0.0,0.0,0.0,0.0
CCCCCC(C)CCC,CCCCCC(C)CCC,298.15,0.0,aux_only_sigma_profile_stream,,,No,False,0.0,False,0.0,False,0.0,0.0,0.0,False,0.0,False,True,230.74391000000017,0.0,0.0,0.0,0.0,0.0,0.0,0.0,0.0,0.0,0.0,0.0,0.0,0.0,0.0,0.0,0.0,0.0,0.0,0.0,0.0,0.0,0.0034375862620591477,0.06500639489051822,0.15957767531031472,0.2199896168199055,0.162375401136094,0.15936300583355753,0.1404921321075259,0.08427808092465533,0.005480106715369646,4.360972060347167e-18,0.0,0.0,0.0,0.0,0.0,0.0,0.0,0.0,0.0,0.0,0.0,0.0,0.0,0.0,0.0,0.0,0.0,0.0,0.0,0.0
CCCCC(C)CCCC,CCCCC(C)CCCC,298.15,0.0,aux_only_sigma_profile_stream,,,No,False,0.0,False,0.0,False,0.0,0.0,0.0,False,0.0,False,True,230.52945999999997,0.0,0.0,0.0,0.0,0.0,0.0,0.0,0.0,0.0,0.0,0.0,0.0,0.0,0.0,0.0,0.0,0.0,0.0,0.0,0.0,0.0,0.003499899364738585,0.0640030216301713,0.15860785041501643,0.22239321299320966,0.16131369116468847,0.15875381919887116,0.14441277296995664,0.08246324797813781,0.004552484285209969,4.022515347310748e-18,0.0,0.0,0.0,0.0,0.0,0.0,0.0,0.0,0.0,0.0,0.0,0.0,0.0,0.0,0.0,0.0,0.0,0.0,0.0,0.0
CCCCCCC(C)C,CCCCCCC(C)C,298.15,0.0,aux_only_sigma_profile_stream,,,No,False,0.0,False,0.0,False,0.0,0.0,0.0,False,0.0,False,True,212.8610400000002,0.0,0.0,0.0,0.0,0.0,0.0,0.0,0.0,0.0,0.0,0.0,0.0,0.0,0.0,0.0,0.0,0.0,0.0,0.0,0.0,0.0,0.0029771338606261735,0.0657116221437173,0.160143290874165,0.22603219731626537,0.1623784725758207,0.15086893101160442,0.12944493959975845,0.09648553269159392,0.005957879926448677,4.914072633427052e-18,0.0,0.0,0.0,0.0,0.0,0.0,0.0,0.0,0.0,0.0,0.0,0.0,0.0,0.0,0.0,0.0,0.0,0.0,0.0,0.0
CCCCCC(C)CC,CCCCCC(C)CC,298.15,0.0,aux_only_sigma_profile_stream,,,No,False,0.0,False,0.0,False,0.0,0.0,0.0,False,0.0,False,True,210.62847000000005,0.0,0.0,0.0,0.0,0.0,0.0,0.0,0.0,0.0,0.0,0.0,0.0,0.0,0.0,0.0,0.0,0.0,0.0,0.0,0.0,0.0,0.004475019625013793,0.06946284975115237,0.153775762018343,0.2202451048300493,0.15862189539068147,0.1577898306882749,0.14729227422712934,0.08321868433479004,0.005118579134565853,4.41617960354153e-18,0.0,0.0,0.0,0.0,0.0,0.0,0.0,0.0,0.0,0.0,0.0,0.0,0.0,0.0,0.0,0.0,0.0,0.0,0.0,0.0
CCCCC(C)CCC,CCCCC(C)CCC,298.15,0.0,aux_only_sigma_profile_stream,,,No,False,0.0,False,0.0,False,0.0,0.0,0.0,False,0.0,False,True,210.70988999999997,0.0,0.0,0.0,0.0,0.0,0.0,0.0,0.0,0.0,0.0,0.0,0.0,0.0,0.0,0.0,0.0,0.0,0.0,0.0,0.0,0.0,0.0034240114241596876,0.07110776610239182,0.15562810512719033,0.21775228709150532,0.15781552736306304,0.15769302089756207,0.14828790754091892,0.0830119947053781,0.005279379747830821,4.5227253825986545e-18,0.0,0.0,0.0,0.0,0.0,0.0,0.0,0.0,0.0,0.0,0.0,0.0,0.0,0.0,0.0,0.0,0.0,0.0,0.0,0.0
CCCCC(CC)CC,CCCCC(CC)CC,298.15,0.0,aux_only_sigma_profile_stream,,,No,False,0.0,False,0.0,False,0.0,0.0,0.0,False,0.0,False,True,206.53293000000016,0.0,0.0,0.0,0.0,0.0,0.0,0.0,0.0,0.0,0.0,0.0,0.0,0.0,0.0,0.0,0.0,0.0,0.0,0.0,0.0,0.0,0.0032159423703354453,0.06593744739640453,0.15372738926882792,0.22024269780924172,0.1675526604946072,0.15815403807556586,0.1471115852270753,0.0802573111408829,0.003800928217059103,3.4508946695797897e-18,0.0,0.0,0.0,0.0,0.0,0.0,0.0,0.0,0.0,0.0,0.0,0.0,0.0,0.0,0.0,0.0,0.0,0.0,0.0,0.0
CCCCCC(C)(C)C,CCCCCC(C)(C)C,298.15,0.0,aux_only_sigma_profile_stream,,,No,False,0.0,False,0.0,False,0.0,0.0,0.0,False,0.0,False,True,205.94755000000015,0.0,0.0,0.0,0.0,0.0,0.0,0.0,0.0,0.0,0.0,0.0,0.0,0.0,0.0,0.0,0.0,0.0,0.0,0.0,0.0,0.0,0.0036811120636420845,0.07751910676633829,0.17892436018474156,0.21133442790760543,0.13656603611809695,0.13663625945929522,0.12906286106254033,0.11604671289679522,0.010229123540944907,8.256509699158607e-18,0.0,0.0,0.0,0.0,0.0,0.0,0.0,0.0,0.0,0.0,0.0,0.0,0.0,0.0,0.0,0.0,0.0,0.0,0.0,0.0
CCCCCCCCC(C)CC,CCCCCCCCC(C)CC,298.15,0.0,aux_only_sigma_profile_stream,,,No,False,0.0,False,0.0,False,0.0,0.0,0.0,False,0.0,False,True,270.38505999999995,0.0,0.0,0.0,0.0,0.0,0.0,0.0,0.0,0.0,0.0,0.0,0.0,0.0,0.0,0.0,0.0,0.0,0.0,0.0,0.0,0.0,0.003794600559236225,0.057750480294704205,0.1555976321726545,0.22929065684026667,0.17066360762944338,0.16210847228812977,0.1323365441515696,0.08437993846676664,0.004078067597229042,3.845172154265168e-18,0.0,0.0,0.0,0.0,0.0,0.0,0.0,0.0,0.0,0.0,0.0,0.0,0.0,0.0,0.0,0.0,0.0,0.0,0.0,0.0
C1CCCCC1,C1CCCCC1,298.15,0.0,aux_only_sigma_profile_stream,,,No,False,0.0,False,0.0,False,0.0,0.0,0.0,False,0.0,False,True,134.55154,0.0,0.0,0.0,0.0,0.0,0.0,0.0,0.0,0.0,0.0,0.0,0.0,0.0,0.0,0.0,0.0,0.0,0.0,0.0,0.0,0.0,0.0,0.03920097676726865,0.1761162883344286,0.21561522433767016,0.20960383747406533,0.132798297620442,0.15836760669604893,0.06829776877007644,0.0,0.0,0.0,0.0,0.0,0.0,0.0,0.0,0.0,0.0,0.0,0.0,0.0,0.0,0.0,0.0,0.0,0.0,0.0,0.0,0.0,0.0
CC1CCCCC1,CC1CCCCC1,298.15,0.0,aux_only_sigma_profile_stream,,,No,False,0.0,False,0.0,False,0.0,0.0,0.0,False,0.0,False,True,150.87819000000013,0.0,0.0,0.0,0.0,0.0,0.0,0.0,0.0,0.0,0.0,0.0,0.0,0.0,0.0,0.0,0.0,0.0,0.0,0.0,0.0,0.0,0.0010394723163966698,0.04658640265818348,0.16524733700303523,0.23117199034139174,0.18468225931660484,0.157747894764662,0.13123696281399239,0.07841373951717866,0.003873941268554895,3.5242851436729866e-18,0.0,0.0,0.0,0.0,0.0,0.0,0.0,0.0,0.0,0.0,0.0,0.0,0.0,0.0,0.0,0.0,0.0,0.0,0.0,0.0
CCC1CCCCC1,CCC1CCCCC1,298.15,0.0,aux_only_sigma_profile_stream,,,No,False,0.0,False,0.0,False,0.0,0.0,0.0,False,0.0,False,True,168.95522,0.0,0.0,0.0,0.0,0.0,0.0,0.0,0.0,0.0,0.0,0.0,0.0,0.0,0.0,0.0,0.0,0.0,0.0,0.0,0.0,0.0,0.0017928696602608311,0.04950436065191698,0.15720133839744227,0.22679741253479355,0.18271010059593068,0.16854980814269663,0.14856287426059106,0.06301450348748207,0.001866732268886022,1.7511439752585737e-18,0.0,0.0,0.0,0.0,0.0,0.0,0.0,0.0,0.0,0.0,0.0,0.0,0.0,0.0,0.0,0.0,0.0,0.0,0.0,0.0
CC1(CCCCC1)C,CC1(CCCCC1)C,298.15,0.0,aux_only_sigma_profile_stream,,,No,False,0.0,False,0.0,False,0.0,0.0,0.0,False,0.0,False,True,163.10495,0.0,0.0,0.0,0.0,0.0,0.0,0.0,0.0,0.0,0.0,0.0,0.0,0.0,0.0,0.0,0.0,0.0,0.0,0.0,0.0,0.0,0.002340601371499823,0.07111573915814945,0.18301648877730015,0.20686218162792852,0.1465321594043314,0.13619122057074357,0.14763220523146292,0.09807913537227901,0.00823026848630529,7.50023938880924e-18,0.0,0.0,0.0,0.0,0.0,0.0,0.0,0.0,0.0,0.0,0.0,0.0,0.0,0.0,0.0,0.0,0.0,0.0,0.0,0.0
C[C@@H]1CCCC[C@@H]1C,C[C@@H]1CCCC[C@@H]1C,298.15,0.0,aux_only_sigma_profile_stream,,,No,False,0.0,False,0.0,False,0.0,0.0,0.0,False,0.0,False,True,166.26497000000006,0.0,0.0,0.0,0.0,0.0,0.0,0.0,0.0,0.0,0.0,0.0,0.0,0.0,0.0,0.0,0.0,0.0,0.0,0.0,0.0,0.0,0.001159580076420192,0.05309170987933078,0.16760269405456418,0.22582914033417553,0.19191003253856292,0.1288698769402087,0.13611681727677627,0.08905844270148243,0.006361706198478968,6.164736529919033e-18,0.0,0.0,0.0,0.0,0.0,0.0,0.0,0.0,0.0,0.0,0.0,0.0,0.0,0.0,0.0,0.0,0.0,0.0,0.0,0.0
C[C@@H]1CCCC[C@H]1C,C[C@@H]1CCCC[C@H]1C,298.15,0.0,aux_only_sigma_profile_stream,,,No,False,0.0,False,0.0,False,0.0,0.0,0.0,False,0.0,False,True,166.55035000000012,0.0,0.0,0.0,0.0,0.0,0.0,0.0,0.0,0.0,0.0,0.0,0.0,0.0,0.0,0.0,0.0,0.0,0.0,0.0,0.0,0.0,0.004490382911587195,0.05661833281738412,0.1618334652150715,0.2242924574207822,0.17357065283571352,0.14968783787038445,0.1420546074293652,0.08145851819497461,0.005993745304737152,5.179177056777702e-18,0.0,0.0,0.0,0.0,0.0,0.0,0.0,0.0,0.0,0.0,0.0,0.0,0.0,0.0,0.0,0.0,0.0,0.0,0.0,0.0
C[C@@H]1CCC[C@@H](C1)C,C[C@@H]1CCC[C@@H](C1)C,298.15,0.0,aux_only_sigma_profile_stream,,,No,False,0.0,False,0.0,False,0.0,0.0,0.0,False,0.0,False,True,163.16121000000004,0.0,0.0,0.0,0.0,0.0,0.0,0.0,0.0,0.0,0.0,0.0,0.0,0.0,0.0,0.0,0.0,0.0,0.0,0.0,0.0,0.0003214367441566692,0.011577949303096056,0.057356228533613995,0.15666674849364376,0.214227353906315,0.17924447565590917,0.1429806790301383,0.14808474374997088,0.08393681204599668,0.005603572537159437,4.9163149468391245e-18,0.0,0.0,0.0,0.0,0.0,0.0,0.0,0.0,0.0,0.0,0.0,0.0,0.0,0.0,0.0,0.0,0.0,0.0,0.0,0.0
C[C@@H]1CCC[C@H](C1)C,C[C@@H]1CCC[C@H](C1)C,298.15,0.0,aux_only_sigma_profile_stream,,,No,False,0.0,False,0.0,False,0.0,0.0,0.0,False,0.0,False,True,166.9169700000001,0.0,0.0,0.0,0.0,0.0,0.0,0.0,0.0,0.0,0.0,0.0,0.0,0.0,0.0,0.0,0.0,0.0,0.0,0.0,0.0,0.0,0.0022166734374893804,0.06418499961006181,0.16661726351492534,0.2159954574415302,0.17089726898138086,0.14449358616814387,0.14128554777657468,0.08741871647171878,0.006890486598174945,6.005326845742289e-18,0.0,0.0,0.0,0.0,0.0,0.0,0.0,0.0,0.0,0.0,0.0,0.0,0.0,0.0,0.0,0.0,0.0,0.0,0.0,0.0
CC1CCC(CC1)C,CC1CCC(CC1)C,298.15,0.0,aux_only_sigma_profile_stream,,,No,False,0.0,False,0.0,False,0.0,0.0,0.0,False,0.0,False,True,166.90155999999996,0.0,0.0,0.0,0.0,0.0,0.0,0.0,0.0,0.0,0.0,0.0,0.0,0.0,0.0,0.0,0.0,0.0,0.0,0.0,0.0,0.0,0.0020672241094276834,0.06244778149869305,0.17070138729290493,0.21632947037797792,0.1693885956750063,0.14270281289904124,0.14063843604872536,0.08922257522579778,0.00650171687242558,5.4264457009543245e-18,0.0,0.0,0.0,0.0,0.0,0.0,0.0,0.0,0.0,0.0,0.0,0.0,0.0,0.0,0.0,0.0,0.0,0.0,0.0,0.0
CC1CCC(CC1)C,CC1CCC(CC1)C,298.15,0.0,aux_only_sigma_profile_stream,,,No,False,0.0,False,0.0,False,0.0,0.0,0.0,False,0.0,False,True,164.36526000000015,0.0,0.0,0.0,0.0,0.0,0.0,0.0,0.0,0.0,0.0,0.0,0.0,0.0,0.0,0.0,0.0,0.0,0.0,0.0,0.0,0.0,0.0023670041556363287,0.07237824174163564,0.17567932881407405,0.1921939563302073,0.1646571878597015,0.1445573383938758,0.16215932172549521,0.07978482764614304,0.0062227933332310555,5.568740448130453e-18,0.0,0.0,0.0,0.0,0.0,0.0,0.0,0.0,0.0,0.0,0.0,0.0,0.0,0.0,0.0,0.0,0.0,0.0,0.0,0.0
CC1CC(CC(C1)C)C,CC1CC(CC(C1)C)C,298.15,0.0,aux_only_sigma_profile_stream,,,No,False,0.0,False,0.0,False,0.0,0.0,0.0,False,0.0,False,True,181.17774,0.0,0.0,0.0,0.0,0.0,0.0,0.0,0.0,0.0,0.0,0.0,0.0,0.0,0.0,0.0,0.0,0.0,0.0,0.0,0.0,0.0007672045650865553,0.01082643487795366,0.06404832361457158,0.1548355822396841,0.22294210417827764,0.16895289543728884,0.13337896016988235,0.13638440855720296,0.09850823505227518,0.009355851307777104,8.364722349552643e-18,0.0,0.0,0.0,0.0,0.0,0.0,0.0,0.0,0.0,0.0,0.0,0.0,0.0,0.0,0.0,0.0,0.0,0.0,0.0,0.0
CCCC1CCCCC1,CCCC1CCCCC1,298.15,0.0,aux_only_sigma_profile_stream,,,No,False,0.0,False,0.0,False,0.0,0.0,0.0,False,0.0,False,True,188.82523999999995,0.0,0.0,0.0,0.0,0.0,0.0,0.0,0.0,0.0,0.0,0.0,0.0,0.0,0.0,0.0,0.0,0.0,0.0,0.0,0.0,0.0,0.001299919241093045,0.046654156786109846,0.15982455977936327,0.22962884637527173,0.18275131009047738,0.17081536794448512,0.14042855654239442,0.06625270991261127,0.002344573328194028,2.0444158174400914e-18,0.0,0.0,0.0,0.0,0.0,0.0,0.0,0.0,0.0,0.0,0.0,0.0,0.0,0.0,0.0,0.0,0.0,0.0,0.0,0.0
CC(C)C1CCCCC1,CC(C)C1CCCCC1,298.15,0.0,aux_only_sigma_profile_stream,,,No,False,0.0,False,0.0,False,0.0,0.0,0.0,False,0.0,False,True,183.88542,0.0,0.0,0.0,0.0,0.0,0.0,0.0,0.0,0.0,0.0,0.0,0.0,0.0,0.0,0.0,0.0,0.0,0.0,0.0,0.0,0.0,0.002274028368626963,0.06062553327457069,0.15076413370534275,0.22303916524632297,0.17693208411630185,0.16980029557163911,0.1409012941280336,0.0706190618587999,0.0050444037303621295,4.6118185033786325e-18,0.0,0.0,0.0,0.0,0.0,0.0,0.0,0.0,0.0,0.0,0.0,0.0,0.0,0.0,0.0,0.0,0.0,0.0,0.0,0.0
CC1CCC(C(C1C)C)C,CC1CCC(C(C1C)C)C,298.15,0.0,aux_only_sigma_profile_stream,,,No,False,0.0,False,0.0,False,0.0,0.0,0.0,False,0.0,False,True,192.5141100000002,0.0,0.0,0.0,0.0,0.0,0.0,0.0,0.0,0.0,0.0,0.0,0.0,0.0,0.0,0.0,0.0,0.0,0.0,0.0,0.0,0.0,0.0022909332635457037,0.07107387934355146,0.16395526054794515,0.22315535220042343,0.16859865317531983,0.13100243575973147,0.1231883411472841,0.10428594353187193,0.012449201030326804,1.1392094526485883e-17,0.0,0.0,0.0,0.0,0.0,0.0,0.0,0.0,0.0,0.0,0.0,0.0,0.0,0.0,0.0,0.0,0.0,0.0,0.0,0.0
CCCCC1CCCCC1,CCCCC1CCCCC1,298.15,0.0,aux_only_sigma_profile_stream,,,No,False,0.0,False,0.0,False,0.0,0.0,0.0,False,0.0,False,True,208.28214000000017,0.0,0.0,0.0,0.0,0.0,0.0,0.0,0.0,0.0,0.0,0.0,0.0,0.0,0.0,0.0,0.0,0.0,0.0,0.0,0.0,0.0,0.0012537060860757711,0.0433273475283977,0.1629634666413519,0.2304198090205635,0.1867175148162131,0.16764913542802604,0.13564590326447037,0.06990639215950244,0.0021167250553991604,1.943652599142699e-18,0.0,0.0,0.0,0.0,0.0,0.0,0.0,0.0,0.0,0.0,0.0,0.0,0.0,0.0,0.0,0.0,0.0,0.0,0.0,0.0
CCC1(CCCCC1)CC,CCC1(CCCCC1)CC,298.15,0.0,aux_only_sigma_profile_stream,,,No,False,0.0,False,0.0,False,0.0,0.0,0.0,False,0.0,False,True,193.03790999999995,0.0,0.0,0.0,0.0,0.0,0.0,0.0,0.0,0.0,0.0,0.0,0.0,0.0,0.0,0.0,0.0,0.0,0.0,0.0,0.0,0.00044367805947961994,0.008123797977860982,0.06089960747339738,0.17060075707699232,0.20076832103647935,0.16043542885840253,0.1567156175393471,0.16237909863059075,0.07459297436034976,0.005040718987100156,4.6283235169035554e-18,0.0,0.0,0.0,0.0,0.0,0.0,0.0,0.0,0.0,0.0,0.0,0.0,0.0,0.0,0.0,0.0,0.0,0.0,0.0,0.0
CCCCCCCCCCC1CCCCC1,CCCCCCCCCCC1CCCCC1,298.15,0.0,aux_only_sigma_profile_stream,,,No,False,0.0,False,0.0,False,0.0,0.0,0.0,False,0.0,False,True,328.1523800000001,0.0,0.0,0.0,0.0,0.0,0.0,0.0,0.0,0.0,0.0,0.0,0.0,0.0,0.0,0.0,0.0,0.0,0.0,0.0,0.0,0.0,0.0008324498990064552,0.034082478388225354,0.16313575927358107,0.24099691349121488,0.19689203182229023,0.16933112206982767,0.11593845313320288,0.0766886116026993,0.0021021803199521875,1.6614062732538928e-18,0.0,0.0,0.0,0.0,0.0,0.0,0.0,0.0,0.0,0.0,0.0,0.0,0.0,0.0,0.0,0.0,0.0,0.0,0.0,0.0
CC(C)CCCC(C)C,CC(C)CCCC(C)C,298.15,0.0,aux_only_sigma_profile_stream,,,No,False,0.0,False,0.0,False,0.0,0.0,0.0,False,0.0,False,True,209.18154000000015,0.0,0.0,0.0,0.0,0.0,0.0,0.0,0.0,0.0,0.0,0.0,0.0,0.0,0.0,0.0,0.0,0.0,0.0,0.0,0.0,0.0,0.003316351253350169,0.07478468434761258,0.15904488935517247,0.2300011080986776,0.1437704980893614,0.14593171000453137,0.13105410586087077,0.10286102919459472,0.009235623795828965,8.273901227691827e-18,0.0,0.0,0.0,0.0,0.0,0.0,0.0,0.0,0.0,0.0,0.0,0.0,0.0,0.0,0.0,0.0,0.0,0.0,0.0,0.0
CCC(CC)C(C)(C)C,CCC(CC)C(C)(C)C,298.15,0.0,aux_only_sigma_profile_stream,,,No,False,0.0,False,0.0,False,0.0,0.0,0.0,False,0.0,False,True,191.87025000000003,0.0,0.0,0.0,0.0,0.0,0.0,0.0,0.0,0.0,0.0,0.0,0.0,0.0,0.0,0.0,0.0,0.0,0.0,0.0,0.0,0.0,0.00724372871753276,0.09734755466627945,0.15337096594078445,0.2059854347049764,0.12872474174818452,0.13559133600681866,0.15528574156142078,0.10475879250576367,0.011691704148239395,9.089442038387241e-18,0.0,0.0,0.0,0.0,0.0,0.0,0.0,0.0,0.0,0.0,0.0,0.0,0.0,0.0,0.0,0.0,0.0,0.0,0.0,0.0
C=C,C=C,298.15,0.0,aux_only_sigma_profile_stream,,,No,False,0.0,False,0.0,False,0.0,0.0,0.0,False,0.0,False,True,72.38225000000003,0.0,0.0,0.0,0.0,0.0,0.0,0.0,0.0,0.0,0.0,0.0,0.0,0.0,0.0,0.0,0.0,0.0,0.0,0.0012704160724378182,0.06341941373036385,0.09633602638328813,0.12245699988222855,0.06244926054999809,0.07768379210934184,0.09669655513047587,0.07063404691517945,0.04573188048587823,0.08330359153656576,0.05877154013040529,0.019689567064839507,0.061025645016640345,0.05447808607549887,0.02351023720346949,0.0452037514211256,0.017243239797317428,9.5950494945689e-05,0.0,0.0,0.0,0.0,0.0,0.0,0.0,0.0,0.0,0.0,0.0,0.0,0.0,0.0,0.0
CC=C,CC=C,298.15,0.0,aux_only_sigma_profile_stream,,,No,False,0.0,False,0.0,False,0.0,0.0,0.0,False,0.0,False,True,93.32025,0.0,0.0,0.0,0.0,0.0,0.0,0.0,0.0,0.0,0.0,0.0,0.0,0.0,0.0,0.0,0.0,0.0,0.0,0.0,0.005064620485478608,0.062135774806706595,0.10943277195040842,0.1351582018355941,0.08653253983529074,0.10147016722271385,0.10236065836859355,0.12112359788651768,0.046193404783887546,0.05895678381568353,0.0462361690709622,0.015179319030879714,0.03718821422260421,0.032367744491028264,0.02151117982872003,0.019088852364930978,0.0,0.0,0.0,0.0,0.0,0.0,0.0,0.0,0.0,0.0,0.0,0.0,0.0,0.0,0.0,0.0
CCC=C,CCC=C,298.15,0.0,aux_only_sigma_profile_stream,,,No,False,0.0,False,0.0,False,0.0,0.0,0.0,False,0.0,False,True,113.2655099999999,0.0,0.0,0.0,0.0,0.0,0.0,0.0,0.0,0.0,0.0,0.0,0.0,0.0,0.0,0.0,0.0,0.0,0.0,0.0,0.004021929645911119,0.03511247386509647,0.08712457981324402,0.14156281865084006,0.1321957351218002,0.10133472871608849,0.11295224606427332,0.10760528276119367,0.08282175695244295,0.04911456384303743,0.032341027709815486,0.021728378826871595,0.031317459291277924,0.02857990998768074,0.017389803370668103,0.014797305379758423,0.0,0.0,0.0,0.0,0.0,0.0,0.0,0.0,0.0,0.0,0.0,0.0,0.0,0.0,0.0,0.0
C/C=C\C,C/C=C\C,298.15,0.0,aux_only_sigma_profile_stream,,,No,False,0.0,False,0.0,False,0.0,0.0,0.0,False,0.0,False,True,111.63863999999992,0.0,0.0,0.0,0.0,0.0,0.0,0.0,0.0,0.0,0.0,0.0,0.0,0.0,0.0,0.0,0.0,0.0,0.0,0.0,0.0021946668523817577,0.02811424469705034,0.11445622902185935,0.11431334866922249,0.13171126923742094,0.10661238145205287,0.10535909793619672,0.1365402043300224,0.07797637800830844,0.04220263695042248,0.024453343140214464,0.030512447517572875,0.019507064150973634,0.027974323277525706,0.02520004357772472,0.011736977974886749,0.0011353432061640108,0.0,0.0,0.0,0.0,0.0,0.0,0.0,0.0,0.0,0.0,0.0,0.0,0.0,0.0,0.0
C/C=C/C,C/C=C/C,298.15,0.0,aux_only_sigma_profile_stream,,,No,False,0.0,False,0.0,False,0.0,0.0,0.0,False,0.0,False,True,113.22854,0.0,0.0,0.0,0.0,0.0,0.0,0.0,0.0,0.0,0.0,0.0,0.0,0.0,0.0,0.0,0.0,0.0,0.0,0.0,0.0,0.01053799844956616,0.11719784771654478,0.11907560887432092,0.14918219065426347,0.09943799648505756,0.1096913978957019,0.13149053052813803,0.08058071687864046,0.03914596258808485,0.03586875750179813,0.03135198952261418,0.023921178276583535,0.022705666327881464,0.023699865793229514,0.006112292507575059,0.0,0.0,0.0,0.0,0.0,0.0,0.0,0.0,0.0,0.0,0.0,0.0,0.0,0.0,0.0,0.0
CC(=C)C,CC(=C)C,298.15,0.0,aux_only_sigma_profile_stream,,,No,False,0.0,False,0.0,False,0.0,0.0,0.0,False,0.0,False,True,111.90710999999996,0.0,0.0,0.0,0.0,0.0,0.0,0.0,0.0,0.0,0.0,0.0,0.0,0.0,0.0,0.0,0.0,0.0,0.0,0.0,0.00022425776873475343,0.0327727865248311,0.1275169565536453,0.1369750668996224,0.11656803070828212,0.08172249130745386,0.0958835701415201,0.14109398205341472,0.06482684095421186,0.03599946477221261,0.04286994686704386,0.035810006102165205,0.022901507734964664,0.024272733499614466,0.020331075388945002,0.0183999999766418,0.0018312827466961546,0.0,0.0,0.0,0.0,0.0,0.0,0.0,0.0,0.0,0.0,0.0,0.0,0.0,0.0,0.0
CCCC=C,CCCC=C,298.15,0.0,aux_only_sigma_profile_stream,,,No,False,0.0,False,0.0,False,0.0,0.0,0.0,False,0.0,False,True,132.80409999999995,0.0,0.0,0.0,0.0,0.0,0.0,0.0,0.0,0.0,0.0,0.0,0.0,0.0,0.0,0.0,0.0,0.0,0.0,0.0,0.00320640808169272,0.028880939921290545,0.05846430255390551,0.14630245956348645,0.1399650108510709,0.13189588645608008,0.10517412164074155,0.11321128768736738,0.10052967737426255,0.047051506611363446,0.030368111192030076,0.018453978845439277,0.022171295120247424,0.023991830124587728,0.017667263667364944,0.012518022062815461,0.0001478982462540201,0.0,0.0,0.0,0.0,0.0,0.0,0.0,0.0,0.0,0.0,0.0,0.0,0.0,0.0,0.0
CC/C=C\C,CC/C=C\C,298.15,0.0,aux_only_sigma_profile_stream,,,No,False,0.0,False,0.0,False,0.0,0.0,0.0,False,0.0,False,True,131.77753000000007,0.0,0.0,0.0,0.0,0.0,0.0,0.0,0.0,0.0,0.0,0.0,0.0,0.0,0.0,0.0,0.0,0.0,0.0,0.0,0.0002234072955489254,0.016039317818933006,0.08329950640920113,0.12314804040401571,0.14912240962303885,0.11995075982845248,0.12058373046364347,0.12606698100329164,0.09827936034534485,0.04945831929430485,0.020561945768489957,0.022436469580223564,0.01792387693030723,0.0247437401943829,0.018523211940540157,0.009197041284964815,0.00044188181531664214,0.0,0.0,0.0,0.0,0.0,0.0,0.0,0.0,0.0,0.0,0.0,0.0,0.0,0.0,0.0
CCC(=C)C,CCC(=C)C,298.15,0.0,aux_only_sigma_profile_stream,,,No,False,0.0,False,0.0,False,0.0,0.0,0.0,False,0.0,False,True,129.2554699999999,0.0,0.0,0.0,0.0,0.0,0.0,0.0,0.0,0.0,0.0,0.0,0.0,0.0,0.0,0.0,0.0,0.0,0.0,0.0,0.0,0.013178325295671521,0.09401950227519895,0.14315169316957121,0.1435128733069472,0.10510506410460008,0.11657454201696696,0.12596832702057958,0.08717625095528109,0.03245127471015265,0.03527581004185915,0.02697474464237153,0.02293666960825242,0.016126285110339096,0.020682334174685235,0.015408566519616862,0.0014577370479065587,0.0,0.0,0.0,0.0,0.0,0.0,0.0,0.0,0.0,0.0,0.0,0.0,0.0,0.0,0.0
CC=C(C)C,CC=C(C)C,298.15,0.0,aux_only_sigma_profile_stream,,,No,False,0.0,False,0.0,False,0.0,0.0,0.0,False,0.0,False,True,129.99178000000012,0.0,0.0,0.0,0.0,0.0,0.0,0.0,0.0,0.0,0.0,0.0,0.0,0.0,0.0,0.0,0.0,0.0,0.0,0.0,0.0019271138804188449,0.015814661065827147,0.09320870596055064,0.11389819693999795,0.15595914593146026,0.09844721754135367,0.1019404989478503,0.1509583324070667,0.10150165200493128,0.05017196213133149,0.024951729684955286,0.028021715549548642,0.02189580251903034,0.01796865526110265,0.01715886662093363,0.006175743553641117,0.0,0.0,0.0,0.0,0.0,0.0,0.0,0.0,0.0,0.0,0.0,0.0,0.0,0.0,0.0,0.0
CCCCC=C,CCCCC=C,298.15,0.0,aux_only_sigma_profile_stream,,,No,False,0.0,False,0.0,False,0.0,0.0,0.0,False,0.0,False,True,153.04588000000007,0.0,0.0,0.0,0.0,0.0,0.0,0.0,0.0,0.0,0.0,0.0,0.0,0.0,0.0,0.0,0.0,0.0,0.0,0.0,0.0026364804886534277,0.024875552935842562,0.04780358687087321,0.12878966000296962,0.1546127067094991,0.14847377652462052,0.11566745976931553,0.10944414840229148,0.10611585070882137,0.0511264063319243,0.02660172899833722,0.013182075219548223,0.0250998357503491,0.02072549877796899,0.013467062674694798,0.0113781698342906,0.0,0.0,0.0,0.0,0.0,0.0,0.0,0.0,0.0,0.0,0.0,0.0,0.0,0.0,0.0,0.0
CCC/C=C\C,CCC/C=C\C,298.15,0.0,aux_only_sigma_profile_stream,,,No,False,0.0,False,0.0,False,0.0,0.0,0.0,False,0.0,False,True,151.3615900000001,0.0,0.0,0.0,0.0,0.0,0.0,0.0,0.0,0.0,0.0,0.0,0.0,0.0,0.0,0.0,0.0,0.0,0.0,0.0,8.42825920404661e-05,0.012640902979874346,0.06395282693312726,0.12260024429572583,0.15634574958293704,0.14182080706692554,0.11909737851922664,0.12599085141095367,0.1080328754824139,0.048555823094807646,0.01985306783192181,0.019385728192756947,0.015595913805644806,0.02021408332980129,0.01546819789693692,0.0096498615283631,0.0007114054565426918,0.0,0.0,0.0,0.0,0.0,0.0,0.0,0.0,0.0,0.0,0.0,0.0,0.0,0.0,0.0
CCC/C=C/C,CCC/C=C/C,298.15,0.0,aux_only_sigma_profile_stream,,,No,False,0.0,False,0.0,False,0.0,0.0,0.0,False,0.0,False,True,153.39875999999992,0.0,0.0,0.0,0.0,0.0,0.0,0.0,0.0,0.0,0.0,0.0,0.0,0.0,0.0,0.0,0.0,0.0,0.0,0.0,0.0,0.004391234361893149,0.058788260029270734,0.12515575432563739,0.16398215442475814,0.1424901605899123,0.11910540903387296,0.12623802766034753,0.11405610654332542,0.04284505874981893,0.025094823131009285,0.02554880623633882,0.017086868975301765,0.0164808287363411,0.015663666146931314,0.0030728410552411716,0.0,0.0,0.0,0.0,0.0,0.0,0.0,0.0,0.0,0.0,0.0,0.0,0.0,0.0,0.0,0.0
CC/C=C\CC,CC/C=C\CC,298.15,0.0,aux_only_sigma_profile_stream,,,No,False,0.0,False,0.0,False,0.0,0.0,0.0,False,0.0,False,True,150.85425000000004,0.0,0.0,0.0,0.0,0.0,0.0,0.0,0.0,0.0,0.0,0.0,0.0,0.0,0.0,0.0,0.0,0.0,0.0,0.0,0.0,0.0010386859924615313,0.05169959197034799,0.1417552309994037,0.16214196893612673,0.1387323263312893,0.13298240085825025,0.12443181563139981,0.11288023575753148,0.032616067182643774,0.02764676617269821,0.011705500088554822,0.016786561627622817,0.019352605000329984,0.014481284748240897,0.010920404989896802,0.0008285537132020123,0.0,0.0,0.0,0.0,0.0,0.0,0.0,0.0,0.0,0.0,0.0,0.0,0.0,0.0,0.0
CC/C=C/CC,CC/C=C/CC,298.15,0.0,aux_only_sigma_profile_stream,,,No,False,0.0,False,0.0,False,0.0,0.0,0.0,False,0.0,False,True,153.03342999999995,0.0,0.0,0.0,0.0,0.0,0.0,0.0,0.0,0.0,0.0,0.0,0.0,0.0,0.0,0.0,0.0,0.0,0.0,0.0,0.0,0.001351048447207712,0.038624023570048724,0.13447481011745738,0.1515206017282819,0.15259537900095232,0.14345412542858973,0.13203669317143454,0.12397885410546569,0.024356176724547252,0.029244699556328517,0.02759290589190899,0.008501242344055415,0.0156687936610802,0.013362991728110129,0.00323765452453151,0.0,0.0,0.0,0.0,0.0,0.0,0.0,0.0,0.0,0.0,0.0,0.0,0.0,0.0,0.0,0.0
CCCC(=C)C,CCCC(=C)C,298.15,0.0,aux_only_sigma_profile_stream,,,No,False,0.0,False,0.0,False,0.0,0.0,0.0,False,0.0,False,True,149.42210000000006,0.0,0.0,0.0,0.0,0.0,0.0,0.0,0.0,0.0,0.0,0.0,0.0,0.0,0.0,0.0,0.0,0.0,0.0,0.0,0.0,0.005042783749895175,0.05846505290305856,0.12487181063881977,0.15936795343064844,0.13362701370589353,0.12379913277963563,0.1446726686033016,0.10767838593954035,0.034140640428033324,0.03351889438081046,0.021542911909327535,0.02131778613885027,0.019194862319089068,0.012504789024983448,0.00025531404811286875,0.0,0.0,0.0,0.0,0.0,0.0,0.0,0.0,0.0,0.0,0.0,0.0,0.0,0.0,0.0,0.0
CCC(C)C=C,CCC(C)C=C,298.15,0.0,aux_only_sigma_profile_stream,,,No,False,0.0,False,0.0,False,0.0,0.0,0.0,False,0.0,False,True,146.02107,0.0,0.0,0.0,0.0,0.0,0.0,0.0,0.0,0.0,0.0,0.0,0.0,0.0,0.0,0.0,0.0,0.0,0.0,0.0,0.0014309664425582898,0.021208265815260835,0.05819995319087649,0.14315312543855005,0.1488425927588313,0.12890591654181824,0.11189817082168005,0.11530863800984062,0.10980804333249028,0.053202761498646944,0.022387658874041805,0.013362537717093642,0.021922112748364805,0.021592750703928,0.014954193506527585,0.012535816042172543,0.0012864965573186498,0.0,0.0,0.0,0.0,0.0,0.0,0.0,0.0,0.0,0.0,0.0,0.0,0.0,0.0,0.0
CC(C)CC=C,CC(C)CC=C,298.15,0.0,aux_only_sigma_profile_stream,,,No,False,0.0,False,0.0,False,0.0,0.0,0.0,False,0.0,False,True,148.80443999999997,0.0,0.0,0.0,0.0,0.0,0.0,0.0,0.0,0.0,0.0,0.0,0.0,0.0,0.0,0.0,0.0,0.0,0.0,0.0,0.0035804441658961192,0.027207337792479514,0.05650115318763453,0.1348586407768861,0.14734358765256872,0.12897257847852728,0.10831901237661391,0.10649878603042491,0.11955380821521723,0.05640283317170067,0.02711266016814015,0.0162137749531545,0.020929015291582767,0.021220604237642982,0.016026957691044435,0.009098963495350746,0.00015984231513536427,0.0,0.0,0.0,0.0,0.0,0.0,0.0,0.0,0.0,0.0,0.0,0.0,0.0,0.0,0.0
CCC=C(C)C,CCC=C(C)C,298.15,0.0,aux_only_sigma_profile_stream,,,No,False,0.0,False,0.0,False,0.0,0.0,0.0,False,0.0,False,True,149.78894000000008,0.0,0.0,0.0,0.0,0.0,0.0,0.0,0.0,0.0,0.0,0.0,0.0,0.0,0.0,0.0,0.0,0.0,0.0,0.0,8.029302139890898e-05,0.012134542484894872,0.06455531315461939,0.12584638672441767,0.15545187674831254,0.12157239933302878,0.11039041317704625,0.14165724675046226,0.12304052824901886,0.043629526863555854,0.027460543047974354,0.02235629216474266,0.017756429893027673,0.018713865986761162,0.010957399388199616,0.004396943012539074,0.0,0.0,0.0,0.0,0.0,0.0,0.0,0.0,0.0,0.0,0.0,0.0,0.0,0.0,0.0,0.0
CC/C(=C\C)/C,CC/C(=C\C)/C,298.15,0.0,aux_only_sigma_profile_stream,,,No,False,0.0,False,0.0,False,0.0,0.0,0.0,False,0.0,False,True,147.2209099999999,0.0,0.0,0.0,0.0,0.0,0.0,0.0,0.0,0.0,0.0,0.0,0.0,0.0,0.0,0.0,0.0,0.0,0.0,0.0,0.0,0.008325992467207213,0.07443716930202651,0.12082849000866056,0.15263531636374558,0.11487591522924503,0.12122701868597276,0.14677713465556025,0.1171843722221022,0.04623428294384388,0.023329934510679447,0.020240129957984656,0.017743618314850263,0.018207097918428856,0.01271264837220631,0.005240879047486465,0.0,0.0,0.0,0.0,0.0,0.0,0.0,0.0,0.0,0.0,0.0,0.0,0.0,0.0,0.0,0.0
CCC(C)CC=C,CCC(C)CC=C,298.15,0.0,aux_only_sigma_profile_stream,,,No,False,0.0,False,0.0,False,0.0,0.0,0.0,False,0.0,False,True,166.27138000000002,0.0,0.0,0.0,0.0,0.0,0.0,0.0,0.0,0.0,0.0,0.0,0.0,0.0,0.0,0.0,0.0,0.0,0.0,0.0,0.0030742230866785906,0.02467091714702524,0.05287881434792891,0.12405653561948965,0.14645200670427164,0.1387563127107485,0.11016632330424211,0.13033949094065375,0.12005448130344677,0.04964014138245301,0.020782999793479008,0.016448168165817352,0.021548447771758614,0.01779584699700742,0.014912748935696326,0.008422541789303125,0.0,0.0,0.0,0.0,0.0,0.0,0.0,0.0,0.0,0.0,0.0,0.0,0.0,0.0,0.0,0.0
C/C=C\C(C)C,C/C=C\C(C)C,298.15,0.0,aux_only_sigma_profile_stream,,,No,False,0.0,False,0.0,False,0.0,0.0,0.0,False,0.0,False,True,145.62240999999992,0.0,0.0,0.0,0.0,0.0,0.0,0.0,0.0,0.0,0.0,0.0,0.0,0.0,0.0,0.0,0.0,0.0,0.0,0.0,0.0,0.00918999268877071,0.07073092646992456,0.14619178167833996,0.14274242338025867,0.1318384336672447,0.10945302116613788,0.11414464304291153,0.12315969071920597,0.045671053268315734,0.02389715257216559,0.017629842363787226,0.018917765481390753,0.019822950544006117,0.013962936873176466,0.011949697633820172,0.0006976884505440122,0.0,0.0,0.0,0.0,0.0,0.0,0.0,0.0,0.0,0.0,0.0,0.0,0.0,0.0,0.0
CCC(=C)CC,CCC(=C)CC,298.15,0.0,aux_only_sigma_profile_stream,,,No,False,0.0,False,0.0,False,0.0,0.0,0.0,False,0.0,False,True,145.85958999999986,0.0,0.0,0.0,0.0,0.0,0.0,0.0,0.0,0.0,0.0,0.0,0.0,0.0,0.0,0.0,0.0,0.0,0.0,0.0,0.0,0.006912233498856476,0.05925128364929882,0.14544200866233012,0.15906496696027747,0.11960208550584928,0.131997850830444,0.11718807826749215,0.11294636523267489,0.037484892483488644,0.023773092591175483,0.023221390940153974,0.020202412077989954,0.018984091639932713,0.015419663351036448,0.006469189086072318,0.0020403952229273016,0.0,0.0,0.0,0.0,0.0,0.0,0.0,0.0,0.0,0.0,0.0,0.0,0.0,0.0,0.0
CC(C)C(=C)C,CC(C)C(=C)C,298.15,0.0,aux_only_sigma_profile_stream,,,No,False,0.0,False,0.0,False,0.0,0.0,0.0,False,0.0,False,True,144.93733000000012,0.0,0.0,0.0,0.0,0.0,0.0,0.0,0.0,0.0,0.0,0.0,0.0,0.0,0.0,0.0,0.0,0.0,0.0,0.0,0.0,0.016502189070985496,0.07911636312109924,0.13228433405513737,0.1433381650890677,0.11587834922401831,0.11709946341567619,0.11964474120915355,0.11904229590596903,0.04435634869002613,0.022477483726883803,0.028535227310470642,0.016848224013158917,0.020082662500372044,0.013715355348070496,0.010615426640900856,0.0004633706790102939,0.0,0.0,0.0,0.0,0.0,0.0,0.0,0.0,0.0,0.0,0.0,0.0,0.0,0.0,0.0
CC(C)(C)C=C,CC(C)(C)C=C,298.15,0.0,aux_only_sigma_profile_stream,,,No,False,0.0,False,0.0,False,0.0,0.0,0.0,False,0.0,False,True,143.48527999999988,0.0,0.0,0.0,0.0,0.0,0.0,0.0,0.0,0.0,0.0,0.0,0.0,0.0,0.0,0.0,0.0,0.0,0.0,0.0,0.0015635584490798443,0.02183339562220733,0.05997571504945801,0.1660533015731761,0.1365842521871276,0.11195876803947842,0.09515123834364411,0.09770302914925498,0.13915322217697534,0.06239650196566775,0.026421408808947045,0.015111289577434725,0.01705726719077345,0.023772162362170828,0.016507214156425958,0.008757675348178581,0.0,0.0,0.0,0.0,0.0,0.0,0.0,0.0,0.0,0.0,0.0,0.0,0.0,0.0,0.0,0.0
CC(=C(C)C)C,CC(=C(C)C)C,298.15,0.0,aux_only_sigma_profile_stream,,,No,False,0.0,False,0.0,False,0.0,0.0,0.0,False,0.0,False,True,145.19149999999993,0.0,0.0,0.0,0.0,0.0,0.0,0.0,0.0,0.0,0.0,0.0,0.0,0.0,0.0,0.0,0.0,0.0,0.0,0.0,0.005392090422672887,0.02034950733174932,0.06962290727746463,0.12127659204430709,0.15371969414698386,0.09654065055478665,0.09717710803177601,0.14236463947785655,0.1343222950727095,0.063041121422761,0.02444130335657729,0.022290694196622544,0.01936595796360945,0.01651141216728852,0.012934937439595298,0.0006490890932393318,0.0,0.0,0.0,0.0,0.0,0.0,0.0,0.0,0.0,0.0,0.0,0.0,0.0,0.0,0.0,0.0
CCCC(=C)CC,CCCC(=C)CC,298.15,0.0,aux_only_sigma_profile_stream,,,No,False,0.0,False,0.0,False,0.0,0.0,0.0,False,0.0,False,True,166.67442,0.0,0.0,0.0,0.0,0.0,0.0,0.0,0.0,0.0,0.0,0.0,0.0,0.0,0.0,0.0,0.0,0.0,0.0,0.0,0.0,0.004691813618834528,0.054708331583414545,0.13527805057961503,0.16250872071680403,0.13347289948561153,0.13076939444872704,0.12327342100572303,0.11894548141779819,0.03862394940463318,0.022606021637492663,0.017076093602947536,0.016218131748095357,0.017494707321845486,0.014817993770315325,0.0075873379131592604,0.0019276517449831917,0.0,0.0,0.0,0.0,0.0,0.0,0.0,0.0,0.0,0.0,0.0,0.0,0.0,0.0,0.0
CCCCCC=C,CCCCCC=C,298.15,0.0,aux_only_sigma_profile_stream,,,No,False,0.0,False,0.0,False,0.0,0.0,0.0,False,0.0,False,True,173.03796,0.0,0.0,0.0,0.0,0.0,0.0,0.0,0.0,0.0,0.0,0.0,0.0,0.0,0.0,0.0,0.0,0.0,0.0,0.0,0.002331200338839651,0.021940611692291567,0.04159816677960894,0.11417031536882256,0.16134549033439136,0.16025461045903105,0.12773460102414058,0.11243912861960347,0.1034893526204932,0.05663427354834402,0.023756785065176565,0.012607936161476544,0.021320171233433695,0.01823312328624222,0.01178807150079081,0.010356161967313763,0.0,0.0,0.0,0.0,0.0,0.0,0.0,0.0,0.0,0.0,0.0,0.0,0.0,0.0,0.0,0.0
CCCC/C=C\C,CCCC/C=C\C,298.15,0.0,aux_only_sigma_profile_stream,,,No,False,0.0,False,0.0,False,0.0,0.0,0.0,False,0.0,False,True,171.02874999999997,0.0,0.0,0.0,0.0,0.0,0.0,0.0,0.0,0.0,0.0,0.0,0.0,0.0,0.0,0.0,0.0,0.0,0.0,0.0,0.0,0.005001072606469592,0.0529610304552181,0.11155027442319967,0.16780827011984775,0.15963793439360757,0.13367261965073537,0.12796765901082952,0.10306123958417635,0.04682462874330574,0.020462877620716583,0.015401937732952158,0.014357085365314898,0.017725016259564963,0.01337172624571495,0.009310600761328435,0.0008860270270182689,0.0,0.0,0.0,0.0,0.0,0.0,0.0,0.0,0.0,0.0,0.0,0.0,0.0,0.0,0.0
CCCC/C=C/C,CCCC/C=C/C,298.15,0.0,aux_only_sigma_profile_stream,,,No,False,0.0,False,0.0,False,0.0,0.0,0.0,False,0.0,False,True,172.92430999999996,0.0,0.0,0.0,0.0,0.0,0.0,0.0,0.0,0.0,0.0,0.0,0.0,0.0,0.0,0.0,0.0,0.0,0.0,0.0,0.0,0.003796868529456727,0.0509661555634988,0.11307982175480885,0.17059504172319154,0.1556403614708713,0.12703007084081588,0.1257858616149887,0.10985712138590635,0.0539885050403014,0.01930873018259116,0.020559268356062668,0.01756154282995127,0.016415859810619517,0.011980102126223552,0.0034346887707124123,0.0,0.0,0.0,0.0,0.0,0.0,0.0,0.0,0.0,0.0,0.0,0.0,0.0,0.0,0.0,0.0
CCC/C=C/CC,CCC/C=C/CC,298.15,0.0,aux_only_sigma_profile_stream,,,No,False,0.0,False,0.0,False,0.0,0.0,0.0,False,0.0,False,True,172.9583500000001,0.0,0.0,0.0,0.0,0.0,0.0,0.0,0.0,0.0,0.0,0.0,0.0,0.0,0.0,0.0,0.0,0.0,0.0,0.0,0.0,0.0011414213316869111,0.03357699725238976,0.13837834974507845,0.16546630105843796,0.15398004503260748,0.12356899131984715,0.12243348698625009,0.12888237654208706,0.04953513774666042,0.017150802950654354,0.020853831316504045,0.014726563294359759,0.018719660599988832,0.010261251291498553,0.0013247835319492632,0.0,0.0,0.0,0.0,0.0,0.0,0.0,0.0,0.0,0.0,0.0,0.0,0.0,0.0,0.0,0.0
CCC(CC)C=C,CCC(CC)C=C,298.15,0.0,aux_only_sigma_profile_stream,,,No,False,0.0,False,0.0,False,0.0,0.0,0.0,False,0.0,False,True,163.65355000000002,0.0,0.0,0.0,0.0,0.0,0.0,0.0,0.0,0.0,0.0,0.0,0.0,0.0,0.0,0.0,0.0,0.0,0.0,0.0,0.0016922476598044706,0.02027512650898535,0.04689567259572016,0.13023645505932804,0.14244335451194548,0.14273080252864417,0.11862539306715984,0.12584544420275146,0.12730476519212564,0.05078729817172056,0.025079612504961542,0.015361681877844086,0.01296981647133209,0.019875695819090447,0.014078593376441146,0.00563033377298903,0.00016770667915647167,0.0,0.0,0.0,0.0,0.0,0.0,0.0,0.0,0.0,0.0,0.0,0.0,0.0,0.0,0.0
CCCC(C)C=C,CCCC(C)C=C,298.15,0.0,aux_only_sigma_profile_stream,,,No,False,0.0,False,0.0,False,0.0,0.0,0.0,False,0.0,False,True,166.32399999999998,0.0,0.0,0.0,0.0,0.0,0.0,0.0,0.0,0.0,0.0,0.0,0.0,0.0,0.0,0.0,0.0,0.0,0.0,0.0,0.0011615530773785565,0.018582399862689572,0.043628503936820426,0.1381010276804869,0.15231008639374535,0.14861500671305347,0.11714215972477275,0.1177372073159989,0.11089738064352948,0.05160857603545484,0.022618211945833976,0.016772308949843925,0.013972837472480702,0.02252245625864722,0.010454830846201692,0.013759793902517378,0.00011565924054489372,0.0,0.0,0.0,0.0,0.0,0.0,0.0,0.0,0.0,0.0,0.0,0.0,0.0,0.0,0.0
CC(=C)C(C)(C)C,CC(=C)C(C)(C)C,298.15,0.0,aux_only_sigma_profile_stream,,,No,False,0.0,False,0.0,False,0.0,0.0,0.0,False,0.0,False,True,156.96428000000003,0.0,0.0,0.0,0.0,0.0,0.0,0.0,0.0,0.0,0.0,0.0,0.0,0.0,0.0,0.0,0.0,0.0,0.0,0.0,0.0,0.014001821072298611,0.07307403006457074,0.14300904018197894,0.14234952719013585,0.11631128714750641,0.10233009761491212,0.1131046351563929,0.1407649244516637,0.05361787821696184,0.02254426255489446,0.021260464226746423,0.016749927545773275,0.016707941332752774,0.017029404036401845,0.007144759207010154,0.0,0.0,0.0,0.0,0.0,0.0,0.0,0.0,0.0,0.0,0.0,0.0,0.0,0.0,0.0,0.0
CCC/C=C\CC,CCC/C=C\CC,298.15,0.0,aux_only_sigma_profile_stream,,,No,False,0.0,False,0.0,False,0.0,0.0,0.0,False,0.0,False,True,170.81638999999984,0.0,0.0,0.0,0.0,0.0,0.0,0.0,0.0,0.0,0.0,0.0,0.0,0.0,0.0,0.0,0.0,0.0,0.0,0.0,0.0,0.000976642831951683,0.03835680260496007,0.134904673558065,0.1680515431973994,0.15490228239399872,0.13137222042004176,0.126420759151129,0.11766331735202291,0.03593375815402365,0.02520333129423373,0.01282969679736718,0.012402000098548048,0.017756575898014017,0.01324433420053586,0.009454983479576469,0.0005270785681324635,0.0,0.0,0.0,0.0,0.0,0.0,0.0,0.0,0.0,0.0,0.0,0.0,0.0,0.0,0.0
CCCCCCC=C,CCCCCCC=C,298.15,0.0,aux_only_sigma_profile_stream,,,No,False,0.0,False,0.0,False,0.0,0.0,0.0,False,0.0,False,True,192.6879199999999,0.0,0.0,0.0,0.0,0.0,0.0,0.0,0.0,0.0,0.0,0.0,0.0,0.0,0.0,0.0,0.0,0.0,0.0,0.0,0.0020628594417386108,0.01977345213860387,0.03677276867770628,0.10475996491649457,0.1632369532123971,0.16855876677116144,0.1362617279402861,0.11739965318548047,0.10306299490316156,0.06073150503398659,0.020646929107536224,0.013425363759090203,0.015862294620937165,0.016316649110772546,0.012289018639917857,0.008725484291255936,0.00011361424947350881,0.0,0.0,0.0,0.0,0.0,0.0,0.0,0.0,0.0,0.0,0.0,0.0,0.0,0.0,0.0
CCCCC/C=C/C,CCCCC/C=C/C,298.15,0.0,aux_only_sigma_profile_stream,,,No,False,0.0,False,0.0,False,0.0,0.0,0.0,False,0.0,False,True,193.01859000000007,0.0,0.0,0.0,0.0,0.0,0.0,0.0,0.0,0.0,0.0,0.0,0.0,0.0,0.0,0.0,0.0,0.0,0.0,0.0,0.0,0.003398097582634956,0.04511952228117886,0.10231962598653165,0.17251265469048804,0.16537898943211837,0.13877151433817123,0.1272776290062454,0.10711585093839038,0.05682754675620051,0.02028312876175719,0.01628145866264503,0.015210348428544365,0.015982832299030206,0.009964146962814458,0.003556653873249389,0.0,0.0,0.0,0.0,0.0,0.0,0.0,0.0,0.0,0.0,0.0,0.0,0.0,0.0,0.0,0.0
CC(=C)CC(C)(C)C,CC(=C)CC(C)(C)C,298.15,0.0,aux_only_sigma_profile_stream,,,No,False,0.0,False,0.0,False,0.0,0.0,0.0,False,0.0,False,True,174.4502899999999,0.0,0.0,0.0,0.0,0.0,0.0,0.0,0.0,0.0,0.0,0.0,0.0,0.0,0.0,0.0,0.0,0.0,0.0,0.0,0.0,0.007175365806130334,0.046991162807734826,0.14401467778011212,0.1699218713076253,0.12604249510169063,0.09779374877911873,0.11535938710210347,0.12862443459367143,0.07764290128772734,0.026277026652644843,0.02100612102932986,0.013162657266867262,0.012216621148004345,0.007129745027919934,0.00514534054188676,0.001496443767432858,0.0,0.0,0.0,0.0,0.0,0.0,0.0,0.0,0.0,0.0,0.0,0.0,0.0,0.0,0.0
CC(=CC(C)(C)C)C,CC(=CC(C)(C)C)C,298.15,0.0,aux_only_sigma_profile_stream,,,No,False,0.0,False,0.0,False,0.0,0.0,0.0,False,0.0,False,True,176.96605000000002,0.0,0.0,0.0,0.0,0.0,0.0,0.0,0.0,0.0,0.0,0.0,0.0,0.0,0.0,0.0,0.0,0.0,0.0,0.0,0.0,0.005228738593940238,0.05695430193645504,0.13062781418427713,0.15217559203081718,0.13822270713454188,0.10698745352736808,0.11744134017825508,0.14407214112894753,0.07041403585081545,0.017646421293236014,0.02169380296462281,0.015288816324007342,0.011775747203153485,0.009269949342648942,0.002201138306913744,0.0,0.0,0.0,0.0,0.0,0.0,0.0,0.0,0.0,0.0,0.0,0.0,0.0,0.0,0.0,0.0
CCCCC(=C)CC,CCCCC(=C)CC,298.15,0.0,aux_only_sigma_profile_stream,,,No,False,0.0,False,0.0,False,0.0,0.0,0.0,False,0.0,False,True,185.93354999999983,0.0,0.0,0.0,0.0,0.0,0.0,0.0,0.0,0.0,0.0,0.0,0.0,0.0,0.0,0.0,0.0,0.0,0.0,0.0,0.0,0.004985258049316252,0.035829422751031514,0.12238635329939392,0.17892887890851344,0.15392469494524375,0.13001908872893203,0.1217992144865164,0.12004581018104865,0.04252430675521726,0.02509376615901226,0.01801612350388692,0.010153543808383434,0.015555094050885452,0.013208931043100787,0.006469445088504043,0.0010600682410138612,0.0,0.0,0.0,0.0,0.0,0.0,0.0,0.0,0.0,0.0,0.0,0.0,0.0,0.0,0.0
CCCCCCCC=C,CCCCCCCC=C,298.15,0.0,aux_only_sigma_profile_stream,,,No,False,0.0,False,0.0,False,0.0,0.0,0.0,False,0.0,False,True,212.6888,0.0,0.0,0.0,0.0,0.0,0.0,0.0,0.0,0.0,0.0,0.0,0.0,0.0,0.0,0.0,0.0,0.0,0.0,0.0,0.0018941188600660542,0.017957861019417758,0.03280153424314195,0.09636186828680356,0.16424299505367984,0.17712381933663596,0.1451324847174698,0.12117503574821617,0.09969933905539452,0.06445620766073107,0.01867674936844681,0.01220740049489259,0.0143069815310754,0.01481202527004868,0.01121929615501418,0.007826004814223504,0.00010627838474215896,0.0,0.0,0.0,0.0,0.0,0.0,0.0,0.0,0.0,0.0,0.0,0.0,0.0,0.0,0.0
CCCCCCCCC=C,CCCCCCCCC=C,298.15,0.0,aux_only_sigma_profile_stream,,,No,False,0.0,False,0.0,False,0.0,0.0,0.0,False,0.0,False,True,232.60790000000011,0.0,0.0,0.0,0.0,0.0,0.0,0.0,0.0,0.0,0.0,0.0,0.0,0.0,0.0,0.0,0.0,0.0,0.0,0.0,0.001723882730729768,0.016196496493818775,0.030657859347119964,0.09004408984729967,0.16348578419444346,0.18399852141052464,0.1513854342400696,0.1255299028580555,0.09715007660737572,0.06788289962358927,0.0157871802522968,0.009993622973278682,0.01622449872245108,0.013327109528078446,0.008392021293713752,0.008181520412361785,3.9099464793219815e-05,0.0,0.0,0.0,0.0,0.0,0.0,0.0,0.0,0.0,0.0,0.0,0.0,0.0,0.0,0.0
CCCCCCCCCC=C,CCCCCCCCCC=C,298.15,0.0,aux_only_sigma_profile_stream,,,No,False,0.0,False,0.0,False,0.0,0.0,0.0,False,0.0,False,True,252.63717999999992,0.0,0.0,0.0,0.0,0.0,0.0,0.0,0.0,0.0,0.0,0.0,0.0,0.0,0.0,0.0,0.0,0.0,0.0,0.0,0.0015886443412490557,0.01516316321859843,0.027449131425705677,0.08349689464867133,0.16566324416304484,0.19009257896610274,0.15469350122373204,0.13046027630973403,0.09601810469032825,0.06850951654060816,0.015927265260608635,0.01022352137702844,0.01209017822588825,0.012446914078588434,0.009460747530663819,0.006623326761791159,9.29912376566458e-05,0.0,0.0,0.0,0.0,0.0,0.0,0.0,0.0,0.0,0.0,0.0,0.0,0.0,0.0,0.0
CCCCCCCCCCC=C,CCCCCCCCCCC=C,298.15,0.0,aux_only_sigma_profile_stream,,,No,False,0.0,False,0.0,False,0.0,0.0,0.0,False,0.0,False,True,272.7580500000002,0.0,0.0,0.0,0.0,0.0,0.0,0.0,0.0,0.0,0.0,0.0,0.0,0.0,0.0,0.0,0.0,0.0,0.0,0.0,0.0014801599905486114,0.013920349827156035,0.026000236312715627,0.07851243685021174,0.16428454709323398,0.195381940391974,0.15877489071248077,0.1347340693720353,0.09460234457326842,0.06964664512236426,0.015272976758052007,0.008840114830884184,0.012496190993973661,0.011434163886974217,0.008652905147238654,0.005966028136888605,0.0,0.0,0.0,0.0,0.0,0.0,0.0,0.0,0.0,0.0,0.0,0.0,0.0,0.0,0.0,0.0
CCCCCCCCCCCC=C,CCCCCCCCCCCC=C,298.15,0.0,aux_only_sigma_profile_stream,,,No,False,0.0,False,0.0,False,0.0,0.0,0.0,False,0.0,False,True,292.21700000000004,0.0,0.0,0.0,0.0,0.0,0.0,0.0,0.0,0.0,0.0,0.0,0.0,0.0,0.0,0.0,0.0,0.0,0.0,0.0,0.0012980513124063587,0.012993796494237398,0.02446520994550765,0.07457576895919542,0.16473034775798637,0.1998179444461164,0.16318978131706674,0.13577596622273513,0.09175196036248232,0.07337462305169719,0.013705905931349611,0.007506578603816038,0.013020189778445913,0.010617776098252462,0.006709830691522088,0.006432784824817378,3.348420236556531e-05,0.0,0.0,0.0,0.0,0.0,0.0,0.0,0.0,0.0,0.0,0.0,0.0,0.0,0.0,0.0
CCCCCCCCCCCCC=C,CCCCCCCCCCCCC=C,298.15,0.0,aux_only_sigma_profile_stream,,,No,False,0.0,False,0.0,False,0.0,0.0,0.0,False,0.0,False,True,313.0948700000001,0.0,0.0,0.0,0.0,0.0,0.0,0.0,0.0,0.0,0.0,0.0,0.0,0.0,0.0,0.0,0.0,0.0,0.0,0.0,0.0012612584839328184,0.012067650014568998,0.022627737546770527,0.07063756356248319,0.16600784723630535,0.20241227076194085,0.16507356730717362,0.14003672799123085,0.09288450339546983,0.07317207152354809,0.011972148965214724,0.007620483634786703,0.012008579312806335,0.009942568240299397,0.00632764291454494,0.005891142898919421,5.6236210004379475e-05,0.0,0.0,0.0,0.0,0.0,0.0,0.0,0.0,0.0,0.0,0.0,0.0,0.0,0.0,0.0
CCCCCCCCCCCCCC=C,CCCCCCCCCCCCCC=C,298.15,0.0,aux_only_sigma_profile_stream,,,No,False,0.0,False,0.0,False,0.0,0.0,0.0,False,0.0,False,True,332.81356000000017,0.0,0.0,0.0,0.0,0.0,0.0,0.0,0.0,0.0,0.0,0.0,0.0,0.0,0.0,0.0,0.0,0.0,0.0,0.0,0.0012307323005317085,0.011408651142714943,0.021056364136858297,0.06756353138825563,0.166193778111643,0.2062782671654312,0.1670814713845754,0.14247368844164665,0.09124536052696106,0.0738868403573622,0.013393449210952426,0.006973638339169025,0.00934434666233022,0.00981955672724251,0.00683467478304213,0.005144314033715571,7.133528756803717e-05,0.0,0.0,0.0,0.0,0.0,0.0,0.0,0.0,0.0,0.0,0.0,0.0,0.0,0.0,0.0
CCCCCCCCCCCCCCC=C,CCCCCCCCCCCCCCC=C,298.15,0.0,aux_only_sigma_profile_stream,,,No,False,0.0,False,0.0,False,0.0,0.0,0.0,False,0.0,False,True,352.8434800000002,0.0,0.0,0.0,0.0,0.0,0.0,0.0,0.0,0.0,0.0,0.0,0.0,0.0,0.0,0.0,0.0,0.0,0.0,0.0,0.0011931883212011733,0.010654989116637063,0.02025791846650352,0.06532595698367616,0.16462877093965567,0.20883964404294802,0.1703066698870382,0.144149796394601,0.09149920880938393,0.07461815202557827,0.011643743146901388,0.007107187412301737,0.009823002969848664,0.008569440878290249,0.006506402924696578,0.00481309772618156,6.282995455686693e-05,0.0,0.0,0.0,0.0,0.0,0.0,0.0,0.0,0.0,0.0,0.0,0.0,0.0,0.0,0.0
CCCCCCCCCCCCCCCCC=C,CCCCCCCCCCCCCCCCC=C,298.15,0.0,aux_only_sigma_profile_stream,,,No,False,0.0,False,0.0,False,0.0,0.0,0.0,False,0.0,False,True,391.6838600000002,0.0,0.0,0.0,0.0,0.0,0.0,0.0,0.0,0.0,0.0,0.0,0.0,0.0,0.0,0.0,0.0,0.0,0.0,0.0,4.341402008579825e-05,0.005738670190226676,0.015173493982741327,0.047855693378797144,0.15947516775190884,0.22798283958116872,0.19475469130475853,0.14466435428840077,0.10102176489662473,0.06477980663917268,0.008657892822826292,0.00961922164853121,0.008976649982832145,0.008376124141893435,0.002880215370031661,0.0,0.0,0.0,0.0,0.0,0.0,0.0,0.0,0.0,0.0,0.0,0.0,0.0,0.0,0.0,0.0,0.0
CC(C)CCCC=C,CC(C)CCCC=C,298.15,0.0,aux_only_sigma_profile_stream,,,No,False,0.0,False,0.0,False,0.0,0.0,0.0,False,0.0,False,True,188.8147,0.0,0.0,0.0,0.0,0.0,0.0,0.0,0.0,0.0,0.0,0.0,0.0,0.0,0.0,0.0,0.0,0.0,0.0,0.0,0.0021727113257920703,0.020409698886539394,0.03912719820151121,0.1203203342765002,0.16001899186108232,0.16291910872111542,0.11719165931814896,0.11178927799742816,0.10278958449342819,0.07283064842711345,0.02047568298556129,0.01282918115101563,0.01894404701483481,0.018370343498336567,0.011386711675114965,0.008424820166477397,0.0,0.0,0.0,0.0,0.0,0.0,0.0,0.0,0.0,0.0,0.0,0.0,0.0,0.0,0.0,0.0
C1CCC=CC1,C1CCC=CC1,298.15,0.0,aux_only_sigma_profile_stream,,,No,False,0.0,False,0.0,False,0.0,0.0,0.0,False,0.0,False,True,129.76029999999994,0.0,0.0,0.0,0.0,0.0,0.0,0.0,0.0,0.0,0.0,0.0,0.0,0.0,0.0,0.0,0.0,0.0,0.0,0.0,0.0,0.004538281380643596,0.049755306416788825,0.13216274127330707,0.16097761255602297,0.17104158541211842,0.13217271817194787,0.13833503177084291,0.06787080431684916,0.025978438376399418,0.026507203248200963,0.018684812908341935,0.019884102644981024,0.019743508543031814,0.017224028184905867,0.013220214769818047,0.001903610025799968,0.0,0.0,0.0,0.0,0.0,0.0,0.0,0.0,0.0,0.0,0.0,0.0,0.0,0.0,0.0
C1CCC=CCC1,C1CCC=CCC1,298.15,0.0,aux_only_sigma_profile_stream,,,No,False,0.0,False,0.0,False,0.0,0.0,0.0,False,0.0,False,True,145.78816000000006,0.0,0.0,0.0,0.0,0.0,0.0,0.0,0.0,0.0,0.0,0.0,0.0,0.0,0.0,0.0,0.0,0.0,0.0,0.0,0.0,0.0021316179977177697,0.03418250350218953,0.12176491858969203,0.18011742840534917,0.17237434294957965,0.13585356733933257,0.14218636180680236,0.08111466575055197,0.02810416713025439,0.027537912950794347,0.013651820002439571,0.017151686082773794,0.01901289505788199,0.012657499845410761,0.010070847420578387,0.002087765168651626,0.0,0.0,0.0,0.0,0.0,0.0,0.0,0.0,0.0,0.0,0.0,0.0,0.0,0.0,0.0
C1CCC/C=C\CC1,C1CCC/C=C\CC1,298.15,0.0,aux_only_sigma_profile_stream,,,No,False,0.0,False,0.0,False,0.0,0.0,0.0,False,0.0,False,True,158.9986700000001,0.0,0.0,0.0,0.0,0.0,0.0,0.0,0.0,0.0,0.0,0.0,0.0,0.0,0.0,0.0,0.0,0.0,0.0,0.0,0.0,0.0019092566175857937,0.033810840765840976,0.11033644403085191,0.16433433310922466,0.18617230451006403,0.14189828928774365,0.13639518374396142,0.1049909624359316,0.0362905753922766,0.018651005286358675,0.021532157712535506,0.014278591156134756,0.009729312583624939,0.0079474912202197,0.009066533064675442,0.0026567190829704045,0.0,0.0,0.0,0.0,0.0,0.0,0.0,0.0,0.0,0.0,0.0,0.0,0.0,0.0,0.0
CCCCC/C=C\C,CCCCC/C=C\C,298.15,0.0,aux_only_sigma_profile_stream,,,No,False,0.0,False,0.0,False,0.0,0.0,0.0,False,0.0,False,True,191.04242,0.0,0.0,0.0,0.0,0.0,0.0,0.0,0.0,0.0,0.0,0.0,0.0,0.0,0.0,0.0,0.0,0.0,0.0,0.0,0.0,0.009316684675856335,0.04971570579664003,0.09977091043733169,0.16635105569269115,0.16656068299379528,0.13738825266002333,0.12476192942343327,0.1071229226955322,0.05862173317029536,0.01529329020952048,0.016007004740355466,0.011029884549244088,0.018435269590320148,0.010724880928062154,0.00798657443928364,0.0009132179976153132,0.0,0.0,0.0,0.0,0.0,0.0,0.0,0.0,0.0,0.0,0.0,0.0,0.0,0.0,0.0
CCC/C=C\CCC,CCC/C=C\CCC,298.15,0.0,aux_only_sigma_profile_stream,,,No,False,0.0,False,0.0,False,0.0,0.0,0.0,False,0.0,False,True,190.52290000000008,0.0,0.0,0.0,0.0,0.0,0.0,0.0,0.0,0.0,0.0,0.0,0.0,0.0,0.0,0.0,0.0,0.0,0.0,0.0,0.0,0.000843786695291059,0.029898342944868553,0.12763963187482394,0.17507924662588162,0.16907179035830802,0.1281493793610657,0.12333032136464901,0.12312478503558515,0.041031324189624005,0.02169542609390807,0.01019632916214571,0.012677811195031403,0.016525707021993827,0.010780094974555966,0.009197367369346987,0.0007586557329208227,0.0,0.0,0.0,0.0,0.0,0.0,0.0,0.0,0.0,0.0,0.0,0.0,0.0,0.0,0.0
CCC/C=C/CCC,CCC/C=C/CCC,298.15,0.0,aux_only_sigma_profile_stream,,,No,False,0.0,False,0.0,False,0.0,0.0,0.0,False,0.0,False,True,193.40534000000005,0.0,0.0,0.0,0.0,0.0,0.0,0.0,0.0,0.0,0.0,0.0,0.0,0.0,0.0,0.0,0.0,0.0,0.0,0.0,0.0,0.0010528422331984315,0.025910776428751187,0.13126035132495356,0.16982783454283418,0.1677938510910593,0.11978858188574108,0.12393310626132606,0.13371888971590332,0.048961281308731223,0.017268859143567284,0.01712972761846596,0.022898054297789447,0.010174575138583348,0.007247077741559357,0.003034191267536294,0.0,0.0,0.0,0.0,0.0,0.0,0.0,0.0,0.0,0.0,0.0,0.0,0.0,0.0,0.0,0.0
CCCC/C=C\CC,CCCC/C=C\CC,298.15,0.0,aux_only_sigma_profile_stream,,,No,False,0.0,False,0.0,False,0.0,0.0,0.0,False,0.0,False,True,190.7122000000001,0.0,0.0,0.0,0.0,0.0,0.0,0.0,0.0,0.0,0.0,0.0,0.0,0.0,0.0,0.0,0.0,0.0,0.0,0.0,0.0,0.0008176449378325084,0.03217678758880804,0.12247852585800746,0.17717566015650274,0.1626539909150064,0.13785895869370646,0.1243819278601835,0.11873176315139189,0.04165755688646576,0.022327193451341012,0.010463573784254762,0.013040408890283834,0.01572555633306096,0.010822438740022762,0.009010013987854469,0.0006779987652775,0.0,0.0,0.0,0.0,0.0,0.0,0.0,0.0,0.0,0.0,0.0,0.0,0.0,0.0,0.0
CCCCCCCCCCCCCCCC=C,CCCCCCCCCCCCCCCC=C,298.15,0.0,aux_only_sigma_profile_stream,,,No,False,0.0,False,0.0,False,0.0,0.0,0.0,False,0.0,False,True,371.02214000000026,0.0,0.0,0.0,0.0,0.0,0.0,0.0,0.0,0.0,0.0,0.0,0.0,0.0,0.0,0.0,0.0,0.0,0.0,0.0,6.141677214297961e-05,0.006100435509847818,0.015268961605602987,0.0510805603347008,0.16146425274519566,0.22439097794281396,0.19259115163623078,0.14362989903991732,0.10006505694760902,0.06407196896905286,0.010818508357319342,0.008429188805437565,0.010026372497549762,0.008080195321700958,0.0038837924020205614,3.726111285767257e-05,0.0,0.0,0.0,0.0,0.0,0.0,0.0,0.0,0.0,0.0,0.0,0.0,0.0,0.0,0.0,0.0
CCCCCCCCCCCCCCCCCCC=C,CCCCCCCCCCCCCCCCCCC=C,298.15,0.0,aux_only_sigma_profile_stream,,,No,False,0.0,False,0.0,False,0.0,0.0,0.0,False,0.0,False,True,432.6291000000002,0.0,0.0,0.0,0.0,0.0,0.0,0.0,0.0,0.0,0.0,0.0,0.0,0.0,0.0,0.0,0.0,0.0,0.0,0.0,0.0009294186629839157,0.008774000437073623,0.01624111642525756,0.056737915168917234,0.16549401772614503,0.21767881803239944,0.17700954925845896,0.1504891945132881,0.08879422559481039,0.07773915311974064,0.010795199964341437,0.005481378259951842,0.007084773874466161,0.007408948202532004,0.005286782889358965,0.0040098480412848764,4.565982898988161e-05,0.0,0.0,0.0,0.0,0.0,0.0,0.0,0.0,0.0,0.0,0.0,0.0,0.0,0.0,0.0
C=CC1=CCCCC1,C=CC1=CCCCC1,298.15,0.0,aux_only_sigma_profile_stream,,,No,False,0.0,False,0.0,False,0.0,0.0,0.0,False,0.0,False,True,161.34073,0.0,0.0,0.0,0.0,0.0,0.0,0.0,0.0,0.0,0.0,0.0,0.0,0.0,0.0,0.0,0.0,0.0,0.0,0.0,0.0024649638222554466,0.03308194026349713,0.09675777149591674,0.1532461117607451,0.13938223195012753,0.11686230075140171,0.11041774401028989,0.08110892381286423,0.04038683964956444,0.04283464046975497,0.04152768953490752,0.03450574368632776,0.0319121777019807,0.031366654311203314,0.02973668147285382,0.014407585306309695,0.0,0.0,0.0,0.0,0.0,0.0,0.0,0.0,0.0,0.0,0.0,0.0,0.0,0.0,0.0,0.0
CCCC(C)C(=C)C,CCCC(C)C(=C)C,298.15,0.0,aux_only_sigma_profile_stream,,,No,False,0.0,False,0.0,False,0.0,0.0,0.0,False,0.0,False,True,182.81443,0.0,0.0,0.0,0.0,0.0,0.0,0.0,0.0,0.0,0.0,0.0,0.0,0.0,0.0,0.0,0.0,0.0,0.0,0.0,0.0,0.011542203034184283,0.05512514996290118,0.12094704711189759,0.1549977575030784,0.13591734599951327,0.1302430072563446,0.1351199728186599,0.11763182994300228,0.047860161794393584,0.022916308056563698,0.015191155773378838,0.015670663237908517,0.017076823390985218,0.010388401686370546,0.00891465309354393,0.00045751933727422285,0.0,0.0,0.0,0.0,0.0,0.0,0.0,0.0,0.0,0.0,0.0,0.0,0.0,0.0,0.0
CC1=CC[C@@H](CC1)C(=C)C,CC1=CC[C@@H](CC1)C(=C)C,298.15,0.0,aux_only_sigma_profile_stream,,,No,False,0.0,False,0.0,False,0.0,0.0,0.0,False,0.0,False,True,194.85076999999995,0.0,0.0,0.0,0.0,0.0,0.0,0.0,0.0,0.0,0.0,0.0,0.0,0.0,0.0,0.0,0.0,0.0,0.0,0.0,2.2305632505518973e-05,0.01197651665537396,0.0869001312820509,0.13972529990542662,0.1595486305865617,0.10758727189739514,0.11475896111549831,0.1229695531502483,0.07600589664804096,0.03531752500852084,0.038696341340434585,0.028940468449273785,0.024914719695848835,0.029205689674796826,0.014043929748559274,0.008542832748408901,0.000843926461055703,0.0,0.0,0.0,0.0,0.0,0.0,0.0,0.0,0.0,0.0,0.0,0.0,0.0,0.0,0.0
CC1=CCC(=C(C)C)CC1,CC1=CCC(=C(C)C)CC1,298.15,0.0,aux_only_sigma_profile_stream,,,No,False,0.0,False,0.0,False,0.0,0.0,0.0,False,0.0,False,True,196.30197,0.0,0.0,0.0,0.0,0.0,0.0,0.0,0.0,0.0,0.0,0.0,0.0,0.0,0.0,0.0,0.0,0.0,0.0,0.0,0.0005281664764279952,0.015346098664675754,0.07755369399786616,0.12467864393713726,0.16230175438559938,0.11502294594063271,0.11385667536385143,0.1363716236374719,0.07804114499526521,0.052882429322794876,0.0275903920863323,0.024894433663207052,0.02617283297814668,0.02567944968468233,0.01587231879131539,0.0032073960745935106,0.0,0.0,0.0,0.0,0.0,0.0,0.0,0.0,0.0,0.0,0.0,0.0,0.0,0.0,0.0,0.0
C=CCC1=CCCCC1,C=CCC1=CCCCC1,298.15,0.0,aux_only_sigma_profile_stream,,,No,False,0.0,False,0.0,False,0.0,0.0,0.0,False,0.0,False,True,181.13024,0.0,0.0,0.0,0.0,0.0,0.0,0.0,0.0,0.0,0.0,0.0,0.0,0.0,0.0,0.0,0.0,0.0,0.0,0.0,0.0034916653377926403,0.027351591964925624,0.06383462031032863,0.13210854750520676,0.13557946206520402,0.15001348093020858,0.12107161498346054,0.11506514083146636,0.07062363031886448,0.04024703682107157,0.030025082126468285,0.023573465429283985,0.041433151302658795,0.025710194812086543,0.014428956436607495,0.0054423588243657055,0.0,0.0,0.0,0.0,0.0,0.0,0.0,0.0,0.0,0.0,0.0,0.0,0.0,0.0,0.0,0.0
C=C=C,C=C=C,298.15,0.0,aux_only_sigma_profile_stream,,,No,False,0.0,False,0.0,False,0.0,0.0,0.0,False,0.0,False,True,88.86898999999997,0.0,0.0,0.0,0.0,0.0,0.0,0.0,0.0,0.0,0.0,0.0,0.0,0.0,0.0,0.0,0.0,0.0,0.022172625907818697,0.07087064030722395,0.08180544620881887,0.06859354263247981,0.040870104851687655,0.055292571771243845,0.053090584637304095,0.05620001888925599,0.06283761648728754,0.06747180966135624,0.03655605851414135,0.07502738934007085,0.0815239392794838,0.12036266972977414,0.06111014985865083,0.04401555007853776,0.002199281844864469,0.0,0.0,0.0,0.0,0.0,0.0,0.0,0.0,0.0,0.0,0.0,0.0,0.0,0.0,0.0,0.0,0.0
CC=C=C,CC=C=C,298.15,0.0,aux_only_sigma_profile_stream,,,No,False,0.0,False,0.0,False,0.0,0.0,0.0,False,0.0,False,True,109.25458000000002,0.0,0.0,0.0,0.0,0.0,0.0,0.0,0.0,0.0,0.0,0.0,0.0,0.0,0.0,0.0,0.0,0.0,0.0004942491834370568,0.02260581229303796,0.046404482794727496,0.0813526159340714,0.0801653103620964,0.09241889897290986,0.0828143715811866,0.07768468717984674,0.08654514605202088,0.08538177074435972,0.04680039718527451,0.04027609681948024,0.0712888324268716,0.06581700859745303,0.08194637422245665,0.03144390070993353,0.006560044940836274,0.0,0.0,0.0,0.0,0.0,0.0,0.0,0.0,0.0,0.0,0.0,0.0,0.0,0.0,0.0,0.0,0.0
C=CC=C,C=CC=C,298.15,0.0,aux_only_sigma_profile_stream,,,No,False,0.0,False,0.0,False,0.0,0.0,0.0,False,0.0,False,True,108.63597999999996,0.0,0.0,0.0,0.0,0.0,0.0,0.0,0.0,0.0,0.0,0.0,0.0,0.0,0.0,0.0,0.0,0.0,0.0,0.0,0.03110656152321516,0.10385806457755621,0.11995763946328102,0.07806645567839471,0.06627798647360426,0.07221187490684389,0.06555617311766712,0.0856972572915749,0.08230218028779841,0.05508273415197629,0.08266728147165833,0.08091296060578167,0.06647717327025608,0.00982565718039199,0.0,0.0,0.0,0.0,0.0,0.0,0.0,0.0,0.0,0.0,0.0,0.0,0.0,0.0,0.0,0.0,0.0,0.0
CCC=C=C,CCC=C=C,298.15,0.0,aux_only_sigma_profile_stream,,,No,False,0.0,False,0.0,False,0.0,0.0,0.0,False,0.0,False,True,129.09424,0.0,0.0,0.0,0.0,0.0,0.0,0.0,0.0,0.0,0.0,0.0,0.0,0.0,0.0,0.0,0.0,0.0,0.0005236673866066118,0.01737276036524318,0.03476024195689654,0.04037919917325979,0.08869372949813875,0.09329652718590933,0.11933346805192395,0.09490292452478984,0.0965522497903439,0.094807868456375,0.06617963056702042,0.043482351936883566,0.059049126550173525,0.05216871387124741,0.06259417970605197,0.027929161681138688,0.007974199297997652,0.0,0.0,0.0,0.0,0.0,0.0,0.0,0.0,0.0,0.0,0.0,0.0,0.0,0.0,0.0,0.0,0.0
C/C=C\C=C,C/C=C\C=C,298.15,0.0,aux_only_sigma_profile_stream,,,No,False,0.0,False,0.0,False,0.0,0.0,0.0,False,0.0,False,True,127.19096000000002,0.0,0.0,0.0,0.0,0.0,0.0,0.0,0.0,0.0,0.0,0.0,0.0,0.0,0.0,0.0,0.0,0.0,0.0,0.004808896156461843,0.033580154102171245,0.09526252086886991,0.10428809160326566,0.11066952037906386,0.07699174030688383,0.0761822876864317,0.08877880613315049,0.07538520003250591,0.06348558629058454,0.03885307463266139,0.0458987066321895,0.0479415937014669,0.06101696527844116,0.04950736737751149,0.026372138028486772,0.0009773507898536576,0.0,0.0,0.0,0.0,0.0,0.0,0.0,0.0,0.0,0.0,0.0,0.0,0.0,0.0,0.0,0.0
C/C=C/C=C,C/C=C/C=C,298.15,0.0,aux_only_sigma_profile_stream,,,No,False,0.0,False,0.0,False,0.0,0.0,0.0,False,0.0,False,True,129.4118,0.0,0.0,0.0,0.0,0.0,0.0,0.0,0.0,0.0,0.0,0.0,0.0,0.0,0.0,0.0,0.0,0.0,0.0,0.0,0.022867429089534184,0.09551031642868038,0.12172983737237872,0.10903447887514893,0.07815290662866214,0.0796284417301297,0.08409603870835117,0.08038553498198542,0.05511408588711911,0.04971332391227632,0.049884142255606216,0.0380103330782268,0.06156882565655675,0.04643752639758399,0.02463205131022998,0.003234727687530233,0.0,0.0,0.0,0.0,0.0,0.0,0.0,0.0,0.0,0.0,0.0,0.0,0.0,0.0,0.0,0.0
C=CCC=C,C=CCC=C,298.15,0.0,aux_only_sigma_profile_stream,,,No,False,0.0,False,0.0,False,0.0,0.0,0.0,False,0.0,False,True,128.88988000000012,0.0,0.0,0.0,0.0,0.0,0.0,0.0,0.0,0.0,0.0,0.0,0.0,0.0,0.0,0.0,0.0,0.0,0.0,0.0,0.03870697318479384,0.10104135821297054,0.10457449749829924,0.09336366790406422,0.09391690241357264,0.08785114873705437,0.06687547400519353,0.06402134967909523,0.058108008172151254,0.08761468808635471,0.0340774595393891,0.033160890965044466,0.05275617165472009,0.03694938448001236,0.036890543639721336,0.010091481827563179,0.0,0.0,0.0,0.0,0.0,0.0,0.0,0.0,0.0,0.0,0.0,0.0,0.0,0.0,0.0,0.0
CC=C=CC,CC=C=CC,298.15,0.0,aux_only_sigma_profile_stream,,,No,False,0.0,False,0.0,False,0.0,0.0,0.0,False,0.0,False,True,129.70897999999994,0.0,0.0,0.0,0.0,0.0,0.0,0.0,0.0,0.0,0.0,0.0,0.0,0.0,0.0,0.0,0.0,0.0,0.0,0.0006632467201417861,0.019951012305328215,0.05292086223563467,0.10478299734927687,0.12111117236675756,0.09768565326049981,0.09649936977659454,0.1065212160774351,0.09799868502489886,0.05932135853603268,0.03725858216534956,0.04325307193356506,0.06087921031628767,0.06255826250588951,0.03633137247574888,0.00226392695055906,0.0,0.0,0.0,0.0,0.0,0.0,0.0,0.0,0.0,0.0,0.0,0.0,0.0,0.0,0.0,0.0,0.0
CC(=C)C=C,CC(=C)C=C,298.15,0.0,aux_only_sigma_profile_stream,,,No,False,0.0,False,0.0,False,0.0,0.0,0.0,False,0.0,False,True,124.87254999999996,0.0,0.0,0.0,0.0,0.0,0.0,0.0,0.0,0.0,0.0,0.0,0.0,0.0,0.0,0.0,0.0,0.0,0.0,0.0010365384036043152,0.035417519241765234,0.09693392628733939,0.11333480804898836,0.0986092631188456,0.0736711551281056,0.07328258647471571,0.07734540966310244,0.07648803212774201,0.07641668789749359,0.04743604969428054,0.05336270780848835,0.06286115411129596,0.05229643102818419,0.0433885566771188,0.01800174232684734,0.0001174319620826523,0.0,0.0,0.0,0.0,0.0,0.0,0.0,0.0,0.0,0.0,0.0,0.0,0.0,0.0,0.0,0.0
C=CCCC=C,C=CCCC=C,298.15,0.0,aux_only_sigma_profile_stream,,,No,False,0.0,False,0.0,False,0.0,0.0,0.0,False,0.0,False,True,148.6288,0.0,0.0,0.0,0.0,0.0,0.0,0.0,0.0,0.0,0.0,0.0,0.0,0.0,0.0,0.0,0.0,0.0,0.0,0.0,0.010955349041294351,0.06791452606399566,0.11080258491509047,0.1453759004117425,0.09682112405982958,0.10571403195423834,0.09569763768501326,0.05660327227636765,0.0342095158673258,0.07922679085344496,0.04334335781704777,0.023069362064204867,0.0479346860870007,0.03567237267272413,0.030021174555232427,0.016638313675447554,0.0,0.0,0.0,0.0,0.0,0.0,0.0,0.0,0.0,0.0,0.0,0.0,0.0,0.0,0.0,0.0
CC(=C=C)C,CC(=C=C)C,298.15,0.0,aux_only_sigma_profile_stream,,,No,False,0.0,False,0.0,False,0.0,0.0,0.0,False,0.0,False,True,128.62543000000016,0.0,0.0,0.0,0.0,0.0,0.0,0.0,0.0,0.0,0.0,0.0,0.0,0.0,0.0,0.0,0.0,0.0,0.0,0.0032385008425339025,0.027149601837761907,0.04824265827257629,0.10577774807151029,0.12277383387154607,0.0829845294540231,0.08839824727244049,0.11837369026717641,0.10267060706184215,0.04584407500560054,0.049413244940339884,0.043307259835321854,0.06639054030120542,0.05751610377592316,0.03388445262425917,0.004034906565939459,0.0,0.0,0.0,0.0,0.0,0.0,0.0,0.0,0.0,0.0,0.0,0.0,0.0,0.0,0.0,0.0,0.0
CC1=CC=CC1,CC1=CC=CC1,298.15,0.0,aux_only_sigma_profile_stream,,,No,False,0.0,False,0.0,False,0.0,0.0,0.0,False,0.0,False,True,129.93484999999987,0.0,0.0,0.0,0.0,0.0,0.0,0.0,0.0,0.0,0.0,0.0,0.0,0.0,0.0,0.0,0.0,0.0,0.0,0.001296433439775281,0.031395860506329476,0.07082694928116236,0.11598113447007877,0.10225048839283389,0.09783321291838805,0.10033421262092666,0.09557756054289755,0.07298462830579963,0.06305687223619072,0.04153250738326335,0.03242880856218162,0.05355384298719769,0.026770461962354313,0.048206983250314264,0.040319165674443116,0.005650877465863328,0.0,0.0,0.0,0.0,0.0,0.0,0.0,0.0,0.0,0.0,0.0,0.0,0.0,0.0,0.0,0.0
CC=CCC=C,CC=CCC=C,298.15,0.0,aux_only_sigma_profile_stream,,,No,False,0.0,False,0.0,False,0.0,0.0,0.0,False,0.0,False,True,149.03484999999998,0.0,0.0,0.0,0.0,0.0,0.0,0.0,0.0,0.0,0.0,0.0,0.0,0.0,0.0,0.0,0.0,0.0,0.0,0.0,0.007481270965292548,0.06414255231619195,0.13483567260488002,0.13399896778373177,0.09315814166599425,0.08761841140264913,0.08361897743176379,0.09009998587672415,0.057379875158698065,0.04899053790092694,0.048562910184169486,0.03223446707456385,0.029361420062095613,0.042616229026744286,0.029292769199806355,0.015641854681909033,0.0009659566638587937,0.0,0.0,0.0,0.0,0.0,0.0,0.0,0.0,0.0,0.0,0.0,0.0,0.0,0.0,0.0
C/C=C/C=C/C,C/C=C/C=C/C,298.15,0.0,aux_only_sigma_profile_stream,,,No,False,0.0,False,0.0,False,0.0,0.0,0.0,False,0.0,False,True,149.6916899999999,0.0,0.0,0.0,0.0,0.0,0.0,0.0,0.0,0.0,0.0,0.0,0.0,0.0,0.0,0.0,0.0,0.0,0.0,0.0,0.0017380344662628845,0.052058580021982416,0.12125439514832527,0.13956489719170923,0.09621040984839846,0.09441647784712037,0.09865733402916026,0.1052859046003396,0.06045450170818957,0.04486734044222311,0.04832516987348579,0.03145902770590047,0.03078848131571674,0.04671616989676865,0.028069808890154712,0.00013346701426257673,0.0,0.0,0.0,0.0,0.0,0.0,0.0,0.0,0.0,0.0,0.0,0.0,0.0,0.0,0.0,0.0
C1C=CC=C1,C1C=CC=C1,298.15,0.0,aux_only_sigma_profile_stream,,,No,False,0.0,False,0.0,False,0.0,0.0,0.0,False,0.0,False,True,110.30642,0.0,0.0,0.0,0.0,0.0,0.0,0.0,0.0,0.0,0.0,0.0,0.0,0.0,0.0,0.0,0.0,0.0,0.0,0.00886288978557102,0.06886198355972797,0.10733010335889154,0.0952410367131768,0.07163261602620973,0.08367839887763631,0.1031767125111249,0.057481505884971064,0.045080815821981986,0.0663114796847701,0.035043628488008766,0.05357950465167866,0.051107756198118116,0.03509599608186622,0.060535607680036393,0.05065004804952205,0.006329916626708499,0.0,0.0,0.0,0.0,0.0,0.0,0.0,0.0,0.0,0.0,0.0,0.0,0.0,0.0,0.0,0.0
C1C=CC2C1C3CC2C=C3,C1C=CC2C1C3CC2C=C3,298.15,0.0,aux_only_sigma_profile_stream,,,No,False,0.0,False,0.0,False,0.0,0.0,0.0,False,0.0,False,True,167.41649999999998,0.0,0.0,0.0,0.0,0.0,0.0,0.0,0.0,0.0,0.0,0.0,0.0,0.0,0.0,0.0,0.0,0.0,0.0,0.0,0.005316811900366553,0.03037360678832063,0.06356561987989416,0.10965549726646241,0.13594987953837945,0.13220474867015974,0.13590229420777045,0.1251527576735537,0.08582766282663595,0.04587637341233899,0.032543303340030166,0.04063924767452581,0.02564129993156529,0.02141284353562176,0.007584518947463423,0.002353534406911517,0.0,0.0,0.0,0.0,0.0,0.0,0.0,0.0,0.0,0.0,0.0,0.0,0.0,0.0,0.0,0.0
CC(C)C1CCC(=C)C=C1,CC(C)C1CCC(=C)C=C1,298.15,0.0,aux_only_sigma_profile_stream,,,No,False,0.0,False,0.0,False,0.0,0.0,0.0,False,0.0,False,True,194.97883,0.0,0.0,0.0,0.0,0.0,0.0,0.0,0.0,0.0,0.0,0.0,0.0,0.0,0.0,0.0,0.0,0.0,0.0,0.0,0.0064911030201427,0.032418929541692294,0.06532427531677927,0.13822751239769776,0.14922615410615142,0.12884749699150108,0.10453563675878505,0.08708098009918307,0.09261273974901428,0.05042870278187176,0.03129211200442936,0.02985456857991178,0.02824831670208576,0.033765729904412754,0.0190876524375435,0.0025580896087982734,0.0,0.0,0.0,0.0,0.0,0.0,0.0,0.0,0.0,0.0,0.0,0.0,0.0,0.0,0.0,0.0
CC(=C)C(=C)C,CC(=C)C(=C)C,298.15,0.0,aux_only_sigma_profile_stream,,,No,False,0.0,False,0.0,False,0.0,0.0,0.0,False,0.0,False,True,140.25415000000004,0.0,0.0,0.0,0.0,0.0,0.0,0.0,0.0,0.0,0.0,0.0,0.0,0.0,0.0,0.0,0.0,0.0,0.0,0.0,0.013785758847733344,0.06855028049356862,0.12623817591028497,0.11758676888490639,0.08132422092362612,0.07959387469280728,0.07950186693753088,0.11469931262651048,0.06282895467456555,0.05219483889830196,0.06175049335668904,0.05087775514142618,0.038207604556462244,0.03760348474665127,0.015256609308935526,0.0,0.0,0.0,0.0,0.0,0.0,0.0,0.0,0.0,0.0,0.0,0.0,0.0,0.0,0.0,0.0,0.0
C/C=C/C=C\C,C/C=C/C=C\C,298.15,0.0,aux_only_sigma_profile_stream,,,No,False,0.0,False,0.0,False,0.0,0.0,0.0,False,0.0,False,True,147.73047000000008,0.0,0.0,0.0,0.0,0.0,0.0,0.0,0.0,0.0,0.0,0.0,0.0,0.0,0.0,0.0,0.0,0.0,0.0,0.00041119123112092696,0.00978071434269443,0.05944193473249252,0.10797126898116476,0.13871551171795152,0.09502317070997807,0.09582746750356573,0.09646857252416642,0.10660324074700561,0.0578422887595363,0.048642640045913794,0.03674270561769977,0.03054032520306047,0.03571698521064887,0.05017594553815199,0.028045140362147683,0.0020508967727009657,0.0,0.0,0.0,0.0,0.0,0.0,0.0,0.0,0.0,0.0,0.0,0.0,0.0,0.0,0.0,0.0
CC(=C)CCC(=C)C,CC(=C)CCC(=C)C,298.15,0.0,aux_only_sigma_profile_stream,,,No,False,0.0,False,0.0,False,0.0,0.0,0.0,False,0.0,False,True,182.08464999999987,0.0,0.0,0.0,0.0,0.0,0.0,0.0,0.0,0.0,0.0,0.0,0.0,0.0,0.0,0.0,0.0,0.0,0.0,0.0,0.0006743621973440326,0.04084563292524403,0.1280964965013812,0.13932147340448586,0.10998360799240084,0.08368489683157043,0.10721842751232526,0.10598841861535124,0.06021108506998424,0.04368256701200088,0.0456276993001361,0.0367070325844811,0.027500646492032432,0.035854351681435005,0.02309324808399529,0.011510053795832167,0.0,0.0,0.0,0.0,0.0,0.0,0.0,0.0,0.0,0.0,0.0,0.0,0.0,0.0,0.0,0.0
C1/C=C\CC/C=C\C1,C1/C=C\CC/C=C\C1,298.15,0.0,aux_only_sigma_profile_stream,,,No,False,0.0,False,0.0,False,0.0,0.0,0.0,False,0.0,False,True,156.87196999999998,0.0,0.0,0.0,0.0,0.0,0.0,0.0,0.0,0.0,0.0,0.0,0.0,0.0,0.0,0.0,0.0,0.0,0.0,0.0,0.00015307157789595238,0.008811062117106517,0.08144313973172711,0.14431893284158098,0.18115494081718805,0.1435247660456097,0.11662957358644827,0.07383618955364624,0.036626992076506604,0.050294703757455594,0.03449987747745866,0.030942171058306475,0.03223401244512758,0.026965750859136155,0.025459617724811708,0.012489615574491034,0.0006155827555034549,0.0,0.0,0.0,0.0,0.0,0.0,0.0,0.0,0.0,0.0,0.0,0.0,0.0,0.0,0.0
C#C,C#C,298.15,0.0,aux_only_sigma_profile_stream,,,No,False,0.0,False,0.0,False,0.0,0.0,0.0,False,0.0,False,True,68.01662999999998,0.0,0.0,0.0,0.0,0.0,0.0,0.0,0.0,0.0,0.0,0.0,0.0,0.00579432067059164,0.012622185215554112,0.07293372060174409,0.05080995955790082,0.008481504688378359,0.03487730560523052,0.017938969493845408,0.022535736001144578,0.00308860865439905,0.06371375421027227,0.042479146672040204,6.219688505460934e-18,0.014341625259803903,0.116319843649893,0.06118975905163755,0.003489529144685248,0.03590701732746066,0.1644482267382404,0.014298056462299197,0.13226135374374992,0.11711774462676265,0.0053516326243662924,0.0,0.0,0.0,0.0,0.0,0.0,0.0,0.0,0.0,0.0,0.0,0.0,0.0,0.0,0.0,0.0,0.0
CC#C,CC#C,298.15,0.0,aux_only_sigma_profile_stream,,,No,False,0.0,False,0.0,False,0.0,0.0,0.0,False,0.0,False,True,89.24425,0.0,0.0,0.0,0.0,0.0,0.0,0.0,0.0,0.0,0.0,0.0,0.0,0.0,0.005616838451004205,0.008826143046908508,0.022632365763962138,0.018144528320867506,0.0010644750768655977,0.054758861170251756,0.061598529092549044,0.08548836200500817,0.0570970975948911,0.052094326324545755,0.10860076198325966,0.04888593182352421,0.029344891543392884,0.03307728165612889,0.060487612136156214,0.03151532476826238,0.040378256333648166,0.021437653786369894,0.08991867820470271,0.04596738713235228,0.10660199227457087,0.01646270151077823,0.0,0.0,0.0,0.0,0.0,0.0,0.0,0.0,0.0,0.0,0.0,0.0,0.0,0.0,0.0,0.0
CCC#C,CCC#C,298.15,0.0,aux_only_sigma_profile_stream,,,No,False,0.0,False,0.0,False,0.0,0.0,0.0,False,0.0,False,True,109.28242000000004,0.0,0.0,0.0,0.0,0.0,0.0,0.0,0.0,0.0,0.0,0.0,0.0,0.0,0.004593653784051313,0.006692353129380584,0.018590495758682386,0.015078680554842211,0.0006827591577926851,0.014857045044534148,0.03797081326636817,0.06453731930050009,0.08169187367918186,0.08996947332678869,0.12330682412299336,0.06541687704205441,0.05140623662608714,0.08050864220911788,0.05706109422779663,0.03167194927962319,0.024822616025330875,0.023897803576247482,0.06308736297236288,0.04426832235333505,0.08589375571694474,0.01399404884598419,0.0,0.0,0.0,0.0,0.0,0.0,0.0,0.0,0.0,0.0,0.0,0.0,0.0,0.0,0.0,0.0
CC#CC,CC#CC,298.15,0.0,aux_only_sigma_profile_stream,,,No,False,0.0,False,0.0,False,0.0,0.0,0.0,False,0.0,False,True,110.41299000000004,0.0,0.0,0.0,0.0,0.0,0.0,0.0,0.0,0.0,0.0,0.0,0.0,0.0,0.0,0.0,0.0,0.0,0.0,0.0035631896104376657,0.07457122580575445,0.0981513476328736,0.10757312688261766,0.08522639494132056,0.0897790169687341,0.11505814232899131,0.058188467466855014,0.03395636600662277,0.05809171579751563,0.023248192045993495,0.020640523151009577,0.04324455331472816,0.043799522982480306,0.04069758137591898,0.07569089518891371,0.02851973849923301,0.0,0.0,0.0,0.0,0.0,0.0,0.0,0.0,0.0,0.0,0.0,0.0,0.0,0.0,0.0,0.0
CCCC#C,CCCC#C,298.15,0.0,aux_only_sigma_profile_stream,,,No,False,0.0,False,0.0,False,0.0,0.0,0.0,False,0.0,False,True,129.01949000000008,0.0,0.0,0.0,0.0,0.0,0.0,0.0,0.0,0.0,0.0,0.0,0.0,0.0,0.003809007613883094,0.005549975750685879,0.01590999907550841,0.01279187179012953,0.0005389084223096601,0.011347026095680422,0.023504104591756624,0.043207907776801294,0.07202610376438764,0.11262535839438206,0.13737557218601537,0.08119627986270907,0.07297244793794887,0.08122603006894458,0.07813406353290103,0.02963012154055382,0.021966271481518942,0.020686709831879885,0.052412041345240135,0.037059923446693344,0.07405370129720194,0.011976574192868373,0.0,0.0,0.0,0.0,0.0,0.0,0.0,0.0,0.0,0.0,0.0,0.0,0.0,0.0,0.0,0.0
CCC#CCC,CCC#CCC,298.15,0.0,aux_only_sigma_profile_stream,,,No,False,0.0,False,0.0,False,0.0,0.0,0.0,False,0.0,False,True,149.90684999999996,0.0,0.0,0.0,0.0,0.0,0.0,0.0,0.0,0.0,0.0,0.0,0.0,0.0,0.0,0.0,0.0,0.0,0.0,0.0,0.008469849818282289,0.05773531600515421,0.113765625779876,0.11012539860184377,0.1359144427995599,0.13030055344527752,0.07234714910363271,0.10779592436594662,0.053308635840161746,0.030312096048982697,0.020382142685138542,0.021243365011969505,0.03907173754884731,0.021134396854928315,0.061455873102946604,0.016637492987452145,0.0,0.0,0.0,0.0,0.0,0.0,0.0,0.0,0.0,0.0,0.0,0.0,0.0,0.0,0.0,0.0
CCCC#CC,CCCC#CC,298.15,0.0,aux_only_sigma_profile_stream,,,No,False,0.0,False,0.0,False,0.0,0.0,0.0,False,0.0,False,True,150.23855999999992,0.0,0.0,0.0,0.0,0.0,0.0,0.0,0.0,0.0,0.0,0.0,0.0,0.0,0.0,0.0,0.0,0.0,0.0,0.001345168207264667,0.030063445789706,0.05681701212295116,0.08730002214019428,0.12189823694176523,0.12504029514176193,0.12637955057979397,0.08799361507964339,0.07583111333919339,0.07560325386455582,0.02782080052155833,0.016567790381434973,0.02792577584973512,0.036622767605168756,0.023877476159602246,0.058946242658336145,0.01996743361733467,0.0,0.0,0.0,0.0,0.0,0.0,0.0,0.0,0.0,0.0,0.0,0.0,0.0,0.0,0.0,0.0
CCC#CC,CCC#CC,298.15,0.0,aux_only_sigma_profile_stream,,,No,False,0.0,False,0.0,False,0.0,0.0,0.0,False,0.0,False,True,129.9920400000001,0.0,0.0,0.0,0.0,0.0,0.0,0.0,0.0,0.0,0.0,0.0,0.0,0.0,0.0,0.0,0.0,0.0,0.0,0.0015251556030475932,0.03674648364249431,0.07509074959204905,0.11237152914021652,0.09703131746353695,0.11748070126977844,0.12450214434462285,0.06582599001255379,0.07561803662843836,0.05559419984249584,0.027035123437138285,0.020616697660244952,0.029957822097154845,0.04341504970316603,0.02722309437180429,0.06806413581794804,0.021901769373309843,0.0,0.0,0.0,0.0,0.0,0.0,0.0,0.0,0.0,0.0,0.0,0.0,0.0,0.0,0.0,0.0
CCCCC#C,CCCCC#C,298.15,0.0,aux_only_sigma_profile_stream,,,No,False,0.0,False,0.0,False,0.0,0.0,0.0,False,0.0,False,True,148.86821000000012,0.0,0.0,0.0,0.0,0.0,0.0,0.0,0.0,0.0,0.0,0.0,0.0,0.0,0.0033400909963992352,0.004780037530837787,0.013633271381877745,0.011251346159945287,0.0004674934453813084,0.00925322712036182,0.021070349635249442,0.03716712508541082,0.04380601457335293,0.12605302910566726,0.1429509845954101,0.11257499389837888,0.07320800794274407,0.08203686249002785,0.0972618711735755,0.03179854584294925,0.018509465356490066,0.01849430477478958,0.04455172802206183,0.03160805632030644,0.06465645223907249,0.011526742309710238,0.0,0.0,0.0,0.0,0.0,0.0,0.0,0.0,0.0,0.0,0.0,0.0,0.0,0.0,0.0,0.0
CC(=C)C#C,CC(=C)C#C,298.15,0.0,aux_only_sigma_profile_stream,,,No,False,0.0,False,0.0,False,0.0,0.0,0.0,False,0.0,False,True,123.76686,0.0,0.0,0.0,0.0,0.0,0.0,0.0,0.0,0.0,0.0,0.0,0.0,0.0028811397554371525,0.004761732694389411,0.018063201108107996,0.013430582804643511,0.001518084909167656,0.009413919362991272,0.014939266672970858,0.050535889781177935,0.07677888793992131,0.06165810209112827,0.08173510574687762,0.05569987921930386,0.060176722815282135,0.07410074724712754,0.07659523780247854,0.06058918917482126,0.0409896985273797,0.05835577408155196,0.09405833020797082,0.06939470847377699,0.0694099784309459,0.0049138211525483234,0.0,0.0,0.0,0.0,0.0,0.0,0.0,0.0,0.0,0.0,0.0,0.0,0.0,0.0,0.0,0.0,0.0
CCCCCCC#C,CCCCCCC#C,298.15,0.0,aux_only_sigma_profile_stream,,,No,False,0.0,False,0.0,False,0.0,0.0,0.0,False,0.0,False,True,188.50714,0.0,0.0,0.0,0.0,0.0,0.0,0.0,0.0,0.0,0.0,0.0,0.0,0.0,0.002612482929884295,0.0036467766045935645,0.010851340926583245,0.0089200580709919,0.00038688183931385046,0.007389792325571593,0.016599691067063296,0.02885842425434066,0.030162650464734438,0.10250375839891318,0.16114034102558344,0.1438470417476192,0.09819282838537947,0.08964983010756145,0.10137161855680743,0.04360299334812883,0.014982532356593707,0.014890157192551646,0.034663449952062456,0.02499315700043521,0.05156120577535588,0.009172987669931123,0.0,0.0,0.0,0.0,0.0,0.0,0.0,0.0,0.0,0.0,0.0,0.0,0.0,0.0,0.0,0.0
C=CC#C,C=CC#C,298.15,0.0,aux_only_sigma_profile_stream,,,No,False,0.0,False,0.0,False,0.0,0.0,0.0,False,0.0,False,True,105.07586999999998,0.0,0.0,0.0,0.0,0.0,0.0,0.0,0.0,0.0,0.0,0.0,0.0,0.0039131593417638545,0.007733580084771044,0.020419940890420114,0.014843871904205138,0.0019402053333740187,0.028577404248683647,0.052132894518713585,0.06507174089615951,0.045581698092624794,0.042318064535831784,0.061894428419918206,0.03823814710314158,0.04462284109412942,0.048588507288656005,0.07268884750084392,0.0446657442527255,0.059362936210385416,0.08376982221949979,0.11236472892095586,0.08247118939417672,0.06880024774902004,0.0,0.0,0.0,0.0,0.0,0.0,0.0,0.0,0.0,0.0,0.0,0.0,0.0,0.0,0.0,0.0,0.0,0.0
CC#CC=C,CC#CC=C,298.15,0.0,aux_only_sigma_profile_stream,,,No,False,0.0,False,0.0,False,0.0,0.0,0.0,False,0.0,False,True,126.33938,0.0,0.0,0.0,0.0,0.0,0.0,0.0,0.0,0.0,0.0,0.0,0.0,0.0,0.0,0.0,0.0,0.0,0.0007238142713659565,0.0409594189016883,0.08169428573134047,0.10187394413915678,0.0707310569634438,0.06068541137607342,0.08521406076068286,0.06393885800855648,0.05374544489661046,0.052709559956152154,0.03723702523858246,0.03364290814793471,0.08493294513913398,0.05317490004646108,0.10181969888766512,0.07554407655860366,0.001372590976548302,0.0,0.0,0.0,0.0,0.0,0.0,0.0,0.0,0.0,0.0,0.0,0.0,0.0,0.0,0.0,0.0,0.0
C=CCC#C,C=CCC#C,298.15,0.0,aux_only_sigma_profile_stream,,,No,False,0.0,False,0.0,False,0.0,0.0,0.0,False,0.0,False,True,124.72782999999995,0.0,0.0,0.0,0.0,0.0,0.0,0.0,0.0,0.0,0.0,0.0,0.0,0.00027737922215341043,0.004600922597095757,0.01085560672084906,0.015040082813235583,0.009039096070699781,0.010963734403143471,0.038778253263637645,0.06751303672365665,0.0679734170255155,0.0817759457438224,0.06013174174630756,0.056942974741541814,0.044716433364510956,0.04153507209798336,0.07735423109890872,0.07101817454083191,0.04006258511233172,0.037273571375183966,0.06342234781222739,0.08799889937351835,0.055873940263978385,0.055960984813659805,0.0008915690752068086,0.0,0.0,0.0,0.0,0.0,0.0,0.0,0.0,0.0,0.0,0.0,0.0,0.0,0.0,0.0,0.0
C1=CC=C(C=C1)C#CC2=CC=CC=C2,C1=CC=C(C=C1)C#CC2=CC=CC=C2,298.15,0.0,aux_only_sigma_profile_stream,,,No,False,0.0,False,0.0,False,0.0,0.0,0.0,False,0.0,False,True,237.5875899999997,0.0,0.0,0.0,0.0,0.0,0.0,0.0,0.0,0.0,0.0,0.0,0.0,0.0,0.0,0.0,0.0,0.0,0.001273391158624402,0.05158490894657636,0.08834999059753511,0.09242358450493364,0.05457862239173905,0.059653265258196,0.05005590933742758,0.03288568866078157,0.054083050339843154,0.046639167374828434,0.0758695376446435,0.09799309415314339,0.13315043243670868,0.11204644119266514,0.04941291600235397,0.0,0.0,0.0,0.0,0.0,0.0,0.0,0.0,0.0,0.0,0.0,0.0,0.0,0.0,0.0,0.0,0.0,0.0,0.0
CCCCCCCC#C,CCCCCCCC#C,298.15,0.0,aux_only_sigma_profile_stream,,,No,False,0.0,False,0.0,False,0.0,0.0,0.0,False,0.0,False,True,208.54207000000005,0.0,0.0,0.0,0.0,0.0,0.0,0.0,0.0,0.0,0.0,0.0,0.0,0.0,0.0023467168261481286,0.0036495769048889575,0.009753448776939575,0.007907662776870631,0.0003224611002213639,0.006800051155702155,0.014957719297426075,0.02597755003357159,0.02565207909638817,0.09449631223910986,0.1618290174715298,0.15634628935156436,0.11012310148216181,0.09679613287331518,0.09739271366638008,0.047560128087450214,0.01786897295554393,0.011051316272942773,0.03147080827524301,0.023548218596069172,0.04614577034774057,0.008003952412792678,0.0,0.0,0.0,0.0,0.0,0.0,0.0,0.0,0.0,0.0,0.0,0.0,0.0,0.0,0.0,0.0
CCCCCCCCC#C,CCCCCCCCC#C,298.15,0.0,aux_only_sigma_profile_stream,,,No,False,0.0,False,0.0,False,0.0,0.0,0.0,False,0.0,False,True,228.38573,0.0,0.0,0.0,0.0,0.0,0.0,0.0,0.0,0.0,0.0,0.0,0.0,0.0,0.0022004870726448408,0.0030921514541843074,0.008877350203409939,0.007326476040795805,0.0003038937399348961,0.006036276993987496,0.013299873203590476,0.024038519480325805,0.024632097631680793,0.08786953057589546,0.16363566225584758,0.16283564059961625,0.11966949407287135,0.10185772151185671,0.09682465355540032,0.05310083268958003,0.01291453633898024,0.0113050466932413,0.029930174504217574,0.020171903254571463,0.043124135199198776,0.006953542928168585,0.0,0.0,0.0,0.0,0.0,0.0,0.0,0.0,0.0,0.0,0.0,0.0,0.0,0.0,0.0,0.0
C1=CC=CC=C1,C1=CC=CC=C1,298.15,0.0,aux_only_sigma_profile_stream,,,No,False,0.0,False,0.0,False,0.0,0.0,0.0,False,0.0,False,True,121.9197,0.0,0.0,0.0,0.0,0.0,0.0,0.0,0.0,0.0,0.0,0.0,0.0,0.0,0.0,0.0,0.0,0.0,0.0,0.009398635460329298,0.09325675122377435,0.1075429113489231,0.10116912066953249,0.07322740469571602,0.05878424138674504,0.06549765460086662,0.0379412833106324,0.041308883034921015,0.0750765975503645,0.05693357493629692,0.034879574906634285,0.10654330077522742,0.06170389701984732,0.0700094034222635,0.006726765657925741,0.0,0.0,0.0,0.0,0.0,0.0,0.0,0.0,0.0,0.0,0.0,0.0,0.0,0.0,0.0,0.0,0.0
CC1=CC=CC=C1,CC1=CC=CC=C1,298.15,0.0,aux_only_sigma_profile_stream,,,No,False,0.0,False,0.0,False,0.0,0.0,0.0,False,0.0,False,True,140.91030999999992,0.0,0.0,0.0,0.0,0.0,0.0,0.0,0.0,0.0,0.0,0.0,0.0,0.0,0.0,0.0,0.0,0.0,0.0,0.002117643106048253,0.04653679742911192,0.09605903936295156,0.11546711361292447,0.09914318537990519,0.06722079677374235,0.07008296490237645,0.0835305277947739,0.08192397422848055,0.035233561717305246,0.06576887284273639,0.0414141150871082,0.06189988606113075,0.06106938549254646,0.05601918868133215,0.016512947527526276,0.0,0.0,0.0,0.0,0.0,0.0,0.0,0.0,0.0,0.0,0.0,0.0,0.0,0.0,0.0,0.0,0.0
CCC1=CC=CC=C1,CCC1=CC=CC=C1,298.15,0.0,aux_only_sigma_profile_stream,,,No,False,0.0,False,0.0,False,0.0,0.0,0.0,False,0.0,False,True,158.19515000000004,0.0,0.0,0.0,0.0,0.0,0.0,0.0,0.0,0.0,0.0,0.0,0.0,0.0,0.0,0.0,0.0,0.0,0.0,0.0011234703594553749,0.03426379510236514,0.062234434301046124,0.11493995005341942,0.10841835886082914,0.10930948013087313,0.08537963982929248,0.08219393585467315,0.08189194177175783,0.05252051091812383,0.05580476862967927,0.03578628433166913,0.04869956801323755,0.056918167016743924,0.053712123564224806,0.016779367216301064,2.4204046308678864e-05,0.0,0.0,0.0,0.0,0.0,0.0,0.0,0.0,0.0,0.0,0.0,0.0,0.0,0.0,0.0,0.0
CC1=CC=CC=C1C,CC1=CC=CC=C1C,298.15,0.0,aux_only_sigma_profile_stream,,,No,False,0.0,False,0.0,False,0.0,0.0,0.0,False,0.0,False,True,157.46773000000002,0.0,0.0,0.0,0.0,0.0,0.0,0.0,0.0,0.0,0.0,0.0,0.0,0.0,0.0,0.0,0.0,0.0,0.0,0.0,0.025705872039037393,0.0896958604159214,0.11826902644675769,0.10869355825901596,0.08227383029658202,0.06745515812452049,0.08689674208691646,0.10489001154787206,0.051881583572413084,0.05150238430326226,0.04210469800633545,0.0410139830920894,0.06064705194886323,0.04010660573142452,0.02749644834344859,0.0013671857855398436,0.0,0.0,0.0,0.0,0.0,0.0,0.0,0.0,0.0,0.0,0.0,0.0,0.0,0.0,0.0,0.0
CC1=CC(=CC=C1)C,CC1=CC(=CC=C1)C,298.15,0.0,aux_only_sigma_profile_stream,,,No,False,0.0,False,0.0,False,0.0,0.0,0.0,False,0.0,False,True,159.97177,0.0,0.0,0.0,0.0,0.0,0.0,0.0,0.0,0.0,0.0,0.0,0.0,0.0,0.0,0.0,0.0,0.0,0.0,9.022999853909786e-05,0.017910521936626195,0.07912333070659343,0.11995028369383735,0.11892127386408988,0.07975945237246485,0.07216945100697895,0.10237611606523266,0.10752520127067482,0.04670942645734413,0.0494483331779212,0.03943050386946847,0.0413163176313372,0.06206443399894238,0.04185216549108096,0.02053709161697661,0.0008158668418919288,0.0,0.0,0.0,0.0,0.0,0.0,0.0,0.0,0.0,0.0,0.0,0.0,0.0,0.0,0.0,0.0
CC1=CC=C(C=C1)C,CC1=CC=C(C=C1)C,298.15,0.0,aux_only_sigma_profile_stream,,,No,False,0.0,False,0.0,False,0.0,0.0,0.0,False,0.0,False,True,160.45659999999992,0.0,0.0,0.0,0.0,0.0,0.0,0.0,0.0,0.0,0.0,0.0,0.0,0.0,0.0,0.0,0.0,0.0,0.0,0.0,0.019846903108730534,0.07230564455205461,0.11865309935277706,0.11125365889333381,0.09694601401905628,0.076976415271891,0.08370331513462648,0.11379971400453213,0.05802901252015346,0.04695365793350472,0.03716598307196546,0.03972241020270904,0.06266510724330632,0.043293799661426165,0.018534936518558986,0.0001503285113739292,0.0,0.0,0.0,0.0,0.0,0.0,0.0,0.0,0.0,0.0,0.0,0.0,0.0,0.0,0.0,0.0
CCCC1=CC=CC=C1,CCCC1=CC=CC=C1,298.15,0.0,aux_only_sigma_profile_stream,,,No,False,0.0,False,0.0,False,0.0,0.0,0.0,False,0.0,False,True,178.2389799999999,0.0,0.0,0.0,0.0,0.0,0.0,0.0,0.0,0.0,0.0,0.0,0.0,0.0,0.0,0.0,0.0,0.0,0.0,0.0010336596223400856,0.03102867441120496,0.05404032715826114,0.08785372826890565,0.11954728592526567,0.11592570736543831,0.10616102806446329,0.08247432019710564,0.08879292375391347,0.0688186788868681,0.05676211346557922,0.03258882369267336,0.04382501200383705,0.04924078781030667,0.04462602776594281,0.017210171919432336,7.072968846219332e-05,0.0,0.0,0.0,0.0,0.0,0.0,0.0,0.0,0.0,0.0,0.0,0.0,0.0,0.0,0.0,0.0
CC(C)C1=CC=CC=C1,CC(C)C1=CC=CC=C1,298.15,0.0,aux_only_sigma_profile_stream,,,No,False,0.0,False,0.0,False,0.0,0.0,0.0,False,0.0,False,True,173.43986999999993,0.0,0.0,0.0,0.0,0.0,0.0,0.0,0.0,0.0,0.0,0.0,0.0,0.0,0.0,0.0,0.0,0.0,0.0,0.0025498282993210914,0.03811308130548312,0.0659105725088603,0.09011465253691038,0.10578536988959866,0.10386272752738633,0.09320636542485476,0.08736225294657513,0.08870285808279842,0.07288288559314247,0.0562689449832658,0.04011937752513308,0.04051515934465145,0.05023065971388577,0.05044197481023777,0.013933289507895567,0.0,0.0,0.0,0.0,0.0,0.0,0.0,0.0,0.0,0.0,0.0,0.0,0.0,0.0,0.0,0.0,0.0
CCC1=CC=CC=C1C,CCC1=CC=CC=C1C,298.15,0.0,aux_only_sigma_profile_stream,,,No,False,0.0,False,0.0,False,0.0,0.0,0.0,False,0.0,False,True,174.2555500000001,0.0,0.0,0.0,0.0,0.0,0.0,0.0,0.0,0.0,0.0,0.0,0.0,0.0,0.0,0.0,0.0,0.0,0.0,0.0,0.021977361545009257,0.06875921344100083,0.10948308152583253,0.10459048291559717,0.10566111086689282,0.08475773535502881,0.09936684043573642,0.10230718595604897,0.06429722888001095,0.04793413036215888,0.040962749271365846,0.03089681574304146,0.05514853197175541,0.035791789650227876,0.026084391295430456,0.001981350784862214,0.0,0.0,0.0,0.0,0.0,0.0,0.0,0.0,0.0,0.0,0.0,0.0,0.0,0.0,0.0,0.0
CCC1=CC=CC(=C1)C,CCC1=CC=CC(=C1)C,298.15,0.0,aux_only_sigma_profile_stream,,,No,False,0.0,False,0.0,False,0.0,0.0,0.0,False,0.0,False,True,177.01854999999995,0.0,0.0,0.0,0.0,0.0,0.0,0.0,0.0,0.0,0.0,0.0,0.0,0.0,0.0,0.0,0.0,0.0,0.0,0.0,0.010850863183778935,0.05443805311052086,0.10703321066481793,0.1262376629861481,0.12027334875433453,0.0912641093161457,0.09667556111166205,0.09626608183515968,0.06782357430683564,0.04589142444642131,0.0333801148063768,0.03115031426295149,0.057520667876017534,0.03609586404263029,0.023869230293037714,0.0012299190031612962,0.0,0.0,0.0,0.0,0.0,0.0,0.0,0.0,0.0,0.0,0.0,0.0,0.0,0.0,0.0,0.0
CCC1=CC=C(C=C1)C,CCC1=CC=C(C=C1)C,298.15,0.0,aux_only_sigma_profile_stream,,,No,False,0.0,False,0.0,False,0.0,0.0,0.0,False,0.0,False,True,177.9828800000002,0.0,0.0,0.0,0.0,0.0,0.0,0.0,0.0,0.0,0.0,0.0,0.0,0.0,0.0,0.0,0.0,0.0,0.0,0.0,0.011965323487350398,0.049060180034276556,0.1121311223742597,0.11998998941879678,0.12068308162908911,0.09444545238163009,0.09437638371398013,0.10459894986891312,0.06488579082791664,0.0438728245647459,0.03810274543954796,0.030187109018535295,0.0574018541570728,0.03671914002234357,0.02043806878132653,0.001141984280215371,0.0,0.0,0.0,0.0,0.0,0.0,0.0,0.0,0.0,0.0,0.0,0.0,0.0,0.0,0.0,0.0
CC1=C(C(=CC=C1)C)C,CC1=C(C(=CC=C1)C)C,298.15,0.0,aux_only_sigma_profile_stream,,,No,False,0.0,False,0.0,False,0.0,0.0,0.0,False,0.0,False,True,172.6613900000001,0.0,0.0,0.0,0.0,0.0,0.0,0.0,0.0,0.0,0.0,0.0,0.0,0.0,0.0,0.0,0.0,0.0,0.0,0.0,0.011113401541525693,0.07107140851776066,0.1140284639265124,0.11702178249634147,0.09656233990598877,0.09130871411728639,0.09839906898705027,0.10598119494866912,0.06793773149970524,0.033402969582069314,0.04663161024966366,0.02643848079263407,0.05166934255985536,0.031488498206755124,0.029109511105649546,0.007835481562532881,0.0,0.0,0.0,0.0,0.0,0.0,0.0,0.0,0.0,0.0,0.0,0.0,0.0,0.0,0.0,0.0
CC1=CC(=C(C=C1)C)C,CC1=CC(=C(C=C1)C)C,298.15,0.0,aux_only_sigma_profile_stream,,,No,False,0.0,False,0.0,False,0.0,0.0,0.0,False,0.0,False,True,176.08500999999995,0.0,0.0,0.0,0.0,0.0,0.0,0.0,0.0,0.0,0.0,0.0,0.0,0.0,0.0,0.0,0.0,0.0,0.0,0.0,0.005732527449460691,0.05901057149245698,0.11644720072142543,0.12797237108301723,0.10075210680784982,0.08732179398390587,0.08997200488733087,0.12063610759266905,0.07632158574752503,0.033627679843349766,0.03827352364527197,0.03167592021762797,0.04808084668033714,0.03764741414836176,0.02251818443082884,0.004010161268581614,0.0,0.0,0.0,0.0,0.0,0.0,0.0,0.0,0.0,0.0,0.0,0.0,0.0,0.0,0.0,0.0
CC1=CC(=CC(=C1)C)C,CC1=CC(=CC(=C1)C)C,298.15,0.0,aux_only_sigma_profile_stream,,,No,False,0.0,False,0.0,False,0.0,0.0,0.0,False,0.0,False,True,178.83146000000005,0.0,0.0,0.0,0.0,0.0,0.0,0.0,0.0,0.0,0.0,0.0,0.0,0.0,0.0,0.0,0.0,0.0,0.0,0.0,0.0034433848426181886,0.05514453223616945,0.12045040389917633,0.12663214980191792,0.10166375289077881,0.08748049368602814,0.09231899247245756,0.1198642575007529,0.07949344538277545,0.035509992289826736,0.0345575018253376,0.03527731057284819,0.049631667052279824,0.03836625613434498,0.0170514094836782,0.0031144499290097884,0.0,0.0,0.0,0.0,0.0,0.0,0.0,0.0,0.0,0.0,0.0,0.0,0.0,0.0,0.0,0.0
CCCCC1=CC=CC=C1,CCCCC1=CC=CC=C1,298.15,0.0,aux_only_sigma_profile_stream,,,No,False,0.0,False,0.0,False,0.0,0.0,0.0,False,0.0,False,True,197.69477999999995,0.0,0.0,0.0,0.0,0.0,0.0,0.0,0.0,0.0,0.0,0.0,0.0,0.0,0.0,0.0,0.0,0.0,0.0,0.0009715110937136987,0.027700894736530937,0.046671024815286795,0.07481163399450559,0.11412250851968526,0.13226344592664413,0.1202337256017018,0.08901869012623098,0.09106893459636468,0.07794320712298423,0.054144760056301956,0.03159590018975737,0.0362138662816734,0.046623352939371344,0.03959246678036831,0.01683156943622953,0.00019250778264993498,0.0,0.0,0.0,0.0,0.0,0.0,0.0,0.0,0.0,0.0,0.0,0.0,0.0,0.0,0.0,0.0
CC(C)CC1=CC=CC=C1,CC(C)CC1=CC=CC=C1,298.15,0.0,aux_only_sigma_profile_stream,,,No,False,0.0,False,0.0,False,0.0,0.0,0.0,False,0.0,False,True,193.20448000000016,0.0,0.0,0.0,0.0,0.0,0.0,0.0,0.0,0.0,0.0,0.0,0.0,0.0,0.0,0.0,0.0,0.0,0.0,0.001195765919701364,0.028925264350543142,0.05064805737147473,0.07692073824116236,0.11901472100301184,0.11990552029953849,0.10417991475725553,0.07964549045940285,0.08467001575627173,0.10403839543504208,0.07014062964758627,0.026814220137548497,0.043226585481476315,0.04585765600527794,0.038133954568838745,0.006680523281511065,2.547284356945551e-06,0.0,0.0,0.0,0.0,0.0,0.0,0.0,0.0,0.0,0.0,0.0,0.0,0.0,0.0,0.0,0.0
CCC(C)C1=CC=CC=C1,CCC(C)C1=CC=CC=C1,298.15,0.0,aux_only_sigma_profile_stream,,,No,False,0.0,False,0.0,False,0.0,0.0,0.0,False,0.0,False,True,191.86443000000003,0.0,0.0,0.0,0.0,0.0,0.0,0.0,0.0,0.0,0.0,0.0,0.0,0.0,0.0,0.0,0.0,0.0,0.0,0.0013150808168747431,0.033052452844506454,0.05265168345086371,0.08370428319675981,0.10876787057909691,0.11154989125355072,0.10720162487514491,0.09190739499287699,0.0946533051268002,0.08530567398542865,0.05751540569668593,0.028266369077280865,0.047721390765284866,0.038705445576207996,0.04326837577420884,0.01435239226126265,6.135972716578419e-05,0.0,0.0,0.0,0.0,0.0,0.0,0.0,0.0,0.0,0.0,0.0,0.0,0.0,0.0,0.0,0.0
CC(C)(C)C1=CC=CC=C1,CC(C)(C)C1=CC=CC=C1,298.15,0.0,aux_only_sigma_profile_stream,,,No,False,0.0,False,0.0,False,0.0,0.0,0.0,False,0.0,False,True,186.6680399999999,0.0,0.0,0.0,0.0,0.0,0.0,0.0,0.0,0.0,0.0,0.0,0.0,0.0,0.0,0.0,0.0,0.0,0.0,0.0017422703844072085,0.033979308479077854,0.05756562101155884,0.08711420984285101,0.11872195950945974,0.1111382859279998,0.08337070535370601,0.07991710993659176,0.09419431609892143,0.09963693773777399,0.05389570503981188,0.04106424169878472,0.03219905093881457,0.043813343154548004,0.04423231660796649,0.017291998368417816,0.00012261990930880943,0.0,0.0,0.0,0.0,0.0,0.0,0.0,0.0,0.0,0.0,0.0,0.0,0.0,0.0,0.0,0.0
CC1=CC=CC=C1C(C)C,CC1=CC=CC=C1C(C)C,298.15,0.0,aux_only_sigma_profile_stream,,,No,False,0.0,False,0.0,False,0.0,0.0,0.0,False,0.0,False,True,189.95602,0.0,0.0,0.0,0.0,0.0,0.0,0.0,0.0,0.0,0.0,0.0,0.0,0.0,0.0,0.0,0.0,0.0,0.0,0.0,0.020675229823146377,0.0584182572801499,0.0932240626013674,0.12339443651381934,0.11003845508481278,0.09261354963334986,0.09188792378967985,0.09931787735932557,0.0892836432589001,0.0457552618429081,0.04027801953250805,0.026710060683293117,0.04888802679908296,0.0309213719757875,0.026182089138450725,0.002411734683418346,0.0,0.0,0.0,0.0,0.0,0.0,0.0,0.0,0.0,0.0,0.0,0.0,0.0,0.0,0.0,0.0
CC1=CC(=CC=C1)C(C)C,CC1=CC(=CC=C1)C(C)C,298.15,0.0,aux_only_sigma_profile_stream,,,No,False,0.0,False,0.0,False,0.0,0.0,0.0,False,0.0,False,True,192.43524999999988,0.0,0.0,0.0,0.0,0.0,0.0,0.0,0.0,0.0,0.0,0.0,0.0,0.0,0.0,0.0,0.0,0.0,0.0,0.00026212046869500795,0.01800662040866937,0.055684064039831616,0.09307525266237558,0.1167635973245178,0.11065140690060533,0.10188368841931357,0.10386357905032893,0.09623599967044817,0.08542452057316478,0.04943726976068971,0.03325557581980876,0.030594944692758707,0.049022516336809166,0.032753681640348864,0.021121216920686168,0.0019639453109484527,0.0,0.0,0.0,0.0,0.0,0.0,0.0,0.0,0.0,0.0,0.0,0.0,0.0,0.0,0.0,0.0
CC1=CC=C(C=C1)C(C)C,CC1=CC=C(C=C1)C(C)C,298.15,0.0,aux_only_sigma_profile_stream,,,No,False,0.0,False,0.0,False,0.0,0.0,0.0,False,0.0,False,True,194.84291000000007,0.0,0.0,0.0,0.0,0.0,0.0,0.0,0.0,0.0,0.0,0.0,0.0,0.0,0.0,0.0,0.0,0.0,0.0,0.00010523927023486865,0.015585129582039545,0.049790600700562654,0.09792777540104587,0.1196727388571788,0.11255918869358753,0.0968389620316202,0.09775719782448329,0.10248245326727308,0.09114566369666358,0.052397668571200234,0.03255772715193361,0.031998767189947465,0.04687364509058486,0.03379553314746314,0.01788821814357073,0.0006234913806105541,0.0,0.0,0.0,0.0,0.0,0.0,0.0,0.0,0.0,0.0,0.0,0.0,0.0,0.0,0.0,0.0
CCC1=CC=CC=C1CC,CCC1=CC=CC=C1CC,298.15,0.0,aux_only_sigma_profile_stream,,,No,False,0.0,False,0.0,False,0.0,0.0,0.0,False,0.0,False,True,191.40737999999988,0.0,0.0,0.0,0.0,0.0,0.0,0.0,0.0,0.0,0.0,0.0,0.0,0.0,0.0,0.0,0.0,0.0,0.0,0.0,0.01809062928141774,0.03870792009621418,0.1041791953809786,0.11875068518330598,0.12742192053962972,0.09320336818187266,0.10876928576190069,0.10318619708314702,0.0716182006288227,0.0429592253416239,0.037415887008557476,0.026608759739736292,0.049905547922007215,0.031068469139103747,0.02572079921267426,0.0023939094990078976,0.0,0.0,0.0,0.0,0.0,0.0,0.0,0.0,0.0,0.0,0.0,0.0,0.0,0.0,0.0,0.0
CCC1=CC(=CC=C1)CC,CCC1=CC(=CC=C1)CC,298.15,0.0,aux_only_sigma_profile_stream,,,No,False,0.0,False,0.0,False,0.0,0.0,0.0,False,0.0,False,True,194.37103,0.0,0.0,0.0,0.0,0.0,0.0,0.0,0.0,0.0,0.0,0.0,0.0,0.0,0.0,0.0,0.0,0.0,0.0,0.0,0.0063702767845008074,0.03340419543243666,0.09740442567475513,0.13702051776429697,0.14051458301537784,0.10307036184241705,0.10930033145050781,0.0877982127348381,0.07575208085476881,0.04208452631374665,0.03250135615113286,0.025143033494739935,0.0515130923955432,0.028766957038026755,0.025459992876669325,0.0038960561762419943,0.0,0.0,0.0,0.0,0.0,0.0,0.0,0.0,0.0,0.0,0.0,0.0,0.0,0.0,0.0,0.0
CCC1=CC=C(C=C1)CC,CCC1=CC=C(C=C1)CC,298.15,0.0,aux_only_sigma_profile_stream,,,No,False,0.0,False,0.0,False,0.0,0.0,0.0,False,0.0,False,True,194.52363000000005,0.0,0.0,0.0,0.0,0.0,0.0,0.0,0.0,0.0,0.0,0.0,0.0,0.0,0.0,0.0,0.0,0.0,0.0,0.0,0.006277921179243004,0.033256736842080206,0.09614929231755079,0.13770570988096353,0.13848352080193696,0.10565575522734279,0.10305190012895295,0.09683724300767108,0.07568748362105053,0.03787554128867381,0.03688205467727642,0.02315547150989117,0.04938379851032915,0.033872699873051554,0.023355833363739042,0.002369037770247095,0.0,0.0,0.0,0.0,0.0,0.0,0.0,0.0,0.0,0.0,0.0,0.0,0.0,0.0,0.0,0.0
CC1=C(C(=C(C=C1)C)C)C,CC1=C(C(=C(C=C1)C)C)C,298.15,0.0,aux_only_sigma_profile_stream,,,No,False,0.0,False,0.0,False,0.0,0.0,0.0,False,0.0,False,True,189.05235999999996,0.0,0.0,0.0,0.0,0.0,0.0,0.0,0.0,0.0,0.0,0.0,0.0,0.0,0.0,0.0,0.0,0.0,0.0,0.0,0.002175852506468965,0.05001145795837196,0.12561750291104382,0.1334348667916677,0.09288404063137431,0.08432592786091643,0.09599998801028933,0.1352967052473172,0.0771723263449221,0.02995619003535365,0.04126153967213412,0.026484982806948318,0.0386308996594625,0.03423784585216578,0.02335704951153845,0.00911214736715416,4.067683287118818e-05,0.0,0.0,0.0,0.0,0.0,0.0,0.0,0.0,0.0,0.0,0.0,0.0,0.0,0.0,0.0
CC1=CC(=C(C(=C1)C)C)C,CC1=CC(=C(C(=C1)C)C)C,298.15,0.0,aux_only_sigma_profile_stream,,,No,False,0.0,False,0.0,False,0.0,0.0,0.0,False,0.0,False,True,192.28913999999995,0.0,0.0,0.0,0.0,0.0,0.0,0.0,0.0,0.0,0.0,0.0,0.0,0.0,0.0,0.0,0.0,0.0,0.0,0.0,0.0009768626432371274,0.04586353847612342,0.12753864735733703,0.12531386568898223,0.09809300772340032,0.09072901357440313,0.09422294642047963,0.13238634589034878,0.08230102150919288,0.03639484653262031,0.03829890516127261,0.027487750476811866,0.03849228351228573,0.03676078496016188,0.019317442284801787,0.005822737788541361,0.0,0.0,0.0,0.0,0.0,0.0,0.0,0.0,0.0,0.0,0.0,0.0,0.0,0.0,0.0,0.0
CC1=CC(=C(C=C1C)C)C,CC1=CC(=C(C=C1C)C)C,298.15,0.0,aux_only_sigma_profile_stream,,,No,False,0.0,False,0.0,False,0.0,0.0,0.0,False,0.0,False,True,192.47556999999995,0.0,0.0,0.0,0.0,0.0,0.0,0.0,0.0,0.0,0.0,0.0,0.0,0.0,0.0,0.0,0.0,0.0,0.0,0.0,0.0007624297063624284,0.0389236371903053,0.11557282717902229,0.1331433269441831,0.10992601883036276,0.09451418005643679,0.09349180022498962,0.13664332066446253,0.08025919488238793,0.04003533316171986,0.03069999899841747,0.02770460077234146,0.037031571736424324,0.0351218349279729,0.01941514314649179,0.006754781578119553,0.0,0.0,0.0,0.0,0.0,0.0,0.0,0.0,0.0,0.0,0.0,0.0,0.0,0.0,0.0,0.0
CCC1=CC=C(C=C1)C(C)(C)C,CCC1=CC=C(C=C1)C(C)(C)C,298.15,0.0,aux_only_sigma_profile_stream,,,No,False,0.0,False,0.0,False,0.0,0.0,0.0,False,0.0,False,True,223.8122999999999,0.0,0.0,0.0,0.0,0.0,0.0,0.0,0.0,0.0,0.0,0.0,0.0,0.0,0.0,0.0,0.0,0.0,0.0,9.944339709026094e-05,0.009222820614757415,0.031955379220499736,0.08096762612991558,0.13946579133873702,0.13441323419161907,0.10651685140240108,0.09632773095872214,0.09896006674853844,0.116145563725159,0.03805926367216763,0.03795112557699332,0.02222267517475923,0.03595026120767014,0.028226012267841192,0.020850507653445642,0.002665646719683066,0.0,0.0,0.0,0.0,0.0,0.0,0.0,0.0,0.0,0.0,0.0,0.0,0.0,0.0,0.0,0.0
CC(C)(C)C1=CC=C(C=C1)C(C)(C)C,CC(C)(C)C1=CC=C(C=C1)C(C)(C)C,298.15,0.0,aux_only_sigma_profile_stream,,,No,False,0.0,False,0.0,False,0.0,0.0,0.0,False,0.0,False,True,252.42274,0.0,0.0,0.0,0.0,0.0,0.0,0.0,0.0,0.0,0.0,0.0,0.0,0.0,0.0,0.0,0.0,0.0,0.0,0.0005792543059361767,0.010883800881083497,0.027132023783546483,0.0736692083826885,0.14805876232951,0.12733867803993215,0.10810999885516495,0.08208758756587343,0.095452063802535,0.15669420556253486,0.04369808996583073,0.023124006367439956,0.02599284791768899,0.03301217332908038,0.02520345757357594,0.0177193834585182,0.0012444578790606821,0.0,0.0,0.0,0.0,0.0,0.0,0.0,0.0,0.0,0.0,0.0,0.0,0.0,0.0,0.0,0.0
CC1=CC(=C(C(=C1C)C)C)C,CC1=CC(=C(C(=C1C)C)C)C,298.15,0.0,aux_only_sigma_profile_stream,,,No,False,0.0,False,0.0,False,0.0,0.0,0.0,False,0.0,False,True,204.93937,0.0,0.0,0.0,0.0,0.0,0.0,0.0,0.0,0.0,0.0,0.0,0.0,0.0,0.0,0.0,0.0,0.0,0.0,0.0,0.0,0.030595311102808796,0.1269958097800491,0.12616458519988766,0.111899878205621,0.09016680904632232,0.0947402197448621,0.1550281777847936,0.07486488121783627,0.039708459703091066,0.02752755735093628,0.03519512670470232,0.023884586356650313,0.03440005477370536,0.018686485742889128,0.00944672849404807,0.0006953287917966503,0.0,0.0,0.0,0.0,0.0,0.0,0.0,0.0,0.0,0.0,0.0,0.0,0.0,0.0,0.0
CC(C)C1=CC(=CC=C1)C(C)C,CC(C)C1=CC(=CC=C1)C(C)C,298.15,0.0,aux_only_sigma_profile_stream,,,No,False,0.0,False,0.0,False,0.0,0.0,0.0,False,0.0,False,True,228.75324,0.0,0.0,0.0,0.0,0.0,0.0,0.0,0.0,0.0,0.0,0.0,0.0,0.0,0.0,0.0,0.0,0.0,0.0,0.0,0.013078786940098683,0.032517439525841206,0.08723045804257853,0.1232186317037293,0.12379832460218618,0.11157905149195613,0.10605524652197756,0.09389553422759564,0.12270086820117299,0.04899083583625133,0.02276716299214813,0.031509135711313634,0.03503307541979772,0.026886142769913118,0.019364284083680693,0.0013750219297591763,0.0,0.0,0.0,0.0,0.0,0.0,0.0,0.0,0.0,0.0,0.0,0.0,0.0,0.0,0.0,0.0
CC(C)C1=CC=C(C=C1)C(C)C,CC(C)C1=CC=C(C=C1)C(C)C,298.15,0.0,aux_only_sigma_profile_stream,,,No,False,0.0,False,0.0,False,0.0,0.0,0.0,False,0.0,False,True,225.0029600000001,0.0,0.0,0.0,0.0,0.0,0.0,0.0,0.0,0.0,0.0,0.0,0.0,0.0,0.0,0.0,0.0,0.0,0.0,0.0,0.0171514041701878,0.04098072742292816,0.07305292615685897,0.12388768512761252,0.1213610672988995,0.11652463947898194,0.11260635909048082,0.0985469637359815,0.1052975329248339,0.041478042633983116,0.03556013103085536,0.024831015260631552,0.03649090511084534,0.031055234042607075,0.019362291873371348,0.0018130746409411099,0.0,0.0,0.0,0.0,0.0,0.0,0.0,0.0,0.0,0.0,0.0,0.0,0.0,0.0,0.0,0.0
CCC1=CC(=C(C=C1)CC)CC,CCC1=CC(=C(C=C1)CC)CC,298.15,0.0,aux_only_sigma_profile_stream,,,No,False,0.0,False,0.0,False,0.0,0.0,0.0,False,0.0,False,True,227.58959999999996,0.0,0.0,0.0,0.0,0.0,0.0,0.0,0.0,0.0,0.0,0.0,0.0,0.0,0.0,0.0,0.0,0.0,0.0,0.0,0.002059136966651912,0.01682752918977467,0.08209831475687158,0.1419013666047491,0.14390990133547274,0.11793726735340457,0.11717421524840724,0.10964369238666839,0.0978212579589287,0.03192093257015857,0.02974206657918785,0.02481817843126027,0.027750980139545838,0.029061649184029984,0.021761544058787927,0.005571967236100596,0.0,0.0,0.0,0.0,0.0,0.0,0.0,0.0,0.0,0.0,0.0,0.0,0.0,0.0,0.0,0.0
CC1=C(C(=C(C(=C1C)C)C)C)C,CC1=C(C(=C(C(=C1C)C)C)C)C,298.15,0.0,aux_only_sigma_profile_stream,,,No,False,0.0,False,0.0,False,0.0,0.0,0.0,False,0.0,False,True,217.53266999999988,0.0,0.0,0.0,0.0,0.0,0.0,0.0,0.0,0.0,0.0,0.0,0.0,0.0,0.0,0.0,0.0,0.0,0.0,0.0,0.0,0.005105989669817782,0.08497496530916028,0.15516554604355529,0.16006465665104333,0.12082591677959918,0.09068634698819956,0.12383350960052719,0.08734704116902078,0.04068325096215375,0.016883479588870133,0.032980918887960925,0.0194548140022702,0.0354122398458138,0.01435404862037758,0.007487230451325178,0.004740045430304967,0.0,0.0,0.0,0.0,0.0,0.0,0.0,0.0,0.0,0.0,0.0,0.0,0.0,0.0,0.0
CCC1=C(C(=CC=C1)CC)CC,CCC1=C(C(=CC=C1)CC)CC,298.15,0.0,aux_only_sigma_profile_stream,,,No,False,0.0,False,0.0,False,0.0,0.0,0.0,False,0.0,False,True,222.2038,0.0,0.0,0.0,0.0,0.0,0.0,0.0,0.0,0.0,0.0,0.0,0.0,0.0,0.0,0.0,0.0,0.0,0.0,0.0,0.004443148872280911,0.025102554732586973,0.09164537832391301,0.13617324880669188,0.13393261666570283,0.10730564734036771,0.12496834606289316,0.10629418931657919,0.0867226035449011,0.03437517300187832,0.03588215848485921,0.02045729360324253,0.03230587217401741,0.028075822181685462,0.025397433621308006,0.0069185132670922375,0.0,0.0,0.0,0.0,0.0,0.0,0.0,0.0,0.0,0.0,0.0,0.0,0.0,0.0,0.0,0.0
CCCCCCCC1=CC=CC=C1,CCCCCCCC1=CC=CC=C1,298.15,0.0,aux_only_sigma_profile_stream,,,No,False,0.0,False,0.0,False,0.0,0.0,0.0,False,0.0,False,True,257.4412299999999,0.0,0.0,0.0,0.0,0.0,0.0,0.0,0.0,0.0,0.0,0.0,0.0,0.0,0.0,0.0,0.0,0.0,0.0,0.0006427043758021163,0.020834418649853647,0.035977572882108955,0.05697247526565541,0.09051224768425911,0.14458489519841758,0.15120577264966537,0.1199387809551699,0.10342454443523677,0.07984697400012813,0.06547382843413274,0.02295689218536787,0.028724638665614755,0.035011476655494936,0.031235563387425676,0.012494493161130101,0.00016272141453702353,0.0,0.0,0.0,0.0,0.0,0.0,0.0,0.0,0.0,0.0,0.0,0.0,0.0,0.0,0.0,0.0
CCC1=CC(=C(C(=C1)CC)CC)CC,CCC1=CC(=C(C(=C1)CC)CC)CC,298.15,0.0,aux_only_sigma_profile_stream,,,No,False,0.0,False,0.0,False,0.0,0.0,0.0,False,0.0,False,True,260.24214999999975,0.0,0.0,0.0,0.0,0.0,0.0,0.0,0.0,0.0,0.0,0.0,0.0,0.0,0.0,0.0,0.0,0.0,0.0,0.0,0.0,0.004823810829443621,0.03709623058956606,0.1538092192363802,0.1423251403973931,0.14434938123761248,0.13876186847896366,0.13402890290894012,0.10964734602009865,0.029784741669626604,0.026427858809545252,0.02087034185009479,0.0242957581269481,0.020791726569467917,0.011134299069834394,0.0018533742060850113,0.0,0.0,0.0,0.0,0.0,0.0,0.0,0.0,0.0,0.0,0.0,0.0,0.0,0.0,0.0,0.0
CCCCCCCCCCC1=CC=CC=C1,CCCCCCCCCCC1=CC=CC=C1,298.15,0.0,aux_only_sigma_profile_stream,,,No,False,0.0,False,0.0,False,0.0,0.0,0.0,False,0.0,False,True,318.6997000000001,0.0,0.0,0.0,0.0,0.0,0.0,0.0,0.0,0.0,0.0,0.0,0.0,0.0,0.0,0.0,0.0,0.0,0.0,0.0,0.008869470532288669,0.028217040976424662,0.04135758724957725,0.06375342670274714,0.14628818494871376,0.18724790619686832,0.14958813546215602,0.11969214033762406,0.09564512553267569,0.06287297220400236,0.024711060985076694,0.03164055997600749,0.02835346190040887,0.011059258826649316,0.0007036681687797571,0.0,0.0,0.0,0.0,0.0,0.0,0.0,0.0,0.0,0.0,0.0,0.0,0.0,0.0,0.0,0.0,0.0
CCC1=CC(=C(C(=C1CC)CC)CC)CC,CCC1=CC(=C(C(=C1CC)CC)CC)CC,298.15,0.0,aux_only_sigma_profile_stream,,,No,False,0.0,False,0.0,False,0.0,0.0,0.0,False,0.0,False,True,281.84137999999984,0.0,0.0,0.0,0.0,0.0,0.0,0.0,0.0,0.0,0.0,0.0,0.0,0.0,0.0,0.0,0.0,0.0,0.0,0.0,0.0003776187994922607,0.02287644143282265,0.07676134410999376,0.11886884438953754,0.13891117682487655,0.12490864737277442,0.14282419844466315,0.1140796522696235,0.11216637272759808,0.03754017755497793,0.0219744764349101,0.01653575976651116,0.016957842542249982,0.02257789132588853,0.018451332982371442,0.009645914126283201,0.004542308895425854,0.0,0.0,0.0,0.0,0.0,0.0,0.0,0.0,0.0,0.0,0.0,0.0,0.0,0.0,0.0
CCC1=C(C(=C(C(=C1CC)CC)CC)CC)CC,CCC1=C(C(=C(C(=C1CC)CC)CC)CC)CC,298.15,0.0,aux_only_sigma_profile_stream,,,No,False,0.0,False,0.0,False,0.0,0.0,0.0,False,0.0,False,True,308.9368599999999,0.0,0.0,0.0,0.0,0.0,0.0,0.0,0.0,0.0,0.0,0.0,0.0,0.0,0.0,0.0,0.0,0.0,0.0,0.0,0.0,0.0,0.011104331079862277,0.15859270378102538,0.15787417290505354,0.1362554159987161,0.16087691739126667,0.1575668520584284,0.10590406991154602,0.029344683759982646,0.02076340295528239,0.01516611048609267,0.008958925428583467,0.01564149015767627,0.012962486692861128,0.007763858238983851,0.0012245791546391046,0.0,0.0,0.0,0.0,0.0,0.0,0.0,0.0,0.0,0.0,0.0,0.0,0.0,0.0,0.0
C1=CC=C(C=C1)C2=CC=CC=C2,C1=CC=C(C=C1)C2=CC=CC=C2,298.15,0.0,aux_only_sigma_profile_stream,,,No,False,0.0,False,0.0,False,0.0,0.0,0.0,False,0.0,False,True,198.9349699999999,0.0,0.0,0.0,0.0,0.0,0.0,0.0,0.0,0.0,0.0,0.0,0.0,0.0,0.0,0.0,0.0,0.003906246102536901,0.018935946992845006,0.030588366710695727,0.09645338204149731,0.08969907608124307,0.06757509323630735,0.06668290595583976,0.032786678519841905,0.05001557801578569,0.05937829656040618,0.036281716829241056,0.06248417842697545,0.07717894126894385,0.0813894705356404,0.11033767459324324,0.08878438446248695,0.027522063666470215,0.0,0.0,0.0,0.0,0.0,0.0,0.0,0.0,0.0,0.0,0.0,0.0,0.0,0.0,0.0,0.0,0.0,0.0
C1=CC=C(C=C1)CCC2=CC=CC=C2,C1=CC=C(C=C1)CCC2=CC=CC=C2,298.15,0.0,aux_only_sigma_profile_stream,,,No,False,0.0,False,0.0,False,0.0,0.0,0.0,False,0.0,False,True,238.29303,0.0,0.0,0.0,0.0,0.0,0.0,0.0,0.0,0.0,0.0,0.0,0.0,0.0,0.0,0.0,0.0,0.0,0.0,0.003141698043864086,0.0578714706942511,0.11005750298587288,0.12672930512264416,0.09383715885674748,0.06802724075485002,0.05427801841127078,0.05044941687385023,0.05784172402890466,0.04236395792972796,0.0711562061598839,0.039147698704936104,0.0780275279496345,0.06275431594307396,0.06797284348213961,0.016343914058348535,0.0,0.0,0.0,0.0,0.0,0.0,0.0,0.0,0.0,0.0,0.0,0.0,0.0,0.0,0.0,0.0,0.0
CC(C)(CC(=C)C1=CC=CC=C1)C2=CC=CC=C2,CC(C)(CC(=C)C1=CC=CC=C1)C2=CC=CC=C2,298.15,0.0,aux_only_sigma_profile_stream,,,No,False,0.0,False,0.0,False,0.0,0.0,0.0,False,0.0,False,True,280.87336,0.0,0.0,0.0,0.0,0.0,0.0,0.0,0.0,0.0,0.0,0.0,0.0,0.0,0.0,0.0,0.0,0.0,9.724917143921233e-05,0.0073778121655858,0.0529262634449109,0.07894585450663316,0.10515464677763886,0.09253419831343707,0.08862273000109551,0.06891938024582574,0.06722162436420527,0.08127750265278273,0.06629881734856201,0.06281914339002531,0.0422504957429334,0.06499899619789892,0.06134948963597866,0.04550749260801452,0.013440427021482671,0.00025787641155033253,0.0,0.0,0.0,0.0,0.0,0.0,0.0,0.0,0.0,0.0,0.0,0.0,0.0,0.0,0.0,0.0
CCCCCC1=CC=CC=C1,CCCCCC1=CC=CC=C1,298.15,0.0,aux_only_sigma_profile_stream,,,No,False,0.0,False,0.0,False,0.0,0.0,0.0,False,0.0,False,True,217.45698,0.0,0.0,0.0,0.0,0.0,0.0,0.0,0.0,0.0,0.0,0.0,0.0,0.0,0.0,0.0,0.0,0.0,0.0,0.0008142634338915863,0.025066237987451726,0.04284893309076609,0.06695147378884365,0.10480855630537085,0.13799158967572206,0.13341228702275823,0.10084851983354316,0.0914926531206646,0.08141888721650367,0.0605603564433756,0.025727476206065813,0.03527380057914047,0.040912823621995165,0.03634990384222704,0.015235467265328295,0.000286770566351992,0.0,0.0,0.0,0.0,0.0,0.0,0.0,0.0,0.0,0.0,0.0,0.0,0.0,0.0,0.0,0.0
CCCCCCC1=CC=CC=C1,CCCCCCC1=CC=CC=C1,298.15,0.0,aux_only_sigma_profile_stream,,,No,False,0.0,False,0.0,False,0.0,0.0,0.0,False,0.0,False,True,237.40267999999992,0.0,0.0,0.0,0.0,0.0,0.0,0.0,0.0,0.0,0.0,0.0,0.0,0.0,0.0,0.0,0.0,0.0,0.0,0.0007927476995900891,0.02300054286446468,0.038572925323031665,0.061116349839109255,0.09689300258042627,0.14247236714678288,0.14431683521276636,0.11119259392114407,0.09642145793025887,0.08110916087719693,0.06303471133752116,0.02347902440807034,0.03254743166425228,0.03702726711284402,0.034179910033066745,0.013631687994051926,0.00021198405542249488,0.0,0.0,0.0,0.0,0.0,0.0,0.0,0.0,0.0,0.0,0.0,0.0,0.0,0.0,0.0,0.0
CCCCCCCCC1=CC=CC=C1,CCCCCCCCC1=CC=CC=C1,298.15,0.0,aux_only_sigma_profile_stream,,,No,False,0.0,False,0.0,False,0.0,0.0,0.0,False,0.0,False,True,277.2147900000002,0.0,0.0,0.0,0.0,0.0,0.0,0.0,0.0,0.0,0.0,0.0,0.0,0.0,0.0,0.0,0.0,0.0,0.0,0.0006797652831681703,0.01973868347388314,0.03298694987665551,0.05231747480082173,0.08587702888334957,0.14639689650870275,0.15906121161897302,0.1264037992677821,0.10808266601904855,0.07947529993225823,0.06712168990933776,0.022069076617782606,0.02631929926242248,0.03287262729982936,0.028450790014480157,0.011951256685819568,0.00019548454568532673,0.0,0.0,0.0,0.0,0.0,0.0,0.0,0.0,0.0,0.0,0.0,0.0,0.0,0.0,0.0,0.0
CCCCCCCCCC1=CC=CC=C1,CCCCCCCCCC1=CC=CC=C1,298.15,0.0,aux_only_sigma_profile_stream,,,No,False,0.0,False,0.0,False,0.0,0.0,0.0,False,0.0,False,True,297.1942100000001,0.0,0.0,0.0,0.0,0.0,0.0,0.0,0.0,0.0,0.0,0.0,0.0,0.0,0.0,0.0,0.0,0.0,0.0,0.000607108268650708,0.018216345104591802,0.031063206093144804,0.04892012954681652,0.08192293579154955,0.14664558217423038,0.16665670462030965,0.13110319888415184,0.11167004572775353,0.07961900489935483,0.07038203957503913,0.019585096213639887,0.025642161819420962,0.030002829686714916,0.02670340343858276,0.011081990864005254,0.00017821729204343307,0.0,0.0,0.0,0.0,0.0,0.0,0.0,0.0,0.0,0.0,0.0,0.0,0.0,0.0,0.0,0.0
CCCCCCCCCCCC1=CC=CC=C1,CCCCCCCCCCCC1=CC=CC=C1,298.15,0.0,aux_only_sigma_profile_stream,,,No,False,0.0,False,0.0,False,0.0,0.0,0.0,False,0.0,False,True,338.02550999999994,0.0,0.0,0.0,0.0,0.0,0.0,0.0,0.0,0.0,0.0,0.0,0.0,0.0,0.0,0.0,0.0,0.0,0.0,0.000759340419427889,0.0186894627881733,0.030215614452649454,0.04403116757506587,0.0660105570175216,0.14384401082443043,0.1766934104880946,0.14612853021606273,0.11992109955341866,0.08000664086470104,0.0745596282742788,0.016503503574604273,0.02467397385690308,0.02572929448478842,0.024246294237236007,0.00798747137264389,0.0,0.0,0.0,0.0,0.0,0.0,0.0,0.0,0.0,0.0,0.0,0.0,0.0,0.0,0.0,0.0,0.0
CCCCCCCCCCCCCC1=CC=CC=C1,CCCCCCCCCCCCCC1=CC=CC=C1,298.15,0.0,aux_only_sigma_profile_stream,,,No,False,0.0,False,0.0,False,0.0,0.0,0.0,False,0.0,False,True,377.1748100000002,0.0,0.0,0.0,0.0,0.0,0.0,0.0,0.0,0.0,0.0,0.0,0.0,0.0,0.0,0.0,0.0,0.0,0.0,0.00045130845536588696,0.01419352667621148,0.0247450728158305,0.039328334087634566,0.06579077674238346,0.15519533328914722,0.1819442831857609,0.14917093831005912,0.12655593557886718,0.07809421166296573,0.07380940869618728,0.017842796572118128,0.01866066541990743,0.024614005004669412,0.020714204740921976,0.008787753826104368,0.00010144493586523123,0.0,0.0,0.0,0.0,0.0,0.0,0.0,0.0,0.0,0.0,0.0,0.0,0.0,0.0,0.0,0.0
CCCCCCCCCCCCCCC1=CC=CC=C1,CCCCCCCCCCCCCCC1=CC=CC=C1,298.15,0.0,aux_only_sigma_profile_stream,,,No,False,0.0,False,0.0,False,0.0,0.0,0.0,False,0.0,False,True,398.1852000000001,0.0,0.0,0.0,0.0,0.0,0.0,0.0,0.0,0.0,0.0,0.0,0.0,0.0,0.0,0.0,0.0,0.0,0.0,0.0,0.007095126205552288,0.02262930278509565,0.03297687824568692,0.05252400976621258,0.14912430787965297,0.20223746741573437,0.16714528456686684,0.12867149614587559,0.09452035839018748,0.0655936507747136,0.02042867616658667,0.025021514725071612,0.022347400985201073,0.009004128563392007,0.000680397384170446,0.0,0.0,0.0,0.0,0.0,0.0,0.0,0.0,0.0,0.0,0.0,0.0,0.0,0.0,0.0,0.0,0.0
CCCCCCCCCCCCC1=CC=CC=C1,CCCCCCCCCCCCC1=CC=CC=C1,298.15,0.0,aux_only_sigma_profile_stream,,,No,False,0.0,False,0.0,False,0.0,0.0,0.0,False,0.0,False,True,356.62910000000034,0.0,0.0,0.0,0.0,0.0,0.0,0.0,0.0,0.0,0.0,0.0,0.0,0.0,0.0,0.0,0.0,0.0,0.0,0.0005046759580649696,0.015194584151815694,0.02586414947825262,0.040509145296431466,0.06931966619613064,0.15502585777206981,0.1782930802525956,0.14550541034841816,0.12207443511766135,0.07876863714926284,0.07409125912798584,0.016976966221151007,0.02140979218729344,0.02472236112852359,0.022730347218902082,0.008898180127359285,0.00011145226808159166,0.0,0.0,0.0,0.0,0.0,0.0,0.0,0.0,0.0,0.0,0.0,0.0,0.0,0.0,0.0,0.0
CCC1=CC(=CC(=C1)C)C,CCC1=CC(=CC(=C1)C)C,298.15,0.0,aux_only_sigma_profile_stream,,,No,False,0.0,False,0.0,False,0.0,0.0,0.0,False,0.0,False,True,196.05300999999997,0.0,0.0,0.0,0.0,0.0,0.0,0.0,0.0,0.0,0.0,0.0,0.0,0.0,0.0,0.0,0.0,0.0,0.0,0.0,0.0014133026617370989,0.03502663646749632,0.10725023989847798,0.13665050112968427,0.12240525014801201,0.10080667971082007,0.10283489873694979,0.11153540228577823,0.08482601482324142,0.036539406993965205,0.030487183028869543,0.03172022502079285,0.03614903006900109,0.041655413051576926,0.016098392383097616,0.004601423590499478,0.0,0.0,0.0,0.0,0.0,0.0,0.0,0.0,0.0,0.0,0.0,0.0,0.0,0.0,0.0,0.0
CCC1=C(C=CC=C1C)C,CCC1=C(C=CC=C1C)C,298.15,0.0,aux_only_sigma_profile_stream,,,No,False,0.0,False,0.0,False,0.0,0.0,0.0,False,0.0,False,True,186.93396,0.0,0.0,0.0,0.0,0.0,0.0,0.0,0.0,0.0,0.0,0.0,0.0,0.0,0.0,0.0,0.0,0.0,0.0,0.0,0.008762496793440634,0.05920352665528029,0.11247047422267789,0.11878013922155395,0.10994811369922083,0.09090297240229597,0.10258274023637223,0.1048335084043643,0.08093846672616734,0.034924254219726954,0.03719956409363162,0.027095010178909713,0.04212978458096485,0.034814890687623425,0.02718405965404713,0.008229998223722912,0.0,0.0,0.0,0.0,0.0,0.0,0.0,0.0,0.0,0.0,0.0,0.0,0.0,0.0,0.0,0.0
CCC1=C(C=CC(=C1)C)C,CCC1=C(C=CC(=C1)C)C,298.15,0.0,aux_only_sigma_profile_stream,,,No,False,0.0,False,0.0,False,0.0,0.0,0.0,False,0.0,False,True,191.48360999999989,0.0,0.0,0.0,0.0,0.0,0.0,0.0,0.0,0.0,0.0,0.0,0.0,0.0,0.0,0.0,0.0,0.0,0.0,0.0,0.004957177714990231,0.054623982966521815,0.10954759684933353,0.12204820443701794,0.11258906066893618,0.09129535386568495,0.09646173589384704,0.12247098719092467,0.08419596020437106,0.03260558866669765,0.033286009313899106,0.03219993645813981,0.0380053034280272,0.03957393309430068,0.021958919166335085,0.004180250080973141,0.0,0.0,0.0,0.0,0.0,0.0,0.0,0.0,0.0,0.0,0.0,0.0,0.0,0.0,0.0,0.0
CCC1=C(C=C(C=C1)C)C,CCC1=C(C=C(C=C1)C)C,298.15,0.0,aux_only_sigma_profile_stream,,,No,False,0.0,False,0.0,False,0.0,0.0,0.0,False,0.0,False,True,193.42910999999992,0.0,0.0,0.0,0.0,0.0,0.0,0.0,0.0,0.0,0.0,0.0,0.0,0.0,0.0,0.0,0.0,0.0,0.0,0.0,0.005319605746728609,0.05302331517900333,0.10865594453017494,0.12299968701702402,0.10709423019596073,0.09202433581410423,0.10243268706061051,0.12253389119336748,0.0833868388851089,0.033665250378061,0.03742328434902892,0.030854107113547715,0.04038371183246913,0.036605409127407104,0.02018997250867184,0.0034077290687314706,0.0,0.0,0.0,0.0,0.0,0.0,0.0,0.0,0.0,0.0,0.0,0.0,0.0,0.0,0.0,0.0
CCC1=CC(=C(C=C1)C)C,CCC1=CC(=C(C=C1)C)C,298.15,0.0,aux_only_sigma_profile_stream,,,No,False,0.0,False,0.0,False,0.0,0.0,0.0,False,0.0,False,True,193.47938000000016,0.0,0.0,0.0,0.0,0.0,0.0,0.0,0.0,0.0,0.0,0.0,0.0,0.0,0.0,0.0,0.0,0.0,0.0,0.0,0.0029303753691858354,0.047237555694037224,0.1106809710703088,0.1284076683684772,0.11476920489874208,0.09761938790124913,0.09896062168043378,0.11135846508101888,0.08514911320604543,0.03400716089770401,0.03720515462193441,0.029279041535469084,0.036443857616243004,0.039931166258594865,0.02159285132532876,0.004427404475227501,0.0,0.0,0.0,0.0,0.0,0.0,0.0,0.0,0.0,0.0,0.0,0.0,0.0,0.0,0.0,0.0
CCC1=CC=CC(=C1C)C,CCC1=CC=CC(=C1C)C,298.15,0.0,aux_only_sigma_profile_stream,,,No,False,0.0,False,0.0,False,0.0,0.0,0.0,False,0.0,False,True,190.06290999999993,0.0,0.0,0.0,0.0,0.0,0.0,0.0,0.0,0.0,0.0,0.0,0.0,0.0,0.0,0.0,0.0,0.0,0.0,0.0,0.005454886853082648,0.04759213030883391,0.1159028786752071,0.12517021958530103,0.11574941743834188,0.09165609275546399,0.11140709622105231,0.10348609219754715,0.07343053943338446,0.02941033683891593,0.04786714669879938,0.022619012368581302,0.043866177326632394,0.030655189087003886,0.027855222113259616,0.007877562098592885,0.0,0.0,0.0,0.0,0.0,0.0,0.0,0.0,0.0,0.0,0.0,0.0,0.0,0.0,0.0,0.0
CC(C)(C1=CC=CC=C1)C(C)(C)C2=CC=CC=C2,CC(C)(C1=CC=CC=C1)C(C)(C)C2=CC=CC=C2,298.15,0.0,aux_only_sigma_profile_stream,,,No,False,0.0,False,0.0,False,0.0,0.0,0.0,False,0.0,False,True,269.24487999999997,0.0,0.0,0.0,0.0,0.0,0.0,0.0,0.0,0.0,0.0,0.0,0.0,0.0,0.0,0.0,0.0,0.0,0.0,0.00011806509091108734,0.032524147912498955,0.0781011723042949,0.09356967289611302,0.11053190911512005,0.09927264436417695,0.0815865419581754,0.07573487745554085,0.09122975947153611,0.08366091967290594,0.052041493567095504,0.05069899911448494,0.042188278793215316,0.05965626372052423,0.031299864394353054,0.01690759928984124,0.0008777908792125258,0.0,0.0,0.0,0.0,0.0,0.0,0.0,0.0,0.0,0.0,0.0,0.0,0.0,0.0,0.0,0.0
CCC(=C)C1=CC=CC=C1,CCC(=C)C1=CC=CC=C1,298.15,0.0,aux_only_sigma_profile_stream,,,No,False,0.0,False,0.0,False,0.0,0.0,0.0,False,0.0,False,True,187.39697000000007,0.0,0.0,0.0,0.0,0.0,0.0,0.0,0.0,0.0,0.0,0.0,0.0,0.0,0.0,0.0,0.0,0.0,0.0,0.009290325182686087,0.0545452831130231,0.0774534609694863,0.08709749356632071,0.08468759203191703,0.08399103631884174,0.08030974520585468,0.08695598446545745,0.08111770465712437,0.07613374413792813,0.05406012314928996,0.04825960233055736,0.07288107951349529,0.06388952017174555,0.0339912500217307,0.005336055164541591,0.0,0.0,0.0,0.0,0.0,0.0,0.0,0.0,0.0,0.0,0.0,0.0,0.0,0.0,0.0,0.0,0.0
C/C=C(\C)/C1=CC=CC=C1,C/C=C(\C)/C1=CC=CC=C1,298.15,0.0,aux_only_sigma_profile_stream,,,No,False,0.0,False,0.0,False,0.0,0.0,0.0,False,0.0,False,True,188.12798000000004,0.0,0.0,0.0,0.0,0.0,0.0,0.0,0.0,0.0,0.0,0.0,0.0,0.0,0.0,0.0,0.0,0.0,0.0,0.0031427661701669196,0.05366240572387105,0.081653440047608,0.10375878386645143,0.09054511941676777,0.07626615412516999,0.0823498353256953,0.07533215368196425,0.0910576471628234,0.05598034700049933,0.05416559297614581,0.05053854593641508,0.060976800669545785,0.06737151761202294,0.04694471726718704,0.006254173017666004,0.0,0.0,0.0,0.0,0.0,0.0,0.0,0.0,0.0,0.0,0.0,0.0,0.0,0.0,0.0,0.0,0.0
CCCC1=CC=CC=C1C,CCCC1=CC=CC=C1C,298.15,0.0,aux_only_sigma_profile_stream,,,No,False,0.0,False,0.0,False,0.0,0.0,0.0,False,0.0,False,True,193.8387400000001,0.0,0.0,0.0,0.0,0.0,0.0,0.0,0.0,0.0,0.0,0.0,0.0,0.0,0.0,0.0,0.0,0.0,0.0,0.0,0.019128836522651092,0.05637853519113309,0.09132315166654764,0.11854678387143816,0.11344422185230772,0.103909782925604,0.09358780793122413,0.10230364052527886,0.0853429850682923,0.043787165941274575,0.03660420464313815,0.027721394886720117,0.049793457810343986,0.031584223130816616,0.024320338771220595,0.0022234692620088942,0.0,0.0,0.0,0.0,0.0,0.0,0.0,0.0,0.0,0.0,0.0,0.0,0.0,0.0,0.0,0.0
CCCC1=CC=CC(=C1)C,CCCC1=CC=CC(=C1)C,298.15,0.0,aux_only_sigma_profile_stream,,,No,False,0.0,False,0.0,False,0.0,0.0,0.0,False,0.0,False,True,196.8677499999999,0.0,0.0,0.0,0.0,0.0,0.0,0.0,0.0,0.0,0.0,0.0,0.0,0.0,0.0,0.0,0.0,0.0,0.0,0.0,0.01056006149108877,0.048716703701295286,0.08222158763683189,0.13414233566626133,0.12489185934267809,0.11089951871437559,0.09608754969060504,0.099794252780235,0.08317278716621238,0.04273972104469957,0.03215547736180773,0.02962082685484399,0.04658192496373731,0.03728848847691902,0.02001411785073468,0.0011127872576744496,0.0,0.0,0.0,0.0,0.0,0.0,0.0,0.0,0.0,0.0,0.0,0.0,0.0,0.0,0.0,0.0
CCCC1=CC=C(C=C1)C,CCCC1=CC=C(C=C1)C,298.15,0.0,aux_only_sigma_profile_stream,,,No,False,0.0,False,0.0,False,0.0,0.0,0.0,False,0.0,False,True,197.74475999999996,0.0,0.0,0.0,0.0,0.0,0.0,0.0,0.0,0.0,0.0,0.0,0.0,0.0,0.0,0.0,0.0,0.0,0.0,0.0,0.010459352655754066,0.045451834188434334,0.08903515285297069,0.1282785610457562,0.12084047462559971,0.11335142751755295,0.09712131732234727,0.10754887407433504,0.07865438883357818,0.04311239923251287,0.03488019315868128,0.026748793369358627,0.05229693274644548,0.03253349343253,0.018542430804153246,0.0011443741399900713,0.0,0.0,0.0,0.0,0.0,0.0,0.0,0.0,0.0,0.0,0.0,0.0,0.0,0.0,0.0,0.0
C1=CC=C(C=C1)CC(C2=CC=CC=C2)C3=CC=CC=C3,C1=CC=C(C=C1)CC(C2=CC=CC=C2)C3=CC=CC=C3,298.15,0.0,aux_only_sigma_profile_stream,,,No,False,0.0,False,0.0,False,0.0,0.0,0.0,False,0.0,False,True,302.3032699999999,0.0,0.0,0.0,0.0,0.0,0.0,0.0,0.0,0.0,0.0,0.0,0.0,0.0,0.0,0.0,0.0,0.0,0.0,0.00022421450534219006,0.033632267041256964,0.09887108980425224,0.12157750333735362,0.09944185352839652,0.07419312808672698,0.06499935023288007,0.0630481143490466,0.056650642908804484,0.06279660907654458,0.07339642882003197,0.07890613192480356,0.0854132023681322,0.07095118719575016,0.015716468905058657,0.00018180791561933591,0.0,0.0,0.0,0.0,0.0,0.0,0.0,0.0,0.0,0.0,0.0,0.0,0.0,0.0,0.0,0.0,0.0
C=CC1=CC=CC=C1,C=CC1=CC=CC=C1,298.15,0.0,aux_only_sigma_profile_stream,,,No,False,0.0,False,0.0,False,0.0,0.0,0.0,False,0.0,False,True,154.48400999999993,0.0,0.0,0.0,0.0,0.0,0.0,0.0,0.0,0.0,0.0,0.0,0.0,0.0,0.0,0.0,0.0,0.0,0.002878263473942502,0.03273119715994453,0.09376622935846828,0.0966705674956742,0.07817659434579544,0.06229779868135443,0.05564018362412275,0.04901928418804252,0.05755772262258498,0.04961368200115121,0.07318323110139167,0.04638597224736167,0.07525258394501803,0.10315447914658808,0.07990620690071164,0.038449476450019865,0.005316527257828298,0.0,0.0,0.0,0.0,0.0,0.0,0.0,0.0,0.0,0.0,0.0,0.0,0.0,0.0,0.0,0.0,0.0
CC1=CC=CC=C1C=C,CC1=CC=CC=C1C=C,298.15,0.0,aux_only_sigma_profile_stream,,,No,False,0.0,False,0.0,False,0.0,0.0,0.0,False,0.0,False,True,170.6723,0.0,0.0,0.0,0.0,0.0,0.0,0.0,0.0,0.0,0.0,0.0,0.0,0.0,0.0,0.0,0.0,0.0,0.0018467773694302414,0.016346698609995238,0.061638347213462875,0.1045740383834178,0.09524532132892038,0.07910101090079175,0.05858303961021027,0.06083379111610143,0.07314226308045241,0.07753508675884663,0.04958662767088462,0.06325892256318921,0.04658242453912293,0.08585223080878031,0.07022466850399274,0.04619049588958355,0.009458255652817769,0.0,0.0,0.0,0.0,0.0,0.0,0.0,0.0,0.0,0.0,0.0,0.0,0.0,0.0,0.0,0.0,0.0
CC1=CC(=CC=C1)C=C,CC1=CC(=CC=C1)C=C,298.15,0.0,aux_only_sigma_profile_stream,,,No,False,0.0,False,0.0,False,0.0,0.0,0.0,False,0.0,False,True,173.55986000000007,0.0,0.0,0.0,0.0,0.0,0.0,0.0,0.0,0.0,0.0,0.0,0.0,0.0,0.0,0.0,0.0,0.0,0.0006659058802525189,0.01734132907439784,0.06552614301680525,0.09164544935237671,0.09161041347998951,0.08497463478814278,0.05803047125115909,0.0684125818920878,0.08156303092188016,0.06882824990554035,0.060855958602541484,0.050547748467942105,0.04823639879081786,0.09551703266015533,0.06746515192439481,0.04081277021025211,0.007966729781264167,0.0,0.0,0.0,0.0,0.0,0.0,0.0,0.0,0.0,0.0,0.0,0.0,0.0,0.0,0.0,0.0,0.0
CC1=CC=C(C=C1)C=C,CC1=CC=C(C=C1)C=C,298.15,0.0,aux_only_sigma_profile_stream,,,No,False,0.0,False,0.0,False,0.0,0.0,0.0,False,0.0,False,True,174.09490000000025,0.0,0.0,0.0,0.0,0.0,0.0,0.0,0.0,0.0,0.0,0.0,0.0,0.0,0.0,0.0,0.0,0.0,0.0009977861433534052,0.017751923062245163,0.06171757715825899,0.09299156579199147,0.09279167150701241,0.08425946185806751,0.05990418214825813,0.06311249056027768,0.09145493277189784,0.06652328571828803,0.05527572939826851,0.05680712660784006,0.044933688234130284,0.09300636543610048,0.07272698268624285,0.03505462126741204,0.010690609650355107,0.0,0.0,0.0,0.0,0.0,0.0,0.0,0.0,0.0,0.0,0.0,0.0,0.0,0.0,0.0,0.0,0.0
CC(=C)C1=CC=CC=C1,CC(=C)C1=CC=CC=C1,298.15,0.0,aux_only_sigma_profile_stream,,,No,False,0.0,False,0.0,False,0.0,0.0,0.0,False,0.0,False,True,169.65227000000004,0.0,0.0,0.0,0.0,0.0,0.0,0.0,0.0,0.0,0.0,0.0,0.0,0.0,0.0,0.0,0.0,0.0,0.0,0.01699768640256266,0.07047545935596322,0.09731622977383385,0.08963621387250992,0.07940083096122023,0.064695382950771,0.05908249249945255,0.07371546506280405,0.0684837109473743,0.052319841146966195,0.06407820620350908,0.05637036209553135,0.08855578446945798,0.06927951473826492,0.046512071450977396,0.003080748068801366,0.0,0.0,0.0,0.0,0.0,0.0,0.0,0.0,0.0,0.0,0.0,0.0,0.0,0.0,0.0,0.0,0.0
C=CC1=CC(=CC=C1)C=C,C=CC1=CC(=CC=C1)C=C,298.15,0.0,aux_only_sigma_profile_stream,,,No,False,0.0,False,0.0,False,0.0,0.0,0.0,False,0.0,False,True,187.6549899999999,0.0,0.0,0.0,0.0,0.0,0.0,0.0,0.0,0.0,0.0,0.0,0.0,0.0,0.0,0.0,0.0,0.0,0.008421838504086253,0.04779669441476426,0.0864436792629842,0.08376166002388215,0.0710533701787552,0.0527070860048907,0.054767913570431585,0.04960456204110503,0.056072246688180276,0.06238817332073772,0.07505013947246594,0.03804614167111203,0.10975627606067448,0.10552740421387838,0.05964039971634596,0.033644911174697686,0.005317503681008218,0.0,0.0,0.0,0.0,0.0,0.0,0.0,0.0,0.0,0.0,0.0,0.0,0.0,0.0,0.0,0.0,0.0
C#CC1=CC=CC=C1,C#CC1=CC=CC=C1,298.15,0.0,aux_only_sigma_profile_stream,,,No,False,0.0,False,0.0,False,0.0,0.0,0.0,False,0.0,False,True,152.2001499999999,0.0,0.0,0.0,0.0,0.0,0.0,0.0,0.0,0.0,0.0,0.0,0.0,0.0025515577810061594,0.004897432149082635,0.01437015518907103,0.010554069330848702,0.0009831071939262156,0.011565389443811858,0.052299330639445925,0.07643384026348862,0.06682356268045404,0.04815518381869713,0.06453451345675504,0.037182286513449646,0.028487955877804942,0.04200949856422582,0.06958607538194087,0.0576048162674674,0.0874244992753444,0.10645326036671061,0.11985441581654165,0.06065199763509416,0.036511570299606104,0.0010654820552271932,0.0,0.0,0.0,0.0,0.0,0.0,0.0,0.0,0.0,0.0,0.0,0.0,0.0,0.0,0.0,0.0,0.0
CC(C)CC1=CC=C(C=C1)C=C,CC(C)CC1=CC=C(C=C1)C=C,298.15,0.0,aux_only_sigma_profile_stream,,,No,False,0.0,False,0.0,False,0.0,0.0,0.0,False,0.0,False,True,225.7852000000001,0.0,0.0,0.0,0.0,0.0,0.0,0.0,0.0,0.0,0.0,0.0,0.0,0.0,0.0,0.0,0.0,0.0,0.0004442843012707917,0.012860778772816195,0.043273114705939746,0.051145078518081324,0.07320391067785263,0.10685239807600627,0.10459687407053427,0.09085981524092497,0.08101961102326723,0.08364950587648612,0.10504547804749198,0.0593544478375252,0.0332751792891123,0.06922495579662523,0.05321162820105213,0.022765665131114474,0.009217274433899119,0.0,0.0,0.0,0.0,0.0,0.0,0.0,0.0,0.0,0.0,0.0,0.0,0.0,0.0,0.0,0.0,0.0
C/C=C\C1=CC=CC=C1,C/C=C\C1=CC=CC=C1,298.15,0.0,aux_only_sigma_profile_stream,,,No,False,0.0,False,0.0,False,0.0,0.0,0.0,False,0.0,False,True,171.22453000000007,0.0,0.0,0.0,0.0,0.0,0.0,0.0,0.0,0.0,0.0,0.0,0.0,0.0,0.0,0.0,0.0,0.0,0.0,0.006915703675870564,0.06053041682731963,0.10749943967265434,0.09668178209218792,0.09745411877130215,0.05748584320696828,0.06400557979269848,0.07138564798335434,0.061232852611489114,0.05756697419614226,0.053257294950145154,0.04678404822722267,0.10137094609423769,0.0669903570020557,0.047112397179108666,0.003726597717243112,0.0,0.0,0.0,0.0,0.0,0.0,0.0,0.0,0.0,0.0,0.0,0.0,0.0,0.0,0.0,0.0,0.0
C/C=C/C1=CC=CC=C1,C/C=C/C1=CC=CC=C1,298.15,0.0,aux_only_sigma_profile_stream,,,No,False,0.0,False,0.0,False,0.0,0.0,0.0,False,0.0,False,True,174.83049999999992,0.0,0.0,0.0,0.0,0.0,0.0,0.0,0.0,0.0,0.0,0.0,0.0,0.0,0.0,0.0,0.0,0.0,0.0004109608038788491,0.01518027352106664,0.06332130723221523,0.0922867101576493,0.09626589708980875,0.0907622038230355,0.06550413750119632,0.06665334635772022,0.0694021223893154,0.06599547180303783,0.05481496628476435,0.0606993202616975,0.041724264735935164,0.09243856700039352,0.07179766091130499,0.049588457009740086,0.00315433311724026,0.0,0.0,0.0,0.0,0.0,0.0,0.0,0.0,0.0,0.0,0.0,0.0,0.0,0.0,0.0,0.0,0.0
CC(=C)C1=CC=C(C=C1)C=C,CC(=C)C1=CC=C(C=C1)C=C,298.15,0.0,aux_only_sigma_profile_stream,,,No,False,0.0,False,0.0,False,0.0,0.0,0.0,False,0.0,False,True,202.80831000000015,0.0,0.0,0.0,0.0,0.0,0.0,0.0,0.0,0.0,0.0,0.0,0.0,0.0,0.0,0.0,0.0,0.0,0.002473883489824567,0.03480099332941088,0.06845372860652056,0.09145372918824324,0.07661413316908113,0.07134026989797897,0.056980176166261574,0.059528613710447514,0.07388650334850326,0.06755683276012846,0.061243101403810764,0.05808958925410103,0.07855560176578852,0.09925144028136709,0.06441402202998332,0.029409553561302617,0.005947828037246397,0.0,0.0,0.0,0.0,0.0,0.0,0.0,0.0,0.0,0.0,0.0,0.0,0.0,0.0,0.0,0.0,0.0
CC(C)(C)C1=CC=C(C=C1)C=C,CC(C)(C)C1=CC=C(C=C1)C=C,298.15,0.0,aux_only_sigma_profile_stream,,,No,False,0.0,False,0.0,False,0.0,0.0,0.0,False,0.0,False,True,220.0548799999998,0.0,0.0,0.0,0.0,0.0,0.0,0.0,0.0,0.0,0.0,0.0,0.0,0.0,0.0,0.0,0.0,0.0,0.0005489166715387503,0.013523595216591527,0.04636611304474687,0.05626616839191529,0.08862584554079153,0.10028488511251703,0.10056146676471667,0.07400563037643616,0.073449166517372,0.08867243418870518,0.10022045809695389,0.05345860996031222,0.042077690089163615,0.06343024278565877,0.058572092005691544,0.031360057937645125,0.00857662729924386,0.0,0.0,0.0,0.0,0.0,0.0,0.0,0.0,0.0,0.0,0.0,0.0,0.0,0.0,0.0,0.0,0.0
C1=CC=C2C=CC=CC2=C1,C1=CC=C2C=CC=CC2=C1,298.15,0.0,aux_only_sigma_profile_stream,,,No,False,0.0,False,0.0,False,0.0,0.0,0.0,False,0.0,False,True,168.14597999999987,0.0,0.0,0.0,0.0,0.0,0.0,0.0,0.0,0.0,0.0,0.0,0.0,0.0,0.0,0.0,0.0,0.0,0.0,0.0273028704443956,0.10771537907827006,0.0992409883051799,0.07695047657473827,0.055566402239065886,0.054362577407644934,0.05050956159963863,0.04079595517233487,0.05148372543968679,0.055259498157326434,0.0583946573266568,0.10309945252250881,0.12146216282993451,0.09175079966539618,0.006105493237222328,0.0,0.0,0.0,0.0,0.0,0.0,0.0,0.0,0.0,0.0,0.0,0.0,0.0,0.0,0.0,0.0,0.0,0.0
CC1=CC=CC2=CC=CC=C12,CC1=CC=CC2=CC=CC=C12,298.15,0.0,aux_only_sigma_profile_stream,,,No,False,0.0,False,0.0,False,0.0,0.0,0.0,False,0.0,False,True,184.64707999999985,0.0,0.0,0.0,0.0,0.0,0.0,0.0,0.0,0.0,0.0,0.0,0.0,0.0,0.0,0.0,0.0,0.0,0.0,0.010902090677913843,0.07447092837821108,0.10835066060883343,0.09061876349026216,0.07730316716254278,0.06016542116202547,0.053524393507224315,0.06261355532790451,0.06588142350608854,0.0575397268878826,0.05431052262740526,0.07058626588020732,0.11115327397661912,0.08461702053708574,0.01796278626979394,0.0,0.0,0.0,0.0,0.0,0.0,0.0,0.0,0.0,0.0,0.0,0.0,0.0,0.0,0.0,0.0,0.0,0.0
CC1=CC2=CC=CC=C2C=C1,CC1=CC2=CC=CC=C2C=C1,298.15,0.0,aux_only_sigma_profile_stream,,,No,False,0.0,False,0.0,False,0.0,0.0,0.0,False,0.0,False,True,187.22886999999983,0.0,0.0,0.0,0.0,0.0,0.0,0.0,0.0,0.0,0.0,0.0,0.0,0.0,0.0,0.0,0.0,0.0,0.0,0.011869420833983624,0.0757080682572277,0.09945417962432138,0.0885790092343019,0.08255061499927607,0.05217492389673167,0.06223797826709529,0.07805610467505418,0.060152799706176256,0.04994526245530317,0.0584897905030042,0.06450924282112908,0.1201050022371326,0.08267458947574971,0.013493013013513258,0.0,0.0,0.0,0.0,0.0,0.0,0.0,0.0,0.0,0.0,0.0,0.0,0.0,0.0,0.0,0.0,0.0,0.0
CCC1=CC=CC2=CC=CC=C21,CCC1=CC=CC2=CC=CC=C21,298.15,0.0,aux_only_sigma_profile_stream,,,No,False,0.0,False,0.0,False,0.0,0.0,0.0,False,0.0,False,True,201.53844000000015,0.0,0.0,0.0,0.0,0.0,0.0,0.0,0.0,0.0,0.0,0.0,0.0,0.0,0.0,0.0,0.0,0.0,0.0,0.008641110083094712,0.06072191218814778,0.07904412709614596,0.10278139117941017,0.08634256305523645,0.08575764875128777,0.06599243382652456,0.07028858497424705,0.0667105283099313,0.06126051667198323,0.05182093407309341,0.05916700647317499,0.10216444312340403,0.07773814121886519,0.0215686589754534,0.0,0.0,0.0,0.0,0.0,0.0,0.0,0.0,0.0,0.0,0.0,0.0,0.0,0.0,0.0,0.0,0.0,0.0
CC1=CC2=C(C=C1)C=C(C=C2)C,CC1=CC2=C(C=C1)C=C(C=C2)C,298.15,0.0,aux_only_sigma_profile_stream,,,No,False,0.0,False,0.0,False,0.0,0.0,0.0,False,0.0,False,True,206.38163,0.0,0.0,0.0,0.0,0.0,0.0,0.0,0.0,0.0,0.0,0.0,0.0,0.0,0.0,0.0,0.0,0.0,0.0,0.005206145291424387,0.047388783792520345,0.09150813843770592,0.09823322011396314,0.09758141829418733,0.07205369549300439,0.06325841279181099,0.08448770721487517,0.09174330681756462,0.05053502241102757,0.04472013186631097,0.047487251199062976,0.10899242440174733,0.08267001791131702,0.014134323963477854,0.0,0.0,0.0,0.0,0.0,0.0,0.0,0.0,0.0,0.0,0.0,0.0,0.0,0.0,0.0,0.0,0.0,0.0
C1=CC=C(C=C1)C2=CC=CC3=CC=CC=C32,C1=CC=C(C=C1)C2=CC=CC3=CC=CC=C32,298.15,0.0,aux_only_sigma_profile_stream,,,No,False,0.0,False,0.0,False,0.0,0.0,0.0,False,0.0,False,True,243.4760599999999,0.0,0.0,0.0,0.0,0.0,0.0,0.0,0.0,0.0,0.0,0.0,0.0,0.0,0.0,0.0,0.0,0.0,0.0,0.021846284742710893,0.09254813348326447,0.09544976086656695,0.08230202152405543,0.06248961138565042,0.060561401466936844,0.04746980072403096,0.04698247802903827,0.0512305465759755,0.07875112420236514,0.06798253557507834,0.10643091280082202,0.10601299194420843,0.07101342315934432,0.008871285285849831,5.7688234102113793e-05,0.0,0.0,0.0,0.0,0.0,0.0,0.0,0.0,0.0,0.0,0.0,0.0,0.0,0.0,0.0,0.0,0.0
CCCCCCCCCC1=CC=CC2=CC=CC=C21,CCCCCCCCCC1=CC=CC2=CC=CC=C21,298.15,0.0,aux_only_sigma_profile_stream,,,No,False,0.0,False,0.0,False,0.0,0.0,0.0,False,0.0,False,True,340.9627600000001,0.0,0.0,0.0,0.0,0.0,0.0,0.0,0.0,0.0,0.0,0.0,0.0,0.0,0.0,0.0,0.0,0.0,0.0,0.005113909095761541,0.034834791118763225,0.04468771506719384,0.050431003607326184,0.07461936530927073,0.1279544066032765,0.1425901317597317,0.1194766869486556,0.09905407906762483,0.08079100276326331,0.06471020369125999,0.03520185374781162,0.061281232321984916,0.04649452626841504,0.012759092629660872,0.0,0.0,0.0,0.0,0.0,0.0,0.0,0.0,0.0,0.0,0.0,0.0,0.0,0.0,0.0,0.0,0.0,0.0
CCCCCCCCCCC1=CC=CC2=CC=CC=C21,CCCCCCCCCCC1=CC=CC2=CC=CC=C21,298.15,0.0,aux_only_sigma_profile_stream,,,No,False,0.0,False,0.0,False,0.0,0.0,0.0,False,0.0,False,True,361.18389,0.0,0.0,0.0,0.0,0.0,0.0,0.0,0.0,0.0,0.0,0.0,0.0,0.0,0.0,0.0,0.0,0.0,0.0,0.004818032409665835,0.03279213427383569,0.04257375376222732,0.047261586247800254,0.07103032658813745,0.13042842748243422,0.14937186067000274,0.12464299685726764,0.10331776837652198,0.08044832251582565,0.06653325994214858,0.03292168655479373,0.057851043301488866,0.04404446532904167,0.011964335688808267,0.0,0.0,0.0,0.0,0.0,0.0,0.0,0.0,0.0,0.0,0.0,0.0,0.0,0.0,0.0,0.0,0.0,0.0
CCCCC1=CC=CC2=CC=CC=C21,CCCCC1=CC=CC2=CC=CC=C21,298.15,0.0,aux_only_sigma_profile_stream,,,No,False,0.0,False,0.0,False,0.0,0.0,0.0,False,0.0,False,True,240.31017,0.0,0.0,0.0,0.0,0.0,0.0,0.0,0.0,0.0,0.0,0.0,0.0,0.0,0.0,0.0,0.0,0.0,0.0,0.005429053074323737,0.047127824283923564,0.05712276806762818,0.08305590114897675,0.10722521344727233,0.10468103076924419,0.09252303730235636,0.07860248659323657,0.0752100981664438,0.08009555352166825,0.046761639220514475,0.051190045016187624,0.0826338612004398,0.06824459414561107,0.02009689404217333,0.0,0.0,0.0,0.0,0.0,0.0,0.0,0.0,0.0,0.0,0.0,0.0,0.0,0.0,0.0,0.0,0.0,0.0
CCCCCCC1=CC=CC2=CC=CC=C21,CCCCCCC1=CC=CC2=CC=CC=C21,298.15,0.0,aux_only_sigma_profile_stream,,,No,False,0.0,False,0.0,False,0.0,0.0,0.0,False,0.0,False,True,281.11271,0.0,0.0,0.0,0.0,0.0,0.0,0.0,0.0,0.0,0.0,0.0,0.0,0.0,0.0,0.0,0.0,0.0,0.0,0.006071690355611633,0.04264324953762674,0.05347991186859819,0.06088223695160209,0.0874900722534136,0.11997942534228567,0.11838838764957123,0.099020623851643,0.0840184092120769,0.08116804800896055,0.05842257331814844,0.04296495284991632,0.07310599461278998,0.056571557171368025,0.015792867016387557,0.0,0.0,0.0,0.0,0.0,0.0,0.0,0.0,0.0,0.0,0.0,0.0,0.0,0.0,0.0,0.0,0.0,0.0
CC1=CC2=C(C=C1)C=CC(=C2)C,CC1=CC2=C(C=C1)C=CC(=C2)C,298.15,0.0,aux_only_sigma_profile_stream,,,No,False,0.0,False,0.0,False,0.0,0.0,0.0,False,0.0,False,True,206.31641000000008,0.0,0.0,0.0,0.0,0.0,0.0,0.0,0.0,0.0,0.0,0.0,0.0,0.0,0.0,0.0,0.0,0.0,0.0,0.004594783611410152,0.04590603334350838,0.09375818680826596,0.10176393909893543,0.10015428759880315,0.0653645491064501,0.06272803893459951,0.09268102980868459,0.08275610609126824,0.047121908822424965,0.04963363218083426,0.047743974548447775,0.10786986020055982,0.08271865263538704,0.01520501721042058,0.0,0.0,0.0,0.0,0.0,0.0,0.0,0.0,0.0,0.0,0.0,0.0,0.0,0.0,0.0,0.0,0.0,0.0
CCCC1=CC=CC2=CC=CC=C21,CCCC1=CC=CC2=CC=CC=C21,298.15,0.0,aux_only_sigma_profile_stream,,,No,False,0.0,False,0.0,False,0.0,0.0,0.0,False,0.0,False,True,220.61693,0.0,0.0,0.0,0.0,0.0,0.0,0.0,0.0,0.0,0.0,0.0,0.0,0.0,0.0,0.0,0.0,0.0,0.0,0.006157238670669563,0.051695491495361214,0.06486642634459558,0.09420558648231801,0.10950873613118538,0.09048052164250404,0.0763105361712798,0.07534308005433492,0.06870527474790263,0.07471502219287159,0.04641205883197359,0.0568477126968991,0.0895503781308388,0.0741894958879194,0.021012440519346406,0.0,0.0,0.0,0.0,0.0,0.0,0.0,0.0,0.0,0.0,0.0,0.0,0.0,0.0,0.0,0.0,0.0,0.0
CCC1=CC2=CC=CC=C2C=C1,CCC1=CC2=CC=CC=C2C=C1,298.15,0.0,aux_only_sigma_profile_stream,,,No,False,0.0,False,0.0,False,0.0,0.0,0.0,False,0.0,False,True,204.34526999999989,0.0,0.0,0.0,0.0,0.0,0.0,0.0,0.0,0.0,0.0,0.0,0.0,0.0,0.0,0.0,0.0,0.0,0.0,0.008791197369699534,0.06251800166115226,0.07039027886672546,0.10042460903498383,0.08973879311175302,0.0849132416838702,0.07317040272623393,0.07174943779278868,0.0684570159653062,0.0628440344888595,0.04891941935800631,0.05443701172091092,0.10977288422901103,0.07812146797005141,0.015752204020647562,0.0,0.0,0.0,0.0,0.0,0.0,0.0,0.0,0.0,0.0,0.0,0.0,0.0,0.0,0.0,0.0,0.0,0.0
CC1C=CC2=CC=CC=C12,CC1C=CC2=CC=CC=C12,298.15,0.0,aux_only_sigma_profile_stream,,,No,False,0.0,False,0.0,False,0.0,0.0,0.0,False,0.0,False,True,175.43295999999998,0.0,0.0,0.0,0.0,0.0,0.0,0.0,0.0,0.0,0.0,0.0,0.0,0.0,0.0,0.0,0.0,0.0,0.0,0.007576484111634554,0.05590757584205927,0.0889618110030202,0.10867397461634233,0.09559533352984013,0.07545572073914104,0.07178167637221992,0.05709659883384286,0.08585992181231737,0.04602430750360429,0.056031074672402724,0.04823061234804008,0.07212443642586659,0.06952887266699713,0.048459208539749145,0.012692390982922309,0.0,0.0,0.0,0.0,0.0,0.0,0.0,0.0,0.0,0.0,0.0,0.0,0.0,0.0,0.0,0.0,0.0
CC1=CC2=CC=CC=C2C1,CC1=CC2=CC=CC=C2C1,298.15,0.0,aux_only_sigma_profile_stream,,,No,False,0.0,False,0.0,False,0.0,0.0,0.0,False,0.0,False,True,178.39315999999997,0.0,0.0,0.0,0.0,0.0,0.0,0.0,0.0,0.0,0.0,0.0,0.0,0.0,0.0,0.0,0.0,0.0,0.0,0.0033715583062998386,0.04760810150826793,0.08863645992680551,0.11750509657632671,0.10647443597269987,0.0815699140838225,0.06858631557320978,0.07826293729218936,0.061401926350776584,0.04186067701928349,0.05405212779148731,0.04817642359051475,0.05453549639714201,0.08013336257434255,0.04182995955550006,0.02521777771207613,0.0007774297692555253,0.0,0.0,0.0,0.0,0.0,0.0,0.0,0.0,0.0,0.0,0.0,0.0,0.0,0.0,0.0,0.0
CC1C(=C(C2=CC=CC=C12)C)C,CC1C(=C(C2=CC=CC=C12)C)C,298.15,0.0,aux_only_sigma_profile_stream,,,No,False,0.0,False,0.0,False,0.0,0.0,0.0,False,0.0,False,True,207.71071,0.0,0.0,0.0,0.0,0.0,0.0,0.0,0.0,0.0,0.0,0.0,0.0,0.0,0.0,0.0,0.0,0.0,0.0,0.00046417034901847674,0.02031248748764192,0.0730381406982784,0.11103456340142355,0.11527637430622907,0.0991453852380443,0.08248962491582355,0.08945378864263281,0.10071000072765868,0.06100683076239304,0.03835509241002262,0.04584246461331681,0.0464643009088396,0.057139393843840314,0.03086954524223243,0.026184284821025743,0.0022135516315787136,0.0,0.0,0.0,0.0,0.0,0.0,0.0,0.0,0.0,0.0,0.0,0.0,0.0,0.0,0.0,0.0
C1=CC=C(C=C1)C=C(C2=CC=CC=C2)C3=CC=CC=C3,C1=CC=C(C=C1)C=C(C2=CC=CC=C2)C3=CC=CC=C3,298.15,0.0,aux_only_sigma_profile_stream,,,No,False,0.0,False,0.0,False,0.0,0.0,0.0,False,0.0,False,True,301.1230600000001,0.0,0.0,0.0,0.0,0.0,0.0,0.0,0.0,0.0,0.0,0.0,0.0,0.0,0.0,0.0,0.0,0.0,0.0,0.014370625746649717,0.0907444422852733,0.09309678637320366,0.08643256985064708,0.07103738330891393,0.05559213745438059,0.06067010828584929,0.05220849877452359,0.04922731041935577,0.07403454233329719,0.07680318464417833,0.08480037876173445,0.10289999692569671,0.06770217018108009,0.020379864655216202,0.0,0.0,0.0,0.0,0.0,0.0,0.0,0.0,0.0,0.0,0.0,0.0,0.0,0.0,0.0,0.0,0.0,0.0
C1=CC=C(C=C1)/C=C\C2=CC=CC=C2,C1=CC=C(C=C1)/C=C\C2=CC=CC=C2,298.15,0.0,aux_only_sigma_profile_stream,,,No,False,0.0,False,0.0,False,0.0,0.0,0.0,False,0.0,False,True,229.98927999999975,0.0,0.0,0.0,0.0,0.0,0.0,0.0,0.0,0.0,0.0,0.0,0.0,0.0,0.0,0.0,0.0,0.0,0.0,0.013266292474487348,0.08839914997466196,0.1048077685109342,0.09050715625335112,0.06798176750232061,0.055416492293359994,0.05080969657428908,0.05498913533394171,0.043400098494378654,0.07188106086361294,0.07297055844313795,0.08502937678461414,0.10475125374601947,0.07769795574483306,0.01803426905276883,5.79679532889564e-05,0.0,0.0,0.0,0.0,0.0,0.0,0.0,0.0,0.0,0.0,0.0,0.0,0.0,0.0,0.0,0.0,0.0
C1=CC=C(C=C1)/C=C/C2=CC=CC=C2,C1=CC=C(C=C1)/C=C/C2=CC=CC=C2,298.15,0.0,aux_only_sigma_profile_stream,,,No,False,0.0,False,0.0,False,0.0,0.0,0.0,False,0.0,False,True,236.3094299999999,0.0,0.0,0.0,0.0,0.0,0.0,0.0,0.0,0.0,0.0,0.0,0.0,0.0,0.0,0.0,0.0,0.0,0.0117334000846863,0.04327853776867645,0.08969558128653651,0.09223460002160222,0.07059068094833164,0.059545996501502316,0.04644459965772591,0.04869748261212007,0.052820161077378525,0.039066452759919414,0.07609348985523093,0.05386835252334325,0.08209441609368068,0.12298304181569987,0.08889250433806052,0.02196070265550546,0.0,0.0,0.0,0.0,0.0,0.0,0.0,0.0,0.0,0.0,0.0,0.0,0.0,0.0,0.0,0.0,0.0,0.0
C1C2=CC=CC=C2C3=CC=CC=C31,C1C2=CC=CC=C2C3=CC=CC=C31,298.15,0.0,aux_only_sigma_profile_stream,,,No,False,0.0,False,0.0,False,0.0,0.0,0.0,False,0.0,False,True,204.92012999999997,0.0,0.0,0.0,0.0,0.0,0.0,0.0,0.0,0.0,0.0,0.0,0.0,0.0,0.0,0.0,0.0,0.0,0.0,0.003552075309139888,0.056716508978223376,0.10029164729985388,0.09415112405133601,0.0934463207983769,0.06745239330154047,0.06038439293803982,0.05901982419668873,0.05388221867624767,0.07215061040072346,0.07796167591667497,0.10575788709129602,0.08264282219497522,0.06540752038385736,0.007182978463026303,0.0,0.0,0.0,0.0,0.0,0.0,0.0,0.0,0.0,0.0,0.0,0.0,0.0,0.0,0.0,0.0,0.0,0.0
C1C=CC2=CC=CC=C21,C1C=CC2=CC=CC=C21,298.15,0.0,aux_only_sigma_profile_stream,,,No,False,0.0,False,0.0,False,0.0,0.0,0.0,False,0.0,False,True,158.4190999999999,0.0,0.0,0.0,0.0,0.0,0.0,0.0,0.0,0.0,0.0,0.0,0.0,0.0,0.0,0.0,0.0,0.0,0.0,0.013830785260830553,0.07857973437185295,0.10252769219526502,0.09410372613647792,0.08345595267618493,0.07390415224676575,0.06585347253387695,0.04618632472988367,0.05811200707944828,0.03670362430824059,0.07074690211889732,0.04883618641270576,0.08061850095011334,0.0770340368692374,0.05750668362026217,0.012000218489957405,0.0,0.0,0.0,0.0,0.0,0.0,0.0,0.0,0.0,0.0,0.0,0.0,0.0,0.0,0.0,0.0,0.0
C1=CC=C2C=C3C=CC=CC3=CC2=C1,C1=CC=C2C=C3C=CC=CC3=CC2=C1,298.15,0.0,aux_only_sigma_profile_stream,,,No,False,0.0,False,0.0,False,0.0,0.0,0.0,False,0.0,False,True,215.28916999999993,0.0,0.0,0.0,0.0,0.0,0.0,0.0,0.0,0.0,0.0,0.0,0.0,0.0,0.0,0.0,0.0,0.0,0.0,0.008671243984741594,0.08068159116424206,0.09935330228604954,0.0878597573338622,0.06136207820592788,0.047759328422415315,0.05226595280856303,0.04924633333943832,0.05831254658124514,0.06650942226838354,0.12388475780387471,0.17257119258771125,0.086680887796736,0.004841605416809542,0.0,0.0,0.0,0.0,0.0,0.0,0.0,0.0,0.0,0.0,0.0,0.0,0.0,0.0,0.0,0.0,0.0,0.0,0.0
C1=CC=C2C(=C1)C=CC3=C2C=CC4=CC=CC=C43,C1=CC=C2C(=C1)C=CC3=C2C=CC4=CC=CC=C43,298.15,0.0,aux_only_sigma_profile_stream,,,No,False,0.0,False,0.0,False,0.0,0.0,0.0,False,0.0,False,True,255.6821500000001,0.0,0.0,0.0,0.0,0.0,0.0,0.0,0.0,0.0,0.0,0.0,0.0,0.0,0.0,0.0,0.0,0.001904246899657895,0.012897438183812593,0.015148821936920893,0.08485289050481738,0.08251715459960537,0.0734768872125109,0.054409338150979626,0.04732225689979099,0.0407267477242287,0.061723510939101126,0.051381153564912116,0.0722520176616565,0.16394077715515018,0.14958343038806693,0.08353952719837855,0.004323800980410324,0.0,0.0,0.0,0.0,0.0,0.0,0.0,0.0,0.0,0.0,0.0,0.0,0.0,0.0,0.0,0.0,0.0,0.0,0.0
C1=CC2=C3C(=C1)C=CC4=CC=CC(=C43)C=C2,C1=CC2=C3C(=C1)C=CC4=CC=CC(=C43)C=C2,298.15,0.0,aux_only_sigma_profile_stream,,,No,False,0.0,False,0.0,False,0.0,0.0,0.0,False,0.0,False,True,226.68301999999983,0.0,0.0,0.0,0.0,0.0,0.0,0.0,0.0,0.0,0.0,0.0,0.0,0.0,0.0,0.0,0.0,0.0,0.0,0.011524906029946892,0.0824326617725488,0.10141545880746744,0.07242413283446203,0.06286709536254814,0.03944051949858922,0.05468134336557546,0.04972514534441181,0.04377317742104979,0.09375393910877808,0.15884065695940935,0.16823374179561895,0.06062839273344308,0.0002588289661510485,0.0,0.0,0.0,0.0,0.0,0.0,0.0,0.0,0.0,0.0,0.0,0.0,0.0,0.0,0.0,0.0,0.0,0.0,0.0
C1C2CC3C4C1C5CC(C4)CC3C5C2,C1C2CC3C4C1C5CC(C4)CC3C5C2,298.15,0.0,aux_only_sigma_profile_stream,,,No,False,0.0,False,0.0,False,0.0,0.0,0.0,False,0.0,False,True,200.45662000000004,0.0,0.0,0.0,0.0,0.0,0.0,0.0,0.0,0.0,0.0,0.0,0.0,0.0,0.0,0.0,0.0,0.0,0.0,0.0,0.0,0.0,0.0,0.010210124585249628,0.15735295869513166,0.2821725576641693,0.19380532962325409,0.18178469287087348,0.11660395966174372,0.05807037689957806,0.0,0.0,0.0,0.0,0.0,0.0,0.0,0.0,0.0,0.0,0.0,0.0,0.0,0.0,0.0,0.0,0.0,0.0,0.0,0.0,0.0,0.0
CC=C1CC2CC1C=C2,CC=C1CC2CC1C=C2,298.15,0.0,aux_only_sigma_profile_stream,,,No,False,0.0,False,0.0,False,0.0,0.0,0.0,False,0.0,False,True,168.57901000000004,0.0,0.0,0.0,0.0,0.0,0.0,0.0,0.0,0.0,0.0,0.0,0.0,0.0,0.0,0.0,0.0,0.0,0.0,7.748490697118696e-05,0.00976723907050409,0.026416068310794797,0.09241869305551975,0.11866598120054268,0.14256091738993715,0.10664181945962725,0.11557175192545142,0.12422587669271634,0.07733027247180296,0.041255128054868744,0.023137002737475855,0.03585678916140762,0.030438856493443925,0.023349544011105176,0.022334077094016327,0.008665364170273688,0.0012871337935410555,0.0,0.0,0.0,0.0,0.0,0.0,0.0,0.0,0.0,0.0,0.0,0.0,0.0,0.0,0.0
CC1(C2CCC(C2)C1=C)C,CC1(C2CCC(C2)C1=C)C,298.15,0.0,aux_only_sigma_profile_stream,,,No,False,0.0,False,0.0,False,0.0,0.0,0.0,False,0.0,False,True,180.6382299999999,0.0,0.0,0.0,0.0,0.0,0.0,0.0,0.0,0.0,0.0,0.0,0.0,0.0,0.0,0.0,0.0,0.0,0.0,0.0,0.0,0.00711022376308061,0.054388939841607975,0.1373331255234488,0.16062219830338856,0.13220436046150924,0.10717258068711208,0.11009083750924879,0.15428250831213142,0.0524277394650988,0.018023055722161868,0.018102928262016583,0.01261120912854489,0.015381346971631316,0.014601879157808018,0.004193179779365644,0.001453887111845342,0.0,0.0,0.0,0.0,0.0,0.0,0.0,0.0,0.0,0.0,0.0,0.0,0.0,0.0,0.0
[HH],[HH],298.15,0.0,aux_only_sigma_profile_stream,,,No,False,0.0,False,0.0,False,0.0,0.0,0.0,False,0.0,False,True,27.372159999999983,0.0,0.0,0.0,0.0,0.0,0.0,0.0,0.0,0.0,0.0,0.0,0.0,0.0,0.0,0.0,0.0,0.0,0.0,0.0,0.0,0.019922317719481084,0.04673678199903335,0.1707428659255664,0.007835531140973462,0.17817073118619875,0.08570979559721963,0.09790128454009116,0.32117784796091725,0.07180284393051886,0.0,0.0,0.0,0.0,0.0,0.0,0.0,0.0,0.0,0.0,0.0,0.0,0.0,0.0,0.0,0.0,0.0,0.0,0.0,0.0,0.0,0.0
[N+](=O)([N+](=O)[O-])[O-],[N+](=O)([N+](=O)[O-])[O-],298.15,0.0,aux_only_sigma_profile_stream,,,No,False,0.0,False,0.0,False,0.0,0.0,0.0,False,0.0,False,True,102.66863,0.0,0.0,0.0,0.0,0.0,0.0,0.0,0.0,0.0,0.0,0.0,0.0,0.007161999989764194,0.008840808666763364,0.02647532152928141,0.015809043790457337,0.020904774867289748,0.02304000191184084,0.022075805428172557,0.015252279081302634,0.04144730916769533,0.012457809161968559,0.030971372691893043,0.03807581523058182,0.028331527848062754,0.0661262377836685,0.09818993161129548,0.22812536649290147,0.1733517092927684,0.08851983369836805,0.04330270858446095,0.011540343171463473,0.0,0.0,0.0,0.0,0.0,0.0,0.0,0.0,0.0,0.0,0.0,0.0,0.0,0.0,0.0,0.0,0.0,0.0,0.0
[C-]#[O+],[C-]#[O+],298.15,0.0,aux_only_sigma_profile_stream,,,No,False,0.0,False,0.0,False,0.0,0.0,0.0,False,0.0,False,True,58.06721999999993,0.0,0.0,0.0,0.0,0.0,0.0,0.0,0.0,0.0,0.0,0.0,0.0,0.0,0.0,0.0,0.0,0.0,0.0,0.0,0.0,0.0,0.0,0.07497515246314117,0.268910497090493,0.08921730028429083,0.18695212385981652,0.13903712342200247,0.11557971200341204,0.06672210523563836,0.015167698130335104,0.03822704833428037,0.005211239176590276,0.0,0.0,0.0,0.0,0.0,0.0,0.0,0.0,0.0,0.0,0.0,0.0,0.0,0.0,0.0,0.0,0.0,0.0,0.0
O=S=O,O=S=O,298.15,0.0,aux_only_sigma_profile_stream,,,No,False,0.0,False,0.0,False,0.0,0.0,0.0,False,0.0,False,True,76.53064999999997,0.0,0.0,0.0,0.0,0.0,0.0,0.0,0.0,0.0,0.0,0.0,0.0,0.0,0.0,0.0,0.0,0.01223668095711473,0.0528887751697984,0.055750781745001796,0.09022287681657627,0.11001925797715222,0.03462921599444969,0.041916283387205,0.014591665893119174,0.03065446650408524,0.03224674474935011,0.02347154994141747,0.05846938242203408,0.0442786853345388,0.10448620992444221,0.17241334420670545,0.08694993896483047,0.03315667616441754,0.0016174638477614008,0.0,0.0,0.0,0.0,0.0,0.0,0.0,0.0,0.0,0.0,0.0,0.0,0.0,0.0,0.0,0.0,0.0
FF,FF,298.15,0.0,aux_only_sigma_profile_stream,,,No,False,0.0,False,0.0,False,0.0,0.0,0.0,False,0.0,False,True,52.578749999999985,0.0,0.0,0.0,0.0,0.0,0.0,0.0,0.0,0.0,0.0,0.0,0.0,0.0,0.0,0.0,0.0,0.0,0.0,0.0,0.002782473521528394,0.02354761210211978,0.06777066800780945,0.021515986668216577,0.11191368899267498,0.019484191633405368,0.16644153194043512,0.4678615919388042,0.11868225519500614,0.0,0.0,0.0,0.0,0.0,0.0,0.0,0.0,0.0,0.0,0.0,0.0,0.0,0.0,0.0,0.0,0.0,0.0,0.0,0.0,0.0,0.0,0.0
ClCl,ClCl,298.15,0.0,aux_only_sigma_profile_stream,,,No,False,0.0,False,0.0,False,0.0,0.0,0.0,False,0.0,False,True,78.72007000000005,0.0,0.0,0.0,0.0,0.0,0.0,0.0,0.0,0.0,0.0,0.0,0.0,0.0,0.0,0.0,0.0,0.011754395783549067,0.014490323712525146,0.062082572493792836,0.0009559111373658809,0.0055935393152998815,0.08029332828816128,0.055759056617863595,0.003439058553715701,3.1397495830461004e-05,0.13978575547518557,0.1642118478091469,0.368205931499527,0.09339688181803656,0.0,0.0,0.0,0.0,0.0,0.0,0.0,0.0,0.0,0.0,0.0,0.0,0.0,0.0,0.0,0.0,0.0,0.0,0.0,0.0,0.0,0.0
BrBr,BrBr,298.15,0.0,aux_only_sigma_profile_stream,,,No,False,0.0,False,0.0,False,0.0,0.0,0.0,False,0.0,False,True,89.71273999999998,0.0,0.0,0.0,0.0,0.0,0.0,0.0,0.0,0.0,0.0,0.0,0.0,0.0,0.0,0.004586706892703348,0.008701260903174895,0.03343310786219929,0.04025497701849894,0.0,0.003679875761752479,0.07039892057714837,0.05723898444179746,0.010017998284794376,1.0677651878755976e-17,0.024620988939446982,0.14309329735448392,0.09110150940821107,0.2266779240086147,0.2861944485471741,0.0,0.0,0.0,0.0,0.0,0.0,0.0,0.0,0.0,0.0,0.0,0.0,0.0,0.0,0.0,0.0,0.0,0.0,0.0,0.0,0.0,0.0
C=O,C=O,298.15,0.0,aux_only_sigma_profile_stream,,,No,False,0.0,False,0.0,False,0.0,0.0,0.0,False,0.0,False,True,61.888000000000005,0.0,0.0,0.0,0.0,0.0,0.0,0.0,0.0,0.0,0.0,0.0,0.0,0.0,0.0,0.0,0.0,0.0,0.021848088248549797,0.19174424558703626,0.1562007244998872,0.06876785983141771,0.03339028265805196,0.03375575883561433,0.028105844869278855,0.025729429939809173,0.037883463325466646,0.022163131874005627,0.015486736940359222,0.007915322274642094,0.028769928788984777,0.01645120391049106,0.030479773397132398,0.023954743560742144,0.05800692534491581,0.06707744212564423,0.06539630411210667,0.04561531085506713,0.020882964548789348,0.00037451447200759273,6.596826549388107e-19,0.0,0.0,0.0,0.0,0.0,0.0,0.0,0.0,0.0,0.0,0.0
CC=O,CC=O,298.15,0.0,aux_only_sigma_profile_stream,,,No,False,0.0,False,0.0,False,0.0,0.0,0.0,False,0.0,False,True,82.79559000000005,0.0,0.0,0.0,0.0,0.0,0.0,0.0,0.0,0.0,0.0,0.0,0.0,0.0,0.0,0.0,0.0,0.0,0.008878775211339403,0.06410859442772686,0.14595400341909628,0.10623717399524896,0.08060498399956226,0.07816312688310473,0.07929904102899049,0.06227228201188684,0.04723889091102579,0.03336981847990852,0.01511786917745328,0.011310320117510674,0.005429595114123878,0.013703000032846661,0.009937082330737186,0.021180869979691177,0.016918561743182327,0.038767304705712685,0.05053590267296504,0.05016601700011696,0.03678557217406461,0.02171808187813423,0.0023031327055711747,0.0,0.0,0.0,0.0,0.0,0.0,0.0,0.0,0.0,0.0,0.0
CCC=O,CCC=O,298.15,0.0,aux_only_sigma_profile_stream,,,No,False,0.0,False,0.0,False,0.0,0.0,0.0,False,0.0,False,True,102.45930000000004,0.0,0.0,0.0,0.0,0.0,0.0,0.0,0.0,0.0,0.0,0.0,0.0,0.0,0.0,0.0,0.0,0.0,0.0,0.008939757429462252,0.0720925257405637,0.12225990610621287,0.13856302770226614,0.11030035474466833,0.09081601508865685,0.07663340235140605,0.059365923364423034,0.07377307780492594,0.017527483298289945,0.007325220305165513,0.008549282220919689,0.011991900694963066,0.012398576843575346,0.020510431596817365,0.0141527444102873,0.02169161199667282,0.045856280820505774,0.03909548844129967,0.029443218352893225,0.01665810175314883,0.0020556689328763067,0.0,0.0,0.0,0.0,0.0,0.0,0.0,0.0,0.0,0.0,0.0
CCCC=O,CCCC=O,298.15,0.0,aux_only_sigma_profile_stream,,,No,False,0.0,False,0.0,False,0.0,0.0,0.0,False,0.0,False,True,122.87011999999984,0.0,0.0,0.0,0.0,0.0,0.0,0.0,0.0,0.0,0.0,0.0,0.0,0.0,0.0,0.0,0.0,0.0,0.0,0.007108765845934749,0.0519958210991944,0.08270431133304186,0.12693662537140046,0.12619504450589875,0.11770120741547511,0.08293253665189318,0.08654383357619341,0.07252902038500712,0.048038995234984436,0.01182893879528873,0.008218983762853176,0.011516883031053452,0.009405123654524887,0.012859176085007829,0.012081553714994921,0.020856327358126883,0.03655274126390643,0.032886715237902854,0.025025576437095753,0.014273277541705454,0.0018085416985161233,0.0,0.0,0.0,0.0,0.0,0.0,0.0,0.0,0.0,0.0,0.0
CC(C)C=O,CC(C)C=O,298.15,0.0,aux_only_sigma_profile_stream,,,No,False,0.0,False,0.0,False,0.0,0.0,0.0,False,0.0,False,True,119.88094000000008,0.0,0.0,0.0,0.0,0.0,0.0,0.0,0.0,0.0,0.0,0.0,0.0,0.0,0.0,0.0,0.0,0.0,0.0,0.005758617312935981,0.05572292919647273,0.08285322149677592,0.11189171515966251,0.13301366145277213,0.11727527996867299,0.07713628154972794,0.07471965509402533,0.10366009295801727,0.0460996212680288,0.013536020507470154,0.006103246319838221,0.008350049303454152,0.009971352796892726,0.0163021815380414,0.0160273171345811,0.011700926426831397,0.03663123657494141,0.03508975464349015,0.027271956067103753,0.009330225795442904,0.0015546574348209363,0.0,0.0,0.0,0.0,0.0,0.0,0.0,0.0,0.0,0.0,0.0
CCCCC=O,CCCCC=O,298.15,0.0,aux_only_sigma_profile_stream,,,No,False,0.0,False,0.0,False,0.0,0.0,0.0,False,0.0,False,True,142.3998900000001,0.0,0.0,0.0,0.0,0.0,0.0,0.0,0.0,0.0,0.0,0.0,0.0,0.0,0.0,0.0,0.0,0.0,0.0,0.004531866208877946,0.04479779211581508,0.06984034868734591,0.09423449421981077,0.14013996739153722,0.12685865578340885,0.10981178424414434,0.08271779222755292,0.07952143501093357,0.07109604786298,0.01653554047939523,0.005898918052004109,0.00902099862529373,0.007546926255920838,0.01589068433343564,0.010259215715234112,0.014630231481411597,0.03275357136810327,0.02869631808618597,0.020310301804012713,0.013113740765134298,0.0017933692814618436,0.0,0.0,0.0,0.0,0.0,0.0,0.0,0.0,0.0,0.0,0.0
CCCCCCC=O,CCCCCCC=O,298.15,0.0,aux_only_sigma_profile_stream,,,No,False,0.0,False,0.0,False,0.0,0.0,0.0,False,0.0,False,True,182.29680999999988,0.0,0.0,0.0,0.0,0.0,0.0,0.0,0.0,0.0,0.0,0.0,0.0,0.0,0.0,0.0,0.0,0.0,0.0,0.0035857292781538933,0.03387178948905466,0.05589110324731358,0.0680584846188203,0.1124479515372135,0.14719490988232387,0.14352430722221532,0.10886410402273695,0.09049227605134016,0.07851409422437894,0.03194272909172867,0.0052001673527198675,0.007141663006545865,0.006040973064999056,0.012225514830730509,0.008023820539424366,0.011404134564413339,0.025488108402801628,0.02249308339894142,0.015816326095701157,0.010345689352010398,0.0014330407264326452,0.0,0.0,0.0,0.0,0.0,0.0,0.0,0.0,0.0,0.0,0.0
CCCCCC=O,CCCCCC=O,298.15,0.0,aux_only_sigma_profile_stream,,,No,False,0.0,False,0.0,False,0.0,0.0,0.0,False,0.0,False,True,162.33624999999995,0.0,0.0,0.0,0.0,0.0,0.0,0.0,0.0,0.0,0.0,0.0,0.0,0.0,0.0,0.0,0.0,0.0,0.0,0.0038922933801656084,0.03903123909979035,0.06132584570608858,0.07920858592950807,0.12496514718037534,0.1375051894203322,0.13384303723803653,0.09288819736436257,0.08556023480699046,0.07670836164488215,0.024395542498794085,0.0055922622287089925,0.007937712737925817,0.008899369735303794,0.009988604268740289,0.009743345308750513,0.0138754738486003,0.028278484346493837,0.025253711948458813,0.018144536193802647,0.011444013392322925,0.0015188117215662168,0.0,0.0,0.0,0.0,0.0,0.0,0.0,0.0,0.0,0.0,0.0
CCCCCCCCC=O,CCCCCCCCC=O,298.15,0.0,aux_only_sigma_profile_stream,,,No,False,0.0,False,0.0,False,0.0,0.0,0.0,False,0.0,False,True,222.06790000000004,0.0,0.0,0.0,0.0,0.0,0.0,0.0,0.0,0.0,0.0,0.0,0.0,0.0,0.0,0.0,0.0,0.0,0.0,0.0024546481120372955,0.029441632173669626,0.045601400134443554,0.055510150743504565,0.09273936351906739,0.154892813432279,0.16171559756475157,0.12995616143312605,0.10159838341004619,0.07894748598535445,0.043808287892654084,0.004541513420851865,0.0067227511056557904,0.004672771614716985,0.007505247934290637,0.008402372458446267,0.009208132229451441,0.020850273731244852,0.018649703482353886,0.013397314825851074,0.008302791559369372,0.0010812032368340122,0.0,0.0,0.0,0.0,0.0,0.0,0.0,0.0,0.0,0.0,0.0
CCCCC(CC)C=O,CCCCC(CC)C=O,298.15,0.0,aux_only_sigma_profile_stream,,,No,False,0.0,False,0.0,False,0.0,0.0,0.0,False,0.0,False,True,196.19504,0.0,0.0,0.0,0.0,0.0,0.0,0.0,0.0,0.0,0.0,0.0,0.0,0.0,0.0,0.0,0.0,0.0,0.0,0.0,0.007898621604466556,0.022571089588133066,0.07760501591109134,0.14117751712354096,0.1755285082522448,0.14321328540974432,0.10784323834328127,0.11443619004133745,0.08132061181186434,0.01304326898981585,0.0011973239918060315,0.013404528331935601,0.00862307578138632,0.004647401199882714,0.010841983159568254,0.018290817009477153,0.019763656531826747,0.017110360008677838,0.014908825758938461,0.00633960909513183,0.0002350720558491173,0.0,0.0,0.0,0.0,0.0,0.0,0.0,0.0,0.0,0.0,0.0
CCCC(C)CC=O,CCCC(C)CC=O,298.15,0.0,aux_only_sigma_profile_stream,,,No,False,0.0,False,0.0,False,0.0,0.0,0.0,False,0.0,False,True,176.4382099999999,0.0,0.0,0.0,0.0,0.0,0.0,0.0,0.0,0.0,0.0,0.0,0.0,0.0,0.0,0.0,0.0,0.0,0.0,0.0031538511588889125,0.031591288673250895,0.04957809506616098,0.058754844279522586,0.13173377797059102,0.1498850619860353,0.13375058671934562,0.10489228459617453,0.11103310518428128,0.08366087968275751,0.015281856436741913,0.0030584747121141288,0.008857272951995716,0.007722457348736142,0.0072989046357514655,0.010515322279573235,0.021283609751330916,0.023032874852041973,0.019681278640683673,0.017171299820714473,0.007639075691170205,0.00042379756213741817,0.0,0.0,0.0,0.0,0.0,0.0,0.0,0.0,0.0,0.0,0.0
CCC=C(C)C=O,CCC=C(C)C=O,298.15,0.0,aux_only_sigma_profile_stream,,,No,False,0.0,False,0.0,False,0.0,0.0,0.0,False,0.0,False,True,153.49983999999995,0.0,0.0,0.0,0.0,0.0,0.0,0.0,0.0,0.0,0.0,0.0,0.0,0.0,0.0,0.0,0.0,0.0,0.0,0.0060077278261639186,0.0361305180117238,0.08137318036291376,0.10049011667416138,0.11705257761847312,0.11538691923798687,0.11280000310594074,0.10353226265319954,0.10029185922881877,0.06073791226155201,0.02140936001027363,0.005146114993606138,0.008765735925668719,0.00547953408239799,0.008841243298202007,0.003988217590587151,0.01864975204044656,0.011004935439306552,0.029550445146474494,0.02899579425571904,0.01821425398102541,0.005393664117728707,0.0007578721376297203,0.0,0.0,0.0,0.0,0.0,0.0,0.0,0.0,0.0,0.0
CCC/C=C(\CC)/C=O,CCC/C=C(\CC)/C=O,298.15,0.0,aux_only_sigma_profile_stream,,,No,False,0.0,False,0.0,False,0.0,0.0,0.0,False,0.0,False,True,190.65202999999997,0.0,0.0,0.0,0.0,0.0,0.0,0.0,0.0,0.0,0.0,0.0,0.0,0.0,0.0,0.0,0.0,0.0,0.0,0.0,0.006472583470975893,0.048573595401648864,0.11174507752220789,0.1424886303976874,0.14234040386223532,0.1315411571984474,0.09620293937556082,0.09234757620909571,0.07223945461719866,0.028991416805298487,0.01398006334757186,0.005457547489708982,0.004547393698389873,0.00705666616872367,0.005026768506953701,0.015102866986842104,0.011226452181077082,0.01978408612321241,0.027047264487149423,0.011472642918862418,0.005124123235307996,0.0012312899958441725,0.0,0.0,0.0,0.0,0.0,0.0,0.0,0.0,0.0,0.0
CCCCCCCCCC=O,CCCCCCCCCC=O,298.15,0.0,aux_only_sigma_profile_stream,,,No,False,0.0,False,0.0,False,0.0,0.0,0.0,False,0.0,False,True,242.05106000000012,0.0,0.0,0.0,0.0,0.0,0.0,0.0,0.0,0.0,0.0,0.0,0.0,0.0,0.0,0.0,0.0,0.0,0.0,0.0027276470900497755,0.02559850163150538,0.04167654271385341,0.051144071614715486,0.08912143116777053,0.15317491904538935,0.17119530494888632,0.13538033988765422,0.10892459794209035,0.07854306091568443,0.04767933160004089,0.004135863704639589,0.005370743703312017,0.004472469914920676,0.009276839487065699,0.006071536246422384,0.008546874372662236,0.01918534384388875,0.01697026013435018,0.011914519985826433,0.007808058331646683,0.0010817417176251067,0.0,0.0,0.0,0.0,0.0,0.0,0.0,0.0,0.0,0.0,0.0
CCCCCCCCCCC=O,CCCCCCCCCCC=O,298.15,0.0,aux_only_sigma_profile_stream,,,No,False,0.0,False,0.0,False,0.0,0.0,0.0,False,0.0,False,True,261.91227999999984,0.0,0.0,0.0,0.0,0.0,0.0,0.0,0.0,0.0,0.0,0.0,0.0,0.0,0.0,0.0,0.0,0.0,0.0,0.0026395348934213714,0.023548634798836787,0.03852286831036294,0.04729442780614719,0.08360306166700744,0.15389662594632114,0.17836029135211504,0.1400538211127299,0.11557622272017455,0.0783085445610294,0.05049820205733312,0.0038331344892190648,0.00500452007602809,0.004140957180254018,0.008553869256487061,0.005594000668538951,0.007926443688261701,0.017684437069325015,0.015714728959227982,0.01102549644294275,0.007219385241603802,0.0010007917026327012,0.0,0.0,0.0,0.0,0.0,0.0,0.0,0.0,0.0,0.0,0.0
CCCCCCCCCCCC=O,CCCCCCCCCCCC=O,298.15,0.0,aux_only_sigma_profile_stream,,,No,False,0.0,False,0.0,False,0.0,0.0,0.0,False,0.0,False,True,282.0237100000003,0.0,0.0,0.0,0.0,0.0,0.0,0.0,0.0,0.0,0.0,0.0,0.0,0.0,0.0,0.0,0.0,0.0,0.0,0.002122431606009897,0.021972153491122054,0.0349461087207989,0.04527387743373983,0.07878038204933156,0.1540989226938227,0.18535781930524228,0.1449398806618655,0.11963421027073208,0.07753738304508928,0.053752528867480984,0.003604187054544701,0.004654187948993716,0.0038717889759941064,0.007924910945214563,0.0052036230078119266,0.007432996960729926,0.016683491588134397,0.014455033623773591,0.010422937290587984,0.006473819495841324,0.0008573249631386222,0.0,0.0,0.0,0.0,0.0,0.0,0.0,0.0,0.0,0.0,0.0
CCCCCCCCCCCCC=O,CCCCCCCCCCCCC=O,298.15,0.0,aux_only_sigma_profile_stream,,,No,False,0.0,False,0.0,False,0.0,0.0,0.0,False,0.0,False,True,301.7324000000002,0.0,0.0,0.0,0.0,0.0,0.0,0.0,0.0,0.0,0.0,0.0,0.0,0.0,0.0,0.0,0.0,0.0,0.0,0.002327914477094228,0.021140945402575877,0.03325795461476028,0.04065622140819544,0.07455852517930356,0.15497159650362366,0.1896849955770463,0.14990751137571492,0.12305375822349197,0.07744807382592914,0.05677228190631563,0.003430170230717614,0.004289869980486181,0.003618223946595524,0.007411667380032236,0.004857400631177921,0.006852736350018985,0.01533744333557343,0.013636358068174191,0.009653664352532385,0.006238149463742443,0.0008945377668981575,0.0,0.0,0.0,0.0,0.0,0.0,0.0,0.0,0.0,0.0,0.0
C=CC=O,C=CC=O,298.15,0.0,aux_only_sigma_profile_stream,,,No,False,0.0,False,0.0,False,0.0,0.0,0.0,False,0.0,False,True,98.16132,0.0,0.0,0.0,0.0,0.0,0.0,0.0,0.0,0.0,0.0,0.0,0.0,0.0,0.0,0.0,0.0,0.005480305004011377,0.04470684160369013,0.08858238511906168,0.09357691086083603,0.05963656197124968,0.060605402276583696,0.05963762161742967,0.07856322700855092,0.06292883306840903,0.050075289614124587,0.08144844888877156,0.04071300744901281,0.038491261823168844,0.013468614738568412,0.010857934079208905,0.009439801443857093,0.01678231875700765,0.023275286542847533,0.021373436475694098,0.042449597516844115,0.04482550601309076,0.03174266951035871,0.019095774615617865,0.002242964002004902,0.0,0.0,0.0,0.0,0.0,0.0,0.0,0.0,0.0,0.0,0.0
C/C=C\C=O,C/C=C\C=O,298.15,0.0,aux_only_sigma_profile_stream,,,No,False,0.0,False,0.0,False,0.0,0.0,0.0,False,0.0,False,True,115.35593999999996,0.0,0.0,0.0,0.0,0.0,0.0,0.0,0.0,0.0,0.0,0.0,0.0,0.0,0.0,0.0,0.0,0.0,0.001340943461773612,0.025915714876489162,0.06950581195392386,0.12330197827913246,0.09015827992554007,0.08251674075706594,0.06955153572536642,0.09491207716394322,0.09486458756176844,0.05147149214895976,0.06225977829764078,0.0407233070449079,0.02644036749937534,0.010250872008575218,0.009735206328472298,0.015439540182473661,0.009876506396986583,0.022497377839285876,0.017986394576457388,0.03290097560429405,0.023959701111224915,0.01683045358998897,0.006626393214970918,0.0009339644513830501,0.0,0.0,0.0,0.0,0.0,0.0,0.0,0.0,0.0,0.0
C/C=C/C=O,C/C=C/C=O,298.15,0.0,aux_only_sigma_profile_stream,,,No,False,0.0,False,0.0,False,0.0,0.0,0.0,False,0.0,False,True,118.26474999999996,0.0,0.0,0.0,0.0,0.0,0.0,0.0,0.0,0.0,0.0,0.0,0.0,0.0,0.0,0.0,0.0,0.0,2.3952910361304624e-05,0.014714589493526012,0.08903367657415842,0.12594093081526156,0.10276446180792166,0.08641947319850424,0.07791816061782074,0.10334084402410358,0.07302571245088982,0.03566526858291851,0.045274971123918935,0.044578350453306936,0.018996321475444212,0.008576585470085052,0.009743171010259696,0.009577743496574849,0.01081130820128424,0.027234238211760402,0.01666123819362486,0.04121810755523839,0.034160464500837345,0.018239428062954977,0.00567397088575304,0.0004070308834913287,0.0,0.0,0.0,0.0,0.0,0.0,0.0,0.0,0.0,0.0
CC(=C)C=O,CC(=C)C=O,298.15,0.0,aux_only_sigma_profile_stream,,,No,False,0.0,False,0.0,False,0.0,0.0,0.0,False,0.0,False,True,116.17691000000002,0.0,0.0,0.0,0.0,0.0,0.0,0.0,0.0,0.0,0.0,0.0,0.0,0.0,0.0,0.0,0.0,0.0,0.003259803117805672,0.02220003779422701,0.09272032123245057,0.1217751526865123,0.0900773920746799,0.06627888578778932,0.07759092048963058,0.06983337893030826,0.09234329070925452,0.06814250895704094,0.04033098560002344,0.036826545054504195,0.041181286532515536,0.009952127627487019,0.010281500181847493,0.007583105280285746,0.025231189741842845,0.02135962102781525,0.03302362475213294,0.04075069898235347,0.020639535627209212,0.007064988866654731,0.0015530989456291105,0.0,0.0,0.0,0.0,0.0,0.0,0.0,0.0,0.0,0.0,0.0
CC(C=O)C1=CC=CC=C1,CC(C=O)C1=CC=CC=C1,298.15,0.0,aux_only_sigma_profile_stream,,,No,False,0.0,False,0.0,False,0.0,0.0,0.0,False,0.0,False,True,179.31002999999984,0.0,0.0,0.0,0.0,0.0,0.0,0.0,0.0,0.0,0.0,0.0,0.0,0.0,0.0,0.0,0.0,0.0,0.0002969472527475967,0.03178458554122625,0.09683000885800597,0.10491098747881429,0.0910892390236364,0.07639919591088024,0.07084318774379889,0.05908826778950854,0.07020070709440131,0.04075578592438542,0.05126444651134752,0.0408630179001146,0.04229230759910334,0.05706350253417284,0.05048414351963116,0.025633517087814126,0.012634012379652114,0.017933636270956527,0.0256657859173304,0.018157911106763742,0.01294249505273244,0.0028663115029762846,4.823864560900827e-18,0.0,0.0,0.0,0.0,0.0,0.0,0.0,0.0,0.0,0.0,0.0
CC1=CC=CC=C1C=O,CC1=CC=CC=C1C=O,298.15,0.0,aux_only_sigma_profile_stream,,,No,False,0.0,False,0.0,False,0.0,0.0,0.0,False,0.0,False,True,160.57076999999992,0.0,0.0,0.0,0.0,0.0,0.0,0.0,0.0,0.0,0.0,0.0,0.0,0.0,0.0,0.0,0.0,0.0,0.005669504228137428,0.04792369165400336,0.08094674455321231,0.08027884233035443,0.06598405317627302,0.07005078857321233,0.06861234834381504,0.06091860351328655,0.08786501589202136,0.09574274635240217,0.06081566194975882,0.06268504972850542,0.06424131221214549,0.039419097304867604,0.011927082097851191,0.006352083785091212,0.01309514990735282,0.01241756787258491,0.014409235174255528,0.02533841663829728,0.013398503631600495,0.008808246600381079,0.0031002544805900285,0.0,0.0,0.0,0.0,0.0,0.0,0.0,0.0,0.0,0.0,0.0
CC1=CC=C(C=C1)C=O,CC1=CC=C(C=C1)C=O,298.15,0.0,aux_only_sigma_profile_stream,,,No,False,0.0,False,0.0,False,0.0,0.0,0.0,False,0.0,False,True,164.27400000000006,0.0,0.0,0.0,0.0,0.0,0.0,0.0,0.0,0.0,0.0,0.0,0.0,0.0,0.0,0.0,0.0,0.0,0.0037979356802816987,0.03889382781899131,0.08479140745065923,0.09036482395113832,0.08461306222481339,0.06920959339570167,0.0681287601763809,0.06780736824981796,0.08416688403838889,0.06606096814174182,0.05920192093607726,0.06961029606976817,0.06781191115814064,0.024141057339504942,0.008281741911059324,0.006359862769203889,0.013278096487600163,0.01578984246748371,0.017023705789127333,0.03226222537726013,0.018410657192188096,0.007562428968792704,0.002431622405878388,0.0,0.0,0.0,0.0,0.0,0.0,0.0,0.0,0.0,0.0,0.0
C1=CC=C(C=C1)C=O,C1=CC=C(C=C1)C=O,298.15,0.0,aux_only_sigma_profile_stream,,,No,False,0.0,False,0.0,False,0.0,0.0,0.0,False,0.0,False,True,144.94652000000002,0.0,0.0,0.0,0.0,0.0,0.0,0.0,0.0,0.0,0.0,0.0,0.0,0.0,0.0,0.0,0.0,0.0,0.011895550718871552,0.08375202191668622,0.1052790748124439,0.07209220555995134,0.056596664054292575,0.060720479787988335,0.04632339538827617,0.04824076245641426,0.053565047045846005,0.07691875027227972,0.06371791170419948,0.08400649149996495,0.07629659409028515,0.02707869154682379,0.008287677490687047,0.007988469119441361,0.019229952221152393,0.01508950993949582,0.0251047145313157,0.033319689095600784,0.016639030931013925,0.006228040854617362,0.0016292749623521702,0.0,0.0,0.0,0.0,0.0,0.0,0.0,0.0,0.0,0.0,0.0
C1=CC(=CC=C1C=O)O,C1=CC(=CC=C1C=O)O,298.15,0.0,aux_only_sigma_profile_stream,,,No,False,0.0,False,0.0,False,0.0,0.0,0.0,False,0.0,False,True,154.86400999999992,0.0,0.0,0.0,0.0,0.0,0.0004981444149191729,0.005280833294517479,0.009045244927832674,0.004623841019762631,0.004112609394564077,0.009130710036488913,0.006829091063297349,0.004736053985176904,0.004806019960808289,0.004409366385883179,0.0090894083306654,0.007109713757893203,0.02497658136722052,0.05542092278674712,0.07080557045217933,0.048369932217018234,0.03899691275878297,0.0407011723126493,0.048099289001162525,0.05028456348983901,0.03613087467757243,0.06786173407038798,0.08855196097449373,0.08962963486403526,0.06906263502792809,0.020221634250629294,0.01849522352510342,0.012853466898981637,0.02334361087093981,0.03676549859505448,0.016354125433005098,0.03318823973134829,0.024170549450924957,0.011857402690561184,0.004114006814046462,7.342116757963588e-05,0.0,0.0,0.0,0.0,0.0,0.0,0.0,0.0,0.0,0.0
C1=CC(=CC=C1C=O)C=O,C1=CC(=CC=C1C=O)C=O,298.15,0.0,aux_only_sigma_profile_stream,,,No,False,0.0,False,0.0,False,0.0,0.0,0.0,False,0.0,False,True,168.41809000000006,0.0,0.0,0.0,0.0,0.0,0.0,0.0,0.0,0.0,0.0,0.0,0.0,0.0,0.0,0.0,0.0,0.007882165908652268,0.05958162801995852,0.09834993138559578,0.06089693649970319,0.05620931704024832,0.04395229980766322,0.05761394804312783,0.05078243035040598,0.052293544027201704,0.0919625220762318,0.09891632868739393,0.0695451697867218,0.010027770050538629,0.011826399323264914,0.017083128445709354,0.010016055001764237,0.03438859341569405,0.022258601196259668,0.03627073014684472,0.05740220122479266,0.03266753153323653,0.014774910058280851,0.005297857970709983,9.030763613301785e-18,0.0,0.0,0.0,0.0,0.0,0.0,0.0,0.0,0.0,0.0,0.0
CC1=CC(=CC=C1)C=O,CC1=CC(=CC=C1)C=O,298.15,0.0,aux_only_sigma_profile_stream,,,No,False,0.0,False,0.0,False,0.0,0.0,0.0,False,0.0,False,True,164.37122999999997,0.0,0.0,0.0,0.0,0.0,0.0,0.0,0.0,0.0,0.0,0.0,0.0,0.0,0.0,0.0,0.0,0.0,0.003982217305579128,0.045094411622836075,0.07707709144033723,0.09226115876415053,0.08097027444094627,0.0658078423286843,0.06564180731537692,0.07283631143329707,0.08315471166153957,0.072070978504248,0.05943856431593407,0.07020419968043132,0.06377862777126143,0.0278858850688574,0.008013373197813877,0.0061987611109430175,0.015822606749506165,0.014629438127145731,0.020112261785302232,0.03166891710397228,0.015400064648284553,0.0062916426764870765,0.0016588529470657448,0.0,0.0,0.0,0.0,0.0,0.0,0.0,0.0,0.0,0.0,0.0
CC(=O)C,CC(=O)C,298.15,0.0,aux_only_sigma_profile_stream,,,No,False,0.0,False,0.0,False,0.0,0.0,0.0,False,0.0,False,True,102.64522,0.0,0.0,0.0,0.0,0.0,0.0,0.0,0.0,0.0,0.0,0.0,0.0,0.0,0.0,0.0,0.0,0.0,0.0,0.034566260427153064,0.10965442777102528,0.10587408978480344,0.09542441294210116,0.08592511388956446,0.08048438700887788,0.13265968338602033,0.06400232563868069,0.045448031103005285,0.015114237684079202,0.015797704273376102,0.010233308729297966,0.0015012468607421827,0.008238080869513992,0.007909553125620784,0.01830438596426049,0.015016009482315592,0.03223779610092153,0.04381790218361652,0.036733701353605874,0.02527071506262145,0.01578662635879685,0.0,0.0,0.0,0.0,0.0,0.0,0.0,0.0,0.0,0.0,0.0
CCC(=O)C,CCC(=O)C,298.15,0.0,aux_only_sigma_profile_stream,,,No,False,0.0,False,0.0,False,0.0,0.0,0.0,False,0.0,False,True,120.81147999999996,0.0,0.0,0.0,0.0,0.0,0.0,0.0,0.0,0.0,0.0,0.0,0.0,0.0,0.0,0.0,0.0,0.0,0.0,0.01434079729036794,0.0694546541389302,0.09290883409404474,0.10234003590731033,0.10024016906525941,0.12125511427125059,0.12218680591090102,0.0694076035273326,0.05917477946069051,0.05626097806978268,0.008382888755266224,0.014095166201716513,0.009182214099800537,0.004746913384818216,0.007687257403339428,0.017531620762328802,0.01599889553506654,0.0061906219250074,0.038494395231269574,0.03335272847005651,0.020628808837217485,0.014164228943817275,0.0019744887144254675,0.0,0.0,0.0,0.0,0.0,0.0,0.0,0.0,0.0,0.0
CCC(=O)CC,CCC(=O)CC,298.15,0.0,aux_only_sigma_profile_stream,,,No,False,0.0,False,0.0,False,0.0,0.0,0.0,False,0.0,False,True,139.83864999999992,0.0,0.0,0.0,0.0,0.0,0.0,0.0,0.0,0.0,0.0,0.0,0.0,0.0,0.0,0.0,0.0,0.0,0.0,0.00035483048774090587,0.05925381818897183,0.07094560986042076,0.08364476810441539,0.11174599372540003,0.13312479715863612,0.13290778836845188,0.07758730982765999,0.07712118337394137,0.0877084492398282,0.015325836601978934,0.014032137793207538,0.0052412689120190205,0.005458928455944029,0.007076617525306112,0.018046918509278455,0.011462502302923411,0.004659672701852148,0.031213445153734823,0.026087841733596077,0.020690843704212057,0.006309438270481015,0.0,0.0,0.0,0.0,0.0,0.0,0.0,0.0,0.0,0.0,0.0
CC(C)CC(=O)C,CC(C)CC(=O)C,298.15,0.0,aux_only_sigma_profile_stream,,,No,False,0.0,False,0.0,False,0.0,0.0,0.0,False,0.0,False,True,156.8082300000001,0.0,0.0,0.0,0.0,0.0,0.0,0.0,0.0,0.0,0.0,0.0,0.0,0.0,0.0,0.0,0.0,0.0,0.0,0.00787951581270721,0.047318218313706084,0.06827720724081825,0.07225251293796883,0.11148563893188955,0.12457083167522194,0.1327053786101226,0.09938228668786192,0.07276331824001454,0.09157340457964858,0.03649217304465605,0.011544472681033443,0.009628474683394927,0.0051413506394827075,0.005261769773270488,0.013126786030427412,0.011577205015580553,0.010060733926210716,0.025090074256952633,0.023116602830356027,0.011452977575040367,0.00806299097517962,0.0012360755384554808,0.0,0.0,0.0,0.0,0.0,0.0,0.0,0.0,0.0,0.0
CCC(C)C(=O)C,CCC(C)C(=O)C,298.15,0.0,aux_only_sigma_profile_stream,,,No,False,0.0,False,0.0,False,0.0,0.0,0.0,False,0.0,False,True,154.58545999999998,0.0,0.0,0.0,0.0,0.0,0.0,0.0,0.0,0.0,0.0,0.0,0.0,0.0,0.0,0.0,0.0,0.0,9.270695870701165e-05,0.007304265099707308,0.029919748524003163,0.053672893552960156,0.09902047225820333,0.130094465745836,0.1405331296393199,0.12086278044149497,0.11392211534125721,0.07940450160717898,0.06598796089659982,0.017301080464264817,0.01182671742213401,0.006835513254618973,0.004465069040757902,0.006748061489536274,0.01038173214139991,0.011688227721581967,0.013029854811310285,0.024951959964445176,0.025603561290025858,0.016555673795222155,0.009031516965657328,0.000765991573777508,0.0,0.0,0.0,0.0,0.0,0.0,0.0,0.0,0.0,0.0
CCCCC(=O)CC,CCCCC(=O)CC,298.15,0.0,aux_only_sigma_profile_stream,,,No,False,0.0,False,0.0,False,0.0,0.0,0.0,False,0.0,False,True,179.57783,0.0,0.0,0.0,0.0,0.0,0.0,0.0,0.0,0.0,0.0,0.0,0.0,0.0,0.0,0.0,0.0,0.0,0.0,5.726329448798217e-05,0.03854860909138294,0.056712658343911385,0.05707746563679827,0.11484441708359544,0.14757730400920702,0.15604771229467856,0.0958276670954772,0.08913016919178608,0.09799626376943073,0.02715929447902561,0.011522046814581957,0.005157257220304462,0.004390611417269514,0.005503913514051484,0.013024975994235313,0.009770982176459254,0.004453122901815262,0.023221823315319988,0.022286730416714085,0.01490043293547952,0.004789279003987982,0.0,0.0,0.0,0.0,0.0,0.0,0.0,0.0,0.0,0.0,0.0
CCCC(=O)CCC,CCCC(=O)CCC,298.15,0.0,aux_only_sigma_profile_stream,,,No,False,0.0,False,0.0,False,0.0,0.0,0.0,False,0.0,False,True,179.34244,0.0,0.0,0.0,0.0,0.0,0.0,0.0,0.0,0.0,0.0,0.0,0.0,0.0,0.0,0.0,0.0,0.0,0.0,0.0,0.03295992343268916,0.05580151715643937,0.05630710164014552,0.13379786927277781,0.1451134580461429,0.14170088809655482,0.09642017918163541,0.09192132560083269,0.10855611113213799,0.01974125524892078,0.010705245600966898,0.005346216100386388,0.004369143160116378,0.005806641431881377,0.012464057574489339,0.010040748454310367,0.0036300084291981576,0.022712154490054832,0.021959222495909394,0.015368198181261457,0.005278735273149011,0.0,0.0,0.0,0.0,0.0,0.0,0.0,0.0,0.0,0.0,0.0
CCCC(=O)CC,CCCC(=O)CC,298.15,0.0,aux_only_sigma_profile_stream,,,No,False,0.0,False,0.0,False,0.0,0.0,0.0,False,0.0,False,True,159.64456999999985,0.0,0.0,0.0,0.0,0.0,0.0,0.0,0.0,0.0,0.0,0.0,0.0,0.0,0.0,0.0,0.0,0.0,0.0,0.00047753380792565616,0.04350922736167003,0.06335495105540206,0.06901325341622024,0.12517031131703835,0.13879776216846162,0.13627583713393085,0.08852199670284629,0.08628898039859179,0.09765037506165672,0.01767405316829049,0.013948250230909088,0.004554716106698781,0.0046156099293855266,0.009086660547636611,0.010671142212185743,0.009648025433963845,0.009156323518591615,0.02393389113194206,0.024926372519801916,0.01789511602715435,0.004829610749696387,0.0,0.0,0.0,0.0,0.0,0.0,0.0,0.0,0.0,0.0,0.0
CCCC(=O)C,CCCC(=O)C,298.15,0.0,aux_only_sigma_profile_stream,,,No,False,0.0,False,0.0,False,0.0,0.0,0.0,False,0.0,False,True,141.05902999999995,0.0,0.0,0.0,0.0,0.0,0.0,0.0,0.0,0.0,0.0,0.0,0.0,0.0,0.0,0.0,0.0,0.0,0.0,0.01005018862529645,0.053500727119927684,0.07734869853215,0.0847545054974836,0.11620389896925426,0.1257857085295341,0.1275820702984269,0.09178232355186551,0.07059788444946079,0.07282044541300192,0.012515226572287224,0.013231250672703837,0.006113579428896189,0.004517298547784266,0.008157713984727887,0.012431131747026125,0.010435121469188116,0.01327871489156614,0.03057421582025604,0.03002060441726036,0.01542688527664088,0.011326754179825576,0.0015450520054361217,0.0,0.0,0.0,0.0,0.0,0.0,0.0,0.0,0.0,0.0
CCCCC(=O)C,CCCCC(=O)C,298.15,0.0,aux_only_sigma_profile_stream,,,No,False,0.0,False,0.0,False,0.0,0.0,0.0,False,0.0,False,True,160.9296700000002,0.0,0.0,0.0,0.0,0.0,0.0,0.0,0.0,0.0,0.0,0.0,0.0,0.0,0.0,0.0,0.0,0.0,0.0,0.007981184729881744,0.04926754383550416,0.06490821240612614,0.07061623055097849,0.10692724531877733,0.14122240639884784,0.14744827876470673,0.09551444795763937,0.07684458836428225,0.07855029808400514,0.02184345755585378,0.010711589301368776,0.00745563370271603,0.003953899611529628,0.00511843712471991,0.012979185276659966,0.012388102978468093,0.0041807941497598615,0.02912445600425708,0.025033389628428167,0.015200299174848735,0.011236154598562831,0.0014941644820780015,0.0,0.0,0.0,0.0,0.0,0.0,0.0,0.0,0.0,0.0
CCCCCC(=O)C,CCCCCC(=O)C,298.15,0.0,aux_only_sigma_profile_stream,,,No,False,0.0,False,0.0,False,0.0,0.0,0.0,False,0.0,False,True,180.67159000000004,0.0,0.0,0.0,0.0,0.0,0.0,0.0,0.0,0.0,0.0,0.0,0.0,0.0,0.0,0.0,0.0,0.0,0.0,0.006019085382768424,0.05220555664692904,0.053835940060664424,0.053187146908561876,0.09688420085196904,0.14786943177343928,0.1610081473656915,0.10795553116146703,0.08468737203924591,0.08271161360813835,0.032282470837692076,0.00966819186961215,0.003303135223616452,0.0036580993598004695,0.005310865964154313,0.011945777035354587,0.009156936717823869,0.008955947605192407,0.024821835586099936,0.022405956231616,0.014209419864521377,0.007917337905641454,0.0,0.0,0.0,0.0,0.0,0.0,0.0,0.0,0.0,0.0,0.0
CC(C)CCC(=O)C,CC(C)CCC(=O)C,298.15,0.0,aux_only_sigma_profile_stream,,,No,False,0.0,False,0.0,False,0.0,0.0,0.0,False,0.0,False,True,176.61064999999996,0.0,0.0,0.0,0.0,0.0,0.0,0.0,0.0,0.0,0.0,0.0,0.0,0.0,0.0,0.0,0.0,0.0,0.0,0.0083639629950255,0.043500476518978745,0.06345368128867881,0.0644204003642878,0.10719748993383811,0.14337146333356401,0.14485370541292727,0.09737892881756964,0.07438324966226333,0.08318184878267874,0.041802845851861836,0.014527098412475922,0.0030157080089972333,0.004211567903651333,0.00719539632471547,0.0065960204564099074,0.011205184407897377,0.012612434802071132,0.02280183675436075,0.024238165419772313,0.013413011975992753,0.007796818699425103,0.00047870387255693776,0.0,0.0,0.0,0.0,0.0,0.0,0.0,0.0,0.0,0.0
CC(=CC(=O)C)C,CC(=CC(=O)C)C,298.15,0.0,aux_only_sigma_profile_stream,,,No,False,0.0,False,0.0,False,0.0,0.0,0.0,False,0.0,False,True,152.39244000000008,0.0,0.0,0.0,0.0,0.0,0.0,0.0,0.0,0.0,0.0,0.0,0.0,0.0,0.0,0.0,0.0,0.0,0.0,0.003109584508128315,0.04651714862438967,0.1081273892096333,0.11796678607490758,0.0888884211832811,0.07565982995418472,0.10644876087399145,0.11126362322316442,0.0840516911569819,0.04904691060382369,0.03476871365400224,0.033864498994867646,0.021144581849508085,0.005967712517146051,0.003806282855544171,0.012034501923899434,0.009944224985354124,0.016822462345234702,0.016554310068303144,0.024346406044121964,0.014289885440501587,0.010002969883868519,0.005373304025162164,0.0,0.0,0.0,0.0,0.0,0.0,0.0,0.0,0.0,0.0
CC(=O)C(C)(C)C,CC(=O)C(C)(C)C,298.15,0.0,aux_only_sigma_profile_stream,,,No,False,0.0,False,0.0,False,0.0,0.0,0.0,False,0.0,False,True,150.12782,0.0,0.0,0.0,0.0,0.0,0.0,0.0,0.0,0.0,0.0,0.0,0.0,0.0,0.0,0.0,0.0,0.0,0.0,0.009495275312761819,0.027050008292981344,0.056770799595539455,0.11917650684930814,0.12648743727267073,0.1169946246650361,0.1149028191725771,0.09110372587311466,0.10871487228600803,0.07233449360611309,0.013518606205016234,0.011810802369168021,0.006878188308906644,0.006576150194234826,0.0058693301073386665,0.012829523291808942,0.01144715614786913,0.010947384175616845,0.027518799973795596,0.027070382584419333,0.014773014727881171,0.007343607861974161,0.0003864911258597927,0.0,0.0,0.0,0.0,0.0,0.0,0.0,0.0,0.0,0.0
CC(C)CC(=O)CC(C)C,CC(C)CC(=O)CC(C)C,298.15,0.0,aux_only_sigma_profile_stream,,,No,False,0.0,False,0.0,False,0.0,0.0,0.0,False,0.0,False,True,210.96893000000003,0.0,0.0,0.0,0.0,0.0,0.0,0.0,0.0,0.0,0.0,0.0,0.0,0.0,0.0,0.0,0.0,0.0,0.0,0.0006262003064728298,0.023985878707508873,0.04350270454232213,0.049480283339674705,0.1214573856142352,0.13883447344370045,0.14808231042167014,0.11329393420642365,0.08608591701184481,0.1291300422204179,0.05811129162678124,0.009158446325981175,0.006613414439959857,0.005710130268573007,0.003630802742833776,0.005156744522980374,0.008824689272709066,0.008384973702905881,0.013237470622319229,0.017132839399810088,0.009258138880166349,0.0003019283807092835,0.0,0.0,0.0,0.0,0.0,0.0,0.0,0.0,0.0,0.0,0.0
CC(C)C(=O)C(C)C,CC(C)C(=O)C(C)C,298.15,0.0,aux_only_sigma_profile_stream,,,No,False,0.0,False,0.0,False,0.0,0.0,0.0,False,0.0,False,True,167.73170000000005,0.0,0.0,0.0,0.0,0.0,0.0,0.0,0.0,0.0,0.0,0.0,0.0,0.0,0.0,0.0,0.0,0.0,0.0,0.0,0.0030906640775719193,0.052919032978608324,0.10696006947167289,0.14155554723831687,0.14419603763844455,0.11589550047242289,0.10863875696713497,0.11193344271843424,0.0770283426090345,0.020104796755769476,0.004160838833604797,0.002430980949607767,0.006960210147636074,0.005558152137649882,0.009384555282038694,0.010226196501500907,0.009916412473479748,0.022350559380494586,0.030378851378965774,0.01585854790525222,0.00045250408235884024,0.0,0.0,0.0,0.0,0.0,0.0,0.0,0.0,0.0,0.0,0.0
C1CC(=O)NC1,C1CC(=O)NC1,298.15,0.0,aux_only_sigma_profile_stream,,,No,False,0.0,False,0.0,False,0.0,0.0,0.0,False,0.0,False,True,120.50193000000004,0.0,0.0,0.0,0.0,0.0,0.0,0.0,0.0,0.0,0.0,0.0013318948441737957,0.01154854480958062,0.009061049402100615,0.007860721161119723,0.012102699649930325,0.009337130225124116,0.0038427079793627856,0.0014125724718853378,0.008507745898162208,0.04005837882409425,0.09913333755688639,0.15170908438697614,0.13298549002757376,0.08733102978329554,0.06930444783654749,0.0651334948533883,0.020818489365582442,0.020756267058276816,0.014996294540984442,0.011026372265087452,0.01414230489090373,0.0164330055167001,0.010664755417380864,0.008556817945126768,0.013269732024350642,0.011056195663123726,0.008085617991409028,0.021516427408888168,0.03687911699609786,0.04404060179257499,0.030734156900474863,0.006363514512836755,0.0,0.0,0.0,0.0,0.0,0.0,0.0,0.0,0.0
CN1CCCC1=O,CN1CCCC1=O,298.15,0.0,aux_only_sigma_profile_stream,,,No,False,0.0,False,0.0,False,0.0,0.0,0.0,False,0.0,False,True,139.73941999999997,0.0,0.0,0.0,0.0,0.0,0.0,0.0,0.0,0.0,0.0,0.0,0.0,0.0,0.0,0.0,0.0,0.0,0.0,0.0,0.018152465300109024,0.10556641500455993,0.18258527217335097,0.14698742177705407,0.11888692517618007,0.1113037600366561,0.07444208585809074,0.03262062130273249,0.02306391865567182,0.016829369241134037,0.007505357542883963,0.005379209443171772,0.0064491080670119865,0.006288788390003831,0.004639292139421461,0.0014351188964529125,0.017865055246796706,0.010926937548072994,0.015199225917621444,0.012636335506761309,0.046404085316639664,0.023937087342429147,0.010075328569619227,0.0008208155475742566,0.0,0.0,0.0,0.0,0.0,0.0,0.0,0.0
CCCCC(=O)CCCC,CCCCC(=O)CCCC,298.15,0.0,aux_only_sigma_profile_stream,,,No,False,0.0,False,0.0,False,0.0,0.0,0.0,False,0.0,False,True,219.0907699999999,0.0,0.0,0.0,0.0,0.0,0.0,0.0,0.0,0.0,0.0,0.0,0.0,0.0,0.0,0.0,0.0,0.0,0.0,0.0,0.025687076579238008,0.04743627461760805,0.04021465953287006,0.1143961939042485,0.16091782431612484,0.1688492223203155,0.10561288541673303,0.09830573832943855,0.10473995610871785,0.0359303870172954,0.008850687278124453,0.0051046178521276875,0.0038854900236174636,0.004385245754788179,0.011473271181345206,0.007390682503021056,0.0038456079016074185,0.01783335781716487,0.017993470843216907,0.012721874730948515,0.004425475971448402,0.0,0.0,0.0,0.0,0.0,0.0,0.0,0.0,0.0,0.0,0.0
CCCCCCCC(=O)C,CCCCCCCC(=O)C,298.15,0.0,aux_only_sigma_profile_stream,,,No,False,0.0,False,0.0,False,0.0,0.0,0.0,False,0.0,False,True,220.64237999999995,0.0,0.0,0.0,0.0,0.0,0.0,0.0,0.0,0.0,0.0,0.0,0.0,0.0,0.0,0.0,0.0,0.0,0.0,0.006890257840205496,0.03261816179547013,0.04952987682426333,0.050224784780109805,0.08144452470795643,0.15384614578827924,0.17619223636118098,0.1303573352774336,0.0954107128154401,0.07992701161195959,0.041226042635107506,0.009557779702827856,0.004262564035165725,0.003032283644100563,0.005519377913169901,0.005322166834899489,0.010343256912487712,0.006931074568396811,0.01971884519723659,0.01847030161185762,0.01049085008852195,0.007498732704267926,0.0011856763496617697,0.0,0.0,0.0,0.0,0.0,0.0,0.0,0.0,0.0,0.0
CC(=O)CC(=O)C,CC(=O)CC(=O)C,298.15,0.0,aux_only_sigma_profile_stream,,,No,False,0.0,False,0.0,False,0.0,0.0,0.0,False,0.0,False,True,143.05074999999994,0.0,0.0,0.0,0.0,0.0,0.0,0.0,0.0,0.0,0.0,0.0,0.0,0.0,0.0,0.0,0.0,0.0,0.006662289371483704,0.06304773416495812,0.08301405614809154,0.1003719077612554,0.09917789553450161,0.10731069854448304,0.10422539894384061,0.09642970016514073,0.03380248476592253,0.014396163856742462,0.013505262681733934,0.0075028147805881506,0.009137968171370234,0.019343501639625168,0.01689711249096388,0.020159519753893993,0.03315618516603661,0.039404314314113786,0.04727661420299777,0.04698792032362665,0.030402857172985527,0.007787600045644614,1.3049742110562736e-17,0.0,0.0,0.0,0.0,0.0,0.0,0.0,0.0,0.0,0.0,0.0
CC1=CC(=O)CC(C1)(C)C,CC1=CC(=O)CC(C1)(C)C,298.15,0.0,aux_only_sigma_profile_stream,,,No,False,0.0,False,0.0,False,0.0,0.0,0.0,False,0.0,False,True,184.30884999999995,0.0,0.0,0.0,0.0,0.0,0.0,0.0,0.0,0.0,0.0,0.0,0.0,0.0,0.0,0.0,0.0,0.0,0.0,0.0009966306037810396,0.0361337285124129,0.0774354734726743,0.1340853356211604,0.12470676018069997,0.11001323099597662,0.09274279378784797,0.08915975930618852,0.09093278914125938,0.07321025948509581,0.02964245182182164,0.011974974244933927,0.010234141279624505,0.004856175514693078,0.0014991532979097481,0.005572339521231185,0.0072517495118472625,0.012336591959074297,0.012722960576125179,0.02655856967305527,0.02109781205900212,0.014104444957628366,0.012188800978226279,0.0005430734977301526,0.0,0.0,0.0,0.0,0.0,0.0,0.0,0.0,0.0
C1CCC(=O)C1,C1CCC(=O)C1,298.15,0.0,aux_only_sigma_profile_stream,,,No,False,0.0,False,0.0,False,0.0,0.0,0.0,False,0.0,False,True,124.31004,0.0,0.0,0.0,0.0,0.0,0.0,0.0,0.0,0.0,0.0,0.0,0.0,0.0,0.0,0.0,0.0,0.0,0.0,0.006768664510228659,0.05220593031863573,0.07497638209318323,0.1424209485576298,0.14468885285172384,0.11321799573931761,0.09769150325794602,0.08873201983550646,0.07206661685109007,0.009646276847203972,0.0032427532177966237,0.019406899753114153,0.0041355226050216205,0.006829138361244966,0.005925024808753147,0.017763577036387247,0.012175043205760051,0.018157893399709107,0.041540090803283906,0.027749694421993317,0.027268694951751767,0.012280215905473794,0.0011102606672448421,0.0,0.0,0.0,0.0,0.0,0.0,0.0,0.0,0.0,0.0
C1=CC=C(C=C1)C(=O)C2=CC=CC=C2,C1=CC=C(C=C1)C(=O)C2=CC=CC=C2,298.15,0.0,aux_only_sigma_profile_stream,,,No,False,0.0,False,0.0,False,0.0,0.0,0.0,False,0.0,False,True,220.61948,0.0,0.0,0.0,0.0,0.0,0.0,0.0,0.0,0.0,0.0,0.0,0.0,0.0,0.0,0.0,0.0,0.0,0.0018816640090939976,0.05799877858072913,0.09143925471869212,0.09056867268080769,0.06207554673442436,0.05837157497226809,0.057781968206019704,0.06026027018145406,0.059123283090543495,0.07142565879441878,0.055148947672968414,0.0729798894248486,0.09594760819151418,0.07585786003415701,0.016386457518406988,0.004648588406593425,0.009598666441252785,0.0056404401320436885,0.01362301819053445,0.018650996039316466,0.016153514603902616,0.004437341376009837,7.54874937121475e-18,0.0,0.0,0.0,0.0,0.0,0.0,0.0,0.0,0.0,0.0,0.0
CC(=O)C1=CC=CC=C1,CC(=O)C1=CC=CC=C1,298.15,0.0,aux_only_sigma_profile_stream,,,No,False,0.0,False,0.0,False,0.0,0.0,0.0,False,0.0,False,True,161.68408999999994,0.0,0.0,0.0,0.0,0.0,0.0,0.0,0.0,0.0,0.0,0.0,0.0,0.0,0.0,0.0,0.0,0.0,0.005736600013728848,0.06400914613489678,0.08844337143028547,0.08972789473731276,0.07336815093413955,0.06116340504819542,0.060488444054454554,0.07352392267927167,0.0551265933954725,0.06562484546302239,0.04581174004909755,0.07398940298108245,0.07114498472569071,0.05361191540111395,0.007604348183664641,0.005900642768326538,0.012809817851704087,0.016486718521055536,0.015198991696161344,0.02491939056102365,0.022298605246166163,0.00918196188048412,0.003829106243649276,0.0,0.0,0.0,0.0,0.0,0.0,0.0,0.0,0.0,0.0,0.0
C1COC1=O,C1COC1=O,298.15,0.0,aux_only_sigma_profile_stream,,,No,False,0.0,False,0.0,False,0.0,0.0,0.0,False,0.0,False,True,101.73057,0.0,0.0,0.0,0.0,0.0,0.0,0.0,0.0,0.0,0.0,0.0,0.0,0.0,0.0,0.0,0.0,0.005102004515088001,0.06481935585570472,0.12576287967944838,0.10305711050585482,0.06837803586162203,0.0900568333014791,0.06265412804524745,0.038509981108943644,0.01912188268675453,0.021114624424083142,0.018590698235924265,0.01616697056400697,0.022849028388771342,0.011540888854555715,0.024940130617788523,0.03306115609254504,0.033935405394854075,0.04406637183646381,0.06485047167281398,0.07533081243576985,0.04270738029055483,0.01332553725631057,5.831237541517854e-05,1.0249850770824866e-19,0.0,0.0,0.0,0.0,0.0,0.0,0.0,0.0,0.0,0.0,0.0
CCC(=O)C(C)C,CCC(=O)C(C)C,298.15,0.0,aux_only_sigma_profile_stream,,,No,False,0.0,False,0.0,False,0.0,0.0,0.0,False,0.0,False,True,156.36281000000002,0.0,0.0,0.0,0.0,0.0,0.0,0.0,0.0,0.0,0.0,0.0,0.0,0.0,0.0,0.0,0.0,0.0,0.0,0.0019470470314909662,0.02149491939689885,0.0543819124263499,0.10988327088873179,0.1275450016686244,0.14295018456302935,0.11485113011785664,0.08621285062644947,0.11048105169809302,0.07890503768323999,0.01870489162881218,0.010039717307369507,0.006930520706745678,0.0042829934281856915,0.009461360800923184,0.009565707656913239,0.012590690960290108,0.006391411525313956,0.026455391140033358,0.025959957813548498,0.018062416724659795,0.0029025342064404503,0.0,0.0,0.0,0.0,0.0,0.0,0.0,0.0,0.0,0.0,0.0
CC(=C)C(=O)C,CC(=C)C(=O)C,298.15,0.0,aux_only_sigma_profile_stream,,,No,False,0.0,False,0.0,False,0.0,0.0,0.0,False,0.0,False,True,132.75578999999993,0.0,0.0,0.0,0.0,0.0,0.0,0.0,0.0,0.0,0.0,0.0,0.0,0.0,0.0,0.0,0.0,0.0,0.0029117835177130897,0.0367457139680848,0.06512274734715416,0.08471408682141099,0.078057389499307,0.09496354268634541,0.07987442905240144,0.10534063089382321,0.09239581678534026,0.10291518610254141,0.04524531647343345,0.030984950426178638,0.03146794803838426,0.00719722454943035,0.007363562154308566,0.009860250225113727,0.01162066542669424,0.010174340544948741,0.02192199910271546,0.024273689457980144,0.0321134857576532,0.015435213437350829,0.009196456739970828,0.00010357099171580319,0.0,0.0,0.0,0.0,0.0,0.0,0.0,0.0,0.0,0.0
C1CCC(CC1)C2CCCCC2=O,C1CCC(CC1)C2CCCCC2=O,298.15,0.0,aux_only_sigma_profile_stream,,,No,False,0.0,False,0.0,False,0.0,0.0,0.0,False,0.0,False,True,222.54528999999997,0.0,0.0,0.0,0.0,0.0,0.0,0.0,0.0,0.0,0.0,0.0,0.0,0.0,0.0,0.0,0.0,0.0,0.0,0.0,0.004546472048866548,0.02377039670812288,0.0636274133681261,0.11199599034256179,0.17019874322401346,0.1812502058898407,0.14759775467461075,0.10864372526076786,0.07007273831385871,0.026774959614182896,0.0064525599469540795,0.0048981454768558365,0.004617186002608773,0.0033056505109459343,0.007324724427761559,0.007585608423067684,0.007753449030971199,0.018395063621656424,0.01730406905225063,0.007570262201924401,0.0061211799228839715,0.0001937019371678592,0.0,0.0,0.0,0.0,0.0,0.0,0.0,0.0,0.0,0.0
CCO,CCO,298.15,0.0,aux_only_sigma_profile_stream,,,No,False,0.0,False,0.0,False,0.0,0.0,0.0,False,0.0,False,True,88.40656999999997,0.0,0.0,0.0,0.0,0.0,0.0,0.0,0.0,0.0,0.0019223324706532,0.0054449381714984256,0.01725815679200492,0.007122891723571231,0.005773277486367723,0.008887894595230364,0.013492361686820784,0.010255028896132825,0.008517914080853383,0.009596674269521759,0.0117751209966938,0.03968171172518028,0.10440968340994683,0.11412133769883623,0.12053096547752505,0.096310168101447,0.07240414281147896,0.08842129305043428,0.047197608675531466,0.014086763292853126,0.017969508566162112,0.017280366203905665,0.012764800858037818,0.0063203702393302245,0.012065265548075898,0.010832669247917653,0.016485803093669284,0.014895705726206115,0.019571041456606892,0.02404253433129121,0.025245977495087422,0.02128806913949032,0.004027622681637746,0.0,0.0,0.0,0.0,0.0,0.0,0.0,0.0,0.0
CCCO,CCCO,298.15,0.0,aux_only_sigma_profile_stream,,,No,False,0.0,False,0.0,False,0.0,0.0,0.0,False,0.0,False,True,108.38829999999994,0.0,0.0,0.0,0.0,0.0,0.0,0.0,0.0,0.0,0.0013774641632615335,0.004500295602087011,0.014527151574049863,0.0054904113107400515,0.005020609606381439,0.007077400437928614,0.010378148620520848,0.007887246332825254,0.007798341422261586,0.007174474437325518,0.010439560235107578,0.019766470509608888,0.06788543787114332,0.1367021759919005,0.13625612107024748,0.11191649607398406,0.09923975622132652,0.09137823990378699,0.07356318658301238,0.01724349244527482,0.013657206211768158,0.014157433844527969,0.010674700108148671,0.006365418611924094,0.007836689005022289,0.008669161867769839,0.013913813037206048,0.013001513251833189,0.014419960104379074,0.02084948300780508,0.02115136574766567,0.01616010110732294,0.003520673681852794,0.0,0.0,0.0,0.0,0.0,0.0,0.0,0.0,0.0
CC(C)O,CC(C)O,298.15,0.0,aux_only_sigma_profile_stream,,,No,False,0.0,False,0.0,False,0.0,0.0,0.0,False,0.0,False,True,107.19986999999992,0.0,0.0,0.0,0.0,0.0,0.0,0.0,0.0,0.0,0.0006322208053499053,0.0032127465439575043,0.015527556394825939,0.004280358582740272,0.004298563429874498,0.005756422957485249,0.01672794280633306,0.006411167975945666,0.0055653908712995125,0.010243644362661923,0.011529699337529802,0.020445248013028574,0.08636725116162257,0.12199578172928298,0.13905068194771517,0.09011117919020963,0.07815947007578745,0.1126438886523128,0.08706057763161862,0.02300827318169604,0.01397837151794952,0.009245336376492922,0.011465926471791345,0.007997114161988205,0.0037469686208352706,0.008906935124366864,0.005866233274568462,0.02156008033475638,0.01739387400196477,0.010968733831836568,0.01840754757080937,0.022366445434547744,0.005068367626815484,0.0,0.0,0.0,0.0,0.0,0.0,0.0,0.0,0.0
CCCCO,CCCCO,298.15,0.0,aux_only_sigma_profile_stream,,,No,False,0.0,False,0.0,False,0.0,0.0,0.0,False,0.0,False,True,128.11686999999995,0.0,0.0,0.0,0.0,0.0,0.0,0.0,0.0,0.0,0.0010751210729677213,0.0033123330050502456,0.01304101976558808,0.002947297122387742,0.004991683623173703,0.006610890062080997,0.008898588958290973,0.007556578698402508,0.005470952528587978,0.00614656399303686,0.009101447163622172,0.015758032530688432,0.04773073730436087,0.13348049101099024,0.14421099856408298,0.1419879207768954,0.10214983562334456,0.08699035862265371,0.09389623461962036,0.02584348354219309,0.012167136718434198,0.008170616419645367,0.011352724768420355,0.006680063757665055,0.007075657802763292,0.008466222278138083,0.007903751847245264,0.012190238351126991,0.0129330148224134,0.014712896016090469,0.01895706465519295,0.015378207307458421,0.002811836667387567,0.0,0.0,0.0,0.0,0.0,0.0,0.0,0.0,0.0
CC(C)CO,CC(C)CO,298.15,0.0,aux_only_sigma_profile_stream,,,No,False,0.0,False,0.0,False,0.0,0.0,0.0,False,0.0,False,True,124.33867,0.0,0.0,0.0,0.0,0.0,0.0,0.0,0.0,0.0,0.0014828920286239348,0.0035977879299910597,0.016163865625105744,0.00448606581818664,0.0026672569706324427,0.0064151395078988795,0.007046301188739439,0.009628245060116534,0.006544896408242987,0.006578089986845628,0.00595854376886547,0.0042995037881624594,0.037698692337678454,0.1369686408956385,0.1429508080454745,0.1392260263175881,0.09218435378610693,0.07123098452944655,0.09381482309622499,0.0746738922105065,0.01990140357096179,0.01286674304575303,0.011024606327049581,0.013089003714755593,0.0021767750872067554,0.007832097525288052,0.005783051597464652,0.012118751403102517,0.014410579477050454,0.024684011389799632,0.01087873866308778,0.0016174288984043498,0.0,0.0,0.0,0.0,0.0,0.0,0.0,0.0,0.0,0.0
CC(C)(C)O,CC(C)(C)O,298.15,0.0,aux_only_sigma_profile_stream,,,No,False,0.0,False,0.0,False,0.0,0.0,0.0,False,0.0,False,True,123.20073999999984,0.0,0.0,0.0,0.0,0.0,0.0,0.0,0.0,0.0,3.674871605345558e-05,0.0032600496529290235,0.006897918469860818,0.007967187058811888,0.0046777544421624075,0.0035949570334953495,0.00941884781369252,0.008781130395458596,0.0038240804710075902,0.010679989533449409,0.007324857813735699,0.026858881998156378,0.09722887880999267,0.10521727755346535,0.1429702850314513,0.08409971035498176,0.07728417453509179,0.12019561742020234,0.11162238125379535,0.037626465792906086,0.01057680712209498,0.008616054937795761,0.006089946615881935,0.007405515227095489,0.007609359784255,0.006984626784255495,0.002923044905996232,0.011105002365925376,0.022833171425425524,0.00831836360586945,0.011198684957203109,0.020753371206051224,0.006018856911450727,0.0,0.0,0.0,0.0,0.0,0.0,0.0,0.0,0.0
CCCCCO,CCCCCO,298.15,0.0,aux_only_sigma_profile_stream,,,No,False,0.0,False,0.0,False,0.0,0.0,0.0,False,0.0,False,True,148.24916000000002,0.0,0.0,0.0,0.0,0.0,0.0,0.0,0.0,0.0,0.0009680912451941111,0.003242022024988016,0.010713998451132325,0.004140954144826053,0.0029763940033958104,0.005833654473103235,0.0071792404735482465,0.00582638447950949,0.005891785317200489,0.004961923080413285,0.007448567539690007,0.013320236953179567,0.037251705160874574,0.1147716539205983,0.16013708983605035,0.15869731624087785,0.11564215430306654,0.09189899724326397,0.09548700291645631,0.03224250439203291,0.011059469886070653,0.0106766820184026,0.007452084430733435,0.005080179203923381,0.005621348790684879,0.006429402639017045,0.009877899294258731,0.008622922959835667,0.011260132777525949,0.015029164721374336,0.015138176799379911,0.01208330347498266,0.0030375568044094417,0.0,0.0,0.0,0.0,0.0,0.0,0.0,0.0,0.0
CCCC(C)O,CCCC(C)O,298.15,0.0,aux_only_sigma_profile_stream,,,No,False,0.0,False,0.0,False,0.0,0.0,0.0,False,0.0,False,True,144.90202000000008,0.0,0.0,0.0,0.0,0.0,0.0,0.0,0.0,0.0,0.0,0.0007773451372358007,0.005078698489082391,0.0060582373272225895,0.0034096944597222434,0.0017847430068093197,0.006546741991491866,0.008471276210987531,0.006974652054187991,0.004143334866596537,0.006177874219010795,0.01152493461511033,0.05332585525053133,0.14196334258216475,0.15713446273954973,0.1354162999637092,0.09986759334029982,0.10383240123492612,0.10218472953789526,0.03174178364535178,0.011705113638847678,0.004181833598757854,0.005380885064639627,0.009126236524118017,0.002831160132196941,0.007639189415424916,0.002836230260765157,0.015620357818443236,0.014401042985862998,0.005585145614383766,0.01462420315422557,0.016439267549055208,0.00321533357139362,0.0,0.0,0.0,0.0,0.0,0.0,0.0,0.0,0.0
CCC(C)(C)O,CCC(C)(C)O,298.15,0.0,aux_only_sigma_profile_stream,,,No,False,0.0,False,0.0,False,0.0,0.0,0.0,False,0.0,False,True,139.71715999999998,0.0,0.0,0.0,0.0,0.0,0.0,0.0,0.0,0.0,0.0,0.002190590375026028,0.005814089756955833,0.006434722952017927,0.004153747016975947,0.0024602409069720316,0.009929935692163928,0.0066199476093585004,0.002827275660141482,0.006841887717414261,0.007786591649360036,0.018549260328056056,0.06575790776204864,0.12349539713956542,0.13063654366308264,0.10811374895810509,0.10023881869091529,0.12043781507702848,0.1212245651104295,0.04836727909495205,0.012531056481413881,0.009395154846500105,0.002582253232966044,0.007348262238470781,0.0036536298695885325,0.00427197157245999,0.010502285575940776,0.007794350774294536,0.01481878323055963,0.0064571835149093496,0.009460968239259869,0.013747207192805453,0.005556528070261864,0.0,0.0,0.0,0.0,0.0,0.0,0.0,0.0,0.0
CC(C)(C)CO,CC(C)(C)CO,298.15,0.0,aux_only_sigma_profile_stream,,,No,False,0.0,False,0.0,False,0.0,0.0,0.0,False,0.0,False,True,138.19552000000007,0.0,0.0,0.0,0.0,0.0,0.0,0.0,0.0,0.0,0.0,0.001978461584347158,0.005490878327230294,0.0067171118392837645,0.003884050110656487,0.004860780160326995,0.0055788368119259685,0.005887732386516702,0.00798940319819564,0.0041699106310066686,0.0067166492592921215,0.014710547628199807,0.06030222598496974,0.16314558272294927,0.13799633929090094,0.10296429595564742,0.08756945847041708,0.08414648851260731,0.12100096849349665,0.051644794300925216,0.012909798777409276,0.012026654690890986,0.00969178882304766,0.006098944581171398,0.0036955771871599362,0.007138197837931645,0.013215348658505339,0.007567160345963319,0.010417464335284081,0.014099174717016645,0.015414966385727907,0.009468654047546906,0.0015017539434496565,0.0,0.0,0.0,0.0,0.0,0.0,0.0,0.0,0.0
CCCCCCO,CCCCCCO,298.15,0.0,aux_only_sigma_profile_stream,,,No,False,0.0,False,0.0,False,0.0,0.0,0.0,False,0.0,False,True,167.76053000000007,0.0,0.0,0.0,0.0,0.0,0.0,0.0,0.0,0.0,0.0009336009172660812,0.0023124899290320996,0.010949462480047521,0.0012481270196808313,0.0032263958295038393,0.0054783507021195915,0.007349739479591053,0.00522560889549569,0.0037354114780356247,0.0044729896016230015,0.007767670178563095,0.011683250891682503,0.03297871414176528,0.10412000579605224,0.1633848604004046,0.16618691853353879,0.1285467225961076,0.09650225723593144,0.09622943400389047,0.04084135111975711,0.01012064366385281,0.006039480932293552,0.00835671024365582,0.005844831628165645,0.005390200347320061,0.006277395946582487,0.006614283963862119,0.008130675950280561,0.01047807512318832,0.011239323040871108,0.014246446451103296,0.011743668630903939,0.0023449028478317205,0.0,0.0,0.0,0.0,0.0,0.0,0.0,0.0,0.0
CCCCC(C)O,CCCCC(C)O,298.15,0.0,aux_only_sigma_profile_stream,,,No,False,0.0,False,0.0,False,0.0,0.0,0.0,False,0.0,False,True,165.59014000000008,0.0,0.0,0.0,0.0,0.0,0.0,0.0,0.0,0.0,0.00046912379005081925,0.002835914994337544,0.007264890547363497,0.00543174806280795,0.004045468910118867,0.0022562800540521333,0.005827422109540674,0.007688519571026991,0.0047439142909955784,0.005155359054292463,0.006047067760411336,0.011470823062508064,0.03589055437741098,0.10487523950237132,0.15108864482557952,0.15617899538553556,0.11113212664369262,0.11903366097325355,0.10254825924200009,0.05450023252081867,0.013225607398908105,0.00752349647046062,0.006882042337558985,0.00552372391258225,0.005255399498478766,0.006372693337225511,0.002841129249876394,0.010742277971030046,0.013724443716969181,0.012689833126676318,0.0077668666414981045,0.006800834327681403,0.0021674063328860813,0.0,0.0,0.0,0.0,0.0,0.0,0.0,0.0,0.0
CCCC(C)CO,CCCC(C)CO,298.15,0.0,aux_only_sigma_profile_stream,,,No,False,0.0,False,0.0,False,0.0,0.0,0.0,False,0.0,False,True,162.76842000000002,0.0,0.0,0.0,0.0,0.0,0.0,0.0,0.0,0.0,0.000702480676993332,0.002127677444901072,0.011028866356424713,0.0014554327118409798,0.0034521919889257137,0.00576702613681465,0.006895765556217105,0.0064331993322216926,0.0035315208775091008,0.005469919819698151,0.006545613543435144,0.008594184586566115,0.03428616956611251,0.1161074586479343,0.15475251365640028,0.14687278576586477,0.11190127771892422,0.11395007426186171,0.10474902230275746,0.05166161339361935,0.013016168989250983,0.007788311496255237,0.004532139160590801,0.006769605562055157,0.005136589233410596,0.007273689372940647,0.009986037416044145,0.004746227111258312,0.00964215634094677,0.009037914920737635,0.01581708033660527,0.007929515920502514,0.002039769794379628,0.0,0.0,0.0,0.0,0.0,0.0,0.0,0.0,0.0
CCC(C)(CC)O,CCC(C)(CC)O,298.15,0.0,aux_only_sigma_profile_stream,,,No,False,0.0,False,0.0,False,0.0,0.0,0.0,False,0.0,False,True,155.96361999999996,0.0,0.0,0.0,0.0,0.0,0.0,0.0,0.0,0.0,0.0,0.0013810965722444867,0.004815422193868905,0.00500391374500683,0.0037718690865148116,0.005377747736430475,0.006551228851400859,0.004635661253002246,0.0049200564620428865,0.003203546573017067,0.008014123282467733,0.010947761485187382,0.04890478378597112,0.12943154097041734,0.12154096197220546,0.12696543522432605,0.11444226450812187,0.12627019608114126,0.1255914953059098,0.05369902994873261,0.012361036625513503,0.010156930325373063,0.004360357638077785,0.004810085381543146,0.007898590285214014,0.001888398893277343,0.009235192530958048,0.005075651339871917,0.011037012259050587,0.004696413422417958,0.009639106317460245,0.010272090926538191,0.0031009990166950287,0.0,0.0,0.0,0.0,0.0,0.0,0.0,0.0,0.0
CCC(CC)O,CCC(CC)O,298.15,0.0,aux_only_sigma_profile_stream,,,No,False,0.0,False,0.0,False,0.0,0.0,0.0,False,0.0,False,True,143.77616999999998,0.0,0.0,0.0,0.0,0.0,0.0,0.0,0.0,0.0,0.0,0.0006615718914162348,0.004191427073346162,0.007994047389909185,0.002502451532723497,0.0007025449209947963,0.006386802121172693,0.009493562590088262,0.007257898639541936,0.0033533921463053443,0.005747742802744802,0.010928869389171725,0.04676080525772519,0.13475975249418595,0.15596926388082813,0.13657109997683137,0.10294566932153362,0.10981529446217202,0.09675187132576697,0.04600181846566403,0.01407008330961327,0.008253962901217432,0.004279204248425251,0.007103196830642937,0.0035718301872506696,0.007476588391731956,0.004155811014566989,0.01509935497970429,0.015804412326398596,0.01293278026178101,0.008964356592225548,0.007272726056534613,0.0022198072177853534,0.0,0.0,0.0,0.0,0.0,0.0,0.0,0.0,0.0
CCCCC(CC)CO,CCCCC(CC)CO,298.15,0.0,aux_only_sigma_profile_stream,,,No,False,0.0,False,0.0,False,0.0,0.0,0.0,False,0.0,False,True,197.78800000000007,0.0,0.0,0.0,0.0,0.0,0.0,0.0,0.0,0.0,0.0011791206727748546,0.0031434675657573065,0.009901798890105855,0.0019510633536965773,0.002438217958692392,0.0035654773043807776,0.0054693989887480985,0.006064382099320432,0.002855303745939116,0.004934735311469764,0.0032474996043772007,0.0032857970821706206,0.028846858181940046,0.09756991780515299,0.16369171077031258,0.18362722345742102,0.12556005379231647,0.10671670847250891,0.10883704715083417,0.048568995181215734,0.01135101512880412,0.00284034388870825,0.006300762319887352,0.005869020338571701,0.0018486543971041865,0.004528719423208079,0.00427949844655917,0.01165958201635158,0.008016048563460937,0.00689489534342306,0.010498911335034167,0.012093426852466626,0.0023643445572858607,0.0,0.0,0.0,0.0,0.0,0.0,0.0,0.0,0.0
CCCCC(C)CO,CCCCC(C)CO,298.15,0.0,aux_only_sigma_profile_stream,,,No,False,0.0,False,0.0,False,0.0,0.0,0.0,False,0.0,False,True,182.6452700000001,0.0,0.0,0.0,0.0,0.0,0.0,0.0,0.0,0.0,0.0006632670842988484,0.002337285007303612,0.010443455692759555,0.0040725148170719086,0.0016257797858478561,0.003806857215445661,0.006599338942611044,0.0058969957820981045,0.0032377088321260536,0.00498393828732907,0.004200510221379271,0.0031378556451174384,0.013965452146743296,0.089625798381986,0.16776354976369268,0.17568552466801457,0.13778370417806926,0.11452898799939078,0.11320511368588787,0.04667174814407806,0.013350658757019324,0.0053581099183537175,0.0063890065895417895,0.0035077635319489173,0.003928164742895491,0.004591286432505849,0.006235233540392929,0.01538614598517583,0.010517020940528119,0.008811561801517442,0.006665534361089449,0.004919184362283713,0.00010494275549649817,0.0,0.0,0.0,0.0,0.0,0.0,0.0,0.0,0.0
CC(C)CCO,CC(C)CCO,298.15,0.0,aux_only_sigma_profile_stream,,,No,False,0.0,False,0.0,False,0.0,0.0,0.0,False,0.0,False,True,144.28908999999993,0.0,0.0,0.0,0.0,0.0,0.0,0.0,0.0,0.0,0.0007703635541207382,0.0030960544396150163,0.013482756299160235,0.004823742592226783,0.002621982826059352,0.004332912985102802,0.009116728631122279,0.006969904856942964,0.0039351769731421436,0.007906488019730047,0.00404342037189148,0.0037456266794628846,0.03065892343806106,0.12209735230200157,0.16441798042469957,0.16531975393974144,0.09891049725547653,0.0817575599178774,0.11748808294103735,0.03893015970376986,0.009416146822200492,0.004296465400447574,0.010379760262287126,0.0060205549416397835,0.004439173437909417,0.004590371984282667,0.007587502865631031,0.01972209929264739,0.008104296548303106,0.013453773153252333,0.017611414800772048,0.00995297233938547,0.0,0.0,0.0,0.0,0.0,0.0,0.0,0.0,0.0,0.0
CC(C)C(C)O,CC(C)C(C)O,298.15,0.0,aux_only_sigma_profile_stream,,,No,False,0.0,False,0.0,False,0.0,0.0,0.0,False,0.0,False,True,140.87106999999995,0.0,0.0,0.0,0.0,0.0,0.0,0.0,0.0,0.0,0.0,0.0026307421189432968,0.005847204653560815,0.009336393912288658,0.0020284826599421307,0.003721580928374141,0.009477467138775824,0.008876343757945333,0.002750845543235549,0.005758534366098108,0.011454047581471342,0.0067527611123413146,0.035485673116868933,0.12114466888194575,0.1362909727224923,0.13737660703440815,0.10739761656093832,0.10693616288043388,0.11026657838566499,0.06174907171631685,0.01872273870499138,0.011122307735099913,0.009811696544479291,0.006864222917867921,0.0013471736242929868,0.007213705212570829,0.008859611181073378,0.010994378060606788,0.016899481009371813,0.01623514721198164,0.006647782725618458,0.0,0.0,0.0,0.0,0.0,0.0,0.0,0.0,0.0,0.0,0.0
CCCCCCCO,CCCCCCCO,298.15,0.0,aux_only_sigma_profile_stream,,,No,False,0.0,False,0.0,False,0.0,0.0,0.0,False,0.0,False,True,188.01977000000005,0.0,0.0,0.0,0.0,0.0,0.0,0.0,0.0,0.0,0.000613282384951444,0.0026811162820029417,0.007844476478307511,0.0036847255856612532,0.0021866349809802708,0.004833875484154794,0.006196290508358027,0.004279480917815583,0.004582053022190213,0.0038346625696316122,0.006154775506889141,0.010232060669252065,0.02906896298249013,0.09323450121391705,0.16641111433523875,0.17655680080773736,0.13951350664255782,0.10367176503901371,0.0922388745870612,0.04596781376243172,0.009073319647103385,0.00826401904600532,0.006179578549758783,0.0038375542892338014,0.0043815449494829335,0.0051382438879016435,0.00755217402006576,0.007337363851033912,0.008526191674757069,0.01184357425816646,0.012279431494007939,0.009418357268718123,0.0023818733031222296,0.0,0.0,0.0,0.0,0.0,0.0,0.0,0.0,0.0
CCCCCC(C)O,CCCCCC(C)O,298.15,0.0,aux_only_sigma_profile_stream,,,No,False,0.0,False,0.0,False,0.0,0.0,0.0,False,0.0,False,True,185.7080100000001,0.0,0.0,0.0,0.0,0.0,0.0,0.0,0.0,0.0,0.0,0.0019415508396865178,0.004852768829179924,0.0034865192755513244,0.0034048980624441223,0.004620420332397499,0.006544299345780392,0.005454635407530615,0.002543275056405062,0.002443742798217803,0.007931718602689562,0.009555388591070461,0.04694931334942971,0.09046681890601754,0.15408261311083613,0.15906500410038688,0.12558680524659108,0.1266446527868345,0.10514797297167197,0.051946208359452864,0.006586289254314822,0.009254002891829323,0.006934935599517379,0.006405920814364816,0.0009037436692388494,0.00428093562102453,0.006337271545427851,0.010258745603115488,0.007628239805408399,0.006015069511699252,0.009689976973129797,0.010831749455868971,0.002204513282886499,0.0,0.0,0.0,0.0,0.0,0.0,0.0,0.0,0.0
CC(C)CCCCO,CC(C)CCCCO,298.15,0.0,aux_only_sigma_profile_stream,,,No,False,0.0,False,0.0,False,0.0,0.0,0.0,False,0.0,False,True,184.2110499999999,0.0,0.0,0.0,0.0,0.0,0.0,0.0,0.0,0.0,0.0005523536369479413,0.002394284351561297,0.007817282590303292,0.004472678962854484,0.00243093929478963,0.004023606447330222,0.005998722346421781,0.00539109256119789,0.0042164766344516495,0.0020205250073336545,0.008180797779514642,0.011393315454213964,0.030048172875524696,0.11066362990238487,0.16215319883580392,0.17380626766338186,0.11805798699405173,0.0988500354777366,0.09034095960805992,0.05771907463368623,0.009555422779625008,0.006148343305822919,0.00825173028661343,0.00668647649830947,0.0033489890988468844,0.005973034895825471,0.00673776412045847,0.007442362485802408,0.008405605457652026,0.012465832926279612,0.01251507744070598,0.009487617747756234,0.0024503418987517757,0.0,0.0,0.0,0.0,0.0,0.0,0.0,0.0,0.0
CCCCCCCCO,CCCCCCCCO,298.15,0.0,aux_only_sigma_profile_stream,,,No,False,0.0,False,0.0,False,0.0,0.0,0.0,False,0.0,False,True,207.60525000000013,0.0,0.0,0.0,0.0,0.0,0.0,0.0,0.0,0.0,0.0007856350656300112,0.001867408458644771,0.008833170074434082,0.0009934322676649447,0.002561941526244103,0.00448005777849702,0.005769296766242466,0.004391544415950108,0.0029992186651819092,0.0036913153808939584,0.0061170425718560534,0.00959028352910511,0.026732488130335557,0.08734759506630634,0.16436306673791184,0.1834459050985058,0.14589035494205074,0.10970721522511924,0.09240844250888877,0.051338101406960046,0.008417607463202682,0.004947514829209665,0.006774254977989184,0.004809821004743003,0.004253688082426506,0.005130749577165506,0.005210008132526319,0.006578649038993815,0.008584078965709093,0.008938709023982236,0.011584653679669118,0.009559666918324553,0.0018970826896353714,0.0,0.0,0.0,0.0,0.0,0.0,0.0,0.0,0.0
CCCCCCCCCO,CCCCCCCCCO,298.15,0.0,aux_only_sigma_profile_stream,,,No,False,0.0,False,0.0,False,0.0,0.0,0.0,False,0.0,False,True,227.77272000000016,0.0,0.0,0.0,0.0,0.0,0.0,0.0,0.0,0.0,0.0006099895526871519,0.0020666462892838093,0.006740591785643106,0.0029053630671802616,0.001962525405243572,0.003707176767030994,0.004750004519491442,0.0037772781429283907,0.003791502082567712,0.003062503657521228,0.005219557875504096,0.008726005949414525,0.023580482571150557,0.08009543602970098,0.16653789035748562,0.19102251604397388,0.15238826285104676,0.11583974454098799,0.08927053060839148,0.05454604309583953,0.007454792263539851,0.006793201914468815,0.005213686018385122,0.003061136017038926,0.0036306634208335587,0.004274764185406217,0.0062147465363527245,0.006074888264551829,0.006964338452355612,0.009798442383206677,0.010109675524024381,0.007794495477757032,0.002015118349006056,0.0,0.0,0.0,0.0,0.0,0.0,0.0,0.0,0.0
CCCCCCCC(C)O,CCCCCCCC(C)O,298.15,0.0,aux_only_sigma_profile_stream,,,No,False,0.0,False,0.0,False,0.0,0.0,0.0,False,0.0,False,True,225.6864199999999,0.0,0.0,0.0,0.0,0.0,0.0,0.0,0.0,0.0,0.0,0.0013879272070515252,0.0037382477266261404,0.0051734083788960335,0.00047718276917186253,0.004679985225799224,0.004134362209185809,0.0039667056446122196,0.003067258460070438,0.0032328892823652935,0.006872902962517907,0.007781825287987423,0.03675532892009192,0.07876320328889089,0.15417637092808334,0.17553002715046484,0.14264555898252057,0.13557817607880707,0.09875441575292658,0.06148531315218392,0.007256543983957433,0.007337851022612174,0.0042156245966199265,0.003931477793699844,0.0018576112042940072,0.004316583876225979,0.00596206497845812,0.005335484923737648,0.008105405452539982,0.005507680964082294,0.008313562828698197,0.007572649610631913,0.0020863693561894692,0.0,0.0,0.0,0.0,0.0,0.0,0.0,0.0,0.0
CCCCCCCCCCO,CCCCCCCCCCO,298.15,0.0,aux_only_sigma_profile_stream,,,No,False,0.0,False,0.0,False,0.0,0.0,0.0,False,0.0,False,True,247.46543999999992,0.0,0.0,0.0,0.0,0.0,0.0,0.0,0.0,0.0,0.0006024172373952623,0.0015475975877633525,0.007408852153438588,0.0009106353486772494,0.002205943910168362,0.0036669387263059986,0.004932277569484409,0.003625178026321244,0.0024880362414016646,0.003126888498782065,0.005212201122234403,0.007795088931354134,0.0222368935277145,0.07635086859761757,0.16467433856509422,0.19657624469592042,0.15526870075128593,0.12069676886390603,0.08986682359384325,0.057980125767110764,0.00711806411755282,0.00411983739561375,0.005607868240580181,0.003943899261073212,0.0037079116270739144,0.004273600450322155,0.004484996816114123,0.005499187968875258,0.007181288824784216,0.007597041675648648,0.009946535153246974,0.00798139918456832,0.001365549568726866,0.0,0.0,0.0,0.0,0.0,0.0,0.0,0.0,0.0
CCCCCCCCCCCO,CCCCCCCCCCCO,298.15,0.0,aux_only_sigma_profile_stream,,,No,False,0.0,False,0.0,False,0.0,0.0,0.0,False,0.0,False,True,267.23206,0.0,0.0,0.0,0.0,0.0,0.0,0.0,0.0,0.0,0.0005868437509127648,0.0014387061057047669,0.006876659617536898,0.0007928847447053875,0.001982421242566745,0.00346799289010001,0.004557668601556414,0.0033491095128447726,0.0023170233697999824,0.0028226484204503946,0.0048612479334709325,0.007414184420705697,0.020599714362342526,0.07176634600422535,0.16479239283980715,0.2015956400088182,0.1598313203915728,0.123872266143697,0.08793756730437431,0.06182234672315178,0.006554534833467661,0.0038269527171230526,0.005170308742534298,0.003724282623780283,0.003384376308589778,0.0039567271788599765,0.004096574308308069,0.005090613823830949,0.0066432097905578715,0.00698250655864708,0.00895639992249399,0.007417271589230462,0.0015112572142325737,0.0,0.0,0.0,0.0,0.0,0.0,0.0,0.0,0.0
CCCCCCCCCCCCO,CCCCCCCCCCCCO,298.15,0.0,aux_only_sigma_profile_stream,,,No,False,0.0,False,0.0,False,0.0,0.0,0.0,False,0.0,False,True,287.1524800000002,0.0,0.0,0.0,0.0,0.0,0.0,0.0,0.0,0.0,0.0005485679808180549,0.0013518264919681533,0.006382445263607355,0.0007396837674953829,0.0019157746435582018,0.0031723063370776936,0.004209947798582756,0.0031411812182015122,0.0021652055657133437,0.002722419616703552,0.0044186218802439005,0.006882706076136096,0.019275120653919293,0.06829944723474998,0.16408727448242472,0.20583140975999914,0.1630160629572733,0.1277661915583859,0.08733644465150006,0.06398487776502082,0.006182664956875835,0.003568787948569799,0.004842827819595391,0.0034190019179002992,0.0032045555318166168,0.0036792053817342944,0.0037690429280936725,0.004783059840562687,0.006167901135659311,0.006479779859087159,0.008358057897798017,0.00689821505148623,0.0013993840274415903,0.0,0.0,0.0,0.0,0.0,0.0,0.0,0.0,0.0
CCCCCCCCCCCCCO,CCCCCCCCCCCCCO,298.15,0.0,aux_only_sigma_profile_stream,,,No,False,0.0,False,0.0,False,0.0,0.0,0.0,False,0.0,False,True,307.6963800000002,0.0,0.0,0.0,0.0,0.0,0.0,0.0,0.0,0.0,0.0004462417462719903,0.00135428334232967,0.005691560694857075,0.0008004719645394601,0.0019624360189308973,0.002684074495265011,0.004094740301364378,0.0028356809637476183,0.0021533281517977414,0.002298828873121528,0.004459216434201758,0.006230009107866198,0.017991777728612265,0.0645437624042184,0.16511345922479775,0.20912644899429547,0.16580443304399572,0.131164570195854,0.08685686149665776,0.06583902123529203,0.006814662435018277,0.003452147127561852,0.004480840247810939,0.001885397675169879,0.0020849362053320273,0.0034674052915089847,0.004413849184360664,0.004957123887623603,0.005296068353281955,0.005936041126818127,0.008041474566559502,0.006459494224571146,0.001259353256366278,0.0,0.0,0.0,0.0,0.0,0.0,0.0,0.0,0.0
CCCCCCCCCCCCCCO,CCCCCCCCCCCCCCO,298.15,0.0,aux_only_sigma_profile_stream,,,No,False,0.0,False,0.0,False,0.0,0.0,0.0,False,0.0,False,True,328.0900700000001,0.0,0.0,0.0,0.0,0.0,0.0,0.0,0.0,0.0,0.00042406377786387425,0.0014250414317073092,0.004690378187392162,0.00201533205356218,0.001379019657170142,0.0025537444333486444,0.0031354460496994304,0.0027462396440742958,0.002609555541621957,0.0021484461592146233,0.0036011652640266425,0.006101782310429326,0.016368796584723302,0.060746716538995556,0.16642799136611022,0.21259566453122458,0.17025929690494437,0.1330527687530683,0.08520907326485434,0.06716520445400312,0.005372721164539633,0.004754345374964014,0.0036145622950638514,0.002140665770192706,0.0024737771062455617,0.002974128372336102,0.004295831011940897,0.004192359919339072,0.004914849919623288,0.006730532623181428,0.007046478381400568,0.00543210953774282,0.0014019116153957322,0.0,0.0,0.0,0.0,0.0,0.0,0.0,0.0,0.0
CCCCCCCCCCCCCCCO,CCCCCCCCCCCCCCCO,298.15,0.0,aux_only_sigma_profile_stream,,,No,False,0.0,False,0.0,False,0.0,0.0,0.0,False,0.0,False,True,346.8769500000002,0.0,0.0,0.0,0.0,0.0,0.0,0.0,0.0,0.0,0.00041444139124076975,0.0011205561019148123,0.005256431053012852,0.000677617753967664,0.0016139135807806534,0.0025759413385281985,0.0034808298956772385,0.0026804729909738006,0.0018667605505829016,0.002113040265975132,0.0036211660695170413,0.005691273915718871,0.015997572971175995,0.06052883221208098,0.16323946500763709,0.2150777472614279,0.17118451091141645,0.1355938682779342,0.08679611543074246,0.06796510613110092,0.00562622398532067,0.002913104070473493,0.004076784014958818,0.0027955971592112548,0.002659231723283307,0.0030212138239170093,0.003151665183943441,0.0039339864140574944,0.005136028437527104,0.0054170049928489875,0.007047021731396243,0.0057119164955370455,0.0010145588561191767,0.0,0.0,0.0,0.0,0.0,0.0,0.0,0.0,0.0
CCCCCCCCCCCCCCCCO,CCCCCCCCCCCCCCCCO,298.15,0.0,aux_only_sigma_profile_stream,,,No,False,0.0,False,0.0,False,0.0,0.0,0.0,False,0.0,False,True,365.96557,0.0,0.0,0.0,0.0,0.0,0.0,0.0,0.0,0.0,0.0,0.0007645554427092157,0.0018964562220739843,0.002703655819538918,0.0014317598561671308,0.0014991978904848782,0.00219536215559122,0.002405744088859673,0.0026431419672918273,0.00156722652369148,0.0025477574920000586,0.006243061675958615,0.018251026245966497,0.06069812565230199,0.1723058716586014,0.21356079004822665,0.17232621215446933,0.135249063330301,0.08235573287425561,0.06985114698038151,0.005431943973330797,0.0041948371132810676,0.00340921305080027,0.000646654577159936,0.002647091875341284,0.0029180330510023933,0.004218024814714836,0.0036168051155687697,0.004201872791781804,0.005935555009878222,0.006554264623713098,0.0046256674275129755,0.001104148497043476,0.0,0.0,0.0,0.0,0.0,0.0,0.0,0.0,0.0
CCCCCCCCCCCCCCCCCO,CCCCCCCCCCCCCCCCCO,298.15,0.0,aux_only_sigma_profile_stream,,,No,False,0.0,False,0.0,False,0.0,0.0,0.0,False,0.0,False,True,387.4333800000002,0.0,0.0,0.0,0.0,0.0,0.0,0.0,0.0,0.0,0.00035132367867499414,0.000959796654828,0.004686621508607044,0.0006894465462523687,0.0013704823114956916,0.002311549582541011,0.0031566449297321998,0.002379501537630938,0.0015602079405424092,0.0019313961523316128,0.003437582158534144,0.0050171199695460645,0.01417080904121727,0.05578796720927068,0.16330801912633308,0.22028110524591932,0.17560239646865086,0.13991297756796994,0.08622288423350197,0.06990669869217847,0.005059309070389673,0.002722488669057711,0.003653081293847291,0.0022166361631784474,0.0023193748566600544,0.0027271640045292153,0.0028010875866097294,0.003680682773845971,0.0045252507362643045,0.004879132538207314,0.006295054159633477,0.005141390283634748,0.0009348173083840835,0.0,0.0,0.0,0.0,0.0,0.0,0.0,0.0,0.0
CCCCCCCCCCCCCCCCCCO,CCCCCCCCCCCCCCCCCCO,298.15,0.0,aux_only_sigma_profile_stream,,,No,False,0.0,False,0.0,False,0.0,0.0,0.0,False,0.0,False,True,407.5188900000003,0.0,0.0,0.0,0.0,0.0,0.0,0.0,0.0,0.0,0.000335375237609552,0.0010345376761586788,0.004241764048128091,0.0006496033434166484,0.001537658445035261,0.001941202696947089,0.0031033238312699026,0.002166783694187924,0.0016107661899596273,0.0017038957817273465,0.003441719164986533,0.004624976126944663,0.013514303513687343,0.05376618446813079,0.1644991760209807,0.2219366908632803,0.17652025793400214,0.14149193876046473,0.08597342348962835,0.071341642847598,0.004768258077422199,0.002588164915568527,0.0034121447517380574,0.0021338588993004186,0.00218580057443973,0.0025644922902226673,0.002774407670728318,0.0034025637484744577,0.004325244894035384,0.004632064054342508,0.005968628586999751,0.004892142101239303,0.0009170053013449896,0.0,0.0,0.0,0.0,0.0,0.0,0.0,0.0,0.0
CCC(CC)CO,CCC(CC)CO,298.15,0.0,aux_only_sigma_profile_stream,,,No,False,0.0,False,0.0,False,0.0,0.0,0.0,False,0.0,False,True,158.71594999999996,0.0,0.0,0.0,0.0,0.0,0.0,0.0,0.0,0.0,0.000754268061137693,0.0023957650459566133,0.008568651914182846,0.003649556605549244,0.0038000619824986406,0.007453010132632349,0.004606256514091431,0.0035029770415319077,0.006256244285000551,0.0047931091590365125,0.009948175986432179,0.009253804735804564,0.0350244875094122,0.1150489221522765,0.1476821236716789,0.14731544347710868,0.11288901574070977,0.11245761924060313,0.11709368212269908,0.04249768465266756,0.018013974180121663,0.0029285325009752896,0.00855413821986442,0.003670503132120257,0.0026775443964422987,0.00866250181081013,0.010123178761577836,0.007975667804184208,0.008049213173480299,0.009335797538680454,0.01606296761637012,0.006977366290500925,0.0019777545438618366,0.0,0.0,0.0,0.0,0.0,0.0,0.0,0.0,0.0
CCCCCCCCCCCCCCCCCCCCO,CCCCCCCCCCCCCCCCCCCCO,298.15,0.0,aux_only_sigma_profile_stream,,,No,False,0.0,False,0.0,False,0.0,0.0,0.0,False,0.0,False,True,447.0281000000005,0.0,0.0,0.0,0.0,0.0,0.0,0.0,0.0,0.0,0.00026845064077821477,0.0009262355306361078,0.003908183330905341,0.0006050267127057411,0.001361687859472826,0.0017967631367556667,0.0029315563539082166,0.001876024315434198,0.0014924781240360245,0.0014627883328647178,0.003251551734660033,0.004145404403784926,0.012046145710249746,0.05157626818404458,0.16340221044139872,0.22517116382975902,0.18093347389632894,0.143736196939928,0.08416599311355094,0.07396757912094108,0.00531652484556279,0.002392012141938057,0.003065504409898055,0.0012688830622835554,0.0014175220926768192,0.0024467330451171834,0.0031034295777400767,0.0034188653952508764,0.0035961372401310974,0.004269081376453824,0.005528080402973922,0.004400716501857351,0.0007513281959734023,0.0,0.0,0.0,0.0,0.0,0.0,0.0,0.0,0.0
CCCCCCCCCCCCCCCCCCCO,CCCCCCCCCCCCCCCCCCCO,298.15,0.0,aux_only_sigma_profile_stream,,,No,False,0.0,False,0.0,False,0.0,0.0,0.0,False,0.0,False,True,427.4717600000004,0.0,0.0,0.0,0.0,0.0,0.0,0.0,0.0,0.0,0.0003772359381362265,0.0010299960155768116,0.003869904675972668,0.0008296527404471862,0.0014054224322170672,0.0019574365674191545,0.0027776972021233354,0.002511875013813612,0.0015806699717243202,0.0008592980895673521,0.0027708775333846586,0.00536374119065832,0.013176770521834668,0.05195408521260024,0.16552643689440524,0.22139628772135872,0.1792437121078322,0.14324242335910692,0.08488146622666691,0.07221242372084946,0.004892653241364805,0.0025365279305010926,0.0034076086214797174,0.0021797779431405014,0.0019896349541030016,0.0026254079782356125,0.0021057751334765816,0.003711042866259373,0.0040109445716589275,0.004310107831291564,0.005712476325603163,0.004663342981563058,0.0008872864856274544,0.0,0.0,0.0,0.0,0.0,0.0,0.0,0.0,0.0
C1CCC(CC1)O,C1CCC(CC1)O,298.15,0.0,aux_only_sigma_profile_stream,,,No,False,0.0,False,0.0,False,0.0,0.0,0.0,False,0.0,False,True,142.37327999999994,0.0,0.0,0.0,0.0,0.0,0.0,0.0,0.0,0.0,0.0002650779303799331,0.002629987772959902,0.00996795009361517,0.00492100940777442,0.002651857421445844,0.004968558021599094,0.01014216403975289,0.0071306282563327935,0.0037515225974265698,0.00439735191494492,0.01053040942560662,0.005321610522014372,0.02455899415425255,0.1157322710363385,0.17458928303757146,0.17378897193529863,0.11915505051538539,0.10659722239578526,0.07933277137617396,0.02010679664531646,0.011404692983244685,0.006261014332508629,0.005306342769612137,0.011125816065936184,0.0015304360863627928,0.007935178434506815,0.004104651181534977,0.01601329946040521,0.013222731310757973,0.006871175978755587,0.015701727507325243,0.01730864722393374,0.002674798165141417,0.0,0.0,0.0,0.0,0.0,0.0,0.0,0.0,0.0
CC1(CCCCC1)O,CC1(CCCCC1)O,298.15,0.0,aux_only_sigma_profile_stream,,,No,False,0.0,False,0.0,False,0.0,0.0,0.0,False,0.0,False,True,155.88093999999998,0.0,0.0,0.0,0.0,0.0,0.0,0.0,0.0,0.0,0.0,0.0012716718689575494,0.004133038919827128,0.006993456777197451,0.0040629087221630625,0.0030059591414932853,0.00538846313188231,0.007898104521466899,0.003247530670905295,0.005842898987658132,0.007224444092080662,0.011716809095670326,0.035636139734565885,0.10197623570012476,0.1512633246744785,0.1697996772810018,0.13428837891448822,0.13355485702679049,0.08379062472290517,0.022945885196829264,0.0166178807743261,0.004488949692978471,0.003084105987703224,0.00679558699304264,0.003126967122304382,0.00913183517971697,0.0016292789709150583,0.012591526621187569,0.016117638391328074,0.005893611247258748,0.01296426342285316,0.013141421953082336,0.00037652446281710006,0.0,0.0,0.0,0.0,0.0,0.0,0.0,0.0,0.0
C[C@H]1CCCC[C@H]1O,C[C@H]1CCCC[C@H]1O,298.15,0.0,aux_only_sigma_profile_stream,,,No,False,0.0,False,0.0,False,0.0,0.0,0.0,False,0.0,False,True,156.63947000000016,0.0,0.0,0.0,0.0,0.0,0.0,0.0,0.0,0.0,0.0003077945042670289,0.0029160036842804356,0.006609750508682569,0.007121845919592799,0.002855096987584614,0.0033083736820872754,0.005783144097443003,0.00860277703640627,0.003986109704854864,0.003873729452884202,0.007908013938092288,0.006730314717449113,0.02266169220798976,0.11920501521779078,0.15827813816049413,0.16821816701751527,0.11150086097338865,0.11282382369426162,0.0994924398856545,0.04136461439221062,0.01590129252740371,0.00641629869476295,0.0054795405628398006,0.00893236040290872,0.0036816779803019407,0.004942731800134897,0.0037892628924111505,0.01573836461521017,0.01062362696498495,0.012919759933200027,0.006911625938511732,0.006729816223077037,0.004385935681323088,0.0,0.0,0.0,0.0,0.0,0.0,0.0,0.0,0.0
C[C@@H]1CCCC[C@H]1O,C[C@@H]1CCCC[C@H]1O,298.15,0.0,aux_only_sigma_profile_stream,,,No,False,0.0,False,0.0,False,0.0,0.0,0.0,False,0.0,False,True,156.29653000000002,0.0,0.0,0.0,0.0,0.0,0.0,0.0,0.0,0.0,0.0,0.002515822986429258,0.007514416309318886,0.005629467713678637,0.0029606784163674457,0.0020010680360803483,0.009203682086239458,0.00770176751828585,0.0023234107886693964,0.0071453686011487905,0.006214288607993062,0.004854656188346586,0.030017150129948694,0.11696972882149653,0.1406766377645716,0.1456034306131134,0.13271477496037945,0.1290618750231774,0.11119765152912861,0.0404092282339828,0.009881134489454947,0.012175118892195427,0.001389309786583867,0.005499188263755464,0.0016990685682494679,0.005095152142375169,0.007934826958978814,0.010866296607344261,0.012667293734114883,0.005003627440062188,0.012397512883735345,0.006765972144759899,0.003849467375127746,6.09263849062324e-05,0.0,0.0,0.0,0.0,0.0,0.0,0.0,0.0
C[C@H]1CCC[C@H](C1)O,C[C@H]1CCC[C@H](C1)O,298.15,0.0,aux_only_sigma_profile_stream,,,No,False,0.0,False,0.0,False,0.0,0.0,0.0,False,0.0,False,True,155.88333000000003,0.0,0.0,0.0,0.0,0.0,0.0,0.0,0.0,0.0,0.0,0.000789822062831758,0.006981642431803311,0.00492889205029114,0.0032182581754914776,0.0032704219260569806,0.00468931200302891,0.009889547651523415,0.003753803392419137,0.007651965981841995,0.005270015662938961,0.007755238203869777,0.01896311641701226,0.10043980006587812,0.1711509574072731,0.16328609359326554,0.1283106302466864,0.11806995927137044,0.09456016979931721,0.05652972822668061,0.016275512565184034,0.003992200875513839,0.0007990672775141703,0.004759682020713792,0.003603904041002138,0.007012516149116392,0.007750033892939291,0.009568544548917696,0.007215538129114455,0.00428117654361461,0.011194037817070675,0.009408612255928326,0.004100783823378644,0.0005290154904115282,0.0,0.0,0.0,0.0,0.0,0.0,0.0,0.0
C[C@@H]1CCC[C@H](C1)O,C[C@@H]1CCC[C@H](C1)O,298.15,0.0,aux_only_sigma_profile_stream,,,No,False,0.0,False,0.0,False,0.0,0.0,0.0,False,0.0,False,True,157.22917,0.0,0.0,0.0,0.0,0.0,0.0,0.0,0.0,0.0,0.0,0.0022635163954891533,0.005956899899974966,0.00761013277586716,0.0020802708379775905,0.0032481692250618164,0.007290055733400226,0.0059230387370133855,0.0048564765996872645,0.00696513466139203,0.0036710903303481916,0.014334464792454796,0.022618348235897003,0.10301157579903908,0.16181415698263815,0.15953685524438307,0.11587395628874718,0.1198438149825271,0.1106444189293246,0.04987360657441942,0.010961440455257189,0.006956292524753457,0.0025868264795989573,0.007272508095900524,0.0041524215997797865,0.003121837587307616,0.007012206307263665,0.012287285662918262,0.009758261735368895,0.0033121739074847166,0.01165149039762105,0.008710938729351556,0.004229722718465066,0.0005706107732870865,0.0,0.0,0.0,0.0,0.0,0.0,0.0,0.0
CC1CCC(CC1)O,CC1CCC(CC1)O,298.15,0.0,aux_only_sigma_profile_stream,,,No,False,0.0,False,0.0,False,0.0,0.0,0.0,False,0.0,False,True,160.88420999999994,0.0,0.0,0.0,0.0,0.0,0.0,0.0,0.0,0.0,0.0,0.0027158768426475376,0.006233888053592266,0.008373998573152268,0.0006921191269866138,0.004702121918259295,0.006418335388180605,0.006872027229024094,0.00639870597015102,0.0038920707055432307,0.005046270073322294,0.005146407351064696,0.020102906974148186,0.09925700818493444,0.1827807238603727,0.1896894392756642,0.122051465904963,0.09386996365974143,0.09740377322541101,0.03254312844735262,0.01213253369039299,0.004327656322696772,0.008375000723431595,0.005616532896215734,0.004113262376180567,0.005058091136237256,0.00391985186949316,0.017859488318351296,0.010151603461823288,0.007828797502826544,0.01571834733574456,0.010378658152631141,0.000329945449463661,0.0,0.0,0.0,0.0,0.0,0.0,0.0,0.0,0.0
CC1CCC(CC1)O,CC1CCC(CC1)O,298.15,0.0,aux_only_sigma_profile_stream,,,No,False,0.0,False,0.0,False,0.0,0.0,0.0,False,0.0,False,True,157.27284999999998,0.0,0.0,0.0,0.0,0.0,0.0,0.0,0.0,0.0,0.0,0.0019619393099868255,0.007450184110547043,0.005688702945873299,0.0023542052518657356,0.0043974554872640735,0.008178806027108871,0.007797626518569417,0.002340551638229612,0.005096131642418072,0.008649196216003463,0.005057121719684078,0.036111016081093274,0.10928354612943625,0.13611528450690444,0.1533289503735057,0.13256316511600447,0.1326958525862576,0.09805578930250389,0.04705586006422571,0.01114458480405633,0.011852355082883983,0.00112446720288161,0.005410959659734704,0.001902151706631043,0.004983577935105335,0.007424682693298247,0.01159679955597581,0.012120525170894212,0.00449029799524871,0.012853904619352088,0.006868711555565695,0.0038465435531130966,0.00019905343777735514,0.0,0.0,0.0,0.0,0.0,0.0,0.0,0.0
C[C@@H]1CC[C@H]([C@@H](C1)O)C(C)C,C[C@@H]1CC[C@H]([C@@H](C1)O)C(C)C,298.15,0.0,aux_only_sigma_profile_stream,,,No,False,0.0,False,0.0,False,0.0,0.0,0.0,False,0.0,False,True,201.60445,0.0,0.0,0.0,0.0,0.0,0.0,0.0,0.0,0.0,0.0,0.0,0.0,0.0014204644846991053,0.0034008893426625752,0.002043738910902837,0.004540767159036877,0.0022790987631687147,0.0025622335537347665,0.006616695341797714,0.0066571136361950846,0.011449746290560205,0.04041517029601346,0.1241784504202055,0.16408416227194986,0.15728294148157596,0.12431196896903914,0.1256814064772092,0.10595876685669783,0.034783740346337744,0.0076627433349933495,0.005363784468837421,0.0043729322008326955,0.0030283855483308427,0.0018130676182186803,0.008261017597389543,0.0052801124712835035,0.00926526019446147,0.006025062457029605,0.008085856198206384,0.00928319462295609,0.011098393762518139,0.0027928349231557785,0.0,0.0,0.0,0.0,0.0,0.0,0.0,0.0,0.0
C1CC(OC1)CO,C1CC(OC1)CO,298.15,0.0,aux_only_sigma_profile_stream,,,No,False,0.0,False,0.0,False,0.0,0.0,0.0,False,0.0,False,True,141.37617999999998,0.0,0.0,0.0,0.0,0.0,0.0,0.0,0.0,0.0,0.002025056026016568,0.00740761025146371,0.011753683872750836,0.002193000309958534,0.005429536824613419,0.006688627866118472,0.006500676127548715,0.00823046849508326,0.006765165879291689,0.0037767046279184374,0.0063080279880098275,0.025656954204465142,0.0971522942231294,0.1635836205087859,0.1609291800047363,0.08760587623125765,0.07336882293979723,0.07438709919028016,0.02486799700193583,0.020724632800473746,0.01472065235011089,0.014330769900562531,0.02019145625248532,0.006086899170188769,0.01680301291169347,0.018962242546349397,0.025250160025957338,0.0202749867753208,0.024600850034777064,0.03336309290818728,0.00937290702206826,0.0006879347286640608,0.0,0.0,0.0,0.0,0.0,0.0,0.0,0.0,0.0,0.0
C=CCO,C=CCO,298.15,0.0,aux_only_sigma_profile_stream,,,No,False,0.0,False,0.0,False,0.0,0.0,0.0,False,0.0,False,True,104.17678000000004,0.0,0.0,0.0,0.0,0.0,0.0,0.0,0.0,0.000348775565810811,0.006815318100632644,0.009117383005110249,0.011481295936011836,0.007109263710295341,0.0021575060206954363,0.0128445466564765,0.009574815950479399,0.010186731280504636,0.003660187312375213,0.006183749986153755,0.06658112933648523,0.09432804946072318,0.09859541876209743,0.07862854597453817,0.059389086433396084,0.05551449453460634,0.04273184653224229,0.03887324486950824,0.059744225822399646,0.04674502849039861,0.03464613503207662,0.04449980604420858,0.04060421806574275,0.02375143530913673,0.029950017791252222,0.012657124991128057,0.0106406802536333,0.01588680799555063,0.01528793478778236,0.023275952063287884,0.019686382330815846,0.008502861594443883,0.0,0.0,0.0,0.0,0.0,0.0,0.0,0.0,0.0,0.0
CC(C)(C1=CC=CC=C1)O,CC(C)(C1=CC=CC=C1)O,298.15,0.0,aux_only_sigma_profile_stream,,,No,False,0.0,False,0.0,False,0.0,0.0,0.0,False,0.0,False,True,180.5403199999999,0.0,0.0,0.0,0.0,0.0,0.0,0.0,0.0,0.0,0.0016004283959589146,0.004076227778277188,0.0058473070047368935,0.003104345121018824,0.004746304603635723,0.003872912723533428,0.004637811280733695,0.00444427668287153,0.007538466299229728,0.013799893181674438,0.05350193049046604,0.07712959310076833,0.08406094659917579,0.08610506035144232,0.06760671627736291,0.06657957615432168,0.07014817888700821,0.08848151512388207,0.04620187887319616,0.04731383531507214,0.041644669765101144,0.06635842376664561,0.046019870763564924,0.0476980790384865,0.012213281146797242,0.004603645893909646,0.009929317622999962,0.01457669265075894,0.007543531464056811,0.0036691520324851515,0.004690886119183179,0.0002552454916448449,0.0,0.0,0.0,0.0,0.0,0.0,0.0,0.0,0.0,0.0
CC1=C(C(=CC=C1)O)C,CC1=C(C(=CC=C1)O)C,298.15,0.0,aux_only_sigma_profile_stream,,,No,False,0.0,False,0.0,False,0.0,0.0,0.0,False,0.0,False,True,164.0888299999999,0.0,0.0,0.0,0.0,0.0,0.0,0.0,0.0,0.002011210947081457,0.005216871377627975,0.001006660061907464,0.004792239849468264,0.005930904695035489,0.00782430075943616,0.001772441462447297,0.0030853377294433448,0.005687206964124972,0.00762743585239526,0.00936070236958787,0.03550480287782169,0.0801287621154914,0.09399679719689578,0.08414604310782707,0.0782805371538569,0.07767128214021338,0.08339648369205392,0.058504560491192716,0.03926385468341462,0.03643790807811832,0.047842622127519496,0.0513916805917199,0.060829340612893745,0.043461878953777996,0.03305656179889633,0.009159834261117049,0.015031110974271754,0.016167392266025257,0.0014132348083371632,2.5004270057453473e-18,0.0,0.0,0.0,0.0,0.0,0.0,0.0,0.0,0.0,0.0,0.0,0.0
CC1=CC(=C(C=C1)O)C,CC1=CC(=C(C=C1)O)C,298.15,0.0,aux_only_sigma_profile_stream,,,No,False,0.0,False,0.0,False,0.0,0.0,0.0,False,0.0,False,True,167.77140999999995,0.0,0.0,0.0,0.0,0.0,0.0,0.0,0.0,0.0015010092824699398,0.0026838062559724754,0.0026139410739441193,0.005102093331186891,0.004791006584423374,0.004789471007681352,0.002287822814842975,0.003081759830265633,0.00722665817272228,0.010196446185428976,0.011917459289009794,0.04656741583866102,0.06510847500948883,0.10270454738854674,0.07201606114322281,0.06840284977930687,0.06847675154955069,0.0861493659842294,0.08230301943735172,0.04029798732233307,0.04733170948018779,0.04201230500994098,0.057632953149161774,0.0618766384178866,0.04274356539626491,0.020885327654548896,0.007383317883667845,0.014634562281750278,0.01586309994603164,0.0014185734999202467,2.4758677087076988e-18,0.0,0.0,0.0,0.0,0.0,0.0,0.0,0.0,0.0,0.0,0.0,0.0
CC1=CC(=C(C=C1)C)O,CC1=CC(=C(C=C1)C)O,298.15,0.0,aux_only_sigma_profile_stream,,,No,False,0.0,False,0.0,False,0.0,0.0,0.0,False,0.0,False,True,168.88506999999993,0.0,0.0,0.0,0.0,0.0,0.0,0.0,0.0008606522973053839,0.0022339660549912264,0.01004056073868928,0.004065157208723737,0.0030063316983252905,0.0036474847662053434,0.006365276757596752,0.0051505564916480935,0.005287873571488489,0.0014328560829722373,0.003011222873762738,0.005645355801633285,0.02012557514394885,0.05621850554888685,0.08707701923327152,0.09726579731972582,0.08602251828557259,0.08348621635015402,0.07819215825131792,0.10522310299372352,0.048768389917299704,0.0477588803888023,0.04918215487349381,0.04902768340037988,0.049441304564822895,0.035047613890957514,0.009578012584696035,0.01350243446382206,0.00621863086777121,0.011001820476801354,0.009848258999611696,0.006266628101598627,1.0521980564779998e-17,0.0,0.0,0.0,0.0,0.0,0.0,0.0,0.0,0.0,0.0,0.0
CC1=C(C(=CC=C1)C)O,CC1=C(C(=CC=C1)C)O,298.15,0.0,aux_only_sigma_profile_stream,,,No,False,0.0,False,0.0,False,0.0,0.0,0.0,False,0.0,False,True,165.30307000000016,0.0,0.0,0.0,0.0,0.0,0.0,0.0,0.0,0.0010208246355686789,0.002070785328302787,0.003759280072021566,0.005842670615528824,0.003615214264785476,0.00241096358101761,0.004063950331542778,0.006074291109895106,0.005897174940999124,0.009423604970975424,0.011830576187821908,0.04108431487541643,0.0672548414095636,0.09200643862328561,0.08196787374008895,0.06903637894363479,0.07256201923871643,0.08334447616261566,0.07530627487703276,0.053989967298571466,0.040512612340034844,0.06079059818757747,0.042160726458067024,0.05005945075268234,0.045541424263573105,0.039791654105059776,0.014510765268707457,0.009022829463029075,0.005048017953883817,1.7511397245066737e-17,0.0,0.0,0.0,0.0,0.0,0.0,0.0,0.0,0.0,0.0,0.0,0.0,0.0
CC1=C(C=C(C=C1)O)C,CC1=C(C=C(C=C1)O)C,298.15,0.0,aux_only_sigma_profile_stream,,,No,False,0.0,False,0.0,False,0.0,0.0,0.0,False,0.0,False,True,166.71798,0.0,0.0,0.0,0.0,0.0,0.0,0.0,0.00232326512684649,0.008550078350012457,0.0036119600365178725,0.0038825852391831755,0.005710042092515015,0.007665205562970888,0.0037175405809583163,0.005024057567446239,0.005191966143955666,0.004228510501534778,0.007368574996594607,0.010211935665391999,0.024097390753328164,0.06202047598368994,0.085963440337155,0.08987016567458771,0.07261891924079514,0.0675147449960844,0.06928792902013088,0.10296507105687941,0.051283479629222875,0.03359717188738299,0.046392431419490565,0.05685338677644353,0.06166323322964505,0.044547809705692394,0.024218405082000873,0.005052079389641363,0.015557197435650252,0.01609501472249809,0.002915931795754043,4.974963868586695e-18,0.0,0.0,0.0,0.0,0.0,0.0,0.0,0.0,0.0,0.0,0.0,0.0
CC1=CC(=CC(=C1)O)C,CC1=CC(=CC(=C1)O)C,298.15,0.0,aux_only_sigma_profile_stream,,,No,False,0.0,False,0.0,False,0.0,0.0,0.0,False,0.0,False,True,169.54694000000006,0.0,0.0,0.0,0.0,0.0,0.0,0.0,0.002248348926138452,0.00839285924278745,0.003631204939498848,0.0037828388425800944,0.006160443726119557,0.007170445063037406,0.0036832021310884686,0.004975830309017222,0.005172711356756533,0.004289156921282576,0.007447477470473719,0.008324569672491225,0.014416744892259154,0.0671004336839432,0.09165224899859056,0.09668344804550758,0.06305570367305417,0.0643948653430389,0.0882100119826338,0.09538596018343944,0.049026769978460866,0.032158599927782756,0.04533054340805972,0.060937340171124274,0.06283760132450221,0.043960830867568516,0.021027808874840494,0.005585778385032272,0.01533858020228374,0.01544381425118301,0.0021738272054237172,3.667733436038064e-18,0.0,0.0,0.0,0.0,0.0,0.0,0.0,0.0,0.0,0.0,0.0,0.0
C#CCO,C#CCO,298.15,0.0,aux_only_sigma_profile_stream,,,No,False,0.0,False,0.0,False,0.0,0.0,0.0,False,0.0,False,True,99.92566999999995,0.0,0.0,0.0,0.0,0.0,0.0,0.0,0.0,0.0023341866356529615,0.004441759911739287,0.016988535886186384,0.004716887768892871,0.0050972450825066086,0.01982457164453849,0.03412807375448829,0.02230325321869758,0.008395319396644198,0.039133251086066384,0.054593610817824004,0.061957592970981745,0.03629185391585687,0.049367628146554446,0.04942466769100633,0.02108967607105513,0.026347236884767356,0.03224601113683632,0.04798077328562312,0.038197469130276246,0.0314751377641465,0.05785331340046188,0.07568373432967346,0.05400230245261855,0.0840593518963689,0.026720775164744765,0.007775189217430699,0.01533886117571632,0.01968612346683912,0.023210779501987723,0.02002161200171949,0.009313215192097947,0.0,0.0,0.0,0.0,0.0,0.0,0.0,0.0,0.0,0.0,0.0
C1=CC=C(C=C1)CO,C1=CC=C(C=C1)CO,298.15,0.0,aux_only_sigma_profile_stream,,,No,False,0.0,False,0.0,False,0.0,0.0,0.0,False,0.0,False,True,149.98336999999992,0.0,0.0,0.0,0.0,0.0,0.0,0.0,0.0,0.0,0.001939154244261808,0.00368318905145761,0.012275890062933505,0.0009464558892283842,0.0005546598279506684,0.00955629908732214,0.00746757971182019,0.006529159201941879,0.002435934203080549,0.011287850186169512,0.07326320885116934,0.10475525244349296,0.0924512154215898,0.06611759267165417,0.06177216617027297,0.05710291684679411,0.052321449387935905,0.0414778524562518,0.0559639085478597,0.052987893694927735,0.045549801106950484,0.07799571233255995,0.047491782567423264,0.038065197995494786,0.007171757336955161,0.010556205723839054,0.014265243216889703,0.004153184961504305,0.009045634779659693,0.01537973006454222,0.011804730876964039,0.0036313910791025386,0.0,0.0,0.0,0.0,0.0,0.0,0.0,0.0,0.0,0.0
C1=CC=C(C=C1)O,C1=CC=C(C=C1)O,298.15,0.0,aux_only_sigma_profile_stream,,,No,False,0.0,False,0.0,False,0.0,0.0,0.0,False,0.0,False,True,131.56601,0.0,0.0,0.0,0.0,0.0,0.0,0.0004932336683217459,0.005410672314187522,0.010540634456300378,0.004773150433136598,0.004529364956604149,0.008913790914577852,0.008009719651396815,0.006464393697884142,0.006546330684395726,0.005525053058903308,0.006944867812600154,0.011965230699121528,0.021461637850927757,0.07525189210291844,0.07276006748508333,0.06677119052247522,0.04948581734956057,0.041768276426640966,0.04807704896782976,0.043350644399327606,0.03962640192036956,0.04210350559144715,0.0685954024041077,0.05953475946185485,0.08761169390169009,0.07499954086271247,0.06707223999112187,0.014040712838514218,0.013979721026083103,0.018276332540789062,0.014909673420513117,0.00020699858860322816,3.503591045952248e-19,0.0,0.0,0.0,0.0,0.0,0.0,0.0,0.0,0.0,0.0,0.0,0.0
CC1=CC=CC=C1O,CC1=CC=CC=C1O,298.15,0.0,aux_only_sigma_profile_stream,,,No,False,0.0,False,0.0,False,0.0,0.0,0.0,False,0.0,False,True,148.36267999999995,0.0,0.0,0.0,0.0,0.0,0.0,0.0,0.0,0.0021826659982043064,0.002301615074603439,0.004306993714456443,0.006640405073049231,0.003421343740406085,0.0062326397118778005,0.002150225502806366,0.0038764585025171544,0.010757884196127762,0.009453924819744969,0.01946903837285489,0.07150156541771557,0.07900381779142103,0.09030001961902079,0.057082962405169094,0.055779560231678564,0.0613840022578702,0.06753277562187542,0.051023625879608826,0.03204163382763167,0.056050576830420716,0.05466841598482606,0.06515199229721956,0.06742455888141413,0.05030167988978726,0.027809175324168392,0.011414370904869072,0.016256900136997127,0.014233201681098397,0.0002459703105596307,4.223934196825044e-19,0.0,0.0,0.0,0.0,0.0,0.0,0.0,0.0,0.0,0.0,0.0,0.0
CC1=CC(=CC=C1)O,CC1=CC(=CC=C1)O,298.15,0.0,aux_only_sigma_profile_stream,,,No,False,0.0,False,0.0,False,0.0,0.0,0.0,False,0.0,False,True,150.16778000000005,0.0,0.0,0.0,0.0,0.0,0.0,0.0,0.0035867843219590106,0.00939966497687786,0.003917737984573094,0.004600790185352614,0.0075027620020644845,0.007371581054476596,0.0043223810506568105,0.006464959372645352,0.005217491812701893,0.005271588582049556,0.008757335122946543,0.013160246494663897,0.037262672591621505,0.0803720941324084,0.07537447482533735,0.07863325997305479,0.05185629375338063,0.05514200704906071,0.08208524760223462,0.06500781050046033,0.0325434558232503,0.054396937413142596,0.05314458488070761,0.06797699950849041,0.07086980437209897,0.05170231501158696,0.021756019008122438,0.00865546401432704,0.01640151873975269,0.016606893525413915,0.0006388243145809632,1.0663915799210488e-18,0.0,0.0,0.0,0.0,0.0,0.0,0.0,0.0,0.0,0.0,0.0,0.0
CC1=CC=C(C=C1)O,CC1=CC=C(C=C1)O,298.15,0.0,aux_only_sigma_profile_stream,,,No,False,0.0,False,0.0,False,0.0,0.0,0.0,False,0.0,False,True,151.46360999999985,0.0,0.0,0.0,0.0,0.0,0.0,0.0,0.0009967141787919787,0.0031041243614253512,0.012654716949945945,0.0038666507838701005,0.0019448148243167505,0.0049908072207295205,0.007455790304754595,0.0067177792134726026,0.006385995169350844,0.0005042476333466327,0.002583132928709961,0.011140273125377518,0.04691145714363197,0.07587675826852411,0.08112216885305858,0.07985540582851162,0.0585945692270641,0.06742876786880697,0.08500548827092207,0.06458317413552625,0.038773209116143854,0.06006817359447137,0.05860510687822494,0.06973191077569595,0.05346446120036336,0.030073935137877705,0.008569321354761327,0.01424976941490535,0.009776394657013009,0.011974085660460846,0.01646438367166371,0.006526412248281231,1.1435786143681566e-17,0.0,0.0,0.0,0.0,0.0,0.0,0.0,0.0,0.0,0.0,0.0
CCC1=CC=CC=C1O,CCC1=CC=CC=C1O,298.15,0.0,aux_only_sigma_profile_stream,,,No,False,0.0,False,0.0,False,0.0,0.0,0.0,False,0.0,False,True,167.04686999999998,0.0,0.0,0.0,0.0,0.0,0.0,0.0,0.0028455511900393185,0.008265870744443642,0.00491581595035755,0.0026814709715150702,0.00491911671615973,0.007349600536737499,0.005831207077894863,0.005522230419331305,0.004452832146525441,0.005087711623952673,0.008425161339271249,0.009713025781397702,0.031388140785960555,0.04856102063833127,0.07048445652225989,0.06964305902016603,0.08811041359394521,0.07020132528291133,0.07947334922107072,0.08362535149399508,0.06999096813765143,0.058369415846976365,0.052863834211008334,0.05056696087193134,0.054563663044085296,0.052223803580121984,0.03378721623429012,0.00911527054517789,0.006249505931733701,0.0007726505407574564,2.7042302048705307e-18,0.0,0.0,0.0,0.0,0.0,0.0,0.0,0.0,0.0,0.0,0.0,0.0,0.0
C1=CC(=CC=C1O)O,C1=CC(=CC=C1O)O,298.15,0.0,aux_only_sigma_profile_stream,,,No,False,0.0,False,0.0,False,0.0,0.0,0.0,False,0.0,False,True,141.67271,0.0,0.0,0.0,0.0,0.0,0.0,0.0,0.007206313302521399,0.02041848392853359,0.009352499547471986,0.009353243411718108,0.011943258321616416,0.017632112399931777,0.011125057545492636,0.015189228547017484,0.009511897299287853,0.013409023042937134,0.02489566162444708,0.030913461505125722,0.060641048005071765,0.046465126559845644,0.04053023530953174,0.02962734797907106,0.03437850448975091,0.023784788363712256,0.045359359107555085,0.030753736964737183,0.042387301450171604,0.05777152319324089,0.05760796777629355,0.1050481188328274,0.08892787473333008,0.03536072478839891,0.027577452848540206,0.014069895651175729,0.03437493696631158,0.03805265161052664,0.006331164893806539,1.0593555288479212e-17,0.0,0.0,0.0,0.0,0.0,0.0,0.0,0.0,0.0,0.0,0.0,0.0
CCC1=CC=C(C=C1)O,CCC1=CC=C(C=C1)O,298.15,0.0,aux_only_sigma_profile_stream,,,No,False,0.0,False,0.0,False,0.0,0.0,0.0,False,0.0,False,True,167.77032999999986,0.0,0.0,0.0,0.0,0.0,0.0,0.0,0.002897420716818347,0.008513201350758214,0.003561799899475393,0.004161035950133718,0.006066519174518585,0.007037680466085157,0.004122999761161605,0.005299213721918831,0.005000443777576011,0.004215472775884017,0.008542491817559525,0.011616616587244489,0.03236210958365961,0.04142344079774246,0.07952716594798026,0.0854797901884154,0.09580814038149064,0.06700935273365087,0.08250231075035086,0.07353487569042816,0.04661269801727276,0.05916579579512311,0.03747927389224802,0.06136805870523295,0.06177800086704549,0.0487221224904274,0.017870591194141017,0.006248079926641206,0.015140749721940298,0.015329312680104606,0.0016032346369709478,2.8625218248252462e-18,0.0,0.0,0.0,0.0,0.0,0.0,0.0,0.0,0.0,0.0,0.0,0.0
CC(C)(C)C1=CC=C(C=C1)O,CC(C)(C)C1=CC=C(C=C1)O,298.15,0.0,aux_only_sigma_profile_stream,,,No,False,0.0,False,0.0,False,0.0,0.0,0.0,False,0.0,False,True,196.85538999999997,0.0,0.0,0.0,0.0,0.0,0.0,0.0,0.0031163774774152987,0.006958838009507285,0.0027437058064572173,0.0038216573879103475,0.00510806169360783,0.0059022493583119565,0.0034855244788491854,0.004478694149452137,0.004072028354246842,0.003625103284340627,0.007567654456627631,0.01165108296501869,0.02922558129076466,0.044204460946107756,0.05378718271445756,0.10419035121310675,0.09056819489252797,0.07774411309809197,0.07605098152893655,0.07940814821196819,0.09987707949966267,0.05671254857053191,0.038913261398725384,0.05012285742722193,0.04508132698152141,0.04323607316202636,0.015792581124459026,0.005532693939092448,0.012932939633511333,0.01297008291839737,0.0011185640271436771,1.9533649303080333e-18,0.0,0.0,0.0,0.0,0.0,0.0,0.0,0.0,0.0,0.0,0.0,0.0
CCCCCCCCCC1=CC=CC=C1O,CCCCCCCCCC1=CC=CC=C1O,298.15,0.0,aux_only_sigma_profile_stream,,,No,False,0.0,False,0.0,False,0.0,0.0,0.0,False,0.0,False,True,303.5201400000001,0.0,0.0,0.0,0.0,0.0,0.0,0.0,0.0,0.0,0.0,0.0,0.0,9.92873909893228e-06,0.0013839480713967807,0.0014064101254808161,0.001998151916691184,0.0022775343999822182,0.0035987344469678674,0.007467301932137186,0.024756820563016438,0.0385321947246377,0.057234443679602266,0.08740593382366192,0.1399267321511063,0.144151918811126,0.11193235033120566,0.09894907517983846,0.06906779588133623,0.05654872705973184,0.02746556098923158,0.029648060927937855,0.033112470278024705,0.027497568966910524,0.014703851447945162,0.003722956158729103,0.008262389924717844,0.008106250489140166,0.0008328889803452068,1.4754075087141116e-18,0.0,0.0,0.0,0.0,0.0,0.0,0.0,0.0,0.0,0.0,0.0,0.0
C(CO)O,C(CO)O,298.15,0.0,aux_only_sigma_profile_stream,,,No,False,0.0,False,0.0,False,0.0,0.0,0.0,False,0.0,False,True,98.96223,0.0,0.0,0.0,0.0,0.0,0.0,0.0,0.0,0.0,0.010459248748949171,0.024322948287638705,0.021544747091490058,0.011622208568720222,0.01296594657543681,0.020027074319581915,0.022117850755802686,0.01902616622009195,0.022388875273644093,0.020887299546351875,0.0423577802756681,0.08773588683636453,0.07628358418476645,0.06893543739433225,0.04270812871264593,0.059531341478147565,0.0427654775857179,0.026693680827350297,0.019012978124818326,0.02488226415608066,0.022044543177174258,0.023460471803223408,0.023509999949923924,0.010200381167579691,0.02668510942980145,0.024012544543493813,0.02562965681221291,0.030559803551011254,0.038160760508564304,0.045812304796445255,0.04188605694497063,0.011769442351999646,0.0,0.0,0.0,0.0,0.0,0.0,0.0,0.0,0.0,0.0
C(COCCO)O,C(COCCO)O,298.15,0.0,aux_only_sigma_profile_stream,,,No,False,0.0,False,0.0,False,0.0,0.0,0.0,False,0.0,False,True,151.96264999999997,0.0,0.0,0.0,0.0,0.0,0.0,0.0,0.0,0.0006350251064665477,0.006961341102442542,0.01861605655987585,0.009064913426923213,0.009960963785397991,0.0067475235620356065,0.018112294844953268,0.013333528995085976,0.011584102841852129,0.007915948015460446,0.0161829773198332,0.02897253640994962,0.08067176836170732,0.12356233123417895,0.09401173166374897,0.0627172545488814,0.07353701406115122,0.05455155751326666,0.032844639648951186,0.021232635873057168,0.026171958228574065,0.02377069785354658,0.01806341721050055,0.01421468175402443,0.012122905510507091,0.02559645093832952,0.041151299506512036,0.023964092021194167,0.025434584240333107,0.034546849638333016,0.03139898969833497,0.026760435131725206,0.005587493392866018,0.0,0.0,0.0,0.0,0.0,0.0,0.0,0.0,0.0,0.0
C(COCCOCCO)O,C(COCCOCCO)O,298.15,0.0,aux_only_sigma_profile_stream,,,No,False,0.0,False,0.0,False,0.0,0.0,0.0,False,0.0,False,True,204.3748999999999,0.0,0.0,0.0,0.0,0.0,0.0,0.0,0.0,0.00033440647319357914,0.005546922348567561,0.013574166989964073,0.007978387099652219,0.0063711021873970874,0.0048548461039099634,0.010988041962478901,0.012875097983314045,0.009486506356787456,0.006675638356444948,0.008783299442501944,0.0235885622344377,0.0761403339266784,0.14530228234813183,0.11289599833881363,0.07383963050101311,0.07374503400692846,0.06232883452385789,0.03666397858773163,0.018911874572047942,0.021350043352611554,0.02473279591271825,0.016222749609409875,0.014181632877881583,0.013981016531862086,0.0251102839368057,0.04770272060512105,0.02043061721521162,0.02731575530239572,0.03220430908640483,0.021630736827854522,0.019542640009299048,0.004709754388571739,0.0,0.0,0.0,0.0,0.0,0.0,0.0,0.0,0.0,0.0
C(COCCOCCOCCO)O,C(COCCOCCOCCO)O,298.15,0.0,aux_only_sigma_profile_stream,,,No,False,0.0,False,0.0,False,0.0,0.0,0.0,False,0.0,False,True,257.73456000000004,0.0,0.0,0.0,0.0,0.0,0.0,0.0,0.0,0.00011872464911679013,0.0037918962679433284,0.011845198796032071,0.006557447083568661,0.0054234405255301045,0.004584316269863576,0.008954530665490137,0.008038171328763749,0.006480082347606699,0.008287079350484039,0.006901121611998715,0.011013657210371475,0.07122692539812354,0.1625485161906544,0.12558953329822195,0.08135452628245624,0.07017201457496619,0.07331281041651418,0.04109300212581541,0.0177104945990412,0.023768220011488095,0.024977469702527937,0.012366025447376526,0.010375380542967693,0.011680058329953264,0.02348318879538572,0.05941637079846605,0.020378072425368796,0.022297593935516852,0.029571224946137543,0.01918854770412553,0.01490450240026173,0.00258985596786183,0.0,0.0,0.0,0.0,0.0,0.0,0.0,0.0,0.0,0.0
CC(CO)O,CC(CO)O,298.15,0.0,aux_only_sigma_profile_stream,,,No,False,0.0,False,0.0,False,0.0,0.0,0.0,False,0.0,False,True,115.89221999999992,0.0,0.0,0.0,0.0,0.0,0.0,0.0,0.0,0.0006377879064915552,0.00441252159379623,0.014084144680590025,0.006269753280157995,0.0037794246661712735,0.008376932951281524,0.014810423181671903,0.014186043567843823,0.016613701806404875,0.005785500202074638,0.012768242471513196,0.03919871099189508,0.07669444610907528,0.11536889519136839,0.10069769889853787,0.07070181725900346,0.06612183754072452,0.0575625938279085,0.07385811088679702,0.029330341916249267,0.01775697333599047,0.02185747186838583,0.017656214130867987,0.01096144106279318,0.020449836201257784,0.011377891804877851,0.02750434691923627,0.01683641374009025,0.01988222528179782,0.02847732033921413,0.030260610743306597,0.026165916301846778,0.017353004379748453,0.00220140496103025,0.0,0.0,0.0,0.0,0.0,0.0,0.0,0.0,0.0
C(CO)CO,C(CO)CO,298.15,0.0,aux_only_sigma_profile_stream,,,No,False,0.0,False,0.0,False,0.0,0.0,0.0,False,0.0,False,True,119.18448000000004,0.0,0.0,0.0,0.0,0.0,0.0,0.0,0.0,0.0,0.003914880389527595,0.01133762037396906,0.02712834050699005,0.004819316508365665,0.014188992901473409,0.012503860309342458,0.02117352003628071,0.012743201191286982,0.01169488015672166,0.0241271091105591,0.021439078571712435,0.07668028924777176,0.12381489166078752,0.11192881443241681,0.07299116540133804,0.042723268257457245,0.03900987251063132,0.03659993039641964,0.025550195917821924,0.018589656237616756,0.02505502554091463,0.018889489813696883,0.020020159233161895,0.012367661883469471,0.015822306046501436,0.01535579894416353,0.02697794829338433,0.024741442375783657,0.02531563728108164,0.03914819858561925,0.03651030831896754,0.02569567887621265,0.0011414606885529806,0.0,0.0,0.0,0.0,0.0,0.0,0.0,0.0,0.0
CC(CO)OC(C)CO.CC(COCC(C)O)O,CC(CO)OC(C)CO.CC(COCC(C)O)O,298.15,0.0,aux_only_sigma_profile_stream,,,No,False,0.0,False,0.0,False,0.0,0.0,0.0,False,0.0,False,True,176.9017199999999,0.0,0.0,0.0,0.0,0.0,0.0,0.0,0.0,0.0,0.0,0.0,0.0,0.0,0.0020266892960662296,0.004677756142483933,0.007456362134743404,0.011000993676878727,0.003052791210581171,0.01663636132168716,0.018989072996175797,0.0762865081438242,0.12227768951946545,0.12380650842171467,0.10669347579798495,0.09277841789498094,0.08573459743529463,0.08338885445236999,0.038597914260611106,0.0191167599492403,0.02940789441452199,0.007082545566925772,0.011438289663851266,0.009498294431171958,0.010660748516607364,0.00996136909367671,0.02018253477554628,0.016448720973298858,0.01706911255893228,0.03334252622771293,0.01812080069370324,0.004266410429948773,0.0,0.0,0.0,0.0,0.0,0.0,0.0,0.0,0.0,0.0
CC(C)(CO)CO,CC(C)(CO)CO,298.15,0.0,aux_only_sigma_profile_stream,,,No,False,0.0,False,0.0,False,0.0,0.0,0.0,False,0.0,False,True,146.48593999999989,0.0,0.0,0.0,0.0,0.0,0.0,0.0,0.0,0.0,0.0008721068236055016,0.006685227650722181,0.014895334866572787,0.010282467941432621,0.0023432101900349228,0.01041347414866457,0.01389769720494056,0.014508510453003144,0.013946611768758707,0.006324408124106468,0.01782281636629189,0.060858988887688925,0.12499140720318425,0.09940397001638798,0.08080377618364336,0.0785982734259548,0.05923008262662107,0.06364704116469101,0.06471073068862833,0.035293571765289314,0.021686697429468608,0.01918504355721124,0.015222868621403745,0.010814885403150851,0.014798633109647054,0.012992610092241832,0.022622482255443763,0.011643414003004426,0.021270918785615177,0.02976808136958442,0.027684514755337505,0.011926037842331429,0.0008541052753377224,0.0,0.0,0.0,0.0,0.0,0.0,0.0,0.0,0.0
C(C#CCO)O,C(C#CCO)O,298.15,0.0,aux_only_sigma_profile_stream,,,No,False,0.0,False,0.0,False,0.0,0.0,0.0,False,0.0,False,True,132.29953999999995,0.0,0.0,0.0,0.0,0.0,0.0,0.0,0.0,0.0037826489784350136,0.012716855938334711,0.023784535886035723,0.00883572297204876,0.007329831225869635,0.011074862626029391,0.01878765319071396,0.01624860165125163,0.014579587926075636,0.0168056683876752,0.06816750047149107,0.09222948095753926,0.06113434599314935,0.05671460705855283,0.03419514567982428,0.024263370574488175,0.021539615737515578,0.042978033655077956,0.01866358919422503,0.03492319315472732,0.048003086602548296,0.03249218573462759,0.05012634922124265,0.043726031373495344,0.042798213686618805,0.03438684438439175,0.019832786904341777,0.015158616881132202,0.0349119391202163,0.032851541462859304,0.033928916746899886,0.022284294842070375,0.000744341780495259,0.0,0.0,0.0,0.0,0.0,0.0,0.0,0.0,0.0,0.0
CC(COCC(C)OCC(C)O)O,CC(COCC(C)OCC(C)O)O,298.15,0.0,aux_only_sigma_profile_stream,,,No,False,0.0,False,0.0,False,0.0,0.0,0.0,False,0.0,False,True,236.19266999999996,0.0,0.0,0.0,0.0,0.0,0.0,0.0,0.0,0.0,0.0,0.0,0.0,0.0,0.0,0.0,0.0,0.0,0.0,0.00012549070741075074,0.015934816905858427,0.08199017449548711,0.15699970321690512,0.14298113355264921,0.1251245402643363,0.08797180304202963,0.07490269594895049,0.07956919519795301,0.02864439583450223,0.01845665303702156,0.020319259627982488,0.012137773633614126,0.018461664622170918,0.01647138935061592,0.016996779891180536,0.01785004183077642,0.014769753604415422,0.018876046266353176,0.01599901184039366,0.016140689668261002,0.011178778754817337,0.007577201950170936,0.0005210067561442826,0.0,0.0,0.0,0.0,0.0,0.0,0.0,0.0,0.0
CCC(CO)O,CCC(CO)O,298.15,0.0,aux_only_sigma_profile_stream,,,No,False,0.0,False,0.0,False,0.0,0.0,0.0,False,0.0,False,True,135.49808000000007,0.0,0.0,0.0,0.0,0.0,0.0,0.0,0.0,0.0,0.0021638950663455886,0.007101622666005469,0.017569650618427624,0.0095183588290029,0.005680225015467552,0.00975216835038857,0.019886895593851706,0.012986567015518738,0.01378782689659004,0.012069438888418634,0.020739352295177822,0.053597049730742655,0.12027021147052779,0.11297808227228823,0.09572482473777408,0.07306704923772932,0.07143831816552695,0.0684275662402044,0.03424491122933223,0.015521095647713524,0.0150015745246982,0.008711396919438563,0.01242787455804635,0.007985907475823343,0.009432993411928268,0.01427337526321649,0.02505269441906332,0.012806350424813404,0.016457409565719654,0.029516500525127994,0.03147055250489517,0.028058621466425782,0.012266984726453312,1.2654247316495548e-05,0.0,0.0,0.0,0.0,0.0,0.0,0.0,0.0
CC(CCO)O,CC(CCO)O,298.15,0.0,aux_only_sigma_profile_stream,,,No,False,0.0,False,0.0,False,0.0,0.0,0.0,False,0.0,False,True,135.90227999999996,0.0,0.0,0.0,0.0,0.0,0.0,0.0,0.0,0.0,0.0028587794092889474,0.008274153449351687,0.023478083004431178,0.0081115027554304,0.00717170577859279,0.013342948158186301,0.016319691895274234,0.013425636121309889,0.016491108335789883,0.012903340141182624,0.02895295968427131,0.051689229840583995,0.10074836064969553,0.12263068341496992,0.08733631649246872,0.06190999255547723,0.05343588276683137,0.062338919197734446,0.04217872876490652,0.0203554828359266,0.01797243403856139,0.01460912209596006,0.020673284638470606,0.012499193408936704,0.010900186949440071,0.013909308718414589,0.016981292800894825,0.026876988784064994,0.025065053195248762,0.02653007873378718,0.0326235245285408,0.02555055689850451,0.0018554699574720016,0.0,0.0,0.0,0.0,0.0,0.0,0.0,0.0,0.0
CC(CC(C)(C)O)O,CC(CC(C)(C)O)O,298.15,0.0,aux_only_sigma_profile_stream,,,No,False,0.0,False,0.0,False,0.0,0.0,0.0,False,0.0,False,True,164.75337000000013,0.0,0.0,0.0,0.0,0.0,0.0,0.0,0.0,0.0,0.0005485984317537761,0.0048001179773833405,0.005294827929658897,0.0033873937036655037,0.004356223959638965,0.006057557690539888,0.006596106439137233,0.004437097463018476,0.00818337051976569,0.010120751985604172,0.009829772152508253,0.02454619697789403,0.08079522057942967,0.12352770353004605,0.14326556921633518,0.0937012029911788,0.09150827228459235,0.13820656209126939,0.0704777077657658,0.020476268120656452,0.017615152620150943,0.00894973115542887,0.007773123428759296,0.01218105994337359,0.009632652953277974,0.008536279933653974,0.014084704235950499,0.020209777438434808,0.011179710684562286,0.01200804175855898,0.01474505222490203,0.011363648564748498,0.0016045432483563996,0.0,0.0,0.0,0.0,0.0,0.0,0.0,0.0,0.0
C(C(CO)O)O,C(C(CO)O)O,298.15,0.0,aux_only_sigma_profile_stream,,,No,False,0.0,False,0.0,False,0.0,0.0,0.0,False,0.0,False,True,124.78459999999998,0.0,0.0,0.0,0.0,0.0,0.0,0.0,0.0,0.0017541191795551858,0.007853431787234747,0.008166517307660562,0.004283565817476883,0.010712720885646537,0.018478745153060958,0.020276271798858193,0.014937710491646976,0.010536606523056293,0.028764811589277444,0.03965058961351954,0.09760568769890596,0.10303057824620347,0.07465905107155868,0.04711650997779054,0.041164421648570905,0.044314165158463474,0.032973411350641996,0.023258947885576028,0.017951185653251683,0.02095341113823485,0.025315975242919963,0.02968439712288969,0.025044112841004183,0.018160760186880433,0.024458894703593956,0.028451627412708545,0.02469796921191654,0.027013570091075956,0.04244011057587846,0.04214498599036845,0.03120969729525745,0.012935439349315464,0.0,0.0,0.0,0.0,0.0,0.0,0.0,0.0,0.0,0.0
CC(C)(C)C1=CC(=C(C=C1)O)O,CC(C)(C)C1=CC(=C(C=C1)O)O,298.15,0.0,aux_only_sigma_profile_stream,,,No,False,0.0,False,0.0,False,0.0,0.0,0.0,False,0.0,False,True,204.96236,0.0,0.0,0.0,0.0,0.0,0.0,0.0012643994090076496,0.005437402977768147,0.0052607370195516395,0.003084032560433101,0.006227699270340217,0.009880027526677234,0.008829311724130423,0.005690099383643368,0.00416637067169121,0.007195665031595455,0.010718350849043502,0.00973944729814284,0.008551367966183108,0.0236084488469821,0.028557657788220336,0.052445726587647123,0.09421914471011703,0.08415152396478408,0.07338272314768966,0.06729858028417218,0.0763820277019805,0.11091099602656701,0.05773220352954026,0.04878624907974791,0.04863633912380503,0.047689787195381,0.04248169628857138,0.022496919125590036,0.010933394907611721,0.012782087892524947,0.011189456494644054,0.00027012561621576176,4.735563559353743e-19,0.0,0.0,0.0,0.0,0.0,0.0,0.0,0.0,0.0,0.0,0.0,0.0
C[C@H]([C@@H](C)O)O,C[C@H]([C@@H](C)O)O,298.15,0.0,aux_only_sigma_profile_stream,,,No,False,0.0,False,0.0,False,0.0,0.0,0.0,False,0.0,False,True,133.68159999999992,0.0,0.0,0.0,0.0,0.0,0.0,0.0,0.0,0.0,0.0014498341053834343,0.007917925776848939,0.02065902884066183,0.009185846597770548,0.006954319452548986,0.008961551383692673,0.019714674805125752,0.01591387813044167,0.012605268519542787,0.013277493466524721,0.012964134464152366,0.03852152607949324,0.07899740999138032,0.09446801564080179,0.10269790290771509,0.07230263679997709,0.06959165561088082,0.11392364885704696,0.0686203273575279,0.020955691509452246,0.015382433318232734,0.01041545537251717,0.0194510790177697,0.008408649826850072,0.008281503309890297,0.02577678305441431,0.030636471788133356,0.010618924053721968,0.02735085753905904,0.027271487523702006,0.0183949366681667,0.007603844960252052,0.0007248032703214793,0.0,0.0,0.0,0.0,0.0,0.0,0.0,0.0,0.0
C(/C=C\CO)O,C(/C=C\CO)O,298.15,0.0,aux_only_sigma_profile_stream,,,No,False,0.0,False,0.0,False,0.0,0.0,0.0,False,0.0,False,True,133.5953000000001,0.0,0.0,0.0,0.0,0.0,0.0,0.0,0.0,0.0005530301357578707,0.007784359971211109,0.023903704552899804,0.01565445256372358,0.005779003958579747,0.01091880677663832,0.013645124657137101,0.016858624458703172,0.013365224193674247,0.01820425195813437,0.006228907510802795,0.02837310616372588,0.11890172982442192,0.10837447671491209,0.0667706952798753,0.04734213937086585,0.024168277466181734,0.03616429463359922,0.02882619499919278,0.050150165115808006,0.04024786908915611,0.04160794450228306,0.04444794366389474,0.031828367118974306,0.021139245667940253,0.016096595759117493,0.02803086164798259,0.021352397665910607,0.016402359880442145,0.023907902944387525,0.03821231670955343,0.026551125231148855,0.008208499813364089,0.0,0.0,0.0,0.0,0.0,0.0,0.0,0.0,0.0,0.0
C(/C=C/CO)O,C(/C=C/CO)O,298.15,0.0,aux_only_sigma_profile_stream,,,No,False,0.0,False,0.0,False,0.0,0.0,0.0,False,0.0,False,True,135.63373,0.0,0.0,0.0,0.0,0.0,0.0,0.0,0.0,0.0,0.008099658887251867,0.017770903638002128,0.01811586199764432,0.007400135897264954,0.007623795903794507,0.01607777837188787,0.015387262427605288,0.013814399666001004,0.013154126552205415,0.006783874640353518,0.03962436017230626,0.09326974150535049,0.10409569538556303,0.08856549463380532,0.06081172464966309,0.03501196738510075,0.03280430925437604,0.028686071606380436,0.045716058395633745,0.050843988332114884,0.03525207022732023,0.0411817694230107,0.03099214337786442,0.013905643060117275,0.012649485713711996,0.02195716019744956,0.019141639085758173,0.02052749459016839,0.02087595355814509,0.03672112724926098,0.02997401978455663,0.013164284430331675,0.0,0.0,0.0,0.0,0.0,0.0,0.0,0.0,0.0,0.0
C(CCO)CO,C(CCO)CO,298.15,0.0,aux_only_sigma_profile_stream,,,No,False,0.0,False,0.0,False,0.0,0.0,0.0,False,0.0,False,True,139.10475999999994,0.0,0.0,0.0,0.0,0.0,0.0,0.0,0.0,0.0,0.002609097496510106,0.007707333716595889,0.024213996953985305,0.0064949025868218085,0.009890704622903635,0.009518311789193845,0.01676668135911143,0.013095404901501795,0.010213151036853595,0.015506873857194256,0.012720325538403363,0.04754011940197764,0.10229419463202415,0.14327084860646544,0.11489310554384627,0.07974517006257446,0.05761532091841619,0.03321971265359477,0.025547667186543443,0.016557380961742293,0.019973410705029296,0.020855850556090183,0.017522513376453122,0.007279106838747721,0.01432642202259384,0.012526883368852085,0.022294803661197512,0.02141485489798726,0.023748774881247773,0.031228962905249825,0.03263219608306475,0.0235498864622655,0.003226030414961502,0.0,0.0,0.0,0.0,0.0,0.0,0.0,0.0,0.0
C(CCO)CCO,C(CCO)CCO,298.15,0.0,aux_only_sigma_profile_stream,,,No,False,0.0,False,0.0,False,0.0,0.0,0.0,False,0.0,False,True,158.89793,0.0,0.0,0.0,0.0,0.0,0.0,0.0,0.0,0.0,0.0019772129574825046,0.005784548690364958,0.021563330853782273,0.004643883683270869,0.008205664389003746,0.009572244746005877,0.015363474542342171,0.010452911384227347,0.009522707979192177,0.010361918838186313,0.015153661523379191,0.02961551955956575,0.08243317993714078,0.14905713979797092,0.13657866579216607,0.1063407921234468,0.06791427378843953,0.045854748576693485,0.031105534966461106,0.01662504247617845,0.018602672237840227,0.014773175069068997,0.017527312657754382,0.009118297062507738,0.011645686798651562,0.011618947313030259,0.017901072551936705,0.018532941775675556,0.019553782966340087,0.027346240580749658,0.029235946701338895,0.02234818616071015,0.003669281519095522,0.0,0.0,0.0,0.0,0.0,0.0,0.0,0.0,0.0
C(CCCO)CCO,C(CCCO)CCO,298.15,0.0,aux_only_sigma_profile_stream,,,No,False,0.0,False,0.0,False,0.0,0.0,0.0,False,0.0,False,True,179.12902999999994,0.0,0.0,0.0,0.0,0.0,0.0,0.0,0.0,0.0,0.0016728255444298677,0.00542376857109367,0.017653477788851405,0.006697259664383065,0.005497477153418825,0.009184160402066039,0.011946637320095184,0.009986062203106,0.009012795545475016,0.008190778602168953,0.012977881076721515,0.02485529305513842,0.0616364642955913,0.13794738410688265,0.1571135698943756,0.12777920467540024,0.08875370826008104,0.05018311890831723,0.04104959613135336,0.014252167018527207,0.015863111301374886,0.017226616611035916,0.012656934894019528,0.00811741161871239,0.009707798958303078,0.010308952038427889,0.01705382263278973,0.015308832959559386,0.017616154510073156,0.025116180863038108,0.02519790160917452,0.01964785891790717,0.004364792868107667,0.0,0.0,0.0,0.0,0.0,0.0,0.0,0.0,0.0
C1=CC=C(C(=C1)O)O,C1=CC=C(C(=C1)O)O,298.15,0.0,aux_only_sigma_profile_stream,,,No,False,0.0,False,0.0,False,0.0,0.0,0.0,False,0.0,False,True,139.47221000000008,0.0,0.0,0.0,0.0,0.0,0.0,0.003243761386412305,0.010489022709278113,0.004170326321480377,0.006803187721318953,0.008216398695826637,0.017334537716349633,0.009910261463824234,0.007981296739545458,0.00700462431814658,0.012244943122352461,0.01638019979942333,0.013752577620313674,0.02014232020165715,0.058691468634727705,0.056176801215680784,0.049791317766202284,0.038853351973706644,0.03439136977587778,0.044505177415857876,0.04194884341735093,0.04443975523147347,0.051631858958811706,0.07896087502052125,0.06816669335497039,0.06884813847903604,0.08455660698179511,0.0698748343658286,0.02266573808720202,0.020235732604811586,0.017287021517630986,0.011300957382586062,3.8761223007663395e-17,0.0,0.0,0.0,0.0,0.0,0.0,0.0,0.0,0.0,0.0,0.0,0.0,0.0
C1=CC(=CC(=C1)O)O,C1=CC(=CC(=C1)O)O,298.15,0.0,aux_only_sigma_profile_stream,,,No,False,0.0,False,0.0,False,0.0,0.0,0.0,False,0.0,False,True,141.15622999999997,0.0,0.0,0.0,0.0,0.0,0.0,0.0023069205256709604,0.01239265285396008,0.018710671323700773,0.00859701048776565,0.0084298470307657,0.0170448633574824,0.013709250315454665,0.016801299152163534,0.011374032357341591,0.014569276195496576,0.016056767584516112,0.011547326072946198,0.017865303837332584,0.05258250467941459,0.051705150032749045,0.04060474937296945,0.029823331294884268,0.02998118478732183,0.04219846058851119,0.03447413718069809,0.04585421465547211,0.017795324803392198,0.0667369721878088,0.07113256230956227,0.09560706344393867,0.08514314489197256,0.060618361329519865,0.018526214300481608,0.02730922527962231,0.035146370191126305,0.025090444047331163,0.00026536352862687823,4.470520022292977e-19,0.0,0.0,0.0,0.0,0.0,0.0,0.0,0.0,0.0,0.0,0.0,0.0
C(C(CO)(CO)CO)O,C(C(CO)(CO)CO)O,298.15,0.0,aux_only_sigma_profile_stream,,,No,False,0.0,False,0.0,False,0.0,0.0,0.0,False,0.0,False,True,159.79017000000002,0.0,0.0,0.0,0.0,0.0,0.0,0.0,0.0,0.001984853820430055,0.008188494762043435,0.025913674625981153,0.004447882950832219,0.008726704222325871,0.008544081416265344,0.014567568981618945,0.013728438125246505,0.013571568672804214,0.009905753649534948,0.008245654236519242,0.023262498420989035,0.10744065034476652,0.11647338542993727,0.07358881234295386,0.059756024981313105,0.05013084212552242,0.044529595085398554,0.037033597498109236,0.04810691968860493,0.03317863190277049,0.04647303299782527,0.020540415204824695,0.010345494615486296,0.013597454730418896,0.02541658088658933,0.02295751776237318,0.03609853192374146,0.022929269737942563,0.019164047686892827,0.03758128305770207,0.02448590164179976,0.00908483647043632,0.0,0.0,0.0,0.0,0.0,0.0,0.0,0.0,0.0,0.0
CCC(CO)(CO)CO,CCC(CO)(CO)CO,298.15,0.0,aux_only_sigma_profile_stream,,,No,False,0.0,False,0.0,False,0.0,0.0,0.0,False,0.0,False,True,167.62516000000005,0.0,0.0,0.0,0.0,0.0,0.0,0.0,0.0,0.0019981417898622014,0.009041964127567899,0.012592537527045393,0.010756557501970705,0.004419272585189088,0.010406831358136031,0.012176893854760819,0.009930601774555743,0.01172489357254191,0.007103595843877014,0.015201668562291779,0.029288114391509714,0.07988785070132548,0.08741555990630999,0.08101752001650167,0.06025550764589992,0.06964428794016123,0.06556201236826677,0.06431023747476511,0.06969280919098418,0.0562786265066343,0.027422630628329774,0.0260025870167649,0.017631922945617048,0.007895121916685297,0.01553911666788267,0.021485587795140353,0.014038910059202877,0.023610010191584097,0.017879316186366786,0.02214299810801205,0.02231107134743948,0.01119425564387816,0.00414098685293963,0.0,0.0,0.0,0.0,0.0,0.0,0.0,0.0,0.0
C1=CC(=C(C(=C1)O)O)O,C1=CC(=C(C(=C1)O)O)O,298.15,0.0,aux_only_sigma_profile_stream,,,No,False,0.0,False,0.0,False,0.0,0.0,0.0,False,0.0,False,True,148.19856000000004,0.0,0.0,0.0,0.0,0.0,0.0,0.0014494831295294715,0.0063523186891845124,0.012677666349538548,0.009262354465749868,0.011305768696089822,0.02685380249943505,0.016355195524709026,0.011319131189783622,0.007450108945983149,0.016397428183028414,0.009968577978684338,0.00765672368498108,0.02293741720785431,0.0432682751355484,0.04454289029211403,0.036842659906348475,0.03984349130151303,0.02943052190900262,0.04662433399894862,0.0454231149693223,0.06731460286251086,0.04552362403306159,0.0756858475019008,0.06036960641331048,0.07702985185146331,0.07007979064726673,0.05116204732124204,0.02663256556703276,0.028382364785547367,0.03244434502821138,0.018969348354326114,0.0004447415767779692,7.322216167175719e-19,0.0,0.0,0.0,0.0,0.0,0.0,0.0,0.0,0.0,0.0,0.0,0.0
C1(C(C(C(C(C1O)O)O)O)O)O,C1(C(C(C(C(C1O)O)O)O)O)O,298.15,0.0,aux_only_sigma_profile_stream,,,No,False,0.0,False,0.0,False,0.0,0.0,0.0,False,0.0,False,True,183.6050299999998,0.0,0.0,0.0,0.0,0.0,0.0,0.0,0.0,0.0012002797219369656,0.004565070817203885,0.015766994229276615,0.014104412599398791,0.014765899670467921,0.018976959299400586,0.0292082830859018,0.025875824322102323,0.025143460636938023,0.02106271540365062,0.05948751332277722,0.05847330272934522,0.06472476260109057,0.05191654702619389,0.03257184477788384,0.03415250109700086,0.03812575987278169,0.0321708911690442,0.026448192546719856,0.03237658976384043,0.02601215834929705,0.038732921975091955,0.03538206261379047,0.028580112854555598,0.04386429575286602,0.03834298692591847,0.03569391888145198,0.03483524405742112,0.03309094764185914,0.031388130377818554,0.03059427741237539,0.013944315875487605,0.007328739375897336,0.0010920832132140892,0.0,0.0,0.0,0.0,0.0,0.0,0.0,0.0,0.0
C([C@H]([C@H]([C@@H]([C@H](CO)O)O)O)O)O,C([C@H]([C@H]([C@@H]([C@H](CO)O)O)O)O)O,298.15,0.0,aux_only_sigma_profile_stream,,,No,False,0.0,False,0.0,False,0.0,0.0,0.0,False,0.0,False,True,200.84435,0.0,0.0,0.0,0.0,0.0,0.0,0.0,0.0,0.001497729596694958,0.010159148277527348,0.010893585113824258,0.0071319849784599425,0.007942726061555029,0.01133890622501982,0.023742695242870586,0.02227467198906457,0.023975346454333815,0.018307050062060445,0.038678366337419,0.08150679507195845,0.073948448302244,0.07029830418400417,0.058324389443188705,0.043278985614112565,0.044251742018045166,0.03428684953336237,0.025184836866157495,0.037572986919656985,0.035883143235619024,0.02337030473576802,0.02735309513420163,0.02535342567482605,0.02519531193996744,0.033800426303400764,0.02960394543339277,0.018519740309547828,0.026515999435635665,0.029231126105088233,0.036047940593087066,0.027318957552037396,0.012437207874140297,0.004773827381728129,0.0,0.0,0.0,0.0,0.0,0.0,0.0,0.0,0.0
C(=O)O,C(=O)O,298.15,0.0,aux_only_sigma_profile_stream,,,No,False,0.0,False,0.0,False,0.0,0.0,0.0,False,0.0,False,True,72.17864,0.0,0.0,0.0,0.0,0.0,0.0,0.0047182409784525285,0.020257053923336824,0.001655048486584646,0.0187057234312938,0.024519493926344404,0.010327478265808815,0.0005806051909514837,0.004112104874035947,0.011571921554189662,0.039624413108832426,0.05382774850770574,0.03044257583303357,0.026989797645494428,0.02187296556441213,0.03270862995676214,0.036446363895450785,0.05002044639162929,0.042392449270328446,0.03474584498648229,0.04412390761749029,0.01604395139129735,0.036196287318347224,0.03628503873257061,0.04201815460905304,0.029130267784861986,0.016798793816551128,0.06709749975165367,0.04694018056328437,0.04888145006735469,0.08939234139043149,0.044118019244195415,0.016746579360484303,0.0007086225612951893,1.2689805595397645e-18,0.0,0.0,0.0,0.0,0.0,0.0,0.0,0.0,0.0,0.0,0.0
CCC(=O)O,CCC(=O)O,298.15,0.0,aux_only_sigma_profile_stream,,,No,False,0.0,False,0.0,False,0.0,0.0,0.0,False,0.0,False,True,111.51106999999998,0.0,0.0,0.0,0.0,0.0,0.0,0.0,0.003982200642077317,0.011499175440179797,0.0006284725169281015,0.011272290508627335,0.012300979135188642,0.008517947933196811,0.0021393170700571883,0.0022125262060950545,0.003499153859451155,0.010624351221050075,0.006920135369241342,0.022107731480669232,0.04624042289028983,0.04245403582590124,0.07888172901800343,0.09624467803862793,0.10809621503878943,0.07526966974999937,0.055079115348291977,0.07851454220702404,0.022535561135405398,0.029840064429914184,0.02716842580014496,0.02767307675388453,0.021928221164953313,0.013128184530218124,0.04108472812343681,0.028940811147576833,0.03091889347661506,0.05318429161682191,0.02468527170077645,0.002427780620563113,3.9827399420133256e-18,0.0,0.0,0.0,0.0,0.0,0.0,0.0,0.0,0.0,0.0,0.0
CCCCCCCCCC(=O)O,CCCCCCCCCC(=O)O,298.15,0.0,aux_only_sigma_profile_stream,,,No,False,0.0,False,0.0,False,0.0,0.0,0.0,False,0.0,False,True,250.63080000000016,0.0,0.0,0.0,0.0,0.0,0.0,0.0,0.0007273280966102737,0.0050873898897127135,0.0012334580558873282,0.0030284339834764275,0.005860616070734753,0.004879152963440844,0.0015423597366739314,0.0007905924721482761,0.001422650201272938,0.003788879486880832,0.003605684378382387,0.004545339195725782,0.018579383540699573,0.016930938408652875,0.021389576607470335,0.06516083124661655,0.15587550713868278,0.1863849390963819,0.14268490568469708,0.10435254793933221,0.08658063110463313,0.04609867205527051,0.010857852394591997,0.014435487096604235,0.007546842569108341,0.007618676177848288,0.02073247948680979,0.010028860188331316,0.018809149796401907,0.021497911095441677,0.007627305964489443,0.00029561787698957333,5.195805268362007e-19,0.0,0.0,0.0,0.0,0.0,0.0,0.0,0.0,0.0,0.0,0.0
CCCC(=O)O,CCCC(=O)O,298.15,0.0,aux_only_sigma_profile_stream,,,No,False,0.0,False,0.0,False,0.0,0.0,0.0,False,0.0,False,True,131.21552000000003,0.0,0.0,0.0,0.0,0.0,0.0,0.0,0.001376243725288657,0.009715223111498623,0.002371041256767522,0.005745052339714541,0.01133993967302289,0.009196447676717893,0.003003688687258496,0.0015057605861498874,0.0027252469717194854,0.007290270370158597,0.006918812985534248,0.008668312852064831,0.03642263827340538,0.03326639891900401,0.051959158544984535,0.12056380543766619,0.12274704139928111,0.10185399934667254,0.0794697628412203,0.07727280476558182,0.04962425886850022,0.029975734118994988,0.020540005007326567,0.02731930664082426,0.013774596675698192,0.01566105176462624,0.03882182189106661,0.01956652864326994,0.035573752107833964,0.04091063939950972,0.01427960125555591,0.0005410538630819692,8.971557389153111e-19,0.0,0.0,0.0,0.0,0.0,0.0,0.0,0.0,0.0,0.0,0.0
CCC(C)C(=O)O,CCC(C)C(=O)O,298.15,0.0,aux_only_sigma_profile_stream,,,No,False,0.0,False,0.0,False,0.0,0.0,0.0,False,0.0,False,True,146.35229999999996,0.0,0.0,0.0,0.0,0.0,0.0,0.0,0.002366736400112946,0.009082930360211764,0.0006204544471998481,0.007247731998121169,0.010143521009405588,0.007292162873810394,0.0016026076386212384,0.0015426622259184998,0.0026197474425547996,0.007654868369706798,0.005471066270699642,0.0030964738545745515,0.00718040612577862,0.028913978983761524,0.08103632020908318,0.11299218197729112,0.12466336645059903,0.11797177131529608,0.10985225899359494,0.08080810411825715,0.050488587012738784,0.02360838824091327,0.023695367738232956,0.021441281664649144,0.016791782638957576,0.01423295294536089,0.02474541137436563,0.020533559057302354,0.01819327073948197,0.04258124006218092,0.019645273679720868,0.0018835337814967835,3.1905826707915975e-18,0.0,0.0,0.0,0.0,0.0,0.0,0.0,0.0,0.0,0.0,0.0
CCCCC(=O)O,CCCCC(=O)O,298.15,0.0,aux_only_sigma_profile_stream,,,No,False,0.0,False,0.0,False,0.0,0.0,0.0,False,0.0,False,True,151.2623000000001,0.0,0.0,0.0,0.0,0.0,0.0,0.0,0.001141531834789047,0.008419625032462411,0.0021171661517691443,0.004791773744680537,0.00991114928906679,0.00805111829748245,0.00262809317839045,0.0013098880747881671,0.002358153777932489,0.0062252068341237,0.006036590833130009,0.0075347067724530125,0.031244899912250223,0.028791294910683277,0.03693488268392432,0.11089867375924928,0.13888624054539622,0.13047505636783183,0.08463372009527814,0.07952357535888249,0.06957883419030049,0.031010173823421812,0.01805141477707974,0.023745802422621014,0.012252919261594851,0.012811569332565277,0.03426236140095104,0.016267312016177187,0.03137610901331758,0.03545730035790362,0.012665823768247082,0.0006070321812562313,1.010045206977159e-18,0.0,0.0,0.0,0.0,0.0,0.0,0.0,0.0,0.0,0.0,0.0
CCCCCCCCC(=O)O,CCCCCCCCC(=O)O,298.15,0.0,aux_only_sigma_profile_stream,,,No,False,0.0,False,0.0,False,0.0,0.0,0.0,False,0.0,False,True,227.27126,0.0,0.0,0.0,0.0,0.0,0.0,0.0,0.0007625502965445495,0.0056239809898424465,0.0013860748935585082,0.0031322221388768263,0.0066215223962475455,0.005429983969015706,0.0017313393703044942,0.0008620061915437584,0.0015617094443582428,0.004104576335180093,0.004049705400507957,0.00718654484434706,0.01828911535015901,0.018369511723600955,0.02207783255365241,0.0613610327281017,0.15554493822860885,0.17456365080788086,0.13282163303726263,0.1166027617544537,0.0905476623093571,0.04081478896738593,0.013786345600655536,0.01351961653942606,0.008771170304771312,0.008327800600977748,0.022835049288197375,0.013417469414387812,0.017550909123245997,0.022845689785447737,0.00550080561209998,9.048298883741253e-18,0.0,0.0,0.0,0.0,0.0,0.0,0.0,0.0,0.0,0.0,0.0,0.0
CC(C)C(=O)O,CC(C)C(=O)O,298.15,0.0,aux_only_sigma_profile_stream,,,No,False,0.0,False,0.0,False,0.0,0.0,0.0,False,0.0,False,True,128.74000999999996,0.0,0.0,0.0,0.0,0.0,0.0,0.0,0.0032360458276484883,0.009790903377187639,0.0006944261469290372,0.009708949995971404,0.01077582026854045,0.007300380050471187,0.002096935293057536,0.0018569410093412925,0.002964297099699649,0.009591820607315244,0.0052888514597263375,0.0037033536084027036,0.013668962094258814,0.0393660004893398,0.09446417414414295,0.10885561791849639,0.10932491085115346,0.10073025135596778,0.0839593857792904,0.09555744800897487,0.034309069033951145,0.021663671835312277,0.021808489996088247,0.029024050952579157,0.023608489076677182,0.008620440497563503,0.03551650131566249,0.02041319832145602,0.020954339252654303,0.04803758437542828,0.020735143241804414,0.0023735467149075956,4.013476198518629e-18,0.0,0.0,0.0,0.0,0.0,0.0,0.0,0.0,0.0,0.0,0.0
CCCCCC(=O)O,CCCCCC(=O)O,298.15,0.0,aux_only_sigma_profile_stream,,,No,False,0.0,False,0.0,False,0.0,0.0,0.0,False,0.0,False,True,167.27598000000006,0.0,0.0,0.0,0.0,0.0,0.0,0.0,0.001063603616018123,0.007634032201093425,0.0018626968738103516,0.004349399451429386,0.008948385330904581,0.00735047825868442,0.0023047243044652605,0.0012172430302227865,0.0021169392435627073,0.0056003140171175725,0.005552127047630638,0.009410729109684005,0.024955651610116696,0.024801266301688316,0.03342840823010965,0.08023069551979249,0.13950471945214363,0.15106883112169056,0.09995151460461385,0.11048456992737686,0.07389161119635522,0.03279461479751294,0.018189638356033776,0.018034359180244104,0.011417129795400148,0.012207803140777948,0.03191015819781847,0.018061950969814666,0.023005345804760977,0.031637857494725745,0.007013201814400814,1.1763224257823935e-17,0.0,0.0,0.0,0.0,0.0,0.0,0.0,0.0,0.0,0.0,0.0,0.0
C1CC(CCC1C(=O)O)C(=O)O,C1CC(CCC1C(=O)O)C(=O)O,298.15,0.0,aux_only_sigma_profile_stream,,,No,False,0.0,False,0.0,False,0.0,0.0,0.0,False,0.0,False,True,187.03585000000004,0.0,0.0,0.0,0.0,0.0,0.0,2.9541706900965772e-06,0.005767454279829647,0.012076026024357147,0.0013977793620013272,0.012837934549706467,0.011626254209718884,0.009035674412900846,0.00741065230309387,0.004574791200348974,0.0067382259329539715,0.013672747611613386,0.016283987772772755,0.035187263915655145,0.030533003175119682,0.04529553155504936,0.08098738658962652,0.08944692123313469,0.0926270215670247,0.0777489132895501,0.06153973057632158,0.03781548281416445,0.01881163788746986,0.029097676198764508,0.025055097028375675,0.019144694532132533,0.02723918036687538,0.023245010325554746,0.038344601200990654,0.03454507283805537,0.04034626543197026,0.05689186459438644,0.021341135807504456,0.010271833813692796,0.003060193428593642,0.0,0.0,0.0,0.0,0.0,0.0,0.0,0.0,0.0,0.0,0.0
CCCCCCCC(=O)O,CCCCCCCC(=O)O,298.15,0.0,aux_only_sigma_profile_stream,,,No,False,0.0,False,0.0,False,0.0,0.0,0.0,False,0.0,False,True,207.11433,0.0,0.0,0.0,0.0,0.0,0.0,0.0,0.0009022537169806372,0.006216625656892596,0.0014101779829982018,0.003560606487637664,0.008078188367261928,0.00499266346541908,0.0019429203815316495,0.00127760075535984,0.001767803325538396,0.004002913213705599,0.00491976684425264,0.0043842063129728,0.019394226041231477,0.01856076413175573,0.02896757399265719,0.08460620126358956,0.15972625308334,0.16238693617978242,0.1233940137958006,0.10679328762029452,0.0755791574222749,0.03338124420850136,0.014397732091655076,0.011689827773193339,0.01031106479497266,0.016607711067033265,0.01994753867550439,0.007926905275725682,0.014322733154031328,0.029293463159389545,0.014631529824509779,0.00437641104284913,0.00024969889135710067,0.0,0.0,0.0,0.0,0.0,0.0,0.0,0.0,0.0,0.0,0.0
CCCCCCCCCCCC(=O)O,CCCCCCCCCCCC(=O)O,298.15,0.0,aux_only_sigma_profile_stream,,,No,False,0.0,False,0.0,False,0.0,0.0,0.0,False,0.0,False,True,290.3567800000002,0.0,0.0,0.0,0.0,0.0,0.0,0.0,0.0006111284648924237,0.004388477272175973,0.0010842542644098024,0.002521719908381426,0.0051492298597732,0.004193591530016174,0.001353110381995267,0.0006818630513186403,0.0012344351525205351,0.0032337534018580774,0.0031459449989452506,0.003898420847560127,0.016066939984938036,0.014651342935142439,0.01850532925292875,0.05733614760725891,0.15528514305742536,0.1985178571273089,0.155789762096263,0.11233328941696309,0.0859123176882051,0.05097963900765497,0.009447487873272938,0.012412987495605191,0.006478931702451786,0.006525310173113467,0.01793704331871299,0.008538766720032157,0.016343800461625927,0.018559308519786776,0.006607266978025279,0.0002753994494379458,4.988817946834069e-19,0.0,0.0,0.0,0.0,0.0,0.0,0.0,0.0,0.0,0.0,0.0
CCCCCCCCCCCCC(=O)O,CCCCCCCCCCCCC(=O)O,298.15,0.0,aux_only_sigma_profile_stream,,,No,False,0.0,False,0.0,False,0.0,0.0,0.0,False,0.0,False,True,310.44077000000004,0.0,0.0,0.0,0.0,0.0,0.0006757681071297529,0.00224216111425855,0.0038471293757798243,0.0009841539752771871,0.002196364616988867,0.004798883382351579,0.0038203517666250807,0.0006582114812357754,0.0014303999764773614,0.0032268717390791777,0.00517648679508271,0.003410832204053739,0.008547416943604377,0.01267516785621228,0.012345211746669806,0.013608618123093174,0.014514118261209148,0.064812061345754,0.15042104223837868,0.18467876090780955,0.14332106657454108,0.11378204681219832,0.07889958870355654,0.06065957221218108,0.006619345927290542,0.0073377785461492375,0.009040048891365749,0.002991223228617652,0.009345557714521065,0.013790687695774654,0.021454499500133336,0.020629739209173777,0.010088897737296848,0.006572047312810142,0.0013978879773192954,0.0,0.0,0.0,0.0,0.0,0.0,0.0,0.0,0.0,0.0,0.0
CCCCCCCCCCCCCC(=O)O,CCCCCCCCCCCCCC(=O)O,298.15,0.0,aux_only_sigma_profile_stream,,,No,False,0.0,False,0.0,False,0.0,0.0,0.0,False,0.0,False,True,330.28156000000007,0.0,0.0,0.0,0.0,0.0,0.0001401145210303218,0.0019408241789679959,0.004207009283658575,0.0008171197525537119,0.001651643904941747,0.005012039255873466,0.0034882850133077085,0.001937375064351221,0.0006199717128749693,0.0014576268010074746,0.005937703532698517,0.003786023912815901,0.007579054425049432,0.01298510707910726,0.010426647929890209,0.013455732749737463,0.013356518737115143,0.06183512326531191,0.15010691963927988,0.1893792363861848,0.14848475213446488,0.11954336676124937,0.07767453408894669,0.061495636083134936,0.0054471742589050675,0.006041985867449487,0.007729139549664351,0.005866939524209949,0.009398559940522622,0.010387577009878387,0.022467549031520425,0.018384153977444546,0.0098192687668812,0.005864239340998638,0.0012750465189717143,0.0,0.0,0.0,0.0,0.0,0.0,0.0,0.0,0.0,0.0,0.0
C/C=C\C(=O)O,C/C=C\C(=O)O,298.15,0.0,aux_only_sigma_profile_stream,,,No,False,0.0,False,0.0,False,0.0,0.0,0.0,False,0.0,False,True,125.16014000000004,0.0,0.0,0.0,0.0,0.0,0.0,0.0,0.0003546588829863979,0.010460587474018243,0.0032986720198843566,0.0025967168246453145,0.014436722500928144,0.00882527283656938,0.004253048950090826,0.0017799472738195836,0.0027757528442995246,0.0056562027375044385,0.007646366608101147,0.021258782516218256,0.04636444510350051,0.0779777178430246,0.06291491827915474,0.05402460771001078,0.0671893889078175,0.07771698150848207,0.10424942654701407,0.07255402085835802,0.05963346121175438,0.055837684265522214,0.030921848489832458,0.03175263166578096,0.014555684032270652,0.012839042551215582,0.04813395138836988,0.028546353594648896,0.022573649894775782,0.036201877546393826,0.011723924083077411,0.0009456530499299391,1.6751613386341718e-18,0.0,0.0,0.0,0.0,0.0,0.0,0.0,0.0,0.0,0.0,0.0
CCCCCCCCCCCCCCCCCC(=O)O,CCCCCCCCCCCCCCCCCC(=O)O,298.15,0.0,aux_only_sigma_profile_stream,,,No,False,0.0,False,0.0,False,0.0,0.0,0.0,False,0.0,False,True,410.07429,0.0,0.0,0.0,0.0,0.0,0.0002051983450242418,0.0016851726522587112,0.003216170987112159,0.0007293615057760046,0.0015700516988884354,0.0034660930439954396,0.003016964740906996,0.0006747192232430093,0.0010618844767012606,0.0018477411078357397,0.004322804850577607,0.0033096188460765485,0.005685707336827286,0.010373379467385507,0.00848224632698363,0.01096195425367718,0.011074267462057056,0.054265154829190136,0.15343795701397056,0.20241717732448575,0.15973880506870108,0.12928178640116209,0.07801716106587368,0.06768271377603921,0.005133801082596546,0.005088302100252347,0.006545389626878924,0.003823784175761567,0.007919960947235535,0.008991012261315797,0.017233180752390716,0.015362336433085258,0.007708263351796551,0.004678082050923705,0.0009917954130138286,0.0,0.0,0.0,0.0,0.0,0.0,0.0,0.0,0.0,0.0,0.0
C=CC(=O)O,C=CC(=O)O,298.15,0.0,aux_only_sigma_profile_stream,,,No,False,0.0,False,0.0,False,0.0,0.0,0.0,False,0.0,False,True,107.21384,0.0,0.0,0.0,0.0,0.0,0.0,0.0001946668613505999,0.010869509910178442,0.005412240825303552,0.004477468330069467,0.014522670554409282,0.012299755904007266,0.003856438797430122,0.001416779672270707,0.003605753452498694,0.007271287006112106,0.010787882497843095,0.032811114321947055,0.05806452371138894,0.04881522552518872,0.036330240057942796,0.039849179547258536,0.04924767091805359,0.06043312787330023,0.08409504734407396,0.06029837938621627,0.04597899670208874,0.05050593258126629,0.06714370916679498,0.05939264213338679,0.018808271849879304,0.012823648233635507,0.02121012660048031,0.05228565240794415,0.025134747345170173,0.02118161364653955,0.06324120969912339,0.017060653896969615,0.0005738332398778096,1.0102676441055769e-18,0.0,0.0,0.0,0.0,0.0,0.0,0.0,0.0,0.0,0.0,0.0
CCCCCCCC/C=C\CCCCCCCC(=O)O,CCCCCCCC/C=C\CCCCCCCC(=O)O,298.15,0.0,aux_only_sigma_profile_stream,,,No,False,0.0,False,0.0,False,0.0,0.0,0.0,False,0.0,False,True,401.43616000000026,0.0,0.0,0.0,0.0,0.0,0.0,0.0,0.0004700822778874359,0.003179292162369526,0.0007510512712683825,0.00191121593799556,0.0036601468555869446,0.003038014329902891,0.0009569839194220813,0.0004877039408998038,0.0008927064938028066,0.002374126766671212,0.002244566138285531,0.0030348149275503215,0.012020169112634389,0.010333516258298349,0.019390620686493526,0.07781468535720798,0.17066799132770538,0.197761424294475,0.14945266255242493,0.09626707942548893,0.08843232032329341,0.04507620914552164,0.013789330214684587,0.01614618674719969,0.013996566850318857,0.010489641395127803,0.01772478242374652,0.007235857826372587,0.012004206068167619,0.013262220048426117,0.0048763451690986195,0.0002574797516715062,4.444731318924122e-19,0.0,0.0,0.0,0.0,0.0,0.0,0.0,0.0,0.0,0.0,0.0
CCCCC/C=C\C/C=C\CCCCCCCC(=O)O,CCCCC/C=C\C/C=C\CCCCCCCC(=O)O,298.15,0.0,aux_only_sigma_profile_stream,,,No,False,0.0,False,0.0,False,0.0,0.0,0.0,False,0.0,False,True,396.45080000000024,0.0,0.0,0.0,0.0,0.0,0.0,0.0,0.0004567984544187029,0.003218726117337055,0.0007802363953049755,0.0018536576852673365,0.0037715463457513713,0.0030756382811021688,0.0009937024583031055,0.0004906571894341244,0.0009050834615647452,0.0023804217971778777,0.0022961059893378483,0.003109334424784082,0.012176510129069855,0.017404070422655737,0.039521192087088465,0.09101743343475278,0.17122086217328142,0.16658058061791392,0.12793226121468257,0.08817532857614938,0.08487288300582335,0.036724065417951465,0.02055302523120232,0.025154962567974542,0.0222670910459638,0.016479900185219668,0.01952233645040319,0.006394874242707389,0.011930214229950924,0.013593686647861262,0.004930988057130774,0.0002158256624338285,3.627722250652686e-19,0.0,0.0,0.0,0.0,0.0,0.0,0.0,0.0,0.0,0.0,0.0
C1=CC=C(C=C1)C(=O)O,C1=CC=C(C=C1)C(=O)O,298.15,0.0,aux_only_sigma_profile_stream,,,No,False,0.0,False,0.0,False,0.0,0.0,0.0,False,0.0,False,True,153.31237000000004,0.0,0.0,0.0,0.0,0.0,0.0,0.0,0.00699452335860724,0.004527638877877629,0.0009911495085881718,0.011766310323037708,0.007734239791235311,0.003740473706468981,0.0011830555826345909,0.0023984448499724093,0.004363497452980762,0.006324793927397317,0.007956634219461349,0.05169545779670165,0.07324939096203194,0.05978192289291801,0.040188085557941594,0.0499582322110039,0.04535248699316043,0.06791661961509302,0.04802040471623775,0.07677661432105053,0.06390083882973879,0.0927071420723272,0.07875222896199176,0.061158183487537564,0.012696718171212339,0.019686849903686892,0.025337663049783386,0.006284221066876298,0.022435311800605283,0.03934715325430498,0.006773712737535184,1.1703098061952296e-17,0.0,0.0,0.0,0.0,0.0,0.0,0.0,0.0,0.0,0.0,0.0,0.0
CC1=CC=CC=C1C(=O)O,CC1=CC=CC=C1C(=O)O,298.15,0.0,aux_only_sigma_profile_stream,,,No,False,0.0,False,0.0,False,0.0,0.0,0.0,False,0.0,False,True,168.2375599999998,0.0,0.0,0.0,0.0,0.0,0.0,0.0,0.003952625024428086,0.0054255802703980375,0.0015256414090111762,0.009992062897779541,0.004810546346679246,0.005823312344123159,0.0014007404988835388,0.0019769811824547753,0.002386073340535029,0.0062075518418984515,0.005448291759678226,0.02366414914143105,0.050138191233753626,0.07166876360983072,0.06248529895452782,0.05764551225369282,0.0563387440476669,0.07098619352065207,0.09205275628574866,0.07640507774377561,0.07077075453075171,0.0741731512722047,0.07260020068984663,0.056291648746660754,0.022531532003787942,0.010337705470175696,0.017077999866356438,0.006605345713342617,0.01417089904620472,0.03634078434189197,0.008437716272686956,0.0003281683391413598,5.711410087000661e-19,0.0,0.0,0.0,0.0,0.0,0.0,0.0,0.0,0.0,0.0,0.0
CC1=CC=C(C=C1)C(=O)O,CC1=CC=C(C=C1)C(=O)O,298.15,0.0,aux_only_sigma_profile_stream,,,No,False,0.0,False,0.0,False,0.0,0.0,0.0,False,0.0,False,True,172.72386000000023,0.0,0.0,0.0,0.0,0.0,0.0,0.0,0.00457659062318575,0.005650658814153109,0.0,0.009781236551016025,0.006931683449743129,0.0043943828773114835,0.0012584358815777201,0.0018392061161139428,0.0028437578637104514,0.006143258392276485,0.00477108803438544,0.02017440919367252,0.05400754066067484,0.08034331963760062,0.06374046711988017,0.05243193902269483,0.06148585219597795,0.08749062234764832,0.08016911559075442,0.06240379917808336,0.0650676295283795,0.07367913865543002,0.0754835683875533,0.051238944668084666,0.014131343821421468,0.01582666032804823,0.023022984719839545,0.0093102769457182,0.012179842927679216,0.03916071160893864,0.009856860577646918,0.0006046742807997081,1.0126045003570655e-18,0.0,0.0,0.0,0.0,0.0,0.0,0.0,0.0,0.0,0.0,0.0
C1=CC=C(C(=C1)C(=O)O)O,C1=CC=C(C(=C1)C(=O)O)O,298.15,0.0,aux_only_sigma_profile_stream,,,No,False,0.0,False,0.0,False,0.0,0.0,0.0,False,0.0,False,True,158.69257000000005,0.0,0.0,0.0,0.0,0.0,0.0,0.002037624047600778,0.007659254675222139,0.0025085536926808725,0.006889417195724978,0.00817521087765394,0.005900124282043667,0.0015494330657680384,0.0018595458024482803,0.004709834690960346,0.006215442555707197,0.00422566053993481,0.003658888722490264,0.03178424073150985,0.05783399609622648,0.05457359495886806,0.0439361948621326,0.05191184335845881,0.06638596856723662,0.05494896819096576,0.0633235385522334,0.09760495061081872,0.08448653655826417,0.08242829429828123,0.08513741473983373,0.029778584061251934,0.03464758468459587,0.028204142382880864,0.018374606615312292,0.03352107394617693,0.02214974064317897,0.0035797359935384235,1.2262558565246561e-17,0.0,0.0,0.0,0.0,0.0,0.0,0.0,0.0,0.0,0.0,0.0,0.0,0.0
C(CCC(=O)O)CC(=O)O,C(CCC(=O)O)CC(=O)O,298.15,0.0,aux_only_sigma_profile_stream,,,No,False,0.0,False,0.0,False,0.0,0.0,0.0,False,0.0,False,True,184.4877,0.0,0.0,0.0,0.0,0.0,0.00019501468807156416,0.0030077715911694405,0.00897876861458632,0.008857915560361154,0.0036748333126212706,0.014095119809329985,0.015968218703561757,0.007984905652903815,0.002836180293784887,0.00319808048119105,0.012874832623945592,0.012339978454370999,0.01909116689280928,0.03408946464004647,0.05082810323500061,0.05262075280360019,0.08300624343998816,0.1025650691455875,0.0721485538612612,0.04817266285562128,0.03439725449481554,0.027000333042787848,0.013867652832688532,0.029860038853852217,0.02314699775888859,0.03396223430619466,0.01860065442432168,0.025384755473600903,0.04753094143932187,0.037497841948210646,0.05936306339378669,0.060523151752624064,0.025858425232126007,0.005991710570912513,0.00048130781605581303,0.0,0.0,0.0,0.0,0.0,0.0,0.0,0.0,0.0,0.0,0.0
C1=CC=C(C(=C1)C(=O)O)C(=O)O,C1=CC=C(C(=C1)C(=O)O)C(=O)O,298.15,0.0,aux_only_sigma_profile_stream,,,No,False,0.0,False,0.0,False,0.0,0.0,0.0,False,0.0,False,True,182.33704000000003,0.0,0.0,0.0,0.0,0.0,0.0,0.0027835423473150937,0.015393818956354076,0.0018446813926474399,0.01018531515513699,0.01675915490354975,0.011161775386561237,0.0029258936831964445,0.0034199076719169997,0.004031412798492263,0.012626442067624422,0.008499997957856723,0.030817025721573955,0.05651544938362989,0.04502506120118106,0.0314325774168713,0.03241114907088175,0.04973322440719789,0.04600075562584541,0.041477661134966426,0.04441285378116722,0.06293271388142091,0.09681669365981097,0.08960160746842769,0.048209990686916754,0.023259131030610312,0.023137633972530318,0.0370914790445334,0.021469020704618706,0.026526894583279455,0.05725234481826454,0.03927759253429752,0.006967197551323034,1.2382465097796355e-17,0.0,0.0,0.0,0.0,0.0,0.0,0.0,0.0,0.0,0.0,0.0,0.0
CC(=O)OO,CC(=O)OO,298.15,0.0,aux_only_sigma_profile_stream,,,No,False,0.0,False,0.0,False,0.0,0.0,0.0,False,0.0,False,True,103.31502999999998,0.0,0.0,0.0,0.0,0.0,0.0,0.0,0.0,0.0,0.0,0.0,0.0011527255055709883,0.005402637105121215,0.004775901673957536,0.007016372978843957,0.00566219092749518,0.0021731584843534776,0.05066063515646321,0.06642513488897193,0.08304086589804999,0.054044861489700585,0.07545415645895967,0.0945748373294841,0.03749658052788128,0.030950816250912967,0.031235608558232916,0.03943711180190037,0.017570094472082725,0.028637547746051376,0.05155017217751,0.07049174866022843,0.0548848084873022,0.045896065603689036,0.056948929292199225,0.051624989128322196,0.031183817800951086,0.0017082315957643271,5.7913397057686465e-18,0.0,0.0,0.0,0.0,0.0,0.0,0.0,0.0,0.0,0.0,0.0,0.0,0.0
CC(=O)OC(=O)C,CC(=O)OC(=O)C,298.15,0.0,aux_only_sigma_profile_stream,,,No,False,0.0,False,0.0,False,0.0,0.0,0.0,False,0.0,False,True,138.94207999999992,0.0,0.0,0.0,0.0,0.0,0.0,0.0,0.0,0.0,0.0,0.0,0.0,0.0,0.0,0.0,0.0,0.0027209709334973407,0.032007088085780795,0.058508473736828714,0.09400713485388665,0.08776128425847524,0.08664115188990339,0.10755338618013426,0.10906468618366737,0.0519747428141325,0.02411631083656673,0.014139043607412466,0.029828273898106182,0.016094270239039254,0.022196232059885326,0.01941128378543219,0.017708432825117713,0.025312109447409036,0.02242978041838543,0.038121860535112205,0.07145059887773098,0.03936304067932704,0.01626879757923577,0.013318476614912788,2.569660020464644e-06,0.0,0.0,0.0,0.0,0.0,0.0,0.0,0.0,0.0,0.0,0.0
CCC(=O)OC(=O)CC,CCC(=O)OC(=O)CC,298.15,0.0,aux_only_sigma_profile_stream,,,No,False,0.0,False,0.0,False,0.0,0.0,0.0,False,0.0,False,True,176.2188500000001,0.0,0.0,0.0,0.0,0.0,0.0,0.0,0.0,0.0,0.0,0.0,0.0,0.0,0.0,0.0,0.0,0.0,0.0019073764646668036,0.04322502003515472,0.050341576533815505,0.07526183965978833,0.10173510544398054,0.13468673955007132,0.11634790182938878,0.06380065669262677,0.06438925636208097,0.08051739671404558,0.03408674936524386,0.01540724491923587,0.014837688213953152,0.016282122795361894,0.02248673132141889,0.012782944992057994,0.017576102208407943,0.027904041152095858,0.055160491880373044,0.026712003426025473,0.01328002579093665,0.011270984649269983,1.9601637481632223e-17,0.0,0.0,0.0,0.0,0.0,0.0,0.0,0.0,0.0,0.0,0.0
CCCC(=O)OC(=O)CCC,CCCC(=O)OC(=O)CCC,298.15,0.0,aux_only_sigma_profile_stream,,,No,False,0.0,False,0.0,False,0.0,0.0,0.0,False,0.0,False,True,215.92086999999992,0.0,0.0,0.0,0.0,0.0,0.0,0.0,0.0,0.0,0.0,0.0,0.0,0.0,0.0,0.0,0.0,0.0,0.0044304201192910545,0.03259799048264655,0.03418690289166574,0.05094115953402885,0.0858277041122533,0.1381013107834704,0.12659600518020842,0.08374606425079292,0.09136907252662334,0.08346055362190698,0.06598375566401339,0.017324622981930424,0.01540086158969576,0.014140137325160654,0.02078680743252341,0.009825844384144668,0.01510331345366662,0.033149718501656426,0.049401510707294274,0.0253867939072082,0.00223945054981867,3.9336868517416e-18,0.0,0.0,0.0,0.0,0.0,0.0,0.0,0.0,0.0,0.0,0.0,0.0
C1=CC=C2C(=C1)C(=O)OC2=O,C1=CC=C2C(=C1)C(=O)OC2=O,298.15,0.0,aux_only_sigma_profile_stream,,,No,False,0.0,False,0.0,False,0.0,0.0,0.0,False,0.0,False,True,164.59188000000006,0.0,0.0,0.0,0.0,0.0,0.0,0.0,0.0,0.0,0.0,0.0,0.0,0.0,0.0,0.0,0.0007285452268674473,0.024807295874874985,0.06759032323364977,0.06910918053175646,0.04285620843810769,0.04897295546364357,0.06471913341267745,0.041472844763497566,0.07136257185699499,0.07598035540815498,0.05545355570419577,0.07673729533018758,0.050930131444777496,0.019843810298312038,0.014543018974923303,0.03363963588937896,0.04991949435098728,0.04476856283494354,0.0634220131551781,0.05652711922487522,0.023143056597079287,0.0034728919849364246,1.2067308755345484e-17,0.0,0.0,0.0,0.0,0.0,0.0,0.0,0.0,0.0,0.0,0.0,0.0,0.0
C1=CC2=C(C=C1C(=O)O)C(=O)OC2=O,C1=CC2=C(C=C1C(=O)O)C(=O)OC2=O,298.15,0.0,aux_only_sigma_profile_stream,,,No,False,0.0,False,0.0,False,0.0,0.0,0.0,False,0.0,False,True,194.57396999999995,0.0,0.0,0.0,0.0,0.003347265526261627,0.005562414746927198,0.0016212959368680077,0.004121469924945456,0.0073490053034224985,0.006003681994699343,0.004087951424193754,0.0031209318255283553,0.00691277930572799,0.008343820072744777,0.0054210824868942695,0.01599076858914313,0.028467142762142596,0.03138333080629912,0.032107172579423915,0.03737795414410551,0.05181291011133453,0.053894220120580885,0.08841818380831157,0.0794275268231907,0.0546637881930399,0.017406389976540083,0.01993590401271013,0.02676816712629367,0.024923790958516347,0.03377016834472936,0.048257216633522816,0.049877130172532126,0.060638349122468446,0.0812788528191402,0.056826178930921754,0.033229736828502,0.010353533201481921,0.006315399786700671,0.0009844856001554104,1.6858754954795347e-18,0.0,0.0,0.0,0.0,0.0,0.0,0.0,0.0,0.0,0.0,0.0
COC=O,COC=O,298.15,0.0,aux_only_sigma_profile_stream,,,No,False,0.0,False,0.0,False,0.0,0.0,0.0,False,0.0,False,True,93.46326999999998,0.0,0.0,0.0,0.0,0.0,0.0,0.0,0.0,0.0,0.0,0.0,0.0,0.0,0.0,0.0,0.002157168363119252,0.029878779208898327,0.031359911907449745,0.051478122490025764,0.08530067467145748,0.07462906180629526,0.07705722430528582,0.10992691526795395,0.08249957893814576,0.03569242809907412,0.04805739295224414,0.03493327260003401,0.015014680590928937,0.027740921722049106,0.020872149875241476,0.02734394991039154,0.03346561841218332,0.023148497958804252,0.04542514490215793,0.017572360689305226,0.052933588249470635,0.051154224896664435,0.018338710406641038,0.004019621776178455,7.237238339537551e-18,0.0,0.0,0.0,0.0,0.0,0.0,0.0,0.0,0.0,0.0,0.0
CCOC=O,CCOC=O,298.15,0.0,aux_only_sigma_profile_stream,,,No,False,0.0,False,0.0,False,0.0,0.0,0.0,False,0.0,False,True,113.59910000000002,0.0,0.0,0.0,0.0,0.0,0.0,0.0,0.0,0.0,0.0,0.0,0.0,0.0,0.0,0.0,0.0,0.0199592449457427,0.025110613564595843,0.01582193951759336,0.04679316571221109,0.0889646396186739,0.1146193345119477,0.10717722973390632,0.09400377607802611,0.06698466422837654,0.08914237038922314,0.046726146843350434,0.01288897299370638,0.02558437368067079,0.018388154593258925,0.018318756222300968,0.03127597894462658,0.01861620585641136,0.03257234268478006,0.018488368601925802,0.039893781151163085,0.04531724152671745,0.019002245960429966,0.004350452640361612,7.787584497445763e-18,0.0,0.0,0.0,0.0,0.0,0.0,0.0,0.0,0.0,0.0,0.0
CCCOC=O,CCCOC=O,298.15,0.0,aux_only_sigma_profile_stream,,,No,False,0.0,False,0.0,False,0.0,0.0,0.0,False,0.0,False,True,133.65142999999998,0.0,0.0,0.0,0.0,0.0,0.0,0.0,0.0,0.0,0.0,0.0,0.0,0.0,0.0,0.0,1.2053701718123781e-05,0.017492432566794613,0.021026474280185337,0.012690369531393419,0.027019790207989475,0.04887771079752406,0.11511709812386223,0.1228772877649622,0.12761499345937938,0.08187542620655912,0.09031983607419092,0.07325200255745691,0.03047702327819546,0.023270208669754006,0.01518088074158107,0.015039712145789313,0.027638158688077938,0.015616877108426602,0.026490295950233757,0.016130430977267064,0.03444225514082028,0.03774555742807002,0.01617868310326564,0.0036144414965031207,6.1266783772060405e-18,0.0,0.0,0.0,0.0,0.0,0.0,0.0,0.0,0.0,0.0,0.0
CCCCOC=O,CCCCOC=O,298.15,0.0,aux_only_sigma_profile_stream,,,No,False,0.0,False,0.0,False,0.0,0.0,0.0,False,0.0,False,True,153.57423,0.0,0.0,0.0,0.0,0.0,0.0,0.0,0.0,0.0,0.0,0.0,0.0,0.0,0.0,0.0,0.0,0.014959892772276441,0.0184826404387727,0.011007699917096051,0.023776483681063484,0.03882687193723654,0.07999602350704542,0.14278445257768896,0.13950626829938784,0.10068774237423232,0.0921400717202424,0.07384374860001904,0.057324958801948725,0.025087404479353797,0.013019259627045697,0.013221233889905487,0.02432706984120031,0.013459881162394303,0.023057272612358987,0.013797661686975804,0.03005604032605367,0.0333567799682756,0.014064747856377792,0.0032157939230486703,5.7209979546479706e-18,0.0,0.0,0.0,0.0,0.0,0.0,0.0,0.0,0.0,0.0,0.0
CC(C)COC=O,CC(C)COC=O,298.15,0.0,aux_only_sigma_profile_stream,,,No,False,0.0,False,0.0,False,0.0,0.0,0.0,False,0.0,False,True,150.24271,0.0,0.0,0.0,0.0,0.0,0.0,0.0,0.0,0.0,0.0,0.0,0.0,0.0,0.0,0.0,0.0,0.009467013514182752,0.021667565068689925,0.012398957864815938,0.017975516391407414,0.037991063297964145,0.08483076837525762,0.13775189686426118,0.13462763857385962,0.09252090927059822,0.09178014220041227,0.10031823403793369,0.06442578837034779,0.02029647212825827,0.013922889728064679,0.016405665157694503,0.021300909968424826,0.011599387880580764,0.020497676710373305,0.011318998747074918,0.035966689830968165,0.029482565208274403,0.011326994406396685,0.002126256404158953,3.5084312014739736e-18,0.0,0.0,0.0,0.0,0.0,0.0,0.0,0.0,0.0,0.0,0.0
CCCCCOC=O,CCCCCOC=O,298.15,0.0,aux_only_sigma_profile_stream,,,No,False,0.0,False,0.0,False,0.0,0.0,0.0,False,0.0,False,True,173.1465100000001,0.0,0.0,0.0,0.0,0.0,0.0,0.0,0.0,0.0,0.0,0.0,0.0,0.0,0.0,0.0,0.0,0.013249273878792005,0.01658892244576953,0.009731324419548042,0.02095622044184482,0.034586641232548704,0.06383936432719027,0.1332264071599941,0.14927813092663597,0.12407173533590131,0.09570162269393295,0.08011732681147712,0.07014252080816293,0.02568987234971492,0.012987333801276438,0.012267311930499371,0.02007071340069487,0.013016830892074572,0.020045867508282196,0.012814197724095557,0.026306710852749958,0.029623639532400204,0.012762101258708126,0.002925930267706144,4.923767758403711e-18,0.0,0.0,0.0,0.0,0.0,0.0,0.0,0.0,0.0,0.0,0.0
CCCCCCCCOC=O,CCCCCCCCOC=O,298.15,0.0,aux_only_sigma_profile_stream,,,No,False,0.0,False,0.0,False,0.0,0.0,0.0,False,0.0,False,True,232.8928699999999,0.0,0.0,0.0,0.0,0.0,0.0,0.0,0.0,0.0,0.0,0.0,0.0,0.0,0.0,0.0,0.0,0.009687378872031166,0.012417579169208019,0.0072614238897828025,0.015776213562651024,0.024763333573131468,0.04685922073589932,0.10118063471139893,0.16205936589428013,0.1559063834776162,0.1272647793862277,0.09575339747486047,0.07646574622591883,0.042585243419266526,0.010201401828355034,0.009446346176936165,0.014602506843017142,0.009905590394665929,0.015283688753166817,0.009611671974206128,0.01987641723826003,0.021650663739855035,0.0092986157177808,0.002142396941484224,3.707126677106882e-18,0.0,0.0,0.0,0.0,0.0,0.0,0.0,0.0,0.0,0.0,0.0
CCCCCCCCCOC=O,CCCCCCCCCOC=O,298.15,0.0,aux_only_sigma_profile_stream,,,No,False,0.0,False,0.0,False,0.0,0.0,0.0,False,0.0,False,True,252.8359100000001,0.0,0.0,0.0,0.0,0.0,0.0,0.0,0.0,0.0,0.0,0.0,0.0,0.0,0.0,0.0,0.0,0.009046185059859097,0.011352636227359708,0.006652026823448336,0.014370167684414641,0.023176980394923084,0.04310062636645402,0.09399504374458793,0.16256866498766012,0.16511600887065997,0.1337699606583028,0.10195128150965814,0.0758270088822608,0.046659940282694795,0.009524520445935188,0.008424552576190542,0.013695607898479725,0.00892130269803668,0.013929305562021228,0.008865770637983779,0.01833070880095173,0.0201732862530502,0.008549709410055475,0.00199870422501209,3.50463152210857e-18,0.0,0.0,0.0,0.0,0.0,0.0,0.0,0.0,0.0,0.0,0.0
CCCCCCCCCCOC=O,CCCCCCCCCCOC=O,298.15,0.0,aux_only_sigma_profile_stream,,,No,False,0.0,False,0.0,False,0.0,0.0,0.0,False,0.0,False,True,272.76970000000006,0.0,0.0,0.0,0.0,0.0,0.0,0.0,0.0,0.0,0.0,0.0,0.0,0.0,0.0,0.0,3.2658607891975165e-05,0.008468047363705168,0.010260313383546228,0.006021319311982121,0.01363711427752657,0.021152223610311258,0.040025489886727515,0.08943872537200505,0.16156225548576286,0.17228991610495553,0.13952602875616313,0.10679063856781416,0.07631688099643506,0.05037339709732348,0.008743862211618481,0.007933171642113839,0.012558918216093208,0.008328908196166985,0.012935344551537685,0.008202115078720179,0.016967047388577763,0.018663166186198718,0.007912590518308556,0.0018598671885143871,3.1308999540673335e-18,0.0,0.0,0.0,0.0,0.0,0.0,0.0,0.0,0.0,0.0,0.0
C=COC=O,C=COC=O,298.15,0.0,aux_only_sigma_profile_stream,,,No,False,0.0,False,0.0,False,0.0,0.0,0.0,False,0.0,False,True,110.60604,0.0,0.0,0.0,0.0,0.0,0.0,0.0,0.0,0.0,0.0,0.0,0.0,0.0,0.0034808616775254854,0.031333468235402645,0.031760599359632616,0.026850440190569244,0.03277572833724415,0.03515870694814867,0.0745097949149785,0.056531774296573224,0.03625676144807191,0.04618295670297228,0.04759144586342726,0.06072116078421937,0.04717970681916358,0.0336711817469329,0.05763343322084978,0.06111782176793274,0.06158523952162097,0.03673897634987024,0.03627774810275126,0.027812644557811125,0.035247891696662766,0.0577067248854935,0.037239248011813796,0.022656727614869514,0.0019789569454623335,3.48613752322907e-18,0.0,0.0,0.0,0.0,0.0,0.0,0.0,0.0,0.0,0.0,0.0,0.0
CC(=O)OC,CC(=O)OC,298.15,0.0,aux_only_sigma_profile_stream,,,No,False,0.0,False,0.0,False,0.0,0.0,0.0,False,0.0,False,True,113.5546600000001,0.0,0.0,0.0,0.0,0.0,0.0,0.0,0.0,0.0,0.0,0.0,0.0,0.0,0.0,0.0,0.0,0.0,0.0038468273455587437,0.03834674410727025,0.0866672059934215,0.10344326168101063,0.07930813942201106,0.1075127540766446,0.13354599652806132,0.08541452777410544,0.04683764526689689,0.023817394103958722,0.01837728046097605,0.016537388848613506,0.029361590048549106,0.015710590038442804,0.024008047931671214,0.025291603451244163,0.025724689075102045,0.02946915494688872,0.013936383565971086,0.041726712814359045,0.03793425002210326,0.012363715449041841,0.0008180970480979804,0.0,0.0,0.0,0.0,0.0,0.0,0.0,0.0,0.0,0.0,0.0
CCOC(=O)C,CCOC(=O)C,298.15,0.0,aux_only_sigma_profile_stream,,,No,False,0.0,False,0.0,False,0.0,0.0,0.0,False,0.0,False,True,133.61769000000004,0.0,0.0,0.0,0.0,0.0,0.0,0.0,0.0,0.0,0.0,0.0,0.0,0.0,0.0,0.0,0.0,0.0,0.00028724739303015933,0.01894461373828023,0.04662175058405521,0.1003380300132572,0.11006158434026583,0.11970279565371991,0.1147616858402581,0.1040673390301224,0.0842719162440235,0.04567578122686351,0.023626280667301828,0.014859890601477315,0.022039272407093174,0.012198213964505678,0.01786003954515715,0.023690669770323667,0.017745930108435264,0.02992895187077511,0.014369980076456446,0.033767465787937795,0.03205992248381467,0.012891505677948887,0.00022913297489688073,0.0,0.0,0.0,0.0,0.0,0.0,0.0,0.0,0.0,0.0,0.0
CCCCOC(=O)C,CCCCOC(=O)C,298.15,0.0,aux_only_sigma_profile_stream,,,No,False,0.0,False,0.0,False,0.0,0.0,0.0,False,0.0,False,True,173.4474899999999,0.0,0.0,0.0,0.0,0.0,0.0,0.0,0.0,0.0,0.0,0.0,0.0,0.0,0.0,0.0,0.0,0.0,0.0002760342154527242,0.015205810630917124,0.03045358880372615,0.05396915088377921,0.07574242972369163,0.14181942962204708,0.15088206807587365,0.12895455181971105,0.08973434585889775,0.06716494436841436,0.06161318250593135,0.01848206042170816,0.015388948485151856,0.008676745853396275,0.015282692743183954,0.018189004092342483,0.013359117525786803,0.021898074099204388,0.012124902804366067,0.02671883373999238,0.023672109598073712,0.010230107897576116,0.00016186623077576803,0.0,0.0,0.0,0.0,0.0,0.0,0.0,0.0,0.0,0.0,0.0
CC(C)COC(=O)C,CC(C)COC(=O)C,298.15,0.0,aux_only_sigma_profile_stream,,,No,False,0.0,False,0.0,False,0.0,0.0,0.0,False,0.0,False,True,170.23067,0.0,0.0,0.0,0.0,0.0,0.0,0.0,0.0,0.0,0.0,0.0,0.0,0.0,0.0,0.0,0.0,0.0,0.0007826034040998781,0.01406099604646172,0.02885370304862972,0.05568167178314548,0.09014500180088111,0.13183168136522166,0.13480860945992107,0.12282689508758379,0.08630383209318332,0.077198956060516,0.07866057071643257,0.023935600432980788,0.013903779879367273,0.01333356028126465,0.01046516357810264,0.0165472299103359,0.012219908579519366,0.015146511331422767,0.010029260868231351,0.02559150068459256,0.025997733557698795,0.010669726878241532,0.0010055031521660743,0.0,0.0,0.0,0.0,0.0,0.0,0.0,0.0,0.0,0.0,0.0
CC(C)CCOC(=O)C,CC(C)CCOC(=O)C,298.15,0.0,aux_only_sigma_profile_stream,,,No,False,0.0,False,0.0,False,0.0,0.0,0.0,False,0.0,False,True,189.78640000000007,0.0,0.0,0.0,0.0,0.0,0.0,0.0,0.0,0.0,0.0,0.0,0.0,0.0,0.0,0.0,0.0,0.0,0.001368534765666686,0.013797140427085549,0.024616736779752596,0.05019967784675528,0.07378748729519077,0.13556975846197825,0.16226327585930278,0.1279414372488892,0.0833110470370843,0.06929319593973379,0.07936264833614205,0.025696778263919376,0.015755889831452038,0.009225158883414516,0.011818187451179955,0.018613753352267646,0.012470752564888575,0.018110311823259985,0.010496873226102151,0.022363453826002227,0.02353016845972497,0.009536152808142385,0.0008715795120649733,0.0,0.0,0.0,0.0,0.0,0.0,0.0,0.0,0.0,0.0,0.0
CC(=O)OCC=C,CC(=O)OCC=C,298.15,0.0,aux_only_sigma_profile_stream,,,No,False,0.0,False,0.0,False,0.0,0.0,0.0,False,0.0,False,True,149.29329999999993,0.0,0.0,0.0,0.0,0.0,0.0,0.0,0.0,0.0,0.0,0.0,0.0,0.0,0.0,0.0,0.0,0.0,0.0030027065692697875,0.035711457535109424,0.08722400746067242,0.10191874064833925,0.09025170735591555,0.07216452629062259,0.10069877197789788,0.07966830536853364,0.05011244965956311,0.05953443784458643,0.03667369790245412,0.030682645171995676,0.02964308497405283,0.043575119738329525,0.03448444625896201,0.03468990636907827,0.016601883146381727,0.015433570134294312,0.01338898009963981,0.03279736422000249,0.02322871376979554,0.008030082763375815,0.0004833947411279195,0.0,0.0,0.0,0.0,0.0,0.0,0.0,0.0,0.0,0.0,0.0
CC(C)OC(=O)C,CC(C)OC(=O)C,298.15,0.0,aux_only_sigma_profile_stream,,,No,False,0.0,False,0.0,False,0.0,0.0,0.0,False,0.0,False,True,150.85849000000005,0.0,0.0,0.0,0.0,0.0,0.0,0.0,0.0,0.0,0.0,0.0,0.0,0.0,0.0,0.0,0.0,0.0,0.0012064560077840363,0.015322339301428903,0.02953698378561199,0.07019275593576865,0.11094048483465528,0.12751221945784882,0.11333470683304331,0.12007106548106503,0.09863630622192159,0.08447239559043111,0.03276833811602832,0.012310091373557692,0.013805032694161392,0.012139121689232204,0.01979582209110186,0.018604122364241544,0.01679768377108838,0.025333799338371866,0.012416118519361303,0.021715703030878497,0.029890603874551138,0.011398505951938233,0.0017993437359288525,0.0,0.0,0.0,0.0,0.0,0.0,0.0,0.0,0.0,0.0,0.0
CCC(C)OC(=O)C,CCC(C)OC(=O)C,298.15,0.0,aux_only_sigma_profile_stream,,,No,False,0.0,False,0.0,False,0.0,0.0,0.0,False,0.0,False,True,168.68574999999993,0.0,0.0,0.0,0.0,0.0,0.0,0.0,0.0,0.0,0.0,0.0,0.0,0.0,0.0,0.0,0.0,0.0,0.0010182612805148335,0.013604271972124621,0.025754695357367186,0.04471111232593721,0.09758729596815088,0.1293525443551231,0.14337547564338607,0.12555108717639166,0.11085911582879353,0.08796624776668513,0.04350231181291461,0.014687642119851447,0.010585535622041642,0.00785383079657168,0.021997534575725345,0.015925989841234195,0.014976405089931788,0.021104465875980284,0.011160217496826216,0.017899558343284466,0.02829008622592291,0.010461614138208746,0.0017747003870325314,0.0,0.0,0.0,0.0,0.0,0.0,0.0,0.0,0.0,0.0,0.0
CC(=O)OC=C,CC(=O)OC=C,298.15,0.0,aux_only_sigma_profile_stream,,,No,False,0.0,False,0.0,False,0.0,0.0,0.0,False,0.0,False,True,129.88565999999997,0.0,0.0,0.0,0.0,0.0,0.0,0.0,0.0,0.0,0.0,0.0,0.0,0.0,0.0,0.0,0.0,0.0,0.017666392707196936,0.055626852379769415,0.08564660625412768,0.08066236947856602,0.06001706640575281,0.07964905187873704,0.10132843608044416,0.06833840889886045,0.05284136300152866,0.03888579697370989,0.03323642151516905,0.044205898251415215,0.0520163993598382,0.05374068579489223,0.04499904564822823,0.032703547318545564,0.014657013880323436,0.015160349642730463,0.040084021385582494,0.021326597130521218,0.007100063313366992,0.00010761270069379486,1.8426887678146077e-19,0.0,0.0,0.0,0.0,0.0,0.0,0.0,0.0,0.0,0.0,0.0
CCC(=O)OC,CCC(=O)OC,298.15,0.0,aux_only_sigma_profile_stream,,,No,False,0.0,False,0.0,False,0.0,0.0,0.0,False,0.0,False,True,132.20916999999992,0.0,0.0,0.0,0.0,0.0,0.0,0.0,0.0,0.0,0.0,0.0,0.0,0.0,0.0,0.0,0.0,0.0,0.0004837204495464614,0.015832621407245364,0.06899902685555681,0.07389812767317575,0.10209636089922286,0.12134434939511994,0.13383856082211323,0.09359983389410287,0.06219290063742761,0.07095906741486128,0.030032291277075195,0.013802404684483467,0.024208981319675575,0.017909671341752788,0.018951423315891867,0.028372492034042286,0.009777413394158219,0.017639844872139366,0.012546742731298856,0.02855649331911778,0.03697650139052041,0.015040622645358534,0.0029405482261136194,0.0,0.0,0.0,0.0,0.0,0.0,0.0,0.0,0.0,0.0,0.0
CCC(=O)OCC,CCC(=O)OCC,298.15,0.0,aux_only_sigma_profile_stream,,,No,False,0.0,False,0.0,False,0.0,0.0,0.0,False,0.0,False,True,152.2203200000001,0.0,0.0,0.0,0.0,0.0,0.0,0.0,0.0,0.0,0.0,0.0,0.0,0.0,0.0,0.0,0.0,0.0,0.0,0.004043777256997007,0.030242180842622767,0.07650620423618143,0.117930676117626,0.12935807470798635,0.12584758075917518,0.11092613723425222,0.08522055110880263,0.08259981591099724,0.03638836037312676,0.016203430140641725,0.016070234851936246,0.015574136992731382,0.015848873624077445,0.021818317092131445,0.014802302901788397,0.02115483033523355,0.015978477956551006,0.023537891391196865,0.03208078747527237,0.0077651259453667245,0.00010223274530517271,0.0,0.0,0.0,0.0,0.0,0.0,0.0,0.0,0.0,0.0,0.0
CCCOC(=O)CC,CCCOC(=O)CC,298.15,0.0,aux_only_sigma_profile_stream,,,No,False,0.0,False,0.0,False,0.0,0.0,0.0,False,0.0,False,True,172.37697999999995,0.0,0.0,0.0,0.0,0.0,0.0,0.0,0.0,0.0,0.0,0.0,0.0,0.0,0.0,0.0,0.0,0.0,0.0,0.003595762226448904,0.022856688802361667,0.04518273192795594,0.11316067033025352,0.1331948801542753,0.1524596917982001,0.11570161580874665,0.09112187275550776,0.0968278995533325,0.04713348532426041,0.016647922641009148,0.01420458610842034,0.013192048303794281,0.013597485329533218,0.020267685369646234,0.012768119078064837,0.017568697598038852,0.014049018878949052,0.02156037064978586,0.027847150815546996,0.007007018584289832,5.459796157852866e-05,0.0,0.0,0.0,0.0,0.0,0.0,0.0,0.0,0.0,0.0,0.0
CCCC(=O)OCCC,CCCC(=O)OCCC,298.15,0.0,aux_only_sigma_profile_stream,,,No,False,0.0,False,0.0,False,0.0,0.0,0.0,False,0.0,False,True,192.22831,0.0,0.0,0.0,0.0,0.0,0.0,0.0,0.0,0.0,0.0,0.0,0.0,0.0,0.0,0.0,0.0,0.0,0.0,0.0016660781728711912,0.016379575724744338,0.03806931274476714,0.09605744598470069,0.1478880169171653,0.15483727586635077,0.11806086618971055,0.10266064524332652,0.09629802056072541,0.0642807122437392,0.01808503713701114,0.013914714322442776,0.010731867931463997,0.013120546371156984,0.01766385084804954,0.010344328374576408,0.017237990497367166,0.011880581114859836,0.020071487541556406,0.0244024591754911,0.006279281809427582,6.990522849587659e-05,0.0,0.0,0.0,0.0,0.0,0.0,0.0,0.0,0.0,0.0,0.0
CCC(=O)OC=C,CCC(=O)OC=C,298.15,0.0,aux_only_sigma_profile_stream,,,No,False,0.0,False,0.0,False,0.0,0.0,0.0,False,0.0,False,True,148.48736999999994,0.0,0.0,0.0,0.0,0.0,0.0,0.0,0.0,0.0,0.0,0.0,0.0,0.0,0.0,0.0,0.0,0.0,0.0038872751578294183,0.04184558422416878,0.06518832880744331,0.07128851939590015,0.07758021689655022,0.09242674593931123,0.10281827023737375,0.07465602651846485,0.07126200395287359,0.0778493742833374,0.03783499209193908,0.03917474345309465,0.044975758935230065,0.04467874129287005,0.042563309891734444,0.03277522715486632,0.01023801392739962,0.016871101115996674,0.03316552823630917,0.01605058432328254,0.0028696541640245757,5.020726224415236e-18,0.0,0.0,0.0,0.0,0.0,0.0,0.0,0.0,0.0,0.0,0.0,0.0
CCCC(=O)OC,CCCC(=O)OC,298.15,0.0,aux_only_sigma_profile_stream,,,No,False,0.0,False,0.0,False,0.0,0.0,0.0,False,0.0,False,True,152.20744000000008,0.0,0.0,0.0,0.0,0.0,0.0,0.0,0.0,0.0,0.0,0.0,0.0,0.0,0.0,0.0,0.0,0.0,0.0003992545135299021,0.013290144250818087,0.05109107973686028,0.06133817006518429,0.08260756086914604,0.1384814646932541,0.13469382240442904,0.10932897621118318,0.07396294412140361,0.07223255174263685,0.056417831699085756,0.02155692790831564,0.021839547889477205,0.010640752682048464,0.02199740281155329,0.016026731135139773,0.015689956394598966,0.02565778353547427,0.0101054211165892,0.026806633064405984,0.0299121268473623,0.0059229163075037805,1.0423352901196136e-17,0.0,0.0,0.0,0.0,0.0,0.0,0.0,0.0,0.0,0.0,0.0
CCCC(=O)OCC,CCCC(=O)OCC,298.15,0.0,aux_only_sigma_profile_stream,,,No,False,0.0,False,0.0,False,0.0,0.0,0.0,False,0.0,False,True,172.3263099999999,0.0,0.0,0.0,0.0,0.0,0.0,0.0,0.0,0.0,0.0,0.0,0.0,0.0,0.0,0.0,0.0,0.0,0.0,0.002417397002565367,0.02080324547844425,0.0658347586514033,0.09882093885827771,0.1460303248526874,0.12717048594707223,0.11631282948891793,0.10119953583831692,0.0832779228000838,0.055848786410010474,0.018352203486789984,0.015632101530067243,0.015163430596541362,0.013148901953697154,0.019082480438227467,0.011390998478518174,0.020370368817324715,0.01274937642698543,0.02060327777001641,0.028801591920081897,0.006800766945214329,0.00018827630875653474,0.0,0.0,0.0,0.0,0.0,0.0,0.0,0.0,0.0,0.0,0.0
CCCOC(=O)C(C)C,CCCOC(=O)C(C)C,298.15,0.0,aux_only_sigma_profile_stream,,,No,False,0.0,False,0.0,False,0.0,0.0,0.0,False,0.0,False,True,189.78059,0.0,0.0,0.0,0.0,0.0,0.0,0.0,0.0,0.0,0.0,0.0,0.0,0.0,0.0,0.0,0.0,0.0,0.0,0.0,0.002827765864902338,0.0351488144635268,0.12033221103303292,0.14386529820101782,0.14642870531531962,0.11340567595394922,0.11489713065995895,0.11522046661869952,0.04960395963869808,0.013383743957783141,0.015395185175281201,0.00908187335615355,0.015515741546820935,0.01713788238522085,0.010570534156567486,0.01431785269102188,0.012565658897426666,0.01892014371826631,0.026156461576016574,0.005224894790336184,9.121856673471827e-18,0.0,0.0,0.0,0.0,0.0,0.0,0.0,0.0,0.0,0.0,0.0
COC(=O)C=C,COC(=O)C=C,298.15,0.0,aux_only_sigma_profile_stream,,,No,False,0.0,False,0.0,False,0.0,0.0,0.0,False,0.0,False,True,127.67497000000004,0.0,0.0,0.0,0.0,0.0,0.0,0.0,0.0,0.0,0.0,0.0,0.0,0.0,0.0,0.0,0.0,0.0,0.015132875327838727,0.0527703505921856,0.091336733119071,0.07211146056704025,0.06614558075343732,0.0862142097667538,0.08704639088846151,0.08278787957415536,0.06494393546276539,0.04616300824344951,0.049999582997082424,0.04491675974401763,0.04957749385860446,0.026634003149923445,0.026123907054530025,0.013889022140786793,0.016620177253001345,0.016750364399667057,0.015227715503558567,0.04107234502538652,0.02815739446466457,0.006378810113618587,1.09582405452221e-17,0.0,0.0,0.0,0.0,0.0,0.0,0.0,0.0,0.0,0.0,0.0
CCOC(=O)C=C,CCOC(=O)C=C,298.15,0.0,aux_only_sigma_profile_stream,,,No,False,0.0,False,0.0,False,0.0,0.0,0.0,False,0.0,False,True,148.33903000000004,0.0,0.0,0.0,0.0,0.0,0.0,0.0,0.0,0.0,0.0,0.0,0.0,0.0,0.0,0.0,0.0,0.0,0.011029846853287093,0.030905524532242858,0.05173361801391655,0.07951221501702753,0.09507993276338329,0.09697903666586936,0.09080673750526613,0.08974758583985143,0.09990673422596869,0.05764556876957379,0.040459425850489644,0.036758269329660566,0.04708975362979978,0.02487396409086686,0.01641751461646102,0.017971843745047268,0.019501023678574342,0.02412336678490684,0.00919674028330713,0.028880657781582903,0.030554340355645967,0.0008262996672711267,1.4629048397804924e-18,0.0,0.0,0.0,0.0,0.0,0.0,0.0,0.0,0.0,0.0,0.0
CCCOC(=O)C=C,CCCOC(=O)C=C,298.15,0.0,aux_only_sigma_profile_stream,,,No,False,0.0,False,0.0,False,0.0,0.0,0.0,False,0.0,False,True,168.50704000000002,0.0,0.0,0.0,0.0,0.0,0.0,0.0,0.0,0.0,0.0,0.0,0.0,0.0,0.0,0.0,0.0,0.0,0.009874541865010326,0.02759539477329742,0.03794748281786547,0.049716338701758685,0.0918386328647521,0.10918676643129746,0.11986136414574726,0.09842308597642448,0.1021875272116429,0.07514737453286345,0.051378900303803966,0.0346432325028575,0.041331167187523256,0.02162801450731858,0.014034574368671301,0.016535158910795714,0.01644135889722198,0.02019122885552093,0.009051319529638908,0.02535919285935484,0.026635878622029905,0.0009914641346035215,1.7893930772317963e-18,0.0,0.0,0.0,0.0,0.0,0.0,0.0,0.0,0.0,0.0,0.0
CCCCOC(=O)C=C,CCCCOC(=O)C=C,298.15,0.0,aux_only_sigma_profile_stream,,,No,False,0.0,False,0.0,False,0.0,0.0,0.0,False,0.0,False,True,188.19132,0.0,0.0,0.0,0.0,0.0,0.0,0.0,0.0,0.0,0.0,0.0,0.0,0.0,0.0,0.0,0.0,0.0,0.008896739622083418,0.024155138372504853,0.03431250770254372,0.041852835545318025,0.06663655230461213,0.12659184034592613,0.12828043870980288,0.11360395628990912,0.10057873316389351,0.07652683674016263,0.07174259609625085,0.035428130790701874,0.03583345026974341,0.01929148792752834,0.012694413347780917,0.015076031857218652,0.014516918599814858,0.01882332958743081,0.007523131229066862,0.022935939036324366,0.02393038534887687,0.0007686071125058,1.3633126618052052e-18,0.0,0.0,0.0,0.0,0.0,0.0,0.0,0.0,0.0,0.0,0.0
CCCCC(=O)OCCCC,CCCCC(=O)OCCCC,298.15,0.0,aux_only_sigma_profile_stream,,,No,False,0.0,False,0.0,False,0.0,0.0,0.0,False,0.0,False,True,232.18195999999995,0.0,0.0,0.0,0.0,0.0,0.0,0.0,0.0,0.0,0.0,0.0,0.0,0.0,0.0,0.0,0.0,0.0,0.0,0.0011477817442686635,0.014004895289774067,0.030865517014811238,0.058238814848810834,0.15455324695967468,0.16225922631245343,0.14601831769013798,0.10401899778129191,0.09266426614222184,0.09052972633501026,0.022934911968449965,0.012188603961953034,0.009744912550678489,0.009990571925608607,0.013514307806574597,0.01160078367068497,0.014182088755900634,0.009338416358672242,0.01869876834946738,0.019080159883485697,0.0043993266021409095,2.6358047928557418e-05,0.0,0.0,0.0,0.0,0.0,0.0,0.0,0.0,0.0,0.0,0.0
CCOC(=O)CC(C)C,CCOC(=O)CC(C)C,298.15,0.0,aux_only_sigma_profile_stream,,,No,False,0.0,False,0.0,False,0.0,0.0,0.0,False,0.0,False,True,188.04634000000004,0.0,0.0,0.0,0.0,0.0,0.0,0.0,0.0,0.0,0.0,0.0,0.0,0.0,0.0,0.0,0.0,0.0,0.0,0.004767215298335994,0.019200038843596206,0.05645602785765943,0.08864077938780514,0.13500938218010622,0.1287882253774729,0.12859918375548918,0.10196780093533646,0.08167089360209402,0.08302633170903509,0.026642609277412837,0.01666301909932179,0.010522634862584885,0.011948955359541854,0.018548507167975507,0.01046087216926131,0.019679313146911126,0.012063183237155004,0.016372245387832992,0.024217716127270403,0.004755065217801646,7.969239834550205e-18,0.0,0.0,0.0,0.0,0.0,0.0,0.0,0.0,0.0,0.0,0.0
CC(=C)C(=O)OC,CC(=C)C(=O)OC,298.15,0.0,aux_only_sigma_profile_stream,,,No,False,0.0,False,0.0,False,0.0,0.0,0.0,False,0.0,False,True,145.07654999999994,0.0,0.0,0.0,0.0,0.0,0.0,0.0,0.0,0.0,0.0,0.0,0.0,0.0,0.0,0.0,0.0,0.0,0.0019581914689560517,0.02252182248498783,0.06381247776133761,0.08732136503050014,0.08382783881174873,0.09178707027757764,0.10292349534798977,0.08833502244243405,0.09519624821700202,0.0734638733584077,0.03642208142268156,0.039002874943135965,0.05032762777304659,0.024957471123039695,0.020999827057648676,0.01390875270921683,0.009680893102975364,0.024234276502837923,0.00867615352736404,0.02842811342182043,0.030438026732362056,0.0017764964829294265,3.1109451059288203e-18,0.0,0.0,0.0,0.0,0.0,0.0,0.0,0.0,0.0,0.0,0.0
CCOC(=O)C(=C)C,CCOC(=O)C(=C)C,298.15,0.0,aux_only_sigma_profile_stream,,,No,False,0.0,False,0.0,False,0.0,0.0,0.0,False,0.0,False,True,165.13553000000007,0.0,0.0,0.0,0.0,0.0,0.0,0.0,0.0,0.0,0.0,0.0,0.0,0.0,0.0,0.0,0.0,0.0,0.0007639467010535162,0.00928006113149332,0.03183971123396338,0.08533295881840385,0.0995374170366734,0.10945820147981959,0.09516782150450295,0.09967496702167239,0.11510222534669366,0.0933390779011058,0.03970775475084391,0.04043759655849996,0.03967358923941515,0.02387460355396831,0.017693049200423243,0.013797254897376288,0.007350008197576315,0.012182601498235171,0.01275159027100056,0.020224560922840366,0.0279359911319758,0.004875011602463119,8.53727193345409e-18,0.0,0.0,0.0,0.0,0.0,0.0,0.0,0.0,0.0,0.0,0.0
CCCOC(=O)C(=C)C,CCCOC(=O)C(=C)C,298.15,0.0,aux_only_sigma_profile_stream,,,No,False,0.0,False,0.0,False,0.0,0.0,0.0,False,0.0,False,True,184.99095,0.0,0.0,0.0,0.0,0.0,0.0,0.0,0.0,0.0,0.0,0.0,0.0,0.0,0.0,0.0,0.0,0.0,0.0009123483284071572,0.00868244591659527,0.0219356397520323,0.05736476115158336,0.10164041909557035,0.11309168624045392,0.12101973086529422,0.10129885118310654,0.12794896530021982,0.09988642535170396,0.0462223900839354,0.04016973057619273,0.041373343362419136,0.02257275275886627,0.005607348407138511,0.00877628122142629,0.005832127174881042,0.01786698781413426,0.008678046400007149,0.01630222767938896,0.030668854868297728,0.002148636468345741,3.626569116573311e-18,0.0,0.0,0.0,0.0,0.0,0.0,0.0,0.0,0.0,0.0,0.0
CCCCCOC(=O)C,CCCCCOC(=O)C,298.15,0.0,aux_only_sigma_profile_stream,,,No,False,0.0,False,0.0,False,0.0,0.0,0.0,False,0.0,False,True,193.4406700000001,0.0,0.0,0.0,0.0,0.0,0.0,0.0,0.0,0.0,0.0,0.0,0.0,0.0,0.0,0.0,0.0,0.0,0.0012950789847407215,0.01325855498642467,0.02578305893434363,0.04769698339863585,0.06334657026594974,0.13029282994289926,0.1628654884933323,0.1500122127726485,0.08968581462502583,0.07562868366380295,0.06721091295591404,0.022098413839279653,0.016533738338334637,0.00807011267256891,0.01156847857824665,0.018716781971542584,0.012243697922678253,0.01729415977943717,0.010709554971980778,0.021103885335639762,0.024215593554985444,0.00965338679293824,0.0007160072186504511,0.0,0.0,0.0,0.0,0.0,0.0,0.0,0.0,0.0,0.0,0.0
CCCCC(CC)COC(=O)C,CCCCC(CC)COC(=O)C,298.15,0.0,aux_only_sigma_profile_stream,,,No,False,0.0,False,0.0,False,0.0,0.0,0.0,False,0.0,False,True,243.93081000000004,0.0,0.0,0.0,0.0,0.0,0.0,0.0,0.0,0.0,0.0,0.0,0.0,0.0,0.0,0.0,0.0,0.0,0.0007831686333917883,0.008968676622212832,0.018241288272958588,0.03508045618893312,0.04617250448008637,0.11106380980645741,0.1605661382049295,0.17355912487589367,0.11652190888746237,0.09803301415131323,0.08523004025288439,0.0405272086436123,0.012117174896896909,0.005033587832328444,0.007164517932438833,0.011626757832639466,0.006107646999707663,0.009982484475733425,0.008381157996028147,0.015832017769620055,0.01969093296308189,0.008411578371817623,0.0009048039095720712,0.0,0.0,0.0,0.0,0.0,0.0,0.0,0.0,0.0,0.0,0.0
CC(=O)OCC1=CC=CC=C1,CC(=O)OCC1=CC=CC=C1,298.15,0.0,aux_only_sigma_profile_stream,,,No,False,0.0,False,0.0,False,0.0,0.0,0.0,False,0.0,False,True,195.9012999999999,0.0,0.0,0.0,0.0,0.0,0.0,0.0,0.0,0.0,0.0,0.0,0.0,0.0,0.0,0.0,0.0,0.0,0.0032409003504265733,0.04235923994330601,0.08368659598910425,0.10484912895615449,0.07560278347752111,0.0787978711181922,0.08468890601401984,0.07650338182906548,0.046806160445476995,0.03786783937658297,0.04420906586542199,0.05388028676617206,0.04885612611504387,0.05792341477937209,0.05286081694507695,0.02900834345876588,0.009668767174361634,0.011480891860933392,0.010707618544172173,0.026321957207997723,0.01605767369856677,0.004545992267501151,7.623781676429664e-05,0.0,0.0,0.0,0.0,0.0,0.0,0.0,0.0,0.0,0.0,0.0
CC(C)COC(=O)C(C)C,CC(C)COC(=O)C(C)C,298.15,0.0,aux_only_sigma_profile_stream,,,No,False,0.0,False,0.0,False,0.0,0.0,0.0,False,0.0,False,True,206.88945999999996,0.0,0.0,0.0,0.0,0.0,0.0,0.0,0.0,0.0,0.0,0.0,0.0,0.0,0.0,0.0,0.0,0.0,0.0,0.0,0.0021441644763565393,0.02662773118129233,0.10199256957474637,0.1485413796455151,0.1430928755188626,0.12096968981207021,0.11902289825204343,0.11640890100663132,0.08577214735517603,0.01830166377222248,0.009684986982009381,0.010362893758154478,0.008389442852451114,0.015759079140739266,0.005415763137869327,0.010219778092908556,0.010174289857830036,0.01603228086381195,0.024767983312487477,0.006319481406822061,1.0715987633102568e-17,0.0,0.0,0.0,0.0,0.0,0.0,0.0,0.0,0.0,0.0,0.0
CC(C)CCOC(=O)CC(C)C,CC(C)CCOC(=O)CC(C)C,298.15,0.0,aux_only_sigma_profile_stream,,,No,False,0.0,False,0.0,False,0.0,0.0,0.0,False,0.0,False,True,244.50631,0.0,0.0,0.0,0.0,0.0,0.0,0.0,0.0,0.0,0.0,0.0,0.0,0.0,0.0,0.0,0.0,0.0,0.0,0.0014259187178460387,0.009684467197952643,0.022189759187528045,0.05709617667090842,0.14688505323592305,0.1679564088722561,0.1458565070120857,0.10272019273109476,0.10106755931033845,0.11626421293840798,0.018011067612992076,0.011790718674586559,0.007093558630224189,0.012105057749460822,0.012776559136775284,0.010861213862813888,0.011417667748550948,0.01047872723736362,0.01772249663359591,0.015021892654467947,0.0015747841848276955,2.62994177014755e-18,0.0,0.0,0.0,0.0,0.0,0.0,0.0,0.0,0.0,0.0,0.0
CCCCCCCC/C=C\CCCCCCCC(=O)OC,CCCCCCCC/C=C\CCCCCCCC(=O)OC,298.15,0.0,aux_only_sigma_profile_stream,,,No,False,0.0,False,0.0,False,0.0,0.0,0.0,False,0.0,False,True,424.3712400000002,0.0,0.0,0.0,0.0,0.0,0.0,0.0,0.0,0.0,0.0,0.0,0.0,0.0,0.0,0.0,0.0,0.0,0.0,0.0015577876839508885,0.015637880162312524,0.025058890939192283,0.03392398435357093,0.08222750591161479,0.17660314348849693,0.19029608232234674,0.15208245768710238,0.09415500418703229,0.08920283462789201,0.040233882274236805,0.013028474771270403,0.013234519616776639,0.013881953758763145,0.012344165674759386,0.012167416378567471,0.008007470078008722,0.00659710625937602,0.012548513610906734,0.006358409963878085,0.0008525162499448315,1.4395676958188592e-18,0.0,0.0,0.0,0.0,0.0,0.0,0.0,0.0,0.0,0.0,0.0
CCCCCCOC(=O)C,CCCCCCOC(=O)C,298.15,0.0,aux_only_sigma_profile_stream,,,No,False,0.0,False,0.0,False,0.0,0.0,0.0,False,0.0,False,True,213.40126999999995,0.0,0.0,0.0,0.0,0.0,0.0,0.0,0.0,0.0,0.0,0.0,0.0,0.0,0.0,0.0,0.0,0.0,0.0011892479717073101,0.011781245804642543,0.023259578158867193,0.042840575037632916,0.05717040810415047,0.11711704886992617,0.17088493833151558,0.1571837943947232,0.10303059500044637,0.07954337636011305,0.06998359375365994,0.028603978012575002,0.015690457412274636,0.0074442671238717185,0.010955910529033592,0.01619062454864477,0.011469570175577495,0.015577283058187426,0.009835183528476303,0.01991320054894374,0.020796468683895883,0.008635032717983611,0.0009036218731510915,0.0,0.0,0.0,0.0,0.0,0.0,0.0,0.0,0.0,0.0,0.0
CCCCOC(=O)C1=CC=CC=C1,CCCCOC(=O)C1=CC=CC=C1,298.15,0.0,aux_only_sigma_profile_stream,,,No,False,0.0,False,0.0,False,0.0,0.0,0.0,False,0.0,False,True,230.46783999999988,0.0,0.0,0.0,0.0,0.0,0.0,0.0,0.0,0.0,0.0,0.0,0.0,0.0,0.0,0.0,0.0,0.0,0.0,0.008734803731862638,0.04214910416800633,0.059600737986610655,0.0695145730189449,0.08867101303987843,0.11485346324876657,0.111188024510947,0.09136541687595506,0.10372569505866941,0.09716719594873371,0.07231994756076687,0.05441405106441839,0.012240592063894419,0.007483723942857802,0.00858332798716047,0.010010226229291909,0.011754704072225744,0.006050725938667398,0.02315883111309087,0.007013842439251411,1.191539781928661e-17,0.0,0.0,0.0,0.0,0.0,0.0,0.0,0.0,0.0,0.0,0.0,0.0
CCCCCCCOC(=O)C,CCCCCCCOC(=O)C,298.15,0.0,aux_only_sigma_profile_stream,,,No,False,0.0,False,0.0,False,0.0,0.0,0.0,False,0.0,False,True,233.4328900000002,0.0,0.0,0.0,0.0,0.0,0.0,0.0,0.0,0.0,0.0,0.0,0.0,0.0,0.0,0.0,0.0,0.0,0.001089563794987209,0.010777983641251529,0.021308252477589665,0.03959491768424124,0.051149094811530155,0.1088345165875352,0.17198871134264826,0.16466484916370253,0.11335585405658764,0.08575540752501494,0.0716200344366909,0.03440016044874753,0.014277418722707314,0.0066508798993891146,0.009950204646792866,0.015040879230602324,0.010586758242933751,0.013817501321312377,0.009181291324267765,0.01745751318021984,0.01926132485127436,0.008410056731216978,0.0008268258787564551,0.0,0.0,0.0,0.0,0.0,0.0,0.0,0.0,0.0,0.0,0.0
CCCCCCCCOC(=O)C,CCCCCCCCOC(=O)C,298.15,0.0,aux_only_sigma_profile_stream,,,No,False,0.0,False,0.0,False,0.0,0.0,0.0,False,0.0,False,True,253.14049000000009,0.0,0.0,0.0,0.0,0.0,0.0,0.0,0.0,0.0,0.0,0.0,0.0,0.0,0.0,0.0,0.0,0.0,0.000992919151440688,0.010227627914284432,0.019127734723816445,0.03658688986094946,0.04771668622157837,0.1005361001248773,0.17214347588654857,0.17239066150804871,0.12176636599125883,0.09153800980566956,0.07147792283307498,0.03965464794161889,0.013235953121322034,0.006245494734420287,0.009236997269172346,0.01377940893466039,0.009619326074776854,0.013006032007721123,0.008231988147958643,0.01675954692951914,0.017566945489123405,0.007387173244689953,0.0007720920834695428,0.0,0.0,0.0,0.0,0.0,0.0,0.0,0.0,0.0,0.0,0.0
CCCCCCCCCOC(=O)C,CCCCCCCCCOC(=O)C,298.15,0.0,aux_only_sigma_profile_stream,,,No,False,0.0,False,0.0,False,0.0,0.0,0.0,False,0.0,False,True,273.09303000000006,0.0,0.0,0.0,0.0,0.0,0.0,0.0,0.0,0.0,0.0,0.0,0.0,0.0,0.0,0.0,0.0,0.0,0.0009281436658266634,0.00949817264022465,0.01794348416122015,0.03397844178019735,0.04371834321245254,0.09539408111629215,0.17142509257219485,0.17801102630892335,0.12853726521562595,0.09730058599385563,0.07214191108813905,0.0436733115930271,0.01222475242886334,0.005969162338118594,0.008163245740243205,0.013014794323204182,0.00877795109309787,0.012299369776033754,0.007665769754574632,0.015503214344886064,0.016331606402093742,0.006795363440812364,0.0007049110100927503,0.0,0.0,0.0,0.0,0.0,0.0,0.0,0.0,0.0,0.0,0.0
CCCCCCCOC(=O)C1=CC=CC=C1C(=O)OCCCCCCC,CCCCCCCOC(=O)C1=CC=CC=C1C(=O)OCCCCCCC,298.15,0.0,aux_only_sigma_profile_stream,,,No,False,0.0,False,0.0,False,0.0,0.0,0.0,False,0.0,False,True,463.68561,0.0,0.0,0.0,0.0,0.0,0.0,0.0,0.0,0.0,0.0,0.0,0.0,0.0,0.0,0.0,0.0,0.0,0.0005929526189691007,0.011366608050136125,0.022804456423582347,0.03262105191149409,0.04349013174348477,0.10247765993482073,0.15520577007212344,0.15472744583538317,0.1215537577908965,0.09418281381775447,0.10378058695320001,0.056633843928330235,0.009169917731299274,0.007690765825594653,0.008950091536808421,0.009922053079867326,0.010474182370479083,0.013429333458317393,0.015082476217902612,0.021719735938374004,0.004124364761182342,7.255701361315955e-18,0.0,0.0,0.0,0.0,0.0,0.0,0.0,0.0,0.0,0.0,0.0,0.0
COC(=O)C1=CC=CC=C1O,COC(=O)C1=CC=CC=C1O,298.15,0.0,aux_only_sigma_profile_stream,,,No,False,0.0,False,0.0,False,0.0,0.0,0.0,False,0.0,False,True,179.7263299999999,0.0,0.0,0.0,0.0,0.0,0.0,0.0,0.0,0.0,0.0,0.0,0.0,0.0,0.0,0.0,0.0,0.0,0.0008449925993125386,0.029825350215161254,0.08401414333478688,0.07987380225979081,0.07378781983215875,0.07745179267364558,0.07749745452418802,0.05874120670568472,0.05602802636288464,0.0795888268209611,0.07987800868482435,0.07724367794517202,0.07959916937689435,0.03921024437671247,0.017347267367513217,0.01948944028195263,0.01770357286693631,0.027311064033760678,0.019628273910732876,0.004935865826926691,1.7331762705112244e-17,0.0,0.0,0.0,0.0,0.0,0.0,0.0,0.0,0.0,0.0,0.0,0.0,0.0
CCCCCCCCCOC(=O)C1=CC=CC=C1C(=O)OCCCCCCCCC,CCCCCCCCCOC(=O)C1=CC=CC=C1C(=O)OCCCCCCCCC,298.15,0.0,aux_only_sigma_profile_stream,,,No,False,0.0,False,0.0,False,0.0,0.0,0.0,False,0.0,False,True,543.8170000000002,0.0,0.0,0.0,0.0,0.0,0.0,0.0,0.0,0.0,0.0,0.0,0.0,0.0,0.0,0.0,0.0,0.0,0.000497365177933163,0.009753519854373305,0.01987095426673825,0.026962897569061454,0.03655623782414138,0.08864877359338086,0.15476387757526147,0.17219691380104882,0.13846632635269396,0.10418773793289797,0.10141487235245784,0.06125867628775799,0.0072067364166466625,0.006663769359189138,0.007837561319400143,0.007895029221577237,0.010914146878566039,0.010279657482980759,0.015268639952668174,0.01685181147700975,0.002504495304215584,4.482033294357994e-18,0.0,0.0,0.0,0.0,0.0,0.0,0.0,0.0,0.0,0.0,0.0,0.0
CCCOC(=O)C1=CC=CC=C1C(=O)OCCC,CCCOC(=O)C1=CC=CC=C1C(=O)OCCC,298.15,0.0,aux_only_sigma_profile_stream,,,No,False,0.0,False,0.0,False,0.0,0.0,0.0,False,0.0,False,True,302.2941099999998,0.0,0.0,0.0,0.0,0.0,0.0,0.0,0.0,0.0,0.0,0.0,0.0,0.0,0.0,0.0,0.0,0.0,0.007394085215302843,0.02611376470457729,0.035390889120480405,0.04517572350173349,0.09723550706650129,0.11238644847767236,0.12585784364131844,0.0819361801762615,0.09056330712475019,0.08120219520445011,0.06582855308498572,0.056928656834377325,0.03133392516239154,0.017056634985647412,0.019298684143155064,0.017522247856857624,0.017743677993465084,0.01227509938999186,0.019819871993273893,0.027041586504505555,0.010840444874462915,0.0010546729438380227,1.761044629765051e-18,0.0,0.0,0.0,0.0,0.0,0.0,0.0,0.0,0.0,0.0,0.0
CC(C)COC(=O)C1=CC=CC=C1C(=O)OCC(C)C,CC(C)COC(=O)C1=CC=CC=C1C(=O)OCC(C)C,298.15,0.0,aux_only_sigma_profile_stream,,,No,False,0.0,False,0.0,False,0.0,0.0,0.0,False,0.0,False,True,331.2766699999999,0.0,0.0,0.0,0.0,0.0,0.0,0.0,0.0,0.0,0.0,0.0,0.0,0.0,0.0,0.0,0.0,0.0,0.0006883679743903549,0.01685455456228714,0.032326325271284276,0.040762195693391276,0.07536719168080205,0.13056652587032136,0.12453106515753556,0.09688947127142551,0.09621471724672374,0.10268006001873904,0.1012693053947744,0.054380113927271746,0.022642947425099577,0.008170115192704016,0.00682608877255365,0.005546133742526331,0.010449931476483904,0.016138963795600914,0.021320059417991328,0.027976841222990434,0.00761122046526263,0.0007878044198407964,1.3599704655978834e-18,0.0,0.0,0.0,0.0,0.0,0.0,0.0,0.0,0.0,0.0,0.0
COC(=O)C1=CC(=CC=C1)C(=O)OC,COC(=O)C1=CC(=CC=C1)C(=O)OC,298.15,0.0,aux_only_sigma_profile_stream,,,No,False,0.0,False,0.0,False,0.0,0.0,0.0,False,0.0,False,True,222.35705000000007,0.0,0.0,0.0,0.0,0.0,0.0,0.0,0.0,0.0,0.0,0.0,0.0,0.0,0.0,0.0,0.0,0.0016625911344210127,0.026424293794243485,0.0639503833466283,0.08215064851685204,0.06667981228338879,0.07886169733799217,0.07500506562608829,0.07122085665537925,0.06332718284855189,0.06907234434571827,0.07005434006097398,0.07104170175085114,0.05403206877732995,0.013776459485309638,0.007736018569787873,0.017743370009119696,0.02251391827576656,0.020734587338732,0.015614531050626409,0.030912589136109624,0.048470152167272275,0.013626889360428716,0.008925435216835855,0.0060179708445668835,0.00044509206702581395,0.0,0.0,0.0,0.0,0.0,0.0,0.0,0.0,0.0,0.0
CCCCCCCCCCOC(=O)C1=CC=CC=C1C(=O)OCCCCCCCCCC,CCCCCCCCCCOC(=O)C1=CC=CC=C1C(=O)OCCCCCCCCCC,298.15,0.0,aux_only_sigma_profile_stream,,,No,False,0.0,False,0.0,False,0.0,0.0,0.0,False,0.0,False,True,583.8205500000004,0.0,0.0,0.0,0.0,0.0,0.0,0.0,0.0,0.0,0.0,0.0,0.0,0.0,0.0,0.0,0.0,0.0,0.00044457714250823106,0.009125851122235362,0.01825928304775293,0.02527610281653085,0.03379618335546049,0.08313053242633818,0.15465750782203408,0.17963285397382966,0.14501690277296225,0.10831232832692762,0.10273654839684994,0.059480972859627806,0.008017501104698075,0.006060955313702881,0.007084649212335601,0.007553150514401295,0.008334908918884915,0.010630286998323486,0.013358678005426663,0.016228194555266456,0.0028620313139031957,4.831852213348077e-18,0.0,0.0,0.0,0.0,0.0,0.0,0.0,0.0,0.0,0.0,0.0,0.0
CCCCCCOC(=O)C1=CC=CC=C1C(=O)OCCCCCC,CCCCCCOC(=O)C1=CC=CC=C1C(=O)OCCCCCC,298.15,0.0,aux_only_sigma_profile_stream,,,No,False,0.0,False,0.0,False,0.0,0.0,0.0,False,0.0,False,True,423.86393000000027,0.0,0.0,0.0,0.0,0.0,0.0,0.0,0.0,0.0,0.0,0.0,0.0,0.0,0.0,0.0,0.0,0.0,0.0006568399590194873,0.01230070925780926,0.025020748856240945,0.03565576217400497,0.04732418663150174,0.11328707784543751,0.15310560032110201,0.14345093119825356,0.10826382069150488,0.09144594011244736,0.10356165270120475,0.05707387917652909,0.008603689584784363,0.008056747807486421,0.010921065356328826,0.01002544559943885,0.013297226483397552,0.01237326009825466,0.018507078585446132,0.023420831596906475,0.003647505962901106,6.192416578809983e-18,0.0,0.0,0.0,0.0,0.0,0.0,0.0,0.0,0.0,0.0,0.0,0.0
COC(=O)C1=CC=C(C=C1)C(=O)OC,COC(=O)C1=CC=C(C=C1)C(=O)OC,298.15,0.0,aux_only_sigma_profile_stream,,,No,False,0.0,False,0.0,False,0.0,0.0,0.0,False,0.0,False,True,226.73689,0.0,0.0,0.0,0.0,0.0,0.0,0.0,0.0,0.0,0.0,0.0,0.0,0.0,0.0,0.0,0.0,0.0,0.00012963698150827331,0.023793377914254978,0.08172093120907586,0.07726076084423272,0.07684590640157454,0.09351914505202176,0.09469569016438172,0.07510819755805948,0.07474034200910669,0.09617292840447182,0.0779565834100212,0.030755824916421367,0.0312402981793062,0.021096966389482066,0.01732112938857488,0.011337068328147838,0.027746968984519418,0.011044318263544102,0.03394191077171709,0.04027293804410117,0.003299076785476816,5.707155910848751e-18,0.0,0.0,0.0,0.0,0.0,0.0,0.0,0.0,0.0,0.0,0.0,0.0
CCCCOC(=O)CCCCCCCCC(=O)OCCCC,CCCCOC(=O)CCCCCCCCC(=O)OCCCC,298.15,0.0,aux_only_sigma_profile_stream,,,No,False,0.0,False,0.0,False,0.0,0.0,0.0,False,0.0,False,True,426.0995399999997,0.0,0.0,0.0,0.0,0.0,0.0,0.0,0.0,0.0,0.0,0.0,0.0,0.0,0.0,0.0,0.0,0.0,0.0,0.0010233018407743747,0.015216882860282024,0.032882047954445125,0.06332174898731202,0.1470543411352919,0.17522976655100508,0.1485323800835557,0.11091405500896723,0.08551046223306044,0.07084120389342924,0.018996675058935982,0.01473740901553929,0.01730636031856881,0.007759848066220096,0.01155490549040272,0.007348454492944589,0.00986046560402868,0.008587006452851997,0.014438259182048658,0.02446977215265145,0.011457091095907363,0.0029237788429291372,3.378367884810181e-05,0.0,0.0,0.0,0.0,0.0,0.0,0.0,0.0,0.0,0.0
CCCCC(CC)COC(=O)C=C,CCCCC(CC)COC(=O)C=C,298.15,0.0,aux_only_sigma_profile_stream,,,No,False,0.0,False,0.0,False,0.0,0.0,0.0,False,0.0,False,True,257.23085000000015,0.0,0.0,0.0,0.0,0.0,0.0,0.0,0.0,0.0,0.0,0.0,0.0,0.0,0.0,0.0,0.0,0.0,0.005729969543261157,0.01790959087388526,0.023768713358988693,0.03161788964982806,0.04089521511671751,0.10256372281651982,0.13518381320509917,0.14877123712489027,0.13290165058393183,0.10411874501403227,0.10372159944485615,0.0481615236530723,0.020970781646064446,0.006755644794628725,0.007980205070543166,0.006598247952683121,0.006034263273440526,0.01012613099705789,0.005953310408588413,0.018308211768332708,0.016110496480194032,0.00581903722338465,1.0188213953870433e-17,0.0,0.0,0.0,0.0,0.0,0.0,0.0,0.0,0.0,0.0,0.0
CC(=O)OCCOC(=O)C,CC(=O)OCCOC(=O)C,298.15,0.0,aux_only_sigma_profile_stream,,,No,False,0.0,False,0.0,False,0.0,0.0,0.0,False,0.0,False,True,189.94797999999983,0.0,0.0,0.0,0.0,0.0,0.0,0.0,0.0,0.0,0.0,0.0,0.0,0.0,0.0,0.0,0.0,0.0,0.00688585469917201,0.061920044328794166,0.0914140524694525,0.0952699460237509,0.08416140523166454,0.08597201400559204,0.12363892586713643,0.07786611887424236,0.03325732077575178,0.021569200889519247,0.019521105191898137,0.03135024706247997,0.019782949601368505,0.02898911485813575,0.02895082107994817,0.025129852939521934,0.023641621892261887,0.021163516313547754,0.027164703598007538,0.055813576539567776,0.02817699486291769,0.008360612895268842,1.4998616000127116e-17,0.0,0.0,0.0,0.0,0.0,0.0,0.0,0.0,0.0,0.0,0.0
CC(C)COC(=O)C(=C)C,CC(C)COC(=O)C(=C)C,298.15,0.0,aux_only_sigma_profile_stream,,,No,False,0.0,False,0.0,False,0.0,0.0,0.0,False,0.0,False,True,200.72008,0.0,0.0,0.0,0.0,0.0,0.0,0.0,0.0,0.0,0.0,0.0,0.0,0.0,0.0,0.0,0.0,0.0,0.000646401573196862,0.007603598485691765,0.021338645609775764,0.047114331047125674,0.08622845723043703,0.12127919421896405,0.12338371571324204,0.11426892575254802,0.11259808494851338,0.11006864022748147,0.08126193490710644,0.03904111566362703,0.030139579630964478,0.016591610739011924,0.00795677262386957,0.009895515524077261,0.005020368708512671,0.009962599436918568,0.011243621449954444,0.015936025275638668,0.02373563195309814,0.004685229280244651,8.01952147598631e-18,0.0,0.0,0.0,0.0,0.0,0.0,0.0,0.0,0.0,0.0,0.0
CCCCOC(=O)C(=C)C,CCCCOC(=O)C(=C)C,298.15,0.0,aux_only_sigma_profile_stream,,,No,False,0.0,False,0.0,False,0.0,0.0,0.0,False,0.0,False,True,204.7701899999999,0.0,0.0,0.0,0.0,0.0,0.0,0.0,0.0,0.0,0.0,0.0,0.0,0.0,0.0,0.0,0.0,0.0,0.0006862127983637417,0.007487806234632105,0.019247919452078266,0.052449815794825924,0.0752673766924859,0.1277226645944364,0.12885716074282205,0.11862698694953114,0.12183971010379788,0.0967204518421129,0.06605686012120614,0.04062921593990592,0.035607118343445175,0.021982917135285534,0.00509542679537637,0.007972158287892642,0.004722072522111048,0.017022172297589077,0.007289733508686221,0.016558110642095312,0.026223215310576434,0.0019348938907437962,3.260177430024242e-18,0.0,0.0,0.0,0.0,0.0,0.0,0.0,0.0,0.0,0.0,0.0
COC(=O)C1=CC=CC=C1,COC(=O)C1=CC=CC=C1,298.15,0.0,aux_only_sigma_profile_stream,,,No,False,0.0,False,0.0,False,0.0,0.0,0.0,False,0.0,False,True,174.03296999999995,0.0,0.0,0.0,0.0,0.0,0.0,0.0,0.0,0.0,0.0,0.0,0.0,0.0,0.0,0.0,0.0,0.0,0.0019756745023720513,0.044932930131840486,0.09023958988663702,0.08797452042256364,0.06736056648383523,0.07339989205520542,0.07356081860075654,0.06282438518314147,0.052728587351108885,0.06583643481939143,0.061554831981865864,0.0735387984394779,0.07840319412006418,0.061920890067819374,0.015232129916969416,0.007480732695053703,0.013754734258465741,0.012852246167632494,0.009964545754964343,0.03052135354843839,0.013638065230936304,0.00030507838146015846,5.478865979848637e-19,0.0,0.0,0.0,0.0,0.0,0.0,0.0,0.0,0.0,0.0,0.0
CCOC(=O)C1=CC=CC=C1,CCOC(=O)C1=CC=CC=C1,298.15,0.0,aux_only_sigma_profile_stream,,,No,False,0.0,False,0.0,False,0.0,0.0,0.0,False,0.0,False,True,194.50408999999993,0.0,0.0,0.0,0.0,0.0,0.0,0.0,0.0,0.0,0.0,0.0,0.0,0.0,0.0,0.0,0.0,0.0,0.0,0.01034838325983639,0.04582448394922247,0.09237572552837633,0.09438959398186848,0.08849946006012113,0.0887551114418602,0.0756164849987962,0.08852508061579274,0.08376682984785105,0.07569793606449615,0.08205126023210929,0.06407349100725854,0.019935240405210955,0.009257566692831039,0.007478936763028379,0.00904803365098508,0.015548777581798158,0.007955149276919975,0.028716083311791697,0.012013293910877259,0.00012307741896843408,2.12784662282684e-19,0.0,0.0,0.0,0.0,0.0,0.0,0.0,0.0,0.0,0.0,0.0
CCOC(=O)OCC,CCOC(=O)OCC,298.15,0.0,aux_only_sigma_profile_stream,,,No,False,0.0,False,0.0,False,0.0,0.0,0.0,False,0.0,False,True,164.70132000000007,0.0,0.0,0.0,0.0,0.0,0.0,0.0,0.0,0.0,0.0,0.0,0.0,0.0,0.0,0.0,0.0,0.0,0.0,0.0,0.03836324399298468,0.10102774361247192,0.13494143056538885,0.1227924171969951,0.11592413273926579,0.07872767630404659,0.10243683883426188,0.05072480168280344,0.020571855844445437,0.01500095301102656,0.023589060272834233,0.011857253401596605,0.02316599304163208,0.02273119172479655,0.024102465754901166,0.041336215458505715,0.0234968237922228,0.033868994904886596,0.015340907864933988,2.5815360673637043e-17,0.0,0.0,0.0,0.0,0.0,0.0,0.0,0.0,0.0,0.0,0.0,0.0
CCOC(=O)C(=O)OCC,CCOC(=O)C(=O)OCC,298.15,0.0,aux_only_sigma_profile_stream,,,No,False,0.0,False,0.0,False,0.0,0.0,0.0,False,0.0,False,True,189.2292199999999,0.0,0.0,0.0,0.0,0.0,0.0,0.0,0.0,0.0,0.0,0.0,0.0,0.0,0.0,0.0,0.0,0.0,0.00048088793328397136,0.02389867091257033,0.06676838688895617,0.1159624334584675,0.1300971659255072,0.1081231960172631,0.08231672706258265,0.06455554563135812,0.08152417837478326,0.04050826667222855,0.015399649853331959,0.016168817579281736,0.020119265236634234,0.023821356593063222,0.020192927797248975,0.02998191679247519,0.02553800712842362,0.04520876606420912,0.049702049214171956,0.01534372611808118,0.013140793506726192,0.008830835045584356,0.002316430193767323,0.0,0.0,0.0,0.0,0.0,0.0,0.0,0.0,0.0,0.0,0.0
CCCCCCCCCC(=O)OC,CCCCCCCCCC(=O)OC,298.15,0.0,aux_only_sigma_profile_stream,,,No,False,0.0,False,0.0,False,0.0,0.0,0.0,False,0.0,False,True,271.4388300000001,0.0,0.0,0.0,0.0,0.0,0.0,0.0,0.0,0.0,0.0,0.0,0.0,0.0,0.0,0.0,0.0,0.0,0.00021892200193821928,0.006420219195987395,0.029102863853939752,0.035419748332150475,0.03722119824385626,0.0885509583888079,0.16519531164425583,0.17275929013562608,0.13065443387521228,0.10190535945117944,0.07849769192550633,0.04941792143565383,0.012067905185908216,0.006709666653663776,0.01090000788373612,0.009921921725540147,0.009505515691168205,0.013444347068212011,0.007191497319679589,0.016202335694945443,0.015873375512251577,0.0028195087807811763,4.9750822975451764e-18,0.0,0.0,0.0,0.0,0.0,0.0,0.0,0.0,0.0,0.0,0.0
CCCCCCCCCCCCCC(=O)OC(C)C,CCCCCCCCCCCCCC(=O)OC(C)C,298.15,0.0,aux_only_sigma_profile_stream,,,No,False,0.0,False,0.0,False,0.0,0.0,0.0,False,0.0,False,True,388.9725000000002,0.0,0.0,0.0,0.0,0.0,0.0,0.0,0.0,0.0,0.0,0.0,0.0,0.0,0.0,0.0,0.0,0.0,0.0,0.00029924895467081333,0.006721930917824033,0.020958811715839538,0.04229960503798004,0.08343353135559531,0.15900275057319804,0.19025810531095272,0.15932926415572946,0.13543130323888675,0.07760563875060289,0.05540862773930647,0.006103348519038669,0.0052499962367968155,0.005993890049439071,0.008514132944455143,0.0065119463334130274,0.008596605179673776,0.005669220745798304,0.00817609302292492,0.011633689498675596,0.002710135508180053,9.212421101861824e-05,0.0,0.0,0.0,0.0,0.0,0.0,0.0,0.0,0.0,0.0,0.0
COC(=O)C1CCC(CC1)C(=O)OC,COC(=O)C1CCC(CC1)C(=O)OC,298.15,0.0,aux_only_sigma_profile_stream,,,No,False,0.0,False,0.0,False,0.0,0.0,0.0,False,0.0,False,True,237.65489,0.0,0.0,0.0,0.0,0.0,0.0,0.0,0.0,0.0,0.0,0.0,0.0,0.0,0.0,0.0,0.0,0.0,0.0006882199851748684,0.012573493198872238,0.04520958347819689,0.07512257178888722,0.12493068548572468,0.14677535806350545,0.1298325591708064,0.10066527596948581,0.06209270704000578,0.03460281584661267,0.026267041522804218,0.01953417378060746,0.017872468757042487,0.019328941847437265,0.02711025787672208,0.019516117734434412,0.023407198965870506,0.024427458527386117,0.016620784731895002,0.03383555189209387,0.03577935240815048,0.003807381928284027,6.7623067860880314e-18,0.0,0.0,0.0,0.0,0.0,0.0,0.0,0.0,0.0,0.0,0.0
CCOCC,CCOCC,298.15,0.0,aux_only_sigma_profile_stream,,,No,False,0.0,False,0.0,False,0.0,0.0,0.0,False,0.0,False,True,130.64839999999992,0.0,0.0,0.0,0.0,0.0,0.0,0.0,0.0,0.0,0.0,0.0,0.0,0.0,0.0,0.0,0.0,0.0,0.0,0.0,0.0,0.012083362545842512,0.08050889068913823,0.1703111927610741,0.18114589050257646,0.1305197867670642,0.11331686076160297,0.1162455525163554,0.06684297006764393,0.019598483230746887,0.009059520325514056,0.004016208663143827,0.011745447508703136,0.008359596077522808,0.002716833322687574,0.006960960264349059,0.011254562220240991,0.021654193851067576,0.0117369494904522,0.008561366581725008,0.012740630713071343,0.0006207411394776855,0.0,0.0,0.0,0.0,0.0,0.0,0.0,0.0,0.0,0.0
CC(C)OC(C)C,CC(C)OC(C)C,298.15,0.0,aux_only_sigma_profile_stream,,,No,False,0.0,False,0.0,False,0.0,0.0,0.0,False,0.0,False,True,163.91338999999982,0.0,0.0,0.0,0.0,0.0,0.0,0.0,0.0,0.0,0.0,0.0,0.0,0.0,0.0,0.0,0.0,0.0,0.0,0.0,0.0,0.009464110513705083,0.09213531943849564,0.1358691598015423,0.16764145521939497,0.11791889910918943,0.10817350896733098,0.10863632563649082,0.14280728282848593,0.04386100593707663,0.005415464553529812,0.006323960681874746,0.001968968585443766,0.008472791465959745,0.007984111265312866,0.0013502844204357938,0.0022028905394709795,0.015567151316382186,0.004290028227343595,0.006788573323856157,0.00870962665458814,0.004339621572638104,7.945994145228229e-05,0.0,0.0,0.0,0.0,0.0,0.0,0.0,0.0,0.0
CCCCOCCCC,CCCCOCCCC,298.15,0.0,aux_only_sigma_profile_stream,,,No,False,0.0,False,0.0,False,0.0,0.0,0.0,False,0.0,False,True,210.07569,0.0,0.0,0.0,0.0,0.0,0.0,0.0,0.0,0.0,0.0,0.0,0.0,0.0,0.0,0.0,0.0,0.0,0.0,0.0,0.0,0.0,0.017483466546957198,0.15104296455982702,0.20033468442114555,0.18279581821288463,0.13452091509720046,0.09905414296337621,0.11382160018542029,0.03330767532417759,0.00644994698067844,0.0022129671779671832,0.006507982460503117,0.005453161104410415,0.0015271934299593637,0.003500066411523928,0.006442044357357688,0.013481948709523822,0.008790633861311006,0.004230545667684099,0.008397859543803801,0.000644382984288282,0.0,0.0,0.0,0.0,0.0,0.0,0.0,0.0,0.0,0.0
CC(C)(C)OC,CC(C)(C)OC,298.15,0.0,aux_only_sigma_profile_stream,,,No,False,0.0,False,0.0,False,0.0,0.0,0.0,False,0.0,False,True,139.66914999999983,0.0,0.0,0.0,0.0,0.0,0.0,0.0,0.0,0.0,0.0,0.0,0.0,0.0,0.0,0.0,0.0,0.0,0.0,0.0,0.0018374386687176755,0.021861727131473295,0.11566102943700753,0.13951987863082094,0.15050955657456583,0.11811182039487976,0.10796331388256976,0.10648952231668281,0.1054951379150343,0.029194982121275276,0.013150236837808723,0.009514405089801376,0.003324996041290654,0.0035138804117876895,0.014250336084845383,0.0029896407173175717,0.0072975309041843645,0.009104627002387521,0.012145032219593664,0.01077544178361773,0.011627712528102959,0.005661753306235206,0.0,0.0,0.0,0.0,0.0,0.0,0.0,0.0,0.0,0.0
CCC(C)OC(C)CC,CCC(C)OC(C)CC,298.15,0.0,aux_only_sigma_profile_stream,,,No,False,0.0,False,0.0,False,0.0,0.0,0.0,False,0.0,False,True,199.84046999999987,0.0,0.0,0.0,0.0,0.0,0.0,0.0,0.0,0.0,0.0,0.0,0.0,0.0,0.0,0.0,0.0,0.0,0.0,0.0,0.0,0.006117136659699113,0.06410264482108809,0.1261292805143609,0.16567188401426058,0.13735707393122784,0.132745037711279,0.14125749926724113,0.12341239531001909,0.04276846037386424,0.00706545188939533,0.004967880456345243,0.001185793934201932,0.00462118292907453,0.00935877400913299,4.9079836833804016e-05,0.0006637342917982719,0.008512157952060463,0.007498000544742672,0.004967179645848775,0.004974362596207057,0.004204613423010718,0.002370375888308401,0.0,0.0,0.0,0.0,0.0,0.0,0.0,0.0,0.0
CCOC,CCOC,298.15,0.0,aux_only_sigma_profile_stream,,,No,False,0.0,False,0.0,False,0.0,0.0,0.0,False,0.0,False,True,109.74014000000004,0.0,0.0,0.0,0.0,0.0,0.0,0.0,0.0,0.0,0.0,0.0,0.0,0.0,0.0,0.0,0.0,0.0,0.0,0.0,0.006256632048893293,0.024817386238578053,0.10824033047438061,0.17335166289575074,0.15369036924155186,0.14288625850719158,0.10347910494707585,0.08459802006452831,0.04664980161281912,0.016413386575606512,0.012776186673827548,0.011615168913285873,0.013284222447672286,0.009718798290630845,0.006584032906989609,0.007374762997013706,0.015895809841573096,0.017561614634459988,0.013696487150748041,0.015253327003856378,0.015806468365747294,5.016816781944508e-05,0.0,0.0,0.0,0.0,0.0,0.0,0.0,0.0,0.0,0.0
CCCOC,CCCOC,298.15,0.0,aux_only_sigma_profile_stream,,,No,False,0.0,False,0.0,False,0.0,0.0,0.0,False,0.0,False,True,129.84242999999995,0.0,0.0,0.0,0.0,0.0,0.0,0.0,0.0,0.0,0.0,0.0,0.0,0.0,0.0,0.0,0.0,0.0,0.0,0.0,0.005495976274234603,0.012843611727410144,0.07968613748287062,0.16771528871760338,0.17043276812085856,0.1532855862565273,0.11960126870574207,0.08107070867553855,0.07525248865163722,0.020690755390015275,0.006686233948433176,0.010130986160211882,0.011195007341070023,0.006840360509972521,0.006343520900345436,0.006489505278951174,0.01233330150110593,0.017117163004078697,0.01014482002007798,0.01300006730599643,0.013574250233365321,7.019379395380003e-05,0.0,0.0,0.0,0.0,0.0,0.0,0.0,0.0,0.0,0.0
CCCCOC(C)C,CCCCOC(C)C,298.15,0.0,aux_only_sigma_profile_stream,,,No,False,0.0,False,0.0,False,0.0,0.0,0.0,False,0.0,False,True,187.0737,0.0,0.0,0.0,0.0,0.0,0.0,0.0,0.0,0.0,0.0,0.0,0.0,0.0,0.0,0.0,0.0,0.0,0.0,0.0,0.0,0.004238406683120861,0.055249958077351335,0.14341685943258087,0.18270432592629163,0.15595650437962685,0.11934188864520079,0.11057573251159676,0.11640334862452975,0.03594115363293146,0.01147707409277087,0.0032295937361177932,0.003054127004225153,0.007326782734991343,0.004327633526251579,0.0018553691962048648,0.0067120405704211355,0.014500257954914214,0.0077833601371389135,0.005960572936176333,0.006159948732728651,0.0037850614648288613,0.0,0.0,0.0,0.0,0.0,0.0,0.0,0.0,0.0,0.0
CC(C)COC,CC(C)COC,298.15,0.0,aux_only_sigma_profile_stream,,,No,False,0.0,False,0.0,False,0.0,0.0,0.0,False,0.0,False,True,146.84851000000003,0.0,0.0,0.0,0.0,0.0,0.0,0.0,0.0,0.0,0.0,0.0,0.0,0.0,0.0,0.0,0.0,0.0,0.0,0.0,0.004192854502823842,0.012234209304439653,0.05885804565310788,0.1588742740691567,0.16983385567864934,0.15583813801037133,0.11287476283015127,0.08181946224577218,0.09836465248187533,0.04595389782580346,0.015492022411913605,0.00996889379433261,0.008970084831822739,0.00633973728831365,0.007353204301632001,0.004020054475532526,0.01812515574547538,0.016155404958896984,0.0038141139319527117,0.007210509749961772,0.0037066659080149723,0.0,0.0,0.0,0.0,0.0,0.0,0.0,0.0,0.0,0.0,0.0
CC(C)OC,CC(C)OC,298.15,0.0,aux_only_sigma_profile_stream,,,No,False,0.0,False,0.0,False,0.0,0.0,0.0,False,0.0,False,True,126.47811999999996,0.0,0.0,0.0,0.0,0.0,0.0,0.0,0.0,0.0,0.0,0.0,0.0,0.0,0.0,0.0,0.0,0.0,0.0,0.0,0.003368405798547078,0.025505684202202096,0.11042022639674517,0.15203136260348435,0.1570019328804611,0.12974290804183605,0.09589995613539166,0.10341961522512672,0.08050529433661964,0.02345607620384902,0.015562283821385237,0.00656811206576687,0.0038250115216683024,0.015590619686385128,0.004946789600800527,0.005952073568735155,0.0079513300740756,0.018132416447484964,0.009527070707519878,0.012901440150911634,0.015099901762723546,0.0025914887682801984,0.0,0.0,0.0,0.0,0.0,0.0,0.0,0.0,0.0,0.0
CCCCCCOCCCCCC,CCCCCCOCCCCCC,298.15,0.0,aux_only_sigma_profile_stream,,,No,False,0.0,False,0.0,False,0.0,0.0,0.0,False,0.0,False,True,289.45976,0.0,0.0,0.0,0.0,0.0,0.0,0.0,0.0,0.0,0.0,0.0,0.0,0.0,0.0,0.0,0.0,0.0,0.0,0.0,0.0,0.0,0.00986790080457021,0.11130518672960453,0.20445756672197093,0.20133226728991896,0.15563588168250744,0.10695630929920588,0.11178198150603487,0.04888041682125315,0.005832208482868568,0.0015279999174448566,0.004736114302299601,0.004040038064577854,0.00100905950980955,0.002389799808236789,0.004036297415227916,0.00980276540907875,0.0065494973032877634,0.0024647672702622432,0.0065649199738487245,0.0008290216879914534,0.0,0.0,0.0,0.0,0.0,0.0,0.0,0.0,0.0,0.0
CCCCOC,CCCCOC,298.15,0.0,aux_only_sigma_profile_stream,,,No,False,0.0,False,0.0,False,0.0,0.0,0.0,False,0.0,False,True,149.81609000000014,0.0,0.0,0.0,0.0,0.0,0.0,0.0,0.0,0.0,0.0,0.0,0.0,0.0,0.0,0.0,0.0,0.0,0.0,0.0,0.004775257568922212,0.011119692220971648,0.05877770546953797,0.15859424658896704,0.17520409147782773,0.1745941371611659,0.12184183539539567,0.07838965443491344,0.0897550672626437,0.027464127986287893,0.006484604452868314,0.008571978137326826,0.009702413294757517,0.006009628910961854,0.00551882945056184,0.005533986897166227,0.010097320659007253,0.01569145093842066,0.0085551122757192,0.011053755036699649,0.012170131568035368,9.497281184213516e-05,0.0,0.0,0.0,0.0,0.0,0.0,0.0,0.0,0.0,0.0
C=COC=C,C=COC=C,298.15,0.0,aux_only_sigma_profile_stream,,,No,False,0.0,False,0.0,False,0.0,0.0,0.0,False,0.0,False,True,121.87033999999998,0.0,0.0,0.0,0.0,0.0,0.0,0.0,0.0,0.0,0.0,0.0,0.0,0.0,0.0,0.0,0.0069416296181814266,0.028778705857173213,0.02534480995816407,0.05201631473638722,0.05985150466772351,0.08898148566615717,0.04807642545892627,0.04617448381020823,0.05909382775337215,0.04980229680974904,0.06509177502566375,0.05141721440805016,0.05215891913020674,0.03705944612257117,0.06725578630963934,0.07899525136657057,0.07654121296377019,0.057336371290681476,0.04744940476317848,0.0016331342836258193,0.0,0.0,0.0,0.0,0.0,0.0,0.0,0.0,0.0,0.0,0.0,0.0,0.0,0.0,0.0,0.0
CCCOCC,CCCOCC,298.15,0.0,aux_only_sigma_profile_stream,,,No,False,0.0,False,0.0,False,0.0,0.0,0.0,False,0.0,False,True,150.1988899999999,0.0,0.0,0.0,0.0,0.0,0.0,0.0,0.0,0.0,0.0,0.0,0.0,0.0,0.0,0.0,0.0,0.0,0.0,0.0,0.0,0.005186714087763895,0.056272575424291864,0.17023874066188718,0.18885361388959077,0.1430285038554487,0.12385158729212123,0.11129119027678841,0.08432152517160084,0.024388617908945948,0.006579826062877626,0.0033543545124860227,0.008898202282220801,0.008015714612958596,0.002333393550639963,0.005484231034573095,0.00974048751740311,0.017545592991202525,0.01163476009211123,0.007214824986598116,0.011200945348380339,0.0005645984401097562,0.0,0.0,0.0,0.0,0.0,0.0,0.0,0.0,0.0,0.0
C/C=C/C1=CC=C(C=C1)OC,C/C=C/C1=CC=C(C=C1)OC,298.15,0.0,aux_only_sigma_profile_stream,,,No,False,0.0,False,0.0,False,0.0,0.0,0.0,False,0.0,False,True,203.59151999999995,0.0,0.0,0.0,0.0,0.0,0.0,0.0,0.0,0.0,0.0,0.0,0.0,0.0,0.0,0.0,0.0,0.0,0.0018233378533008156,0.025308170360104885,0.07253776199135605,0.09071398233243658,0.08547342957412522,0.08887809459226154,0.0756349997979867,0.06129261560964181,0.059766275965980324,0.07182525983298471,0.04186786833457614,0.06155649488700955,0.04786988955705465,0.06217759245274508,0.08063433300187112,0.043883725421357,0.01176928074177304,0.008792872950078719,0.008194014743356196,0.0,0.0,0.0,0.0,0.0,0.0,0.0,0.0,0.0,0.0,0.0,0.0,0.0,0.0,0.0
CC(C)(C)OC(C)(C)C,CC(C)(C)OC(C)(C)C,298.15,0.0,aux_only_sigma_profile_stream,,,No,False,0.0,False,0.0,False,0.0,0.0,0.0,False,0.0,False,True,185.3404099999999,0.0,0.0,0.0,0.0,0.0,0.0,0.0,0.0,0.0,0.0,0.0,0.0,0.0,0.0,0.0,0.0,0.0,0.0,0.0,0.0,0.012300905014573623,0.07444433110736297,0.1299634754305859,0.156098768892799,0.1239917749532102,0.10488514692202208,0.11710586720330451,0.1707840931568928,0.04662253951800756,0.010624851627514103,0.007858333207902805,0.0037411308802833302,0.0029063416950892863,0.004899843177245801,0.007647741874349263,0.0011935396653140556,0.0035922086686361807,0.0075636211065451845,0.006879927096522938,0.006753882917322081,0.00014167588451632546,0.0,0.0,0.0,0.0,0.0,0.0,0.0,0.0,0.0,0.0
CCCCCCCCOCCCCCCCC,CCCCCCCCOCCCCCCCC,298.15,0.0,aux_only_sigma_profile_stream,,,No,False,0.0,False,0.0,False,0.0,0.0,0.0,False,0.0,False,True,369.44231000000013,0.0,0.0,0.0,0.0,0.0,0.0,0.0,0.0,0.0,0.0,0.0,0.0,0.0,0.0,0.0,0.0,0.0,0.0,0.0,0.0,0.0,0.007593286107202391,0.09170799923014368,0.1960946406588419,0.21326330630306953,0.1687632892585058,0.12013652816639649,0.10421405016466732,0.05905587279553117,0.004446130638254967,0.0011656694699907978,0.003936080103041689,0.0029137544058873486,0.000821365262749851,0.0019296451378960297,0.0037473337519614955,0.007351554240972063,0.004731111846918055,0.0025376953468184823,0.004751439607500283,0.0008392475036505426,0.0,0.0,0.0,0.0,0.0,0.0,0.0,0.0,0.0,0.0
CCCCCOCCCCC,CCCCCOCCCCC,298.15,0.0,aux_only_sigma_profile_stream,,,No,False,0.0,False,0.0,False,0.0,0.0,0.0,False,0.0,False,True,249.67332000000007,0.0,0.0,0.0,0.0,0.0,0.0,0.0,0.0,0.0,0.0,0.0,0.0,0.0,0.0,0.0,0.0,0.0,0.0,0.0,0.0,0.0,0.012342848033540584,0.1284504837306553,0.20450394880839884,0.19485819476352575,0.1436462623432287,0.10190837900889048,0.11561067727377752,0.04144950843204591,0.00617538675353642,0.0017487276280983004,0.005523015674535307,0.004634737065489215,0.0011926870281232889,0.0026800974263831625,0.004979094881426227,0.011117174393042622,0.007714558573455715,0.002877522214003282,0.007439023165655615,0.0011476728021877385,0.0,0.0,0.0,0.0,0.0,0.0,0.0,0.0,0.0,0.0
CCC(C)OC,CCC(C)OC,298.15,0.0,aux_only_sigma_profile_stream,,,No,False,0.0,False,0.0,False,0.0,0.0,0.0,False,0.0,False,True,144.13144999999997,0.0,0.0,0.0,0.0,0.0,0.0,0.0,0.0,0.0,0.0,0.0,0.0,0.0,0.0,0.0,0.0,0.0,0.0,0.0,0.0026065691150807687,0.02090385353375471,0.0861803298432667,0.14429073065063736,0.15476545557577062,0.1501075655040139,0.12341474230768375,0.10201399291104754,0.0842068132448657,0.02836275458144625,0.013790803310501563,0.006857807115274856,0.004124268850530589,0.01019640241873103,0.006043816666254507,0.0040466605431033,0.008755454257485107,0.015176571824628959,0.008841670758393629,0.009905614315430187,0.011893967232659492,0.0035141554394395127,0.0,0.0,0.0,0.0,0.0,0.0,0.0,0.0,0.0,0.0
CCC(C)(C)OC,CCC(C)(C)OC,298.15,0.0,aux_only_sigma_profile_stream,,,No,False,0.0,False,0.0,False,0.0,0.0,0.0,False,0.0,False,True,155.7977499999999,0.0,0.0,0.0,0.0,0.0,0.0,0.0,0.0,0.0,0.0,0.0,0.0,0.0,0.0,0.0,0.0,0.0,0.0,0.0,0.0010404250388484824,0.01772356487132499,0.09463400418340452,0.1300542480900239,0.154797390283958,0.13409829059605557,0.12417423573197763,0.1276678130732364,0.09139724973114444,0.028467507625402188,0.016706399239341724,0.010056398234969647,0.0026403832643221315,0.003329805231657315,0.011361968964031518,0.0033105158008083137,0.0061425068696371685,0.007283221488712722,0.0106223550487706,0.010652748923551537,0.009118501244144485,0.004720466464676714,0.0,0.0,0.0,0.0,0.0,0.0,0.0,0.0,0.0,0.0
CCCCCOC,CCCCCOC,298.15,0.0,aux_only_sigma_profile_stream,,,No,False,0.0,False,0.0,False,0.0,0.0,0.0,False,0.0,False,True,169.5631100000001,0.0,0.0,0.0,0.0,0.0,0.0,0.0,0.0,0.0,0.0,0.0,0.0,0.0,0.0,0.0,0.0,0.0,0.0,0.0,0.004035535196516227,0.010488550058591275,0.047659076186600695,0.1422790767463789,0.18214653575532544,0.18480841104242235,0.1302439406706623,0.08450598753040087,0.0906675677693803,0.031177397089178754,0.010256822891786952,0.007206188466480413,0.008244514120973536,0.006227043634565616,0.0042092328759743055,0.004782073469268979,0.009376682171867573,0.013402579829833837,0.00861925505588304,0.009373874288983251,0.010214999121770582,7.46560271547838e-05,0.0,0.0,0.0,0.0,0.0,0.0,0.0,0.0,0.0,0.0
CCC(C)(C)OCC,CCC(C)(C)OCC,298.15,0.0,aux_only_sigma_profile_stream,,,No,False,0.0,False,0.0,False,0.0,0.0,0.0,False,0.0,False,True,176.20046,0.0,0.0,0.0,0.0,0.0,0.0,0.0,0.0,0.0,0.0,0.0,0.0,0.0,0.0,0.0,0.0,0.0,0.0,0.0,0.0,0.004995725895409655,0.08183387140686524,0.12909741786721673,0.1683725764384094,0.1326318804632888,0.12533633778770953,0.13538441013769997,0.10873434853833976,0.03213628652924913,0.01665981820550565,0.007494074343505639,0.0024177625527300895,0.003274281164889581,0.006803986726122281,0.00423984501628115,0.004793761380566352,0.006031563093179913,0.01142146499256192,0.00917577431632869,0.006030235196222705,0.003134577947917826,0.0,0.0,0.0,0.0,0.0,0.0,0.0,0.0,0.0,0.0
COCOC,COCOC,298.15,0.0,aux_only_sigma_profile_stream,,,No,False,0.0,False,0.0,False,0.0,0.0,0.0,False,0.0,False,True,122.17043000000002,0.0,0.0,0.0,0.0,0.0,0.0,0.0,0.0,0.0,0.0,0.0,0.0,0.0,0.0,0.0,0.0,0.0,0.0,0.002885675889741797,0.029881500615503435,0.11573751423151492,0.1951839151862451,0.12734607608734205,0.1344419281197037,0.083300373177304,0.02675447914166611,0.032714957282716034,0.018193198096611584,0.012790368553357632,0.019435123840606843,0.012137686478170541,0.014191453033008476,0.013798046448985074,0.01003028279606006,0.024790099423970098,0.0119888406109603,0.025650023768563856,0.01898092298493418,0.06331529141676369,0.00645224281627055,0.0,0.0,0.0,0.0,0.0,0.0,0.0,0.0,0.0,0.0,0.0
CCOC(C)OCC,CCOC(C)OCC,298.15,0.0,aux_only_sigma_profile_stream,,,No,False,0.0,False,0.0,False,0.0,0.0,0.0,False,0.0,False,True,176.46095000000005,0.0,0.0,0.0,0.0,0.0,0.0,0.0,0.0,0.0,0.0,0.0,0.0,0.0,0.0,0.0,0.0,0.0,0.0,0.0,0.0001998460330756844,0.022478201783801284,0.09797250378728661,0.1462100622969971,0.1557900138367236,0.152604200269833,0.1131057582214399,0.12078114743353638,0.044881615576997325,0.021564727363585195,0.00946839567242095,0.011213191533854085,0.013069434926444686,0.006666568696394526,0.008106084022855422,0.013287586499761105,0.019944254331420445,0.011329125406699286,0.01600640914423693,0.012494266136365752,0.0028266070262706034,0.0,0.0,0.0,0.0,0.0,0.0,0.0,0.0,0.0,0.0,0.0
CC(C)COC(C)C,CC(C)COC(C)C,298.15,0.0,aux_only_sigma_profile_stream,,,No,False,0.0,False,0.0,False,0.0,0.0,0.0,False,0.0,False,True,184.08062,0.0,0.0,0.0,0.0,0.0,0.0,0.0,0.0,0.0,0.0,0.0,0.0,0.0,0.0,0.0,0.0,0.0,0.0,0.0,0.0,0.003350909659596915,0.0537530595457185,0.1441607419067678,0.17768239905364128,0.14297121702506652,0.1116270303520767,0.11019060292221092,0.12555504590870617,0.05567912819892664,0.016225131017727448,0.008034198948939825,0.004966389262087752,0.004446210796034373,0.004718618073409037,0.005812357667620523,0.006916800440994337,0.010392615895879915,0.010472771663748796,0.0017574434163092165,0.00128732824453722,0.0,0.0,0.0,0.0,0.0,0.0,0.0,0.0,0.0,0.0,0.0
CCOC=C,CCOC=C,298.15,0.0,aux_only_sigma_profile_stream,,,No,False,0.0,False,0.0,False,0.0,0.0,0.0,False,0.0,False,True,125.86815000000004,0.0,0.0,0.0,0.0,0.0,0.0,0.0,0.0,0.0,0.0,0.0,0.0,0.0,0.0,0.0,0.0,0.0,0.002720481301380261,0.013206415171129627,0.044201191148861944,0.10055493657758612,0.12392060953563785,0.11216294586023626,0.08559857964160986,0.07434267662052066,0.07625756230748786,0.07323442755297903,0.028885173509619066,0.030534027255679764,0.022079982005788274,0.02484236490077314,0.037623926203632044,0.034498095146421937,0.04978861058560325,0.03040904766135022,0.01900680583790243,0.015721982450597093,0.0004101587252032876,7.063498810130582e-19,0.0,0.0,0.0,0.0,0.0,0.0,0.0,0.0,0.0,0.0,0.0,0.0
CCCOCCC,CCCOCCC,298.15,0.0,aux_only_sigma_profile_stream,,,No,False,0.0,False,0.0,False,0.0,0.0,0.0,False,0.0,False,True,170.1135599999999,0.0,0.0,0.0,0.0,0.0,0.0,0.0,0.0,0.0,0.0,0.0,0.0,0.0,0.0,0.0,0.0,0.0,0.0,0.0,0.0,3.0651406092518453e-05,0.038589033944230806,0.16636424872565023,0.19692227023823392,0.1521292408962373,0.1333245718843531,0.10849505782010975,0.09757725001972685,0.024937964491876737,0.0070800439923986115,0.002769282742463657,0.009029571339641008,0.005347815576013474,0.001999849267281322,0.004531836831628799,0.00835427410749768,0.01597972209463783,0.010117291695513835,0.004871977213860842,0.010415093257017486,0.001132952455534251,0.0,0.0,0.0,0.0,0.0,0.0,0.0,0.0,0.0,0.0
CCCCOC=C,CCCCOC=C,298.15,0.0,aux_only_sigma_profile_stream,,,No,False,0.0,False,0.0,False,0.0,0.0,0.0,False,0.0,False,True,165.91324000000003,0.0,0.0,0.0,0.0,0.0,0.0,0.0,0.0,0.0,0.0,0.0,0.0,0.0,0.0,0.0,0.0,0.0,0.0018001010259798855,0.009712208675747215,0.029979152809775755,0.056773880254481615,0.08006891726649541,0.135552173936863,0.12643090866308135,0.10897637123575006,0.08856392851068123,0.0861693946089914,0.06716720066581244,0.031701768017727755,0.01664046056628898,0.01929812058502455,0.02767949271339719,0.026674744977018345,0.03697841265155529,0.023872287414784133,0.013502302280936105,0.01158188409332627,0.0008762890462820452,1.52987762710502e-18,0.0,0.0,0.0,0.0,0.0,0.0,0.0,0.0,0.0,0.0,0.0,0.0
CCCCOCC,CCCCOCC,298.15,0.0,aux_only_sigma_profile_stream,,,No,False,0.0,False,0.0,False,0.0,0.0,0.0,False,0.0,False,True,170.07442999999998,0.0,0.0,0.0,0.0,0.0,0.0,0.0,0.0,0.0,0.0,0.0,0.0,0.0,0.0,0.0,0.0,0.0,0.0,0.0,0.0,0.0046258681997948786,0.040416961371089355,0.16071140087855126,0.19226995071703784,0.16327667709950758,0.12641103837670425,0.10518296604186357,0.09430686506757952,0.031127421138224604,0.005687518568361623,0.0032968073069792585,0.007731625618383611,0.007345462147912418,0.0020079903644402105,0.004396316800311776,0.008413782067043012,0.014912646765115004,0.010825492225743062,0.005333277619636672,0.010903867532998691,0.000816064092721822,0.0,0.0,0.0,0.0,0.0,0.0,0.0,0.0,0.0,0.0
COCCOCCOCCOC,COCCOCCOCCOC,298.15,0.0,aux_only_sigma_profile_stream,,,No,False,0.0,False,0.0,False,0.0,0.0,0.0,False,0.0,False,True,247.76476999999988,0.0,0.0,0.0,0.0,0.0,0.0,0.0,0.0,0.0,0.0,0.0,0.0,0.0,0.0,0.0,0.0,0.0,0.0,2.642949333783614e-05,0.010053074501814368,0.05692691374430395,0.19142172490903336,0.15303393579059973,0.11492283549215739,0.1115214408810543,0.07853659041756061,0.04377361416124216,0.018274855584880418,0.01615400373561109,0.028305632431155903,0.010285875645079585,0.010117285279425526,0.01242022391618256,0.01858506013174469,0.050345153328692396,0.018800014097928096,0.01814960419130537,0.0280846066476783,0.010259794075704546,1.3315435076923978e-06,0.0,0.0,0.0,0.0,0.0,0.0,0.0,0.0,0.0,0.0,0.0
COCCOC,COCCOC,298.15,0.0,aux_only_sigma_profile_stream,,,No,False,0.0,False,0.0,False,0.0,0.0,0.0,False,0.0,False,True,142.26667999999998,0.0,0.0,0.0,0.0,0.0,0.0,0.0,0.0,0.0,0.0,0.0,0.0,0.0,0.0,0.0,0.0,0.0,0.0,0.0,0.016904586053781746,0.04474182959404733,0.176352443692909,0.156609819419053,0.12313956590085888,0.1330891447613728,0.07182075179110246,0.04529418257387451,0.02014027059417771,0.013785223004381843,0.028395396062921623,0.013293153304217983,0.011460226077999363,0.011600735508980812,0.01320038155430766,0.03259213994838384,0.02477645894514842,0.013649770766236956,0.029404749173394522,0.019501821644306545,0.0002473496285429983,0.0,0.0,0.0,0.0,0.0,0.0,0.0,0.0,0.0,0.0,0.0
COCCOCCOC,COCCOCCOC,298.15,0.0,aux_only_sigma_profile_stream,,,No,False,0.0,False,0.0,False,0.0,0.0,0.0,False,0.0,False,True,195.01828,0.0,0.0,0.0,0.0,0.0,0.0,0.0,0.0,0.0,0.0,0.0,0.0,0.0,0.0,0.0,0.0,0.0,0.0,1.3890413479792254e-05,0.01223463207425545,0.05289602668508204,0.18625392738210847,0.15459799225644946,0.11693807216683944,0.12109146431875409,0.07596601858932762,0.04314646316701497,0.020756520339333517,0.014514700362600674,0.027080220582778137,0.011619249440585788,0.010373733571162405,0.012209505098055937,0.015725473043542278,0.044077134557956615,0.02151505256360782,0.015331450823464033,0.02922239564586674,0.014364102102989704,7.197481474497159e-05,0.0,0.0,0.0,0.0,0.0,0.0,0.0,0.0,0.0,0.0,0.0
COCCOCCOCCOCCOC,COCCOCCOCCOCCOC,298.15,0.0,aux_only_sigma_profile_stream,,,No,False,0.0,False,0.0,False,0.0,0.0,0.0,False,0.0,False,True,300.91822000000013,0.0,0.0,0.0,0.0,0.0,0.0,0.0,0.0,0.0,0.0,0.0,0.0,0.0,0.0,0.0,0.0,0.0,0.0,6.054667780885449e-06,0.007968968903732712,0.05983152542514971,0.1948616894529423,0.15097272252426547,0.11538279515515971,0.10471598974351333,0.07846670834917271,0.046499118214011086,0.018495837333033765,0.016088849487081634,0.027833122676214076,0.009646240136983177,0.0098431961608318,0.013394452015735034,0.021275759840957677,0.05194844484459098,0.018613330154564345,0.02003641041014051,0.024682091413735337,0.00928932153071844,0.00014737155968541513,0.0,0.0,0.0,0.0,0.0,0.0,0.0,0.0,0.0,0.0,0.0
CCOCCOCCOCC,CCOCCOCCOCC,298.15,0.0,aux_only_sigma_profile_stream,,,No,False,0.0,False,0.0,False,0.0,0.0,0.0,False,0.0,False,True,235.52177,0.0,0.0,0.0,0.0,0.0,0.0,0.0,0.0,0.0,0.0,0.0,0.0,0.0,0.0,0.0,0.0,0.0,0.0,0.0,0.0,0.026559670075966605,0.14502877746496173,0.17829739013876636,0.14444524222999727,0.11495791153794403,0.08091041640547197,0.098490176358816,0.03858630818597651,0.013277694638306132,0.016885378376297912,0.01014276712540595,0.009341859455012163,0.007483122746322431,0.011261710502945057,0.028581627177768704,0.029172544537970538,0.014449179294608403,0.017979116828574476,0.013921805062948924,0.00022730185593881447,0.0,0.0,0.0,0.0,0.0,0.0,0.0,0.0,0.0,0.0,0.0
CCOCC1=CC=CC=C1,CCOCC1=CC=CC=C1,298.15,0.0,aux_only_sigma_profile_stream,,,No,False,0.0,False,0.0,False,0.0,0.0,0.0,False,0.0,False,True,191.66260000000003,0.0,0.0,0.0,0.0,0.0,0.0,0.0,0.0,0.0,0.0,0.0,0.0,0.0,0.0,0.0,0.0,0.0,0.0,0.0044466326938795925,0.03870223984037834,0.07376891401043968,0.12970297130624073,0.11224416264101704,0.09911588451327485,0.07717953760909847,0.06114017310947935,0.07596088963122799,0.046149740303417605,0.04975488856828775,0.0350221002021113,0.06810167954576946,0.04927074084388951,0.04205536646272427,0.011250445053286448,0.00686851191151753,0.01211488187579448,0.005209959222461458,0.0019402806557041175,3.2752422155258855e-18,0.0,0.0,0.0,0.0,0.0,0.0,0.0,0.0,0.0,0.0,0.0,0.0
COC1=CC=CC=C1,COC1=CC=CC=C1,298.15,0.0,aux_only_sigma_profile_stream,,,No,False,0.0,False,0.0,False,0.0,0.0,0.0,False,0.0,False,True,150.46848000000006,0.0,0.0,0.0,0.0,0.0,0.0,0.0,0.0,0.0,0.0,0.0,0.0,0.0,0.0,0.0,0.0,0.0,0.001049946239321617,0.022915078310442417,0.09856193951713073,0.11366660292989929,0.08758003315283902,0.08059838747430888,0.0628940564117748,0.055786500919540606,0.03707771146840254,0.05228860845038348,0.027573377410346482,0.06443214514816456,0.05147817434541405,0.07526099326237756,0.06139049643608846,0.06451628098430912,0.01846964289681732,0.010262164930535481,0.013737394827227575,0.0004604648846759745,1.5604570179776962e-18,0.0,0.0,0.0,0.0,0.0,0.0,0.0,0.0,0.0,0.0,0.0,0.0,0.0
CCOC1=CC=CC=C1,CCOC1=CC=CC=C1,298.15,0.0,aux_only_sigma_profile_stream,,,No,False,0.0,False,0.0,False,0.0,0.0,0.0,False,0.0,False,True,171.00429000000008,0.0,0.0,0.0,0.0,0.0,0.0,0.0,0.0,0.0,0.0,0.0,0.0,0.0,0.0,0.0,0.0,0.0,0.0007163884497679324,0.011172072033043025,0.06110600240772261,0.10575642837264429,0.10849290980881468,0.09665125971953972,0.06775299886473955,0.06803872582691226,0.06442250826529729,0.06823018398135096,0.029548517211422647,0.05549545003376,0.043732688426106246,0.06554205779394418,0.05504222430475689,0.056022560820364484,0.02291309022349643,0.006080669580662856,0.010330999134928645,0.00295226474072523,1.0311025965496325e-17,0.0,0.0,0.0,0.0,0.0,0.0,0.0,0.0,0.0,0.0,0.0,0.0,0.0
C1=CC=C(C=C1)OC2=CC=CC=C2,C1=CC=C(C=C1)OC2=CC=CC=C2,298.15,0.0,aux_only_sigma_profile_stream,,,No,False,0.0,False,0.0,False,0.0,0.0,0.0,False,0.0,False,True,213.01788999999997,0.0,0.0,0.0,0.0,0.0,0.0,0.0,0.0,0.0,0.0,0.0,0.0,0.0,0.0,0.001078592148647602,0.004340691949099125,0.005908430056225936,0.010313607405102126,0.03598783556086374,0.08262572638772125,0.0933077279942699,0.05947060870363378,0.047801301106622084,0.05303707300271307,0.05171013901163983,0.05635955705810579,0.03957156388718836,0.09516259468665239,0.08418452322733223,0.07542591947860672,0.10149586454430798,0.07973032091414858,0.022487922877119523,0.0,0.0,0.0,0.0,0.0,0.0,0.0,0.0,0.0,0.0,0.0,0.0,0.0,0.0,0.0,0.0,0.0,0.0
COC=C,COC=C,298.15,0.0,aux_only_sigma_profile_stream,,,No,False,0.0,False,0.0,False,0.0,0.0,0.0,False,0.0,False,True,105.58377000000004,0.0,0.0,0.0,0.0,0.0,0.0,0.0,0.0,0.0,0.0,0.0,0.0,0.0,0.0,0.0,0.0,0.0,0.004406936372390566,0.026898035892504207,0.09513998535821552,0.11088404540908699,0.10366692018089707,0.08647601136057072,0.08122000861150672,0.05566265424612152,0.04091515934114597,0.04817942764062713,0.031302862522660055,0.03616902521627101,0.030989460079772095,0.03283099117106842,0.04112611524390679,0.04710563706528142,0.0488965784214049,0.04121444691977506,0.026028668188127744,0.010887030758666181,3.787717916052782e-17,0.0,0.0,0.0,0.0,0.0,0.0,0.0,0.0,0.0,0.0,0.0,0.0,0.0
CC(C)(C1=CC=CC=C1)OO,CC(C)(C1=CC=CC=C1)OO,298.15,0.0,aux_only_sigma_profile_stream,,,No,False,0.0,False,0.0,False,0.0,0.0,0.0,False,0.0,False,True,188.08276999999987,0.0,0.0,0.0,0.0,0.0,0.0,0.0,0.0,0.0,0.0,0.0007014300645810719,0.003521616140517467,0.0041602636794444555,0.002164386996178067,0.005925601749778459,0.002480726293407213,0.0033785029355081725,0.0027645990540753644,0.005855540976737958,0.039464015181129485,0.0821103906915775,0.10861857550339521,0.09529990300543859,0.07645115201289045,0.07099047994292625,0.08661809660647285,0.07097184648740716,0.058649937205259704,0.039954710343716254,0.06672780990197938,0.053028202413109175,0.019373185109448424,0.013536761086353747,0.017372077868722864,0.016242019068338436,0.024955568658303742,0.020589783894367056,0.006454725971089271,0.001638091157846308,2.874234356906987e-18,0.0,0.0,0.0,0.0,0.0,0.0,0.0,0.0,0.0,0.0,0.0
C1CCC(CC1)OO,C1CCC(CC1)OO,298.15,0.0,aux_only_sigma_profile_stream,,,No,False,0.0,False,0.0,False,0.0,0.0,0.0,False,0.0,False,True,154.80007000000006,0.0,0.0,0.0,0.0,0.0,0.0,0.0,0.0,0.002416054091703375,0.00641344244053286,0.007381195621253073,0.005104391401553451,0.006684191014891139,0.004377474852835188,0.005052929284136747,0.0037681157955407004,0.0047331404909650735,0.007829806026148047,0.0021762325779632,0.0017746967413784173,0.00548720302547967,0.04143058367908237,0.13952322911655785,0.168875166087835,0.1304360481658464,0.11669073922320056,0.10189147743446689,0.05844107060335557,0.012277107571827192,0.010669061410913892,0.009135585974422232,0.008208273452806187,0.019985929668619135,0.027327245058072956,0.02025289873706148,0.02155280991894053,0.020922119792183728,0.017078191838866035,0.010793461018426613,0.0013101278831343973,0.0,0.0,0.0,0.0,0.0,0.0,0.0,0.0,0.0,0.0,0.0
CC1CCC(CC1)C(C)(C)OO,CC1CCC(CC1)C(C)(C)OO,298.15,0.0,aux_only_sigma_profile_stream,,,No,False,0.0,False,0.0,False,0.0,0.0,0.0,False,0.0,False,True,217.5438800000002,0.0,0.0,0.0,0.0,0.0,0.0,0.0,0.0,0.0011195115908138246,0.00331083592344301,0.006486714367695417,4.205902451685927e-05,0.0052965572258245885,0.0029586558161421384,0.0025361007556325126,0.0073782655336333824,0.0027103727658914765,0.0013531261067525676,0.002020041466931212,0.0017288959536493358,0.011473084063317146,0.037973753191298476,0.09918524768655355,0.15942327750856547,0.17337714009705657,0.11970705159832709,0.10755686999611196,0.10555756059327834,0.04393904227313341,0.007287022034093115,0.0054192508527630325,0.009077989702321565,0.009469485091219611,0.010297660042668395,0.017330061759351385,0.010911393263054776,0.007461196087555546,0.013498765632379145,0.010904218576515317,0.0032087934195097435,0.0,0.0,0.0,0.0,0.0,0.0,0.0,0.0,0.0,0.0,0.0
C1C=CCO1,C1C=CCO1,298.15,0.0,aux_only_sigma_profile_stream,,,No,False,0.0,False,0.0,False,0.0,0.0,0.0,False,0.0,False,True,107.71579000000006,0.0,0.0,0.0,0.0,0.0,0.0,0.0,0.0,0.0,0.0,0.0,0.0,0.0,0.0,0.0,0.0,0.0,0.0025941741357574303,0.02798935583093582,0.037202814092289885,0.09508930976935967,0.12479541155140667,0.14140224044589644,0.08856969726727078,0.0629213364037962,0.05854336737086621,0.04114227015087591,0.04176521685399577,0.05751639174519498,0.02865964976971787,0.044896304179238775,0.03031748954299382,0.01275591428268891,0.017948980938001558,0.011686662136749211,0.009292573386691597,0.016374940682933943,0.017121439497008183,0.015582342571917535,0.015832117394413012,0.0,0.0,0.0,0.0,0.0,0.0,0.0,0.0,0.0,0.0,0.0
C1=COC=C1,C1=COC=C1,298.15,0.0,aux_only_sigma_profile_stream,,,No,False,0.0,False,0.0,False,0.0,0.0,0.0,False,0.0,False,True,102.0458,0.0,0.0,0.0,0.0,0.0,0.0,0.0,0.0,0.0,0.0,0.0,0.0,0.0,0.0,0.0,0.0025325633357949026,0.026421829874172378,0.05900325769433675,0.06331985604325283,0.061936946489865224,0.04288759204948797,0.051880348102558746,0.05663064516510653,0.03719680865356889,0.04893630212042876,0.05686130018310611,0.04120394186305472,0.05752906265352028,0.05662814179833407,0.06446320147264041,0.09871757832852694,0.07819351348114581,0.06774147306159371,0.027215335423970113,0.0007003022055348058,0.0,0.0,0.0,0.0,0.0,0.0,0.0,0.0,0.0,0.0,0.0,0.0,0.0,0.0,0.0,0.0
C1CCOC1,C1CCOC1,298.15,0.0,aux_only_sigma_profile_stream,,,No,False,0.0,False,0.0,False,0.0,0.0,0.0,False,0.0,False,True,112.62017,0.0,0.0,0.0,0.0,0.0,0.0,0.0,0.0,0.0,0.0,0.0,0.0,0.0,0.0,0.0,0.0,0.0,0.0,0.0,0.0,0.026949996181475217,0.10976985961743442,0.18386905802994438,0.18962806299920607,0.12716476505933796,0.11031176668960009,0.07120862999909305,0.024512003964100207,0.016171611611998277,0.006903609717022403,0.009554446900683952,0.014993986844081304,0.005732343324032889,0.002032405627225301,0.018947667978247058,0.008470514943591781,0.012245359446709682,0.013164823789953164,0.01882661521232803,0.018061394552030423,0.011481077511904216,0.0,0.0,0.0,0.0,0.0,0.0,0.0,0.0,0.0,0.0
CC(C)C1=CC(=CC(=C1)OO)C(C)C,CC(C)C1=CC(=CC(=C1)OO)C(C)C,298.15,0.0,aux_only_sigma_profile_stream,,,No,False,0.0,False,0.0,False,0.0,0.0,0.0,False,0.0,False,True,249.45743999999976,0.0,0.0,0.0,0.0,0.0,0.0,0.0008185299592535204,0.0026358323906926573,0.00648308250805613,0.0034690821073305286,0.0038967421442039044,0.0022265450743374432,0.0032774703477891393,0.0045270412020863805,0.0025310577919016065,0.0018770041953046891,0.0014915526320066277,0.0031016426188182032,0.0061388019762704275,0.008095386091724834,0.02433605656895832,0.07318920065285814,0.10450040333888509,0.11835670551852423,0.09535061753686129,0.0943670188010982,0.08550146936333357,0.11183817540104085,0.047472567317989045,0.036817036664760244,0.05432583009254008,0.03272280509980399,0.03172345244445044,0.019025348840385058,0.00990727197581809,0.005577136591848336,0.0041101792653699875,0.0003089534856990334,5.090962147070909e-19,0.0,0.0,0.0,0.0,0.0,0.0,0.0,0.0,0.0,0.0,0.0,0.0
CC1=CC2=CC=CC=C2O1,CC1=CC2=CC=CC=C2O1,298.15,0.0,aux_only_sigma_profile_stream,,,No,False,0.0,False,0.0,False,0.0,0.0,0.0,False,0.0,False,True,170.54182999999998,0.0,0.0,0.0,0.0,0.0,0.0,0.0,0.0,0.0,0.0,0.0,0.0,0.0,0.0,0.0,0.0,0.0,0.005579619910972417,0.027282000369531337,0.08096683338274664,0.08272318575798736,0.08650964302591219,0.0693464801498694,0.06352702455245557,0.07944630551438496,0.0555236696235105,0.042444753853809546,0.05018918179255413,0.08035633187599958,0.07038752971457092,0.08565480820982045,0.06355647472868857,0.04727198081656078,0.009234176720625669,0.0,0.0,0.0,0.0,0.0,0.0,0.0,0.0,0.0,0.0,0.0,0.0,0.0,0.0,0.0,0.0,0.0
CCl,CCl,298.15,0.0,aux_only_sigma_profile_stream,,,No,False,0.0,False,0.0,False,0.0,0.0,0.0,False,0.0,False,True,78.13161000000001,0.0,0.0,0.0,0.0,0.0,0.0,0.0,0.0,0.0,0.0,0.0,0.0,0.0,0.0,0.0,0.0,0.0,0.021587598788720082,0.08212746351661561,0.08550831163587899,0.04902909660094396,0.06383177686538623,0.09949287348989183,0.0532342332754254,0.043792213839354,0.0356031615237217,0.03200791890465126,0.06300960782187592,0.056054865023616306,0.0017510064688694498,0.10215394668882329,0.11351392449778354,0.09730200105844253,0.0,0.0,0.0,0.0,0.0,0.0,0.0,0.0,0.0,0.0,0.0,0.0,0.0,0.0,0.0,0.0,0.0,0.0
CCCl,CCCl,298.15,0.0,aux_only_sigma_profile_stream,,,No,False,0.0,False,0.0,False,0.0,0.0,0.0,False,0.0,False,True,97.99916000000002,0.0,0.0,0.0,0.0,0.0,0.0,0.0,0.0,0.0,0.0,0.0,0.0,0.0,0.0,0.0,0.0,0.0,0.0019644476687631193,0.03340988367493242,0.0550226294993057,0.07833686876393205,0.09905299936007204,0.10846966408764828,0.07587833484390843,0.05809697296939117,0.10126743395385857,0.028933301811433595,0.037198510423538736,0.058229647352728627,0.017323132525421846,0.0409836754145219,0.10841668306800792,0.08406024897745439,0.013355565605081103,0.0,0.0,0.0,0.0,0.0,0.0,0.0,0.0,0.0,0.0,0.0,0.0,0.0,0.0,0.0,0.0,0.0
C=CCl,C=CCl,298.15,0.0,aux_only_sigma_profile_stream,,,No,False,0.0,False,0.0,False,0.0,0.0,0.0,False,0.0,False,True,93.44971000000008,0.0,0.0,0.0,0.0,0.0,0.0,0.0,0.0,0.0,0.0,0.0,0.0,0.0,0.0,0.0,0.0024612001441450104,0.01957271350167292,0.04131614842580525,0.04853889435435623,0.06237885154810139,0.029371070165552873,0.043923365376561864,0.05055357479015448,0.06092861573009392,0.04552111973070882,0.06984686535961722,0.06407781275446714,0.04479123671279483,0.11671569915857195,0.1463276476275399,0.12596996495101587,0.02694295165798073,0.0007622680108595944,0.0,0.0,0.0,0.0,0.0,0.0,0.0,0.0,0.0,0.0,0.0,0.0,0.0,0.0,0.0,0.0,0.0,0.0
C(/C=C/CCl)Cl,C(/C=C/CCl)Cl,298.15,0.0,aux_only_sigma_profile_stream,,,No,False,0.0,False,0.0,False,0.0,0.0,0.0,False,0.0,False,True,153.57213,0.0,0.0,0.0,0.0,0.0,0.0,0.0,0.0,0.0,0.0,0.0,0.0,0.0,0.0,0.0,0.0,0.006720079401930807,0.04450445150749235,0.0740482578209705,0.0640255212705521,0.07388223911268406,0.04199911542476399,0.03541284221483943,0.027706401973748056,0.06349700762591397,0.04518248313235169,0.07314459408654161,0.07869992888731307,0.05531370759691338,0.04713345073728092,0.1387372885751822,0.09035916194181197,0.03963346868970998,0.0,0.0,0.0,0.0,0.0,0.0,0.0,0.0,0.0,0.0,0.0,0.0,0.0,0.0,0.0,0.0,0.0,0.0
C(CCCl)CCl,C(CCCl)CCl,298.15,0.0,aux_only_sigma_profile_stream,,,No,False,0.0,False,0.0,False,0.0,0.0,0.0,False,0.0,False,True,157.89709999999997,0.0,0.0,0.0,0.0,0.0,0.0,0.0,0.0,0.0,0.0,0.0,0.0,0.0,0.0,0.0,0.0,0.0,0.007096608441553014,0.04633718075818607,0.0712825869454436,0.10077843972739274,0.118923575095314,0.07076672804231807,0.05480521969199175,0.040137583595055204,0.043117564780957546,0.013534948494817522,0.06276753754049835,0.05657116512287934,0.019787468531414387,0.08324510609408843,0.11618658486611091,0.09433202446756275,0.0003296778044162693,0.0,0.0,0.0,0.0,0.0,0.0,0.0,0.0,0.0,0.0,0.0,0.0,0.0,0.0,0.0,0.0,0.0
C(CCCl)CCCl,C(CCCl)CCCl,298.15,0.0,aux_only_sigma_profile_stream,,,No,False,0.0,False,0.0,False,0.0,0.0,0.0,False,0.0,False,True,177.84909000000002,0.0,0.0,0.0,0.0,0.0,0.0,0.0,0.0,0.0,0.0,0.0,0.0,0.0,0.0,0.0,0.0,0.0,0.002828636775153002,0.03300677513580772,0.05046056827083793,0.06379533673986243,0.13452937691782846,0.12634125235599009,0.07567705080498076,0.05090503895593786,0.059520902441697054,0.012563288637665515,0.04855194878863596,0.05336135471940727,0.02418285823042035,0.05202087920735296,0.11401056681647795,0.09324416886673864,0.004999996335206016,0.0,0.0,0.0,0.0,0.0,0.0,0.0,0.0,0.0,0.0,0.0,0.0,0.0,0.0,0.0,0.0,0.0
C(Cl)Cl,C(Cl)Cl,298.15,0.0,aux_only_sigma_profile_stream,,,No,False,0.0,False,0.0,False,0.0,0.0,0.0,False,0.0,False,True,98.38420000000004,0.0,0.0,0.0,0.0,0.0,0.0,0.0,0.0,0.0,0.0,0.0,0.0,0.0,0.0,0.018687394180124207,0.05733654488445065,0.02390108938308579,0.03370113098246454,0.030851092769444366,0.024693084071862745,0.013735926863629417,0.022010879089140928,0.057327465401160925,0.04387286643419367,0.03116634178244281,0.08978347878445499,0.04664389783729439,0.015472298745459892,0.15578096247782156,0.14675496110654548,0.17822496099076465,0.010055624215658811,0.0,0.0,0.0,0.0,0.0,0.0,0.0,0.0,0.0,0.0,0.0,0.0,0.0,0.0,0.0,0.0,0.0,0.0,0.0
C(Cl)(Cl)Cl,C(Cl)(Cl)Cl,298.15,0.0,aux_only_sigma_profile_stream,,,No,False,0.0,False,0.0,False,0.0,0.0,0.0,False,0.0,False,True,117.4441899999999,0.0,0.0,0.0,0.0,0.0,0.0,0.0,0.0,0.0,0.0,0.0,0.0011941350247441174,0.01758838695342782,0.018530952598336554,0.0031520231529075945,0.018995386922322582,0.0038567122000425936,0.004432490430313687,0.0017319739476865834,0.01893124980964194,0.0338915086290738,0.06306224438123433,0.017841360555532586,0.07537876107290788,0.0726901917518375,0.0198815138139118,0.09197973453522225,0.19922329656794194,0.24027297299286685,0.09736510466004755,8.361820949572825e-17,0.0,0.0,0.0,0.0,0.0,0.0,0.0,0.0,0.0,0.0,0.0,0.0,0.0,0.0,0.0,0.0,0.0,0.0,0.0,0.0
CC(Cl)Cl,CC(Cl)Cl,298.15,0.0,aux_only_sigma_profile_stream,,,No,False,0.0,False,0.0,False,0.0,0.0,0.0,False,0.0,False,True,116.21118999999996,0.0,0.0,0.0,0.0,0.0,0.0,0.0,0.0,0.0,0.0,0.0,0.0,0.0,0.0,0.003011689609404624,0.023117385452147917,0.014008928845922763,0.007915675560753998,0.03180665542401142,0.059452994204666376,0.057870717677003164,0.053951794864751774,0.049582862222192756,0.09083143562808024,0.05255292903574641,0.04489325773031644,0.07621675000221607,0.0299910573931891,0.06587452404351744,0.14988873252927803,0.13628740556323113,0.05274520421357034,0.0,0.0,0.0,0.0,0.0,0.0,0.0,0.0,0.0,0.0,0.0,0.0,0.0,0.0,0.0,0.0,0.0,0.0,0.0
C(CCl)Cl,C(CCl)Cl,298.15,0.0,aux_only_sigma_profile_stream,,,No,False,0.0,False,0.0,False,0.0,0.0,0.0,False,0.0,False,True,117.4800999999999,0.0,0.0,0.0,0.0,0.0,0.0,0.0,0.0,0.0,0.0,0.0,0.0,0.0,0.0,0.0,0.0,0.01778138970067826,0.07607873373282215,0.06263358225561101,0.038686812224134504,0.06593579148362945,0.04190809212432918,0.034873917401454915,0.026793637944865174,0.05995828811693662,0.015689337333971383,0.08503045249628233,0.07619517189221797,0.032563838363546795,0.09987694746960814,0.15550812359842572,0.109066368696936,0.001419515164550406,0.0,0.0,0.0,0.0,0.0,0.0,0.0,0.0,0.0,0.0,0.0,0.0,0.0,0.0,0.0,0.0,0.0,0.0
C(C(Cl)Cl)Cl,C(C(Cl)Cl)Cl,298.15,0.0,aux_only_sigma_profile_stream,,,No,False,0.0,False,0.0,False,0.0,0.0,0.0,False,0.0,False,True,134.80553999999995,0.0,0.0,0.0,0.0,0.0,0.0,0.0,0.0,0.0,0.0,0.0,0.0,0.0,0.0033955029929633243,0.02051986757110618,0.024913516241399727,0.043344054840467404,0.026622550381872667,0.028630443892434104,0.02370839401878514,0.023138753483576795,0.021267066390819035,0.051610720169332,0.039722903919393315,0.044564800375682063,0.08650389865544549,0.06726906188878552,0.048032341889935964,0.14616982750540375,0.17165694501488296,0.10074860077356475,0.028180749994149733,0.0,0.0,0.0,0.0,0.0,0.0,0.0,0.0,0.0,0.0,0.0,0.0,0.0,0.0,0.0,0.0,0.0,0.0,0.0
CC(Cl)(Cl)Cl,CC(Cl)(Cl)Cl,298.15,0.0,aux_only_sigma_profile_stream,,,No,False,0.0,False,0.0,False,0.0,0.0,0.0,False,0.0,False,True,132.59103999999994,0.0,0.0,0.0,0.0,0.0,0.0,0.0,0.0,0.0,0.0,0.0,0.0,0.0,0.0,0.0,0.0,0.0002454290383245634,0.02242072009033681,0.03464576606694783,0.04149105578706218,0.050015635180599025,0.07729292705718203,0.06168721926093032,0.032414596810745475,0.09385503865647939,0.05600352602848144,0.040645792116233134,0.1341221167869828,0.15963669970758515,0.18255962873639964,0.012963848675710161,0.0,0.0,0.0,0.0,0.0,0.0,0.0,0.0,0.0,0.0,0.0,0.0,0.0,0.0,0.0,0.0,0.0,0.0,0.0,0.0
C(C(Cl)Cl)(Cl)Cl,C(C(Cl)Cl)(Cl)Cl,298.15,0.0,aux_only_sigma_profile_stream,,,No,False,0.0,False,0.0,False,0.0,0.0,0.0,False,0.0,False,True,150.75704000000007,0.0,0.0,0.0,0.0,0.0,0.0,0.0,0.0,0.0,0.0,0.0,0.0,0.004364734335221065,0.02766454552500267,0.015295610256996373,0.009720445607425968,0.025977674503947598,0.006187903205088197,0.004994565825270579,0.011491019261296514,0.016597617196682814,0.06120519227830378,0.04141968954014875,0.02818279867849166,0.12494446052687348,0.05456395512515287,0.023826639573834556,0.1664476585481062,0.18707720888350346,0.17499200895022737,0.015046272178426166,0.0,0.0,0.0,0.0,0.0,0.0,0.0,0.0,0.0,0.0,0.0,0.0,0.0,0.0,0.0,0.0,0.0,0.0,0.0,0.0
CC(C)Cl,CC(C)Cl,298.15,0.0,aux_only_sigma_profile_stream,,,No,False,0.0,False,0.0,False,0.0,0.0,0.0,False,0.0,False,True,115.62882000000003,0.0,0.0,0.0,0.0,0.0,0.0,0.0,0.0,0.0,0.0,0.0,0.0,0.0,0.0,0.0,0.0,0.0,0.0,0.00920373148336781,0.02580655103921063,0.08579231954804215,0.11312351704088128,0.11588705187160256,0.08674621249367412,0.08045394222907065,0.1280291342983721,0.0570215646958771,0.018556682168687364,0.044322279700633446,0.030488912141358085,0.02239927713661153,0.07487647926778114,0.07489045954972945,0.032401885335100696,0.0,0.0,0.0,0.0,0.0,0.0,0.0,0.0,0.0,0.0,0.0,0.0,0.0,0.0,0.0,0.0,0.0
C#CCCl,C#CCCl,298.15,0.0,aux_only_sigma_profile_stream,,,No,False,0.0,False,0.0,False,0.0,0.0,0.0,False,0.0,False,True,110.24621,0.0,0.0,0.0,0.0,0.0,0.0,0.0,0.0,0.0,0.0,0.0,0.0003826120611684801,0.005136489230386115,0.017484732032378894,0.018864543045804566,0.03386011369933776,0.054735850171379594,0.02721732746158095,0.03923362705315684,0.032224572531449745,0.021411777026490615,0.036798205844252516,0.02583113582709247,0.03150779003191747,0.03135070227835243,0.056094031628092164,0.07082095284288349,0.03811869154888944,0.03067167433098916,0.13652834293373534,0.11223891278154507,0.16563176366191637,0.013856151977200668,0.0,0.0,0.0,0.0,0.0,0.0,0.0,0.0,0.0,0.0,0.0,0.0,0.0,0.0,0.0,0.0,0.0,0.0
C(C(CCl)Cl)Cl,C(C(CCl)Cl)Cl,298.15,0.0,aux_only_sigma_profile_stream,,,No,False,0.0,False,0.0,False,0.0,0.0,0.0,False,0.0,False,True,152.7667999999999,0.0,0.0,0.0,0.0,0.0,0.0,0.0,0.0,0.0,0.0,0.0,0.0,0.0,0.0,0.0,0.012086895419980245,0.058835425872025046,0.08029164877041024,0.04130391754346791,0.044751416724823814,0.03761588053815321,0.018507494937846522,0.014712713694391215,0.05286535480531918,0.02617422544669524,0.027882643349426594,0.09964572390230997,0.061426220668898315,0.015760374788230763,0.13998728642454455,0.1501025169605681,0.09280355856728627,0.025157117590519817,8.958399510306958e-05,0.0,0.0,0.0,0.0,0.0,0.0,0.0,0.0,0.0,0.0,0.0,0.0,0.0,0.0,0.0,0.0,0.0
CC(C)CCl,CC(C)CCl,298.15,0.0,aux_only_sigma_profile_stream,,,No,False,0.0,False,0.0,False,0.0,0.0,0.0,False,0.0,False,True,133.7790699999999,0.0,0.0,0.0,0.0,0.0,0.0,0.0,0.0,0.0,0.0,0.0,0.0,0.0,0.0,0.0,0.0,0.0,0.00040526821166646276,0.015110268304592427,0.030196081338482117,0.03453062617020161,0.0879598214699602,0.1275554758703623,0.11882376419377941,0.08304296373345028,0.0917308476416491,0.09042147352378223,0.09010983447998709,0.045385355446230895,0.016680027211119282,0.036628476613999865,0.07385590152430561,0.04942281191306477,0.008141002353366343,0.0,0.0,0.0,0.0,0.0,0.0,0.0,0.0,0.0,0.0,0.0,0.0,0.0,0.0,0.0,0.0,0.0
CC(C)(C)Cl,CC(C)(C)Cl,298.15,0.0,aux_only_sigma_profile_stream,,,No,False,0.0,False,0.0,False,0.0,0.0,0.0,False,0.0,False,True,130.27491000000015,0.0,0.0,0.0,0.0,0.0,0.0,0.0,0.0,0.0,0.0,0.0,0.0,0.0,0.0,0.0,0.0,0.0,0.0,0.0,0.006157732871448947,0.08764808007115635,0.12022372452822791,0.12504662001624703,0.07627489142804741,0.09187371535662921,0.14645171750951644,0.08833189393108533,0.014861533696024496,0.023671015024958504,0.03572240885357077,0.024533443152051977,0.04487853015693554,0.07255130235439033,0.04177339104970975,0.0,0.0,0.0,0.0,0.0,0.0,0.0,0.0,0.0,0.0,0.0,0.0,0.0,0.0,0.0,0.0,0.0
CC(C(C)Cl)Cl,CC(C(C)Cl)Cl,298.15,0.0,aux_only_sigma_profile_stream,,,No,False,0.0,False,0.0,False,0.0,0.0,0.0,False,0.0,False,True,147.66876000000005,0.0,0.0,0.0,0.0,0.0,0.0,0.0,0.0,0.0,0.0,0.0,0.0,0.0,0.0,0.0,0.0,0.0007599375631429489,0.016187473880023905,0.03064611938505875,0.025925510183159244,0.08316811680574074,0.09005117129777142,0.06958902819344862,0.07770272879209995,0.1067891859250426,0.06664610396291719,0.03767757581703211,0.06584564735698699,0.06175719273653687,0.04857315671234422,0.11686930920596532,0.0799709103550297,0.021840831827699365,0.0,0.0,0.0,0.0,0.0,0.0,0.0,0.0,0.0,0.0,0.0,0.0,0.0,0.0,0.0,0.0,0.0,0.0
C(=C(Cl)Cl)Cl,C(=C(Cl)Cl)Cl,298.15,0.0,aux_only_sigma_profile_stream,,,No,False,0.0,False,0.0,False,0.0,0.0,0.0,False,0.0,False,True,130.8682300000001,0.0,0.0,0.0,0.0,0.0,0.0,0.0,0.0,0.0,0.0,0.0,0.0,0.0,0.0019460875886809414,0.013243233242757132,0.01347053662611788,0.005860967327474036,0.011862681353503816,0.009193434054560983,0.013699721474816606,0.048219467337508926,0.03234313704460324,0.020984353667379708,0.0777267614419733,0.08593136761102593,0.06247955860395501,0.1764000162214877,0.21762256910361188,0.17098699480116053,0.03802911249938221,3.5507478617705235e-17,0.0,0.0,0.0,0.0,0.0,0.0,0.0,0.0,0.0,0.0,0.0,0.0,0.0,0.0,0.0,0.0,0.0,0.0,0.0,0.0
C(=C(Cl)Cl)(Cl)Cl,C(=C(Cl)Cl)(Cl)Cl,298.15,0.0,aux_only_sigma_profile_stream,,,No,False,0.0,False,0.0,False,0.0,0.0,0.0,False,0.0,False,True,147.31992999999989,0.0,0.0,0.0,0.0,0.0,0.0,0.0,0.0,0.0,0.0,0.0,0.0,0.0,0.0,0.0,0.0,0.0,0.0,0.01149580432475091,0.029176835624302448,0.05474391366999887,0.0,0.060324954568360366,0.09930151223555572,0.07509125313025337,0.09575158867969874,0.22923161383894505,0.27352411726093084,0.07135840666720387,0.0,0.0,0.0,0.0,0.0,0.0,0.0,0.0,0.0,0.0,0.0,0.0,0.0,0.0,0.0,0.0,0.0,0.0,0.0,0.0,0.0,0.0
C=CCCl,C=CCCl,298.15,0.0,aux_only_sigma_profile_stream,,,No,False,0.0,False,0.0,False,0.0,0.0,0.0,False,0.0,False,True,113.22377999999996,0.0,0.0,0.0,0.0,0.0,0.0,0.0,0.0,0.0,0.0,0.0,0.0,0.0,0.0,0.0,0.0,0.004105973383925331,0.026561520816213,0.05130994102548928,0.06208729752943581,0.08787061086106528,0.06989316138764855,0.04704317659996639,0.04391885447788268,0.060000392199369985,0.05327346210012139,0.07679728510881297,0.0714282887450655,0.04448210611208584,0.05455855664558393,0.1102026552566369,0.08269855198196566,0.05281381270326147,0.0009543530654699749,0.0,0.0,0.0,0.0,0.0,0.0,0.0,0.0,0.0,0.0,0.0,0.0,0.0,0.0,0.0,0.0,0.0
C(=C(Cl)Cl)(C(=C(Cl)Cl)Cl)Cl,C(=C(Cl)Cl)(C(=C(Cl)Cl)Cl)Cl,298.15,0.0,aux_only_sigma_profile_stream,,,No,False,0.0,False,0.0,False,0.0,0.0,0.0,False,0.0,False,True,209.29875999999987,0.0,0.0,0.0,0.0,0.0,0.0,0.0,0.0,0.0,0.0,0.0,0.0,0.0,0.0,0.0,0.0,0.0,0.0,0.010125046966940948,0.03567565781528679,0.03765621499640081,0.021463796422230178,0.0629270215223545,0.07737375616697495,0.07508899617899224,0.12443635413977806,0.21468800577086608,0.24688247037026076,0.09301250747155411,0.0006701721783607561,5.151663145736052e-19,0.0,0.0,0.0,0.0,0.0,0.0,0.0,0.0,0.0,0.0,0.0,0.0,0.0,0.0,0.0,0.0,0.0,0.0,0.0,0.0
C1=CC=C(C=C1)CCl,C1=CC=C(C=C1)CCl,298.15,0.0,aux_only_sigma_profile_stream,,,No,False,0.0,False,0.0,False,0.0,0.0,0.0,False,0.0,False,True,158.92009,0.0,0.0,0.0,0.0,0.0,0.0,0.0,0.0,0.0,0.0,0.0,0.0,0.0,0.0,0.0,0.0,0.005239088383198412,0.024064506352799008,0.043022710170601594,0.07838523436528635,0.08799653262938627,0.05755692459450162,0.05713483242454185,0.04118272157755349,0.06591820091049283,0.04166990649610015,0.04965791296323933,0.07791997918612809,0.06572651785524662,0.07371632654997176,0.11089062083027387,0.09171572825873558,0.02820225645194318,0.0,0.0,0.0,0.0,0.0,0.0,0.0,0.0,0.0,0.0,0.0,0.0,0.0,0.0,0.0,0.0,0.0,0.0
C1=CC=C(C=C1)Cl,C1=CC=C(C=C1)Cl,298.15,0.0,aux_only_sigma_profile_stream,,,No,False,0.0,False,0.0,False,0.0,0.0,0.0,False,0.0,False,True,141.06417000000008,0.0,0.0,0.0,0.0,0.0,0.0,0.0,0.0,0.0,0.0,0.0,0.0,0.0,0.0,0.0,0.0,0.0,0.011381796936058314,0.06498886946007675,0.07555165674326156,0.0638218545201733,0.056521296762378465,0.049009705286496605,0.04906382830242602,0.033495362386880376,0.04870886242010474,0.08184871862719846,0.07586146883544201,0.11604016743124418,0.1535703210943983,0.10404627494275547,0.016089816251105428,0.0,0.0,0.0,0.0,0.0,0.0,0.0,0.0,0.0,0.0,0.0,0.0,0.0,0.0,0.0,0.0,0.0,0.0,0.0
C1=CC=C(C(=C1)Cl)Cl,C1=CC=C(C(=C1)Cl)Cl,298.15,0.0,aux_only_sigma_profile_stream,,,No,False,0.0,False,0.0,False,0.0,0.0,0.0,False,0.0,False,True,157.32111999999984,0.0,0.0,0.0,0.0,0.0,0.0,0.0,0.0,0.0,0.0,0.0,0.0,0.0,0.0,0.0,0.0,0.002929740966052603,0.0324903817359285,0.05603557140778733,0.050217891314702744,0.04649413446783317,0.036584913338008625,0.05787037455489134,0.021104999063567786,0.04740481886710645,0.08032647757554302,0.09967096281881553,0.11525382799541296,0.16993163794981772,0.14001419695917003,0.0436700709853623,0.0,0.0,0.0,0.0,0.0,0.0,0.0,0.0,0.0,0.0,0.0,0.0,0.0,0.0,0.0,0.0,0.0,0.0,0.0,0.0
C1=CC(=CC(=C1)Cl)Cl,C1=CC(=CC(=C1)Cl)Cl,298.15,0.0,aux_only_sigma_profile_stream,,,No,False,0.0,False,0.0,False,0.0,0.0,0.0,False,0.0,False,True,160.04789000000005,0.0,0.0,0.0,0.0,0.0,0.0,0.0,0.0,0.0,0.0,0.0,0.0,0.0,0.0,0.0,0.0006512146176039295,0.008965029165135632,0.044829680808883686,0.04724788042735183,0.037016861439152914,0.04008925391915106,0.02785964938650518,0.05895436830973607,0.023746163020543595,0.03133388829116791,0.10341220062216999,0.0905760618251843,0.14724492992584529,0.18782376236147125,0.13609829684198393,0.014150759038113256,0.0,0.0,0.0,0.0,0.0,0.0,0.0,0.0,0.0,0.0,0.0,0.0,0.0,0.0,0.0,0.0,0.0,0.0,0.0,0.0
C1=CC(=CC=C1Cl)Cl,C1=CC(=CC=C1Cl)Cl,298.15,0.0,aux_only_sigma_profile_stream,,,No,False,0.0,False,0.0,False,0.0,0.0,0.0,False,0.0,False,True,160.43631,0.0,0.0,0.0,0.0,0.0,0.0,0.0,0.0,0.0,0.0,0.0,0.0,0.0,0.0,0.0,0.0,0.011106635605743613,0.052249245993086293,0.05048959320029993,0.028433093015118337,0.04295219172352879,0.02775739699652074,0.04889242200271229,0.036206972336501754,0.01737115447735499,0.10991806737568759,0.07520196153042913,0.1509378233235432,0.19097379479543503,0.13529364890764506,0.022215998716393355,0.0,0.0,0.0,0.0,0.0,0.0,0.0,0.0,0.0,0.0,0.0,0.0,0.0,0.0,0.0,0.0,0.0,0.0,0.0,0.0
C1(=C(C(=C(C(=C1Cl)Cl)Cl)Cl)Cl)Cl,C1(=C(C(=C(C(=C1Cl)Cl)Cl)Cl)Cl)Cl,298.15,0.0,aux_only_sigma_profile_stream,,,No,False,0.0,False,0.0,False,0.0,0.0,0.0,False,0.0,False,True,220.48773,0.0,0.0,0.0,0.0,0.0,0.0,0.0,0.0,0.0,0.0,0.0,0.0,0.0,0.0,0.0,0.0,0.0,0.0,0.004126770020092493,0.010483294676024558,0.06456668610980303,0.017204135567505413,0.04418550055201912,0.1988536878766881,0.08051624095974635,0.035523970993804915,0.16815709283958247,0.1914872065355959,0.17786688238325554,0.007028531485882094,6.4767319472053215e-18,0.0,0.0,0.0,0.0,0.0,0.0,0.0,0.0,0.0,0.0,0.0,0.0,0.0,0.0,0.0,0.0,0.0,0.0,0.0,0.0
C1=CC=C(C=C1)C(Cl)(Cl)Cl,C1=CC=C(C=C1)C(Cl)(Cl)Cl,298.15,0.0,aux_only_sigma_profile_stream,,,No,False,0.0,False,0.0,False,0.0,0.0,0.0,False,0.0,False,True,189.41427000000004,0.0,0.0,0.0,0.0,0.0,0.0,0.0,0.0,0.0,0.0,0.0,0.0,0.0,0.0,0.0,0.0,0.0,0.005444200913335514,0.050053325388105065,0.06216649991598678,0.054288760125219174,0.07078229784421151,0.03237827277298068,0.05031188235279777,0.08473662607094279,0.04428282922369428,0.07424591100494117,0.12065741854492378,0.1483107024223903,0.17052593204432906,0.03170632948997477,0.00010901188616737902,0.0,0.0,0.0,0.0,0.0,0.0,0.0,0.0,0.0,0.0,0.0,0.0,0.0,0.0,0.0,0.0,0.0,0.0,0.0
CC1=CC=CC=C1Cl,CC1=CC=CC=C1Cl,298.15,0.0,aux_only_sigma_profile_stream,,,No,False,0.0,False,0.0,False,0.0,0.0,0.0,False,0.0,False,True,157.38245999999998,0.0,0.0,0.0,0.0,0.0,0.0,0.0,0.0,0.0,0.0,0.0,0.0,0.0,0.0,0.0,0.0,0.0,0.0018095230043332277,0.02831797571047886,0.05492604928009119,0.07969637644848353,0.07308087898334542,0.06788129205935974,0.07530434081656368,0.04850735826691636,0.08838191408362661,0.06829827730159004,0.08098833099021709,0.0937412705947283,0.11423383359743329,0.08879960984420504,0.035514184610343495,0.0005187844082840725,0.0,0.0,0.0,0.0,0.0,0.0,0.0,0.0,0.0,0.0,0.0,0.0,0.0,0.0,0.0,0.0,0.0,0.0
CC1=CC=C(C=C1)Cl,CC1=CC=C(C=C1)Cl,298.15,0.0,aux_only_sigma_profile_stream,,,No,False,0.0,False,0.0,False,0.0,0.0,0.0,False,0.0,False,True,160.18401999999992,0.0,0.0,0.0,0.0,0.0,0.0,0.0,0.0,0.0,0.0,0.0,0.0,0.0,0.0,0.0,0.0,0.0,0.006284891509366668,0.03480694020824214,0.04860175208153756,0.07831849140654608,0.06753210012048895,0.07547187562788976,0.06422613850404243,0.048821359959085715,0.08273346388228679,0.08283805240789878,0.06526401540684275,0.08818053456343153,0.13786959382163533,0.10158714115315878,0.017463649347546847,0.0,0.0,0.0,0.0,0.0,0.0,0.0,0.0,0.0,0.0,0.0,0.0,0.0,0.0,0.0,0.0,0.0,0.0,0.0
CC1=C(C=C(C=C1)Cl)Cl,CC1=C(C=C(C=C1)Cl)Cl,298.15,0.0,aux_only_sigma_profile_stream,,,No,False,0.0,False,0.0,False,0.0,0.0,0.0,False,0.0,False,True,176.34745000000012,0.0,0.0,0.0,0.0,0.0,0.0,0.0,0.0,0.0,0.0,0.0,0.0,0.0,0.0,0.0,0.0,0.004247632610279238,0.01900363340766565,0.03189518231193071,0.03530971062365118,0.05094045760555792,0.05601660319298422,0.06755128082751576,0.047393629905795945,0.05607364466686694,0.10487661727464269,0.09075835170886049,0.12195643595076755,0.15698123781255402,0.13369804001844132,0.023297542082486345,0.0,0.0,0.0,0.0,0.0,0.0,0.0,0.0,0.0,0.0,0.0,0.0,0.0,0.0,0.0,0.0,0.0,0.0,0.0,0.0
C(=C\Cl)\Cl,C(=C\Cl)\Cl,298.15,0.0,aux_only_sigma_profile_stream,,,No,False,0.0,False,0.0,False,0.0,0.0,0.0,False,0.0,False,True,111.40802,0.0,0.0,0.0,0.0,0.0,0.0,0.0,0.0,0.0,0.0,0.0,0.0,0.0,0.0,0.004728295423498469,0.04419323966157923,0.0409780194398607,0.02478838095335183,0.018917185849793666,0.01691553538983441,0.020815622974625435,0.02979180400726294,0.05496853699154683,0.02841037167645374,0.06817211356874836,0.07254469804989613,0.0411823683955972,0.1044499053139954,0.20603631845513815,0.17754840997275062,0.04555919387606684,0.0,0.0,0.0,0.0,0.0,0.0,0.0,0.0,0.0,0.0,0.0,0.0,0.0,0.0,0.0,0.0,0.0,0.0,0.0,0.0
C(=C/Cl)\Cl,C(=C/Cl)\Cl,298.15,0.0,aux_only_sigma_profile_stream,,,No,False,0.0,False,0.0,False,0.0,0.0,0.0,False,0.0,False,True,113.3175400000001,0.0,0.0,0.0,0.0,0.0,0.0,0.0,0.0,0.0,0.0,0.0,0.0,0.0,0.0,0.009311697081994521,0.03698673600076891,0.02836528948315122,0.018507892339191607,0.019106607356145205,0.0171610589930031,0.02157832291800288,0.03870320720779375,0.044489743784516186,0.024887722786568877,0.0725968917882667,0.09745408036882809,0.06372191744993834,0.12074989217478153,0.22247495788862148,0.1605177286101559,0.0033862537682718564,0.0,0.0,0.0,0.0,0.0,0.0,0.0,0.0,0.0,0.0,0.0,0.0,0.0,0.0,0.0,0.0,0.0,0.0,0.0,0.0
C1(=C(C(C(=C1Cl)Cl)(Cl)Cl)Cl)Cl,C1(=C(C(C(=C1Cl)Cl)(Cl)Cl)Cl)Cl,298.15,0.0,aux_only_sigma_profile_stream,,,No,False,0.0,False,0.0,False,0.0,0.0,0.0,False,0.0,False,True,212.49867999999992,0.0,0.0,0.0,0.0,0.0,0.0,0.0,0.0,0.0,0.0,0.0,0.0,0.0,0.0,0.0,0.0,0.0,0.0,0.008368692319400104,0.02897774290593232,0.04958311938563902,0.020436890100794376,0.06870806301924609,0.11438582862975058,0.058891382541421934,0.09337096771475902,0.1881728365591495,0.2329186734265357,0.13012875223244072,0.006057051164930768,4.976668327608071e-18,0.0,0.0,0.0,0.0,0.0,0.0,0.0,0.0,0.0,0.0,0.0,0.0,0.0,0.0,0.0,0.0,0.0,0.0,0.0,0.0
C=CC(=C)Cl,C=CC(=C)Cl,298.15,0.0,aux_only_sigma_profile_stream,,,No,False,0.0,False,0.0,False,0.0,0.0,0.0,False,0.0,False,True,125.98428999999994,0.0,0.0,0.0,0.0,0.0,0.0,0.0,0.0,0.0,0.0,0.0,0.0,0.0,0.0,0.0,0.0,0.004265912731460306,0.03133339489485881,0.053309468571274186,0.06384639721423874,0.046533112198811,0.04794969096408777,0.05426935656327113,0.061711619846811,0.04609705765722125,0.06536786459535775,0.07008178230997757,0.07220922596910175,0.10448891218616073,0.14676141939906323,0.10795162474632441,0.023470380088453976,0.00035278006352639543,0.0,0.0,0.0,0.0,0.0,0.0,0.0,0.0,0.0,0.0,0.0,0.0,0.0,0.0,0.0,0.0,0.0,0.0
CCCCl,CCCCl,298.15,0.0,aux_only_sigma_profile_stream,,,No,False,0.0,False,0.0,False,0.0,0.0,0.0,False,0.0,False,True,117.99503000000009,0.0,0.0,0.0,0.0,0.0,0.0,0.0,0.0,0.0,0.0,0.0,0.0,0.0,0.0,0.0,0.0,0.0,0.0007374877151778651,0.01996232335436983,0.033541688588084664,0.04252145754462656,0.10410779402842553,0.12461806723771833,0.11065624215628482,0.08327179098862168,0.09436336506771932,0.06980715344245919,0.050101017361971485,0.04395096573901144,0.020358625677268174,0.03160628093408923,0.09081728266256378,0.07043007153576472,0.009148385965843555,0.0,0.0,0.0,0.0,0.0,0.0,0.0,0.0,0.0,0.0,0.0,0.0,0.0,0.0,0.0,0.0,0.0
CCCCCCl,CCCCCCl,298.15,0.0,aux_only_sigma_profile_stream,,,No,False,0.0,False,0.0,False,0.0,0.0,0.0,False,0.0,False,True,157.64441000000005,0.0,0.0,0.0,0.0,0.0,0.0,0.0,0.0,0.0,0.0,0.0,0.0,0.0,0.0,0.0,0.0,0.0,0.0005395496920880954,0.014560749766723093,0.024680393010631893,0.02775474853772315,0.04826266724892552,0.1411729483134473,0.141537388661884,0.12630616392538685,0.09891413917935939,0.07611469892992398,0.08645032407225851,0.04659079428542831,0.01531298610093697,0.02199073004009973,0.06896774281484765,0.05167063138489628,0.00917334403543925,0.0,0.0,0.0,0.0,0.0,0.0,0.0,0.0,0.0,0.0,0.0,0.0,0.0,0.0,0.0,0.0,0.0
C1=CC=C2C(=C1)C=CC=C2Cl,C1=CC=C2C(=C1)C=CC=C2Cl,298.15,0.0,aux_only_sigma_profile_stream,,,No,False,0.0,False,0.0,False,0.0,0.0,0.0,False,0.0,False,True,184.99559999999985,0.0,0.0,0.0,0.0,0.0,0.0,0.0,0.0,0.0,0.0,0.0,0.0,0.0,0.0,0.0,0.0,0.0,0.00734549223778831,0.058153198937912626,0.07661175219146191,0.06958819945885043,0.057179503415041265,0.044984197868937294,0.050334511876025514,0.03144102260373952,0.05741616884656667,0.06459257112786958,0.09482994581125885,0.1490166962376452,0.1429817028789113,0.08607413931892122,0.009450897189070342,0.0,0.0,0.0,0.0,0.0,0.0,0.0,0.0,0.0,0.0,0.0,0.0,0.0,0.0,0.0,0.0,0.0,0.0,0.0
C(C(Cl)(Cl)Cl)(Cl)Cl,C(C(Cl)(Cl)Cl)(Cl)Cl,298.15,0.0,aux_only_sigma_profile_stream,,,No,False,0.0,False,0.0,False,0.0,0.0,0.0,False,0.0,False,True,163.29016,0.0,0.0,0.0,0.0,0.0,0.0,0.0,0.0,0.0,0.0,0.0,0.0,0.0041898068413406655,0.01384110196242701,0.0022917343175852256,0.009032316761379793,0.00800447317016255,0.0012148574798195616,0.008717649705652503,0.017875084299720206,0.060419114030790415,0.029519113453775107,0.047129608654186535,0.09989576110768461,0.04845215293955803,0.04406215558326381,0.14789759282650772,0.18259455667438812,0.20613818280482366,0.06872473738693441,6.217161645179094e-17,0.0,0.0,0.0,0.0,0.0,0.0,0.0,0.0,0.0,0.0,0.0,0.0,0.0,0.0,0.0,0.0,0.0,0.0,0.0,0.0
C=C(Cl)Cl,C=C(Cl)Cl,298.15,0.0,aux_only_sigma_profile_stream,,,No,False,0.0,False,0.0,False,0.0,0.0,0.0,False,0.0,False,True,112.04705,0.0,0.0,0.0,0.0,0.0,0.0,0.0,0.0,0.0,0.0,0.0,0.0,0.0,0.0,0.0,0.001517665142286858,0.018146505236677806,0.035366655503436636,0.02458289661601309,0.02585092801586137,0.03455639070071224,0.06321022854731588,0.02414230473431555,0.04867217919498703,0.07673773290363976,0.041814729715095124,0.11821249332970028,0.19313937404560672,0.22208303752098157,0.07186135161633939,0.00010552717703072681,0.0,0.0,0.0,0.0,0.0,0.0,0.0,0.0,0.0,0.0,0.0,0.0,0.0,0.0,0.0,0.0,0.0,0.0,0.0,0.0
C1=CC(=C(C=C1Cl)Cl)Cl,C1=CC(=C(C=C1Cl)Cl)Cl,298.15,0.0,aux_only_sigma_profile_stream,,,No,False,0.0,False,0.0,False,0.0,0.0,0.0,False,0.0,False,True,176.30521,0.0,0.0,0.0,0.0,0.0,0.0,0.0,0.0,0.0,0.0,0.0,0.0,0.0,0.0,0.0,0.003215612322239961,0.027117632566558927,0.03504760600124206,0.01959454715905378,0.027755395711137353,0.02306143405723694,0.038854398988471525,0.04157073951174936,0.011600921908423274,0.09172587593055985,0.11209680365953906,0.15044632431848612,0.14247262627106883,0.17023547613703477,0.09686512616951819,0.008339479287679951,0.0,0.0,0.0,0.0,0.0,0.0,0.0,0.0,0.0,0.0,0.0,0.0,0.0,0.0,0.0,0.0,0.0,0.0,0.0,0.0
C(#N)Cl,C(#N)Cl,298.15,0.0,aux_only_sigma_profile_stream,,,No,False,0.0,False,0.0,False,0.0,0.0,0.0,False,0.0,False,True,82.73183999999998,0.0,0.0,0.0,0.0,0.0,0.0,0.0,0.0,0.0,0.0,0.0,0.0,0.0,0.0,0.005951859697547683,0.019807074215052494,0.01671794077071404,0.0016006045829011907,0.04149173565225844,0.025932475361834215,0.02215860656007603,0.13409312376700677,0.19764672620538234,0.1072455502920051,0.03213557331293213,0.05419965250859719,0.009456162481196639,0.01219240843922824,0.021470084743565723,0.019433131911326167,0.02136850167211415,0.0455080430230979,0.045356733755766473,0.0690556791642432,0.054579454384959175,0.0398834018640043,0.0027154756341904672,9.580555178754832e-18,0.0,0.0,0.0,0.0,0.0,0.0,0.0,0.0,0.0,0.0,0.0,0.0,0.0
CC(=C)Cl,CC(=C)Cl,298.15,0.0,aux_only_sigma_profile_stream,,,No,False,0.0,False,0.0,False,0.0,0.0,0.0,False,0.0,False,True,111.88633999999988,0.0,0.0,0.0,0.0,0.0,0.0,0.0,0.0,0.0,0.0,0.0,0.0,0.0,0.0,0.0,0.0,0.0,0.0038995982692313236,0.02659916790062248,0.07411762513298037,0.07448933469454143,0.06107426921664956,0.0680485024514434,0.07832858063930082,0.08976272532432923,0.05837227132219891,0.06629220277503507,0.05332062397399813,0.05992751618714757,0.11070963941600567,0.1229382085067365,0.0489216221678839,0.0031981120218957594,0.0,0.0,0.0,0.0,0.0,0.0,0.0,0.0,0.0,0.0,0.0,0.0,0.0,0.0,0.0,0.0,0.0,0.0
C1=CC(=CC(=C1)Cl)C(=O)Cl,C1=CC(=CC(=C1)Cl)C(=O)Cl,298.15,0.0,aux_only_sigma_profile_stream,,,No,False,0.0,False,0.0,False,0.0,0.0,0.0,False,0.0,False,True,181.43337999999997,0.0,0.0,0.0,0.0,0.0,0.0,0.0,0.0,0.0,0.0,0.0,0.0,0.0,0.0,0.0,0.0007508609004230078,0.014123916563356535,0.03803696059569899,0.03806754106603912,0.03345555156297646,0.028185281527087193,0.03879571812877283,0.05387731867682613,0.05423216396694353,0.09086424150042018,0.11923091252420422,0.11943292846244997,0.09556914044091942,0.1134098669000754,0.06528038469516856,0.023455178149401377,0.0150039720397735,0.027491516637691976,0.02127135192564836,0.008970921229911112,0.0004942725062120946,0.0,0.0,0.0,0.0,0.0,0.0,0.0,0.0,0.0,0.0,0.0,0.0,0.0,0.0,0.0
C/C(=C/CCl)/Cl,C/C(=C/CCl)/Cl,298.15,0.0,aux_only_sigma_profile_stream,,,No,False,0.0,False,0.0,False,0.0,0.0,0.0,False,0.0,False,True,149.52257999999992,0.0,0.0,0.0,0.0,0.0,0.0,0.0,0.0,0.0,0.0,0.0,0.0,0.0,0.0,0.0,0.0,0.0027171753067705704,0.0222145908707499,0.039971288090694744,0.049537350230382075,0.06878618387699438,0.06032762749580955,0.05044982246773567,0.0669178574058741,0.08020476833485686,0.05102712603774602,0.08261837740873991,0.09577664673957208,0.08519129972483089,0.08562140815777393,0.09890676878228294,0.04469737319073729,0.015034335878448999,0.0,0.0,0.0,0.0,0.0,0.0,0.0,0.0,0.0,0.0,0.0,0.0,0.0,0.0,0.0,0.0,0.0,0.0
C1=CC=C(C=C1)C(Cl)Cl,C1=CC=C(C=C1)C(Cl)Cl,298.15,0.0,aux_only_sigma_profile_stream,,,No,False,0.0,False,0.0,False,0.0,0.0,0.0,False,0.0,False,True,174.94733999999997,0.0,0.0,0.0,0.0,0.0,0.0,0.0,0.0,0.0,0.0,0.0,0.0,0.0,0.0008985490121448089,0.009880848586901164,0.013127264438927335,0.0021729432000937884,0.011558927612069555,0.032901004785067384,0.05849203490546414,0.06315938558972548,0.05581341172292692,0.05412839990614857,0.05954063135142552,0.044786121815337074,0.07457298616015655,0.06636780148340868,0.07046877888864275,0.09715043214652136,0.13620711540013472,0.12604854495895967,0.022724818035944592,0.0,0.0,0.0,0.0,0.0,0.0,0.0,0.0,0.0,0.0,0.0,0.0,0.0,0.0,0.0,0.0,0.0,0.0,0.0
C(F)Cl,C(F)Cl,298.15,0.0,aux_only_sigma_profile_stream,,,No,False,0.0,False,0.0,False,0.0,0.0,0.0,False,0.0,False,True,85.84906000000004,0.0,0.0,0.0,0.0,0.0,0.0,0.0,0.0,0.0,0.0,0.0,0.0,0.0,0.0,0.0020621229941157845,0.05900941558959877,0.05956623027935447,0.027299536634856913,0.049192150139430624,0.033528801289447886,0.016407177905937577,0.020820836842923955,0.03547179290381349,0.03964406684488145,0.029348834401980863,0.054129168782573484,0.04739298835425266,0.016388920783695395,0.10987063257785182,0.15820380103649118,0.19689459487593564,0.044768927762858075,0.0,0.0,0.0,0.0,0.0,0.0,0.0,0.0,0.0,0.0,0.0,0.0,0.0,0.0,0.0,0.0,0.0,0.0,0.0
C(F)(F)(Cl)Cl,C(F)(F)(Cl)Cl,298.15,0.0,aux_only_sigma_profile_stream,,,No,False,0.0,False,0.0,False,0.0,0.0,0.0,False,0.0,False,True,110.57278999999988,0.0,0.0,0.0,0.0,0.0,0.0,0.0,0.0,0.0,0.0,0.0,0.0,0.0,0.0,0.0,0.0,0.0,0.003218241133718127,0.008890711262275267,0.044935599625776514,0.0065188255505967225,0.01850017072990545,0.06460637558211316,0.029171425257690918,0.02566256274070192,0.23543052714628554,0.37229647220898415,0.19076908876195228,0.0,0.0,0.0,0.0,0.0,0.0,0.0,0.0,0.0,0.0,0.0,0.0,0.0,0.0,0.0,0.0,0.0,0.0,0.0,0.0,0.0,0.0,0.0
C(F)(F)Cl,C(F)(F)Cl,298.15,0.0,aux_only_sigma_profile_stream,,,No,False,0.0,False,0.0,False,0.0,0.0,0.0,False,0.0,False,True,93.35796,0.0,0.0,0.0,0.0,0.0,0.0,0.0,0.0,0.0,0.0,0.0,0.0,0.011786197746688211,0.041795602572408934,0.012178207833966864,0.015773427669839826,0.01055067572335004,0.007759008419092545,0.011202787786199271,0.01759447590346865,0.019991791242826216,0.04232389677765003,0.016597313017302873,0.03559905217941835,0.045063580960362566,0.02824454438234394,0.09705645089245728,0.1984589708545088,0.3198026160800536,0.06822139995806197,5.873690887694298e-17,0.0,0.0,0.0,0.0,0.0,0.0,0.0,0.0,0.0,0.0,0.0,0.0,0.0,0.0,0.0,0.0,0.0,0.0,0.0,0.0
C(F)(F)(F)Cl,C(F)(F)(F)Cl,298.15,0.0,aux_only_sigma_profile_stream,,,No,False,0.0,False,0.0,False,0.0,0.0,0.0,False,0.0,False,True,100.4325399999999,0.0,0.0,0.0,0.0,0.0,0.0,0.0,0.0,0.0,0.0,0.0,0.0,0.0,0.0,0.0,0.0,0.0,0.00283822100633064,0.006611362029695582,0.025185251254483083,0.0003557175764453377,0.02081017889595675,0.0532381335456004,0.03466843082732364,0.06988225691678833,0.2620366545869618,0.435608984978593,0.08876480838182141,0.0,0.0,0.0,0.0,0.0,0.0,0.0,0.0,0.0,0.0,0.0,0.0,0.0,0.0,0.0,0.0,0.0,0.0,0.0,0.0,0.0,0.0,0.0
C(C(F)(F)F)Cl,C(C(F)(F)F)Cl,298.15,0.0,aux_only_sigma_profile_stream,,,No,False,0.0,False,0.0,False,0.0,0.0,0.0,False,0.0,False,True,117.75377999999998,0.0,0.0,0.0,0.0,0.0,0.0,0.0,0.0,0.0,0.0,0.0,0.0,0.0,0.003630611864353281,0.036676220252275925,0.03046192756399015,0.02665543672087096,0.028631002292337032,0.0211204633420427,0.01029359362775743,0.011334086780192367,0.01724224527379631,0.039705299028192476,0.03405329279089861,0.026046155382442253,0.044918816256219636,0.08668554969167107,0.21957802817695962,0.23613167791220635,0.0842662035398936,0.04256938950390022,0.0,0.0,0.0,0.0,0.0,0.0,0.0,0.0,0.0,0.0,0.0,0.0,0.0,0.0,0.0,0.0,0.0,0.0,0.0,0.0
C(C(F)(F)Cl)(F)(F)Cl,C(C(F)(F)Cl)(F)(F)Cl,298.15,0.0,aux_only_sigma_profile_stream,,,No,False,0.0,False,0.0,False,0.0,0.0,0.0,False,0.0,False,True,139.15465999999986,0.0,0.0,0.0,0.0,0.0,0.0,0.0,0.0,0.0,0.0,0.0,0.0,0.0,0.0,0.0,0.0,0.0,0.002764678029339257,0.008091775833877723,0.03623470428361224,0.003416528767859822,0.022980017509736956,0.048541447440548696,0.00985187892479543,0.04571056006419629,0.2705144185869423,0.4753880837774973,0.07650590678159398,0.0,0.0,0.0,0.0,0.0,0.0,0.0,0.0,0.0,0.0,0.0,0.0,0.0,0.0,0.0,0.0,0.0,0.0,0.0,0.0,0.0,0.0,0.0
C(C(F)(F)Br)(F)(F)Br,C(C(F)(F)Br)(F)(F)Br,298.15,0.0,aux_only_sigma_profile_stream,,,No,False,0.0,False,0.0,False,0.0,0.0,0.0,False,0.0,False,True,148.53606999999985,0.0,0.0,0.0,0.0,0.0,0.0,0.0,0.0,0.0,0.0,0.0,0.0,0.0,0.0,0.0,0.0,0.005223787999349928,0.010303880583478219,0.033568312758147804,0.003435770710899417,0.006849574590493817,0.05379076320376786,0.023017747441026293,0.0009761722888272913,0.04200252438002657,0.25824956642136443,0.37162201576835013,0.19073791743327406,0.00022196642099422603,0.0,0.0,0.0,0.0,0.0,0.0,0.0,0.0,0.0,0.0,0.0,0.0,0.0,0.0,0.0,0.0,0.0,0.0,0.0,0.0,0.0,0.0
CF,CF,298.15,0.0,aux_only_sigma_profile_stream,,,No,False,0.0,False,0.0,False,0.0,0.0,0.0,False,0.0,False,True,64.81285999999997,0.0,0.0,0.0,0.0,0.0,0.0,0.0,0.0,0.0,0.0,0.0,0.0,0.0,0.0,0.0,0.0,0.0,0.0,0.029087344772409377,0.10797600732395767,0.12244386362658574,0.09641896428037681,0.10865293107077272,0.0767400008771471,0.039276225206502854,0.022455034890251267,0.030801489858557716,0.012363914529353459,0.0200248496052714,0.020566147032178347,0.02600555110505555,0.06862219761620057,0.1325460028860074,0.08601947531937215,0.0,0.0,0.0,0.0,0.0,0.0,0.0,0.0,0.0,0.0,0.0,0.0,0.0,0.0,0.0,0.0,0.0
C(F)F,C(F)F,298.15,0.0,aux_only_sigma_profile_stream,,,No,False,0.0,False,0.0,False,0.0,0.0,0.0,False,0.0,False,True,73.04791000000003,0.0,0.0,0.0,0.0,0.0,0.0,0.0,0.0,0.0,0.0,0.0,0.0,0.0,0.0,0.0,0.007905929627413348,0.10434339311786575,0.06396145457543656,0.05400158901950553,0.046148406238665673,0.03550697103369061,0.018535660400363124,0.024440305863294504,0.023841642187040657,0.01647749590677036,0.02121783803359274,0.033943950285915764,0.018606690969518915,0.0532773690973094,0.14962942282720745,0.22639819627830682,0.10176368453810282,0.0,0.0,0.0,0.0,0.0,0.0,0.0,0.0,0.0,0.0,0.0,0.0,0.0,0.0,0.0,0.0,0.0,0.0,0.0
C(F)(F)F,C(F)(F)F,298.15,0.0,aux_only_sigma_profile_stream,,,No,False,0.0,False,0.0,False,0.0,0.0,0.0,False,0.0,False,True,80.25090000000003,0.0,0.0,0.0,0.0,0.0,0.0,0.0,0.0,0.0,0.0,0.0,0.0,0.007539940371563045,0.05708598543432383,0.019011343964875346,0.015151648647952234,0.014536629467782535,0.016205868705576876,0.01553207916013851,0.016634501996747694,0.011063349163210875,0.01416390875474368,0.019147672283983223,0.019035022575125755,0.019962565651665463,0.032631100623558604,0.08961208501725733,0.19849696466350536,0.37716422329448,0.0570251102235095,4.65269630361603e-17,0.0,0.0,0.0,0.0,0.0,0.0,0.0,0.0,0.0,0.0,0.0,0.0,0.0,0.0,0.0,0.0,0.0,0.0,0.0,0.0
CCF,CCF,298.15,0.0,aux_only_sigma_profile_stream,,,No,False,0.0,False,0.0,False,0.0,0.0,0.0,False,0.0,False,True,85.50238000000004,0.0,0.0,0.0,0.0,0.0,0.0,0.0,0.0,0.0,0.0,0.0,0.0,0.0,0.0,0.0,0.0,0.0,0.0,0.00010808946553815105,0.042935548688223045,0.11798201047811996,0.13127114843240148,0.11576235075513248,0.09453609219538701,0.0735323632572577,0.08186946598413666,0.04555491248598377,0.024071790196327377,0.010642441417564662,0.01865109344341665,0.020414454288254065,0.03707719899650171,0.06505148705243921,0.09783291525004059,0.022706637613275432,0.0,0.0,0.0,0.0,0.0,0.0,0.0,0.0,0.0,0.0,0.0,0.0,0.0,0.0,0.0,0.0
CC(F)(F)F,CC(F)(F)F,298.15,0.0,aux_only_sigma_profile_stream,,,No,False,0.0,False,0.0,False,0.0,0.0,0.0,False,0.0,False,True,97.27859,0.0,0.0,0.0,0.0,0.0,0.0,0.0,0.0,0.0,0.0,0.0,0.0,0.0,0.0,0.0,0.0,0.009255054882536959,0.05820810393464378,0.04196863122880955,0.06571587513781964,0.042375238611268205,0.031240972533710654,0.07103830968461855,0.020037011530328722,0.02687352503261129,0.04025497102535151,0.023121510124698354,0.09091285295536425,0.24940670764080358,0.22800671574973175,0.001584519927703294,0.0,0.0,0.0,0.0,0.0,0.0,0.0,0.0,0.0,0.0,0.0,0.0,0.0,0.0,0.0,0.0,0.0,0.0,0.0,0.0
C(C(C(F)(F)F)(F)F)(C(F)(F)F)(F)F,C(C(C(F)(F)F)(F)F)(C(F)(F)F)(F)F,298.15,0.0,aux_only_sigma_profile_stream,,,No,False,0.0,False,0.0,False,0.0,0.0,0.0,False,0.0,False,True,174.0467000000001,0.0,0.0,0.0,0.0,0.0,0.0,0.0,0.0,0.0,0.0,0.0,0.0,0.0,0.0,0.0,0.0,0.0,0.0,0.0,0.0,0.0007092350534961244,0.006513881276696308,0.015831524045641768,0.022811986773023596,0.1292765550279971,0.5564584362020897,0.2683074782581996,9.090336285576682e-05,0.0,0.0,0.0,0.0,0.0,0.0,0.0,0.0,0.0,0.0,0.0,0.0,0.0,0.0,0.0,0.0,0.0,0.0,0.0,0.0,0.0,0.0,0.0
C=C(F)F,C=C(F)F,298.15,0.0,aux_only_sigma_profile_stream,,,No,False,0.0,False,0.0,False,0.0,0.0,0.0,False,0.0,False,True,88.08119000000005,0.0,0.0,0.0,0.0,0.0,0.0,0.0,0.0,0.0,0.0,0.0,0.0,0.0,0.0,0.0,0.0016778441532809515,0.017274992653955618,0.04293985992539108,0.04202365055174695,0.01705521453549866,0.03176400248855651,0.024320262877698163,0.03209602086642732,0.05400071149244847,0.04499555310790747,0.09481825499215808,0.11671224421047553,0.20405250319342405,0.23056208572654602,0.033458300726498,0.012248498497987039,0.0,0.0,0.0,0.0,0.0,0.0,0.0,0.0,0.0,0.0,0.0,0.0,0.0,0.0,0.0,0.0,0.0,0.0,0.0,0.0
C(=C(F)F)(F)F,C(=C(F)F)(F)F,298.15,0.0,aux_only_sigma_profile_stream,,,No,False,0.0,False,0.0,False,0.0,0.0,0.0,False,0.0,False,True,103.40054999999988,0.0,0.0,0.0,0.0,0.0,0.0,0.0,0.0,0.0,0.0,0.0,0.0,0.0,0.0,0.0,0.0,0.0,0.0,0.0,0.0,0.010450773867260099,0.10593256118639613,0.06156829536766648,0.044129850011595737,0.05164249513438496,0.1468364864800102,0.3537508770664773,0.22568866088620915,0.0,0.0,0.0,0.0,0.0,0.0,0.0,0.0,0.0,0.0,0.0,0.0,0.0,0.0,0.0,0.0,0.0,0.0,0.0,0.0,0.0,0.0,0.0
C(F)(F)Br,C(F)(F)Br,298.15,0.0,aux_only_sigma_profile_stream,,,No,False,0.0,False,0.0,False,0.0,0.0,0.0,False,0.0,False,True,98.66698999999998,0.0,0.0,0.0,0.0,0.0,0.0,0.0,0.0,0.0,0.0,0.0,0.0,0.015328485733629126,0.03459965675290784,0.011486006130402822,0.01642980789396362,0.009027581784240414,0.0076264954639487645,0.017039347182397784,0.019046597222578496,0.037282187111223726,0.011670461837221244,0.030025280593009792,0.05325792486527287,0.024589721680380344,0.02978960297638096,0.10273256217113548,0.20305646271387123,0.2750499012778398,0.10196191660959558,8.877262063525024e-17,0.0,0.0,0.0,0.0,0.0,0.0,0.0,0.0,0.0,0.0,0.0,0.0,0.0,0.0,0.0,0.0,0.0,0.0,0.0,0.0
CC(F)F,CC(F)F,298.15,0.0,aux_only_sigma_profile_stream,,,No,False,0.0,False,0.0,False,0.0,0.0,0.0,False,0.0,False,True,92.82926999999997,0.0,0.0,0.0,0.0,0.0,0.0,0.0,0.0,0.0,0.0,0.0,0.0,0.0,0.0,0.0,0.0,0.011440642863708616,0.04418996895696757,0.03056475364003801,0.09004137395407229,0.08417887451585478,0.05894107406769128,0.057836835214146703,0.06238241521557998,0.07161387038090745,0.01910508823216579,0.023583430251849884,0.024454413346857207,0.031147413594373747,0.07966204991877274,0.1355687814494006,0.1531894345463775,0.02209957985123583,0.0,0.0,0.0,0.0,0.0,0.0,0.0,0.0,0.0,0.0,0.0,0.0,0.0,0.0,0.0,0.0,0.0,0.0
CBr,CBr,298.15,0.0,aux_only_sigma_profile_stream,,,No,False,0.0,False,0.0,False,0.0,0.0,0.0,False,0.0,False,True,83.60171999999996,0.0,0.0,0.0,0.0,0.0,0.0,0.0,0.0,0.0,0.0,0.0,0.0,0.0,0.0,0.0,0.0,0.0008808188870787196,0.0328632722380566,0.08122939126184214,0.059141744828019836,0.051281105832795805,0.05716629024274659,0.09794034266184169,0.08109149534493179,0.018496554062374927,0.03279946744350812,0.07483086357667058,0.046962082009019086,0.01661286073052469,0.043475271056822536,0.13610859141118148,0.10776854942070514,0.06135129899188022,0.0,0.0,0.0,0.0,0.0,0.0,0.0,0.0,0.0,0.0,0.0,0.0,0.0,0.0,0.0,0.0,0.0,0.0
CCBr,CCBr,298.15,0.0,aux_only_sigma_profile_stream,,,No,False,0.0,False,0.0,False,0.0,0.0,0.0,False,0.0,False,True,102.85757999999998,0.0,0.0,0.0,0.0,0.0,0.0,0.0,0.0,0.0,0.0,0.0,0.0,0.0,0.0,0.0,0.0,0.0,0.004796918748347406,0.03880203587967003,0.04826775209453956,0.06958486341578055,0.09886475349309308,0.10518112745253681,0.08958791241399117,0.06645222768889635,0.06647507624488454,0.049752096836954855,0.05854513502780446,0.02433620550889006,0.012645671201103605,0.09591971876574955,0.07463852532909554,0.09398539034282881,0.0021645895558335326,0.0,0.0,0.0,0.0,0.0,0.0,0.0,0.0,0.0,0.0,0.0,0.0,0.0,0.0,0.0,0.0,0.0
C(C(F)(F)F)(F)F,C(C(F)(F)F)(F)F,298.15,0.0,aux_only_sigma_profile_stream,,,No,False,0.0,False,0.0,False,0.0,0.0,0.0,False,0.0,False,True,113.70498000000002,0.0,0.0,0.0,0.0,0.0,0.0,0.0,0.0,0.0,0.0,0.0,0.0,0.002680736514928717,0.03231286505432268,0.01137418688554999,0.016332908060637086,0.016904048418949897,0.007461573072922961,0.012667028754511277,0.01169326578000849,0.012617613371796817,0.02462597288763262,0.023108286257963895,0.018795068803078286,0.03391897428686105,0.08521664485703448,0.20941185517752425,0.2640168529533411,0.18963218915328683,0.027229929709649475,2.3638954965910757e-17,0.0,0.0,0.0,0.0,0.0,0.0,0.0,0.0,0.0,0.0,0.0,0.0,0.0,0.0,0.0,0.0,0.0,0.0,0.0,0.0
C(C(Br)Br)(Br)Br,C(C(Br)Br)(Br)Br,298.15,0.0,aux_only_sigma_profile_stream,,,No,False,0.0,False,0.0,False,0.0,0.0,0.0,False,0.0,False,True,168.73563,0.0,0.0,0.0,0.0,0.0,0.0,0.0,0.0,0.0,0.0,0.0,0.0,0.006005247100232167,0.02402500092616082,0.00812340096878368,0.010235073299054914,0.020723345487747843,0.004604491100091172,0.015046879475460873,0.03239321535623502,0.058996115055717564,0.0032004975947420708,0.03425148216317967,0.10764768405163742,0.06394322407925936,0.02013402683290399,0.04927935577422065,0.16661272170177865,0.12073998792776841,0.22577951746911604,0.028258733635909625,0.0,0.0,0.0,0.0,0.0,0.0,0.0,0.0,0.0,0.0,0.0,0.0,0.0,0.0,0.0,0.0,0.0,0.0,0.0,0.0
CCCBr,CCCBr,298.15,0.0,aux_only_sigma_profile_stream,,,No,False,0.0,False,0.0,False,0.0,0.0,0.0,False,0.0,False,True,122.79841999999996,0.0,0.0,0.0,0.0,0.0,0.0,0.0,0.0,0.0,0.0,0.0,0.0,0.0,0.0,0.0,0.0,0.0,0.0022529697496049632,0.02322394566297018,0.03343991176988483,0.03512812244116856,0.10856650655571794,0.1161830533829092,0.12224200586599404,0.08505241923639166,0.06693884391541205,0.09025105769383192,0.06291846938579258,0.01803724962316055,0.011139875849085603,0.08327261178794072,0.0620798852137351,0.07892834032947453,0.00034473153692560877,0.0,0.0,0.0,0.0,0.0,0.0,0.0,0.0,0.0,0.0,0.0,0.0,0.0,0.0,0.0,0.0,0.0
CC(C)Br,CC(C)Br,298.15,0.0,aux_only_sigma_profile_stream,,,No,False,0.0,False,0.0,False,0.0,0.0,0.0,False,0.0,False,True,120.71643000000007,0.0,0.0,0.0,0.0,0.0,0.0,0.0,0.0,0.0,0.0,0.0,0.0,0.0,0.0,0.0,0.0,0.0,0.0004339223493654928,0.012742906522568211,0.025238046991178233,0.08271700296170333,0.11248694998778451,0.10927238550632741,0.08885890154117457,0.09555504969724744,0.11035045772324273,0.04121952962177523,0.049358202190590256,0.029999556441979748,0.014220628797666305,0.060051766851931844,0.07270113418192556,0.08022029086864972,0.014573267764889408,0.0,0.0,0.0,0.0,0.0,0.0,0.0,0.0,0.0,0.0,0.0,0.0,0.0,0.0,0.0,0.0,0.0
CC(Br)Br,CC(Br)Br,298.15,0.0,aux_only_sigma_profile_stream,,,No,False,0.0,False,0.0,False,0.0,0.0,0.0,False,0.0,False,True,126.00606999999992,0.0,0.0,0.0,0.0,0.0,0.0,0.0,0.0,0.0,0.0,0.0,0.0,0.0,0.0,0.003212865704449488,0.021574622886412678,0.010153190619750311,0.010845530738978931,0.025993885324410184,0.05730289699503465,0.06229244669796912,0.07733671159790213,0.05230646597904621,0.048280209981566256,0.08840681076494812,0.060165714628334775,0.02430040939230875,0.025821628244450664,0.1273421213543928,0.09865064977305148,0.16679491864752952,0.039218920669464044,0.0,0.0,0.0,0.0,0.0,0.0,0.0,0.0,0.0,0.0,0.0,0.0,0.0,0.0,0.0,0.0,0.0,0.0,0.0
C1=CC(=CC(=C1)Br)Br,C1=CC(=CC(=C1)Br)Br,298.15,0.0,aux_only_sigma_profile_stream,,,No,False,0.0,False,0.0,False,0.0,0.0,0.0,False,0.0,False,True,169.99943000000013,0.0,0.0,0.0,0.0,0.0,0.0,0.0,0.0,0.0,0.0,0.0,0.0,0.0,0.0,0.0,0.0005901496743125063,0.009470071843336939,0.04277366778032488,0.04382860199811002,0.04501046036210236,0.05053056060791865,0.04022946004713077,0.022055988868163078,0.03845477762259307,0.058215107591439115,0.06878155009894145,0.060428281493983785,0.17802504302468294,0.16976763452246915,0.15447951178128233,0.017359132683208982,0.0,0.0,0.0,0.0,0.0,0.0,0.0,0.0,0.0,0.0,0.0,0.0,0.0,0.0,0.0,0.0,0.0,0.0,0.0,0.0
C(C(Cl)(Cl)Cl)(F)(F)F,C(C(Cl)(Cl)Cl)(F)(F)F,298.15,0.0,aux_only_sigma_profile_stream,,,No,False,0.0,False,0.0,False,0.0,0.0,0.0,False,0.0,False,True,149.12124999999978,0.0,0.0,0.0,0.0,0.0,0.0,0.0,0.0,0.0,0.0,0.0,0.0,0.0,0.0,0.0,0.0,0.0,0.004051361568761259,0.008808350603616065,0.052174609695225,0.005663650420049559,0.02087231922195733,0.07361233708062541,0.02739801603870968,0.027713385142939126,0.1758351912094268,0.37906628634974676,0.22480449266894315,0.0,0.0,0.0,0.0,0.0,0.0,0.0,0.0,0.0,0.0,0.0,0.0,0.0,0.0,0.0,0.0,0.0,0.0,0.0,0.0,0.0,0.0,0.0
C1=CC=C(C=C1)Br,C1=CC=C(C=C1)Br,298.15,0.0,aux_only_sigma_profile_stream,,,No,False,0.0,False,0.0,False,0.0,0.0,0.0,False,0.0,False,True,145.7389300000001,0.0,0.0,0.0,0.0,0.0,0.0,0.0,0.0,0.0,0.0,0.0,0.0,0.0,0.0,0.0,0.0,0.0,0.013545337092835173,0.0631350844467744,0.07901023002287029,0.06295521403172491,0.0674694588889238,0.03979355614728739,0.03302265539092759,0.05535695716240901,0.04993690035731966,0.054716954977176824,0.07173007427368443,0.13545531789246967,0.1440515264651901,0.11740649536214169,0.012414237488265001,0.0,0.0,0.0,0.0,0.0,0.0,0.0,0.0,0.0,0.0,0.0,0.0,0.0,0.0,0.0,0.0,0.0,0.0,0.0
CI,CI,298.15,0.0,aux_only_sigma_profile_stream,,,No,False,0.0,False,0.0,False,0.0,0.0,0.0,False,0.0,False,True,91.81243000000002,0.0,0.0,0.0,0.0,0.0,0.0,0.0,0.0,0.0,0.0,0.0,0.0,0.0,0.0,0.0,0.0,0.0017941619308694907,0.03677270832849636,0.06422441401539332,0.06014755512186846,0.049751033158099166,0.06688603882259676,0.056754777476358376,0.07705168391903501,0.05148070786733234,0.08362401416738864,0.04546445945891792,0.013267253820755212,0.0309014101232332,0.12712587829396627,0.0834852532745183,0.13736057457763395,0.013908075643537262,0.0,0.0,0.0,0.0,0.0,0.0,0.0,0.0,0.0,0.0,0.0,0.0,0.0,0.0,0.0,0.0,0.0,0.0
CCI,CCI,298.15,0.0,aux_only_sigma_profile_stream,,,No,False,0.0,False,0.0,False,0.0,0.0,0.0,False,0.0,False,True,111.25176999999996,0.0,0.0,0.0,0.0,0.0,0.0,0.0,0.0,0.0,0.0,0.0,0.0,0.0,0.0,0.0,0.0,0.0,0.006280452920602479,0.03744866898976728,0.035856303897048844,0.0737929061362899,0.08096827644760371,0.12613132616748032,0.08113765716412326,0.04740766179903352,0.09379250991008867,0.07176444966921851,0.02085135156142523,0.013348316270838663,0.08500829270652444,0.08139168644836198,0.10624650153593336,0.03857363837565984,0.0,0.0,0.0,0.0,0.0,0.0,0.0,0.0,0.0,0.0,0.0,0.0,0.0,0.0,0.0,0.0,0.0,0.0
CCCI,CCCI,298.15,0.0,aux_only_sigma_profile_stream,,,No,False,0.0,False,0.0,False,0.0,0.0,0.0,False,0.0,False,True,131.06783000000013,0.0,0.0,0.0,0.0,0.0,0.0,0.0,0.0,0.0,0.0,0.0,0.0,0.0,0.0,0.0,0.0,0.0,0.003354136811747342,0.024055193666994844,0.026460013319035622,0.04046688653671739,0.09801382439207079,0.12519937082703883,0.1102586964084992,0.07109601613818746,0.08539170122734763,0.10862507847177592,0.031101296490362626,0.011200183210622916,0.07382605226591422,0.06889594824711442,0.08798672769990461,0.03406887428666611,0.0,0.0,0.0,0.0,0.0,0.0,0.0,0.0,0.0,0.0,0.0,0.0,0.0,0.0,0.0,0.0,0.0,0.0
CC(C)I,CC(C)I,298.15,0.0,aux_only_sigma_profile_stream,,,No,False,0.0,False,0.0,False,0.0,0.0,0.0,False,0.0,False,True,127.97681000000006,0.0,0.0,0.0,0.0,0.0,0.0,0.0,0.0,0.0,0.0,0.0,0.0,0.0,0.0,0.0,0.0,0.0,0.0008374936091102048,0.014536030918411071,0.020222877064489875,0.07853001600628032,0.10782870678294368,0.11765533513077794,0.1036332264220861,0.058826686703616134,0.11172015118362533,0.07674490774619,0.027335100075271273,0.014386363766598645,0.0458415186217309,0.0853241269631466,0.07178295657845969,0.06479450242726222,0.0,0.0,0.0,0.0,0.0,0.0,0.0,0.0,0.0,0.0,0.0,0.0,0.0,0.0,0.0,0.0,0.0,0.0
C1=CC=C(C=C1)I,C1=CC=C(C=C1)I,298.15,0.0,aux_only_sigma_profile_stream,,,No,False,0.0,False,0.0,False,0.0,0.0,0.0,False,0.0,False,True,154.00966,0.0,0.0,0.0,0.0,0.0,0.0,0.0,0.0,0.0,0.0,0.0,0.0,0.0,0.0,0.0,0.0,0.0,0.01189219426299305,0.06442405017781515,0.07788544279725375,0.07728183986840631,0.04509353131796284,0.033604703854167535,0.05664981836846624,0.04929895138329004,0.029532780546227946,0.0708285755711421,0.08869491057536978,0.12524147535493876,0.14767559980711276,0.10764570636026861,0.01425041975458507,0.0,0.0,0.0,0.0,0.0,0.0,0.0,0.0,0.0,0.0,0.0,0.0,0.0,0.0,0.0,0.0,0.0,0.0,0.0
C(I)I,C(I)I,298.15,0.0,aux_only_sigma_profile_stream,,,No,False,0.0,False,0.0,False,0.0,0.0,0.0,False,0.0,False,True,125.39185999999994,0.0,0.0,0.0,0.0,0.0,0.0,0.0,0.0,0.0,0.0,0.0,0.0,0.0,0.0,0.014624614603630313,0.03154927039475918,0.02391864202638785,0.030334490786685212,0.02007022942994913,0.04498367291812812,0.04714534502262573,0.015264705699524601,0.027837095887893806,0.09934295687331621,0.05502410804660201,0.012941341944708138,0.01877244804969853,0.13795766952837296,0.11220039707708623,0.18531494041300375,0.12271807129762823,0.0,0.0,0.0,0.0,0.0,0.0,0.0,0.0,0.0,0.0,0.0,0.0,0.0,0.0,0.0,0.0,0.0,0.0,0.0,0.0
C(C(F)(Cl)Cl)(F)(F)F,C(C(F)(Cl)Cl)(F)(F)F,298.15,0.0,aux_only_sigma_profile_stream,,,No,False,0.0,False,0.0,False,0.0,0.0,0.0,False,0.0,False,True,139.9485099999999,0.0,0.0,0.0,0.0,0.0,0.0,0.0,0.0,0.0,0.0,0.0,0.0,0.0,0.0,0.0,0.0,0.0,0.003221627610117316,0.00940088134738927,0.03518957248819321,0.00240910347438253,0.02862268459185648,0.05040306332990114,0.01627740290900027,0.05188120095890639,0.22329403910868517,0.48283503718795884,0.0964653869936093,0.0,0.0,0.0,0.0,0.0,0.0,0.0,0.0,0.0,0.0,0.0,0.0,0.0,0.0,0.0,0.0,0.0,0.0,0.0,0.0,0.0,0.0,0.0
C(C(F)(F)F)(Cl)Cl,C(C(F)(F)F)(Cl)Cl,298.15,0.0,aux_only_sigma_profile_stream,,,No,False,0.0,False,0.0,False,0.0,0.0,0.0,False,0.0,False,True,134.90088,0.0,0.0,0.0,0.0,0.0,0.0,0.0,0.0,0.0,0.0,0.0,0.009896645238419629,0.016551392317976192,0.005953277355629059,0.014041132604570988,0.008290074190656511,0.002388942082733404,0.002364370918939209,0.0016183887659898808,0.014294918509931661,0.03206340331383931,0.04174424915121599,0.01136889941717061,0.05773930666287225,0.04454687915272636,0.04830409884620256,0.2129435630562024,0.3089799123780712,0.16209061013374115,0.004819935903111655,4.395982167176853e-18,0.0,0.0,0.0,0.0,0.0,0.0,0.0,0.0,0.0,0.0,0.0,0.0,0.0,0.0,0.0,0.0,0.0,0.0,0.0,0.0
C(F)(Cl)Cl,C(F)(Cl)Cl,298.15,0.0,aux_only_sigma_profile_stream,,,No,False,0.0,False,0.0,False,0.0,0.0,0.0,False,0.0,False,True,105.34136999999998,0.0,0.0,0.0,0.0,0.0,0.0,0.0,0.0,0.0,0.0,0.0,0.0,0.016878181031512188,0.028124808155730936,0.008557764838769645,0.016691668202895398,0.004885217673597819,0.007160409466509379,0.003260724887078866,0.01951802275638603,0.02839551024989888,0.05899552107310814,0.011739928930251546,0.05955258495706218,0.0592500903171059,0.024001668897395682,0.09493694930892015,0.19825210931029383,0.27319748758141654,0.08660135236206679,7.137089150472103e-17,0.0,0.0,0.0,0.0,0.0,0.0,0.0,0.0,0.0,0.0,0.0,0.0,0.0,0.0,0.0,0.0,0.0,0.0,0.0,0.0
C1=CC=C2C(=C1)C=CC=C2Br,C1=CC=C2C(=C1)C=CC=C2Br,298.15,0.0,aux_only_sigma_profile_stream,,,No,False,0.0,False,0.0,False,0.0,0.0,0.0,False,0.0,False,True,189.58517999999992,0.0,0.0,0.0,0.0,0.0,0.0,0.0,0.0,0.0,0.0,0.0,0.0,0.0,0.0,0.0,0.0,0.0002953193512120896,0.008318593303139997,0.05933060062466436,0.07519279315850905,0.06714700999995467,0.06799725369979186,0.04177312959659765,0.03687460588310365,0.04593546787597155,0.051777937483584606,0.05539657649315629,0.08934479582319364,0.15976044303953407,0.1448121270749977,0.08887115353230363,0.007172193060285148,0.0,0.0,0.0,0.0,0.0,0.0,0.0,0.0,0.0,0.0,0.0,0.0,0.0,0.0,0.0,0.0,0.0,0.0,0.0
C(=C(F)F)(C(F)(F)F)F,C(=C(F)F)(C(F)(F)F)F,298.15,0.0,aux_only_sigma_profile_stream,,,No,False,0.0,False,0.0,False,0.0,0.0,0.0,False,0.0,False,True,134.1684999999999,0.0,0.0,0.0,0.0,0.0,0.0,0.0,0.0,0.0,0.0,0.0,0.0,0.0,0.0,0.0,0.0,0.0,0.0,0.009984051154089305,0.04135803235113029,0.03573460808109596,0.030801526965462032,0.0322993098604341,0.034937187048970995,0.07189932997298659,0.17444210496078003,0.28400428788814375,0.2630957690435364,0.021443792673370588,0.0,0.0,0.0,0.0,0.0,0.0,0.0,0.0,0.0,0.0,0.0,0.0,0.0,0.0,0.0,0.0,0.0,0.0,0.0,0.0,0.0,0.0
CN,CN,298.15,0.0,aux_only_sigma_profile_stream,,,No,False,0.0,False,0.0,False,0.0,0.0,0.0,False,0.0,False,True,72.68683999999999,0.0,0.0,0.0,0.0,0.0,0.0,0.0,0.0,0.0,0.0,0.0,0.0,0.0,0.0,0.004365046479987566,0.026715373035343774,0.04313008216262793,0.021165963114472306,0.03596192355657448,0.03584624347296637,0.05768823308044524,0.08336658013205363,0.08046944548488227,0.0848534375496731,0.08141571376740978,0.0903420614792902,0.10630880035075842,0.0444644148756303,0.01893171892324003,0.022637086301941594,0.007331782626726778,0.008169290275299066,0.02178900641336905,0.006932783599622078,0.003959686163554723,0.014062780971124069,0.01069222616322897,0.010016678957957718,0.00428792184637897,0.004917894870299877,0.013992963371683513,0.009485132440813799,0.010848534561356073,0.00842625693693905,0.007626580137832575,0.008217129380041654,0.01153805711159275,4.3170404882215274e-05,0.0,0.0,0.0
CNC,CNC,298.15,0.0,aux_only_sigma_profile_stream,,,No,False,0.0,False,0.0,False,0.0,0.0,0.0,False,0.0,False,True,93.21038,0.0,0.0,0.0,0.0,0.0,0.0,0.0,0.0,0.0,0.0,0.0,0.0,0.0,0.0,0.0024706352799601355,0.014495096211547235,0.015673229963214724,0.006315276828095939,0.014924322272159929,0.006775325789491311,0.0238240690101198,0.08368036548259111,0.09948650503909579,0.1502307866197445,0.13992057135216274,0.12409748253812505,0.1402185022223995,0.03604503766432311,0.011161518204999917,0.011834373186202654,0.0176215510306895,0.0076442572964413955,0.006030387355953297,0.0029387020952477724,0.010992019819449616,0.0098280707351025,0.005571252312628547,0.004417685974679971,0.013217156419686935,0.003405519647557843,0.003401935899977739,0.0035797909568282527,0.015847291794028842,0.006005858524160301,0.002092843929921434,0.00548412174112602,0.0007684568022865587,0.0,0.0,0.0,0.0
CN(C)C,CN(C)C,298.15,0.0,aux_only_sigma_profile_stream,,,No,False,0.0,False,0.0,False,0.0,0.0,0.0,False,0.0,False,True,111.19651000000007,0.0,0.0,0.0,0.0,0.0,0.0,0.0,0.0,0.0,0.0,0.0,0.0,0.0,0.0,0.0,0.0,0.0,0.0,0.0,0.0,0.023054140084806333,0.10821650994289111,0.10890443802544605,0.11494620689138349,0.15815313519223567,0.1669981132828853,0.16717958716354397,0.04466695385224244,0.011770906481267525,0.007624270855295867,0.011819185003490655,0.017015615110492394,0.004759125050961389,0.0001847903336574618,0.0015848618299512177,0.008115082889536822,0.0017158520062243734,0.019179139695876084,0.004121037182824358,5.373274698245742e-05,0.004091931898240976,0.010494213030919219,0.0028051662774541105,0.002546005171390692,8.81240743848834e-18,0.0,0.0,0.0,0.0,0.0,0.0
CCN,CCN,298.15,0.0,aux_only_sigma_profile_stream,,,No,False,0.0,False,0.0,False,0.0,0.0,0.0,False,0.0,False,True,92.97343,0.0,0.0,0.0,0.0,0.0,0.0,0.0,0.0,0.0,0.0,0.0,0.0,0.0,0.0,0.0,0.011126481989593137,0.03280132167603658,0.01784143085413037,0.02853559855937573,0.032865817018062154,0.02540888713684512,0.06371998882991453,0.14296640404485667,0.12020232899504409,0.10166695556594697,0.09281624126458139,0.06933132424507336,0.09183326920475136,0.02381509552707618,0.009637772732822614,0.014993451603447455,0.004730466623488937,0.011806383328986036,0.007483412512150138,0.007228962454347656,0.01155582209767295,0.006560076353191399,0.0026964752301781186,0.0007101409402818934,0.011434690655690433,0.012084343737024546,0.00407549603248157,0.007699037581705408,0.008152952751782874,0.00918243026805658,0.006338545379327932,0.0073246353503819495,0.0013737594556938793,0.0,0.0,0.0
CCCNCCC,CCCNCCC,298.15,0.0,aux_only_sigma_profile_stream,,,No,False,0.0,False,0.0,False,0.0,0.0,0.0,False,0.0,False,True,173.32802999999996,0.0,0.0,0.0,0.0,0.0,0.0,0.0,0.0,0.0,0.0,0.0,0.0,0.0,0.0,0.0,0.0014649348350023053,0.005710743262371345,0.005924636906806075,0.00902930411082126,0.005642986539950292,0.0064672259666259425,0.027900642337180905,0.11561779766766929,0.14955894610377857,0.18623312164274303,0.1372600783841685,0.1260931606810082,0.13003573867937807,0.023713471767788753,0.01371814641331746,0.009801150796326201,0.001309734612006489,0.002843838149841559,0.0039646932518235065,0.003241110502658556,0.0020605650601957935,0.0026922659830732948,0.003123450981254636,0.0009440014226807151,0.007641338723613651,0.006056814264705255,0.002522253558151582,0.003435301284414767,0.0008987573425472958,0.0024467609363400034,0.0026470278317567856,9.179602123123511e-18,0.0,0.0,0.0,0.0
CCCCN(C)C,CCCCN(C)C,298.15,0.0,aux_only_sigma_profile_stream,,,No,False,0.0,False,0.0,False,0.0,0.0,0.0,False,0.0,False,True,168.91636000000003,0.0,0.0,0.0,0.0,0.0,0.0,0.0,0.0,0.0,0.0,0.0,0.0,0.0,0.0,0.0,0.0,0.0,0.0,0.0,0.0,0.010899135502923102,0.060575036974280634,0.10026512946483752,0.14035899991002115,0.17837071381263067,0.16926631017471308,0.15351068854116615,0.09541921096474193,0.027201875758080505,0.010623865201302407,0.006621768020032343,0.007489453645042492,0.005352853824533751,0.0014268032797890029,0.000530567521443721,0.004426361838577751,0.002311241384826694,0.002989397193007921,0.006406599792883997,0.006730429076741885,0.001356785468017491,0.0023405717963566226,0.004745516802695008,0.0007806840513542293,2.6434976352597574e-18,0.0,0.0,0.0,0.0,0.0,0.0
CCNCC,CCNCC,298.15,0.0,aux_only_sigma_profile_stream,,,No,False,0.0,False,0.0,False,0.0,0.0,0.0,False,0.0,False,True,133.16971999999987,0.0,0.0,0.0,0.0,0.0,0.0,0.0,0.0,0.0,0.0,0.0,0.0,0.0,0.0,0.0,0.001519274537398733,0.007233161419347408,0.008123973474944913,0.012146763615499542,0.006396068777198869,0.011513480007687043,0.05811419906376109,0.10683133989605682,0.14511040615709428,0.16521226013608514,0.13172953371197232,0.13048020236846197,0.10672318603298864,0.023358776425197885,0.016732381822411147,0.009827947942521485,0.0007780667580840456,0.003700061849590376,0.005134581811605023,0.00368892625441413,0.0026488101429657856,0.004281382413459272,0.004113793370656585,0.0020419757265820165,0.011850234917707488,0.004937833308293144,0.0020705599398187463,0.004354849680326148,0.0021101657053579797,0.005091414364786847,0.0021443883677252727,7.452729881133713e-18,0.0,0.0,0.0,0.0
CCCN,CCCN,298.15,0.0,aux_only_sigma_profile_stream,,,No,False,0.0,False,0.0,False,0.0,0.0,0.0,False,0.0,False,True,112.69973999999992,0.0,0.0,0.0,0.0,0.0,0.0,0.0,0.0,0.0,0.0,0.0,0.0,0.0,0.0,0.0007231686852353328,0.011382217950946018,0.028746518488449595,0.01196776633626831,0.024608514264198942,0.02388207202434071,0.02085094321592811,0.03426013631799996,0.10110964547806064,0.13830083479522856,0.15371958448749762,0.10947801983794381,0.1009745761810037,0.0993483007266237,0.02207157670389951,0.016879840739311744,0.009328995891436943,0.00373532998550752,0.008081657270367578,0.005878761387703934,0.005428685536804596,0.00851274349885115,0.004654664059988812,0.0024257216561161376,0.002081634477649808,0.007858841818055849,0.012831199336679934,0.002802086881213002,0.0046082059629924295,0.00424963178865628,0.005413567079415587,0.006613602267611914,0.005614321773639902,0.0015766330943724728,0.0,0.0,0.0
CCCCN,CCCCN,298.15,0.0,aux_only_sigma_profile_stream,,,No,False,0.0,False,0.0,False,0.0,0.0,0.0,False,0.0,False,True,132.46782,0.0,0.0,0.0,0.0,0.0,0.0,0.0,0.0,0.0,0.0,0.0,0.0,0.0,0.0,0.00034184364833245845,0.008139841781021444,0.02553015934326201,0.010726230988796298,0.02031075965578063,0.01871502836466419,0.021484066650199425,0.027267292284474224,0.08934056992485423,0.14710167292820475,0.1739197819286775,0.11990685142216427,0.10593094098655055,0.09345191751322243,0.03596322658785779,0.011388589648138546,0.008887417383284638,0.004969294935114581,0.009221553194393477,0.006359245553694188,0.0009186100415475322,0.006414872409923057,0.004971843183465371,0.0019960279380781937,0.0008047143571916576,0.0075316492454528695,0.01288352584821023,0.0024823373183656154,0.0030575384177757665,0.003188744894019183,0.005869673546620959,0.004580721203995707,0.006343456872666277,0.0,0.0,0.0,0.0
CCCCCN,CCCCCN,298.15,0.0,aux_only_sigma_profile_stream,,,No,False,0.0,False,0.0,False,0.0,0.0,0.0,False,0.0,False,True,152.57175000000024,0.0,0.0,0.0,0.0,0.0,0.0,0.0,0.0,0.0,0.0,0.0,0.0,0.0,0.0,0.00047485130134170385,0.008070205188978408,0.021337212247772182,0.00869637012293782,0.018087533199751895,0.017874004706997505,0.015207376094969199,0.02059117466046811,0.08082233321437676,0.15880321773315878,0.17942461934297774,0.13422430152506457,0.10933192672597762,0.09719782740806196,0.04063094882286315,0.012707582143239278,0.008013784408583824,0.003080566074852083,0.005793399852013979,0.004393654629091009,0.003744530263391691,0.006416045883841418,0.003395217076267708,0.002036822242042372,0.0015382693858444947,0.005125399565033513,0.009802596628432641,0.002177467102119557,0.0036549311361217408,0.002892607673147572,0.004256250740644034,0.004312518555591019,0.004622486623944681,0.0012619677201000366,0.0,0.0,0.0
CC(C)CN,CC(C)CN,298.15,0.0,aux_only_sigma_profile_stream,,,No,False,0.0,False,0.0,False,0.0,0.0,0.0,False,0.0,False,True,128.55293999999992,0.0,0.0,0.0,0.0,0.0,0.0,0.0,0.0,0.0,0.0,0.0,0.0,0.0,0.0,0.0009659941544312707,0.009922891043311486,0.020972309343906967,0.012742491336834623,0.016689869173132886,0.023371785744688,0.02181218018859648,0.032630563010330474,0.10224694173101222,0.13733932107190322,0.16284433001712612,0.10942988184325934,0.09082122124629749,0.11684991483702205,0.04334371536431562,0.009854893310430868,0.006863098327684111,0.003231138541583166,0.007803773228208088,0.007825095332630592,0.004757199202171855,0.0068411439416215,0.0046502147329557176,0.00018797373593955856,0.002046230422852692,0.005498129262621956,0.011208328357801625,0.0031948965591566034,0.0034807719952459374,0.005915436976358456,0.0028586136210062845,0.006991823415043271,0.0036010669854012268,0.001206761945118362,0.0,0.0,0.0
NN,NN,298.15,0.0,aux_only_sigma_profile_stream,,,No,False,0.0,False,0.0,False,0.0,0.0,0.0,False,0.0,False,True,67.62635999999998,0.0,0.0,0.0,0.0,0.0,0.0,0.0,0.0,0.0,0.0,0.0,0.0,0.0,0.0,0.020054902635690548,0.09541291044309591,0.07756382448611994,0.08187781106011269,0.07106246432486463,0.08826679474731763,0.03961894163754948,0.04175816195290107,0.033893219535979624,0.03786570655973589,0.018084035212044682,0.009595423226959061,0.019988129118046427,0.015508559401550819,0.006741032410293253,0.023502120588418638,0.01824857791772869,0.026837949871799112,0.01623702030762901,0.03267258911305593,0.008674601004872926,0.010493152870686431,0.01686269456754061,0.039250081789749675,0.015713306448832717,0.021723455238143525,0.011249078464798848,0.03214148254125877,0.02777663714138038,0.014278428183759526,0.01630080125843532,0.010746105939648186,3.647243754341132e-17,0.0,0.0,0.0,0.0
CC(C)N,CC(C)N,298.15,0.0,aux_only_sigma_profile_stream,,,No,False,0.0,False,0.0,False,0.0,0.0,0.0,False,0.0,False,True,110.98002000000004,0.0,0.0,0.0,0.0,0.0,0.0,0.0,0.0,0.0,0.0,0.0,0.0,0.0,0.0,0.0,0.008015553582040003,0.027452572484541353,0.014539475778747106,0.022895932303774583,0.023593476659812453,0.03218511094022112,0.06033612993210362,0.08802551562676668,0.13261161437982616,0.13574595699920486,0.09944157729236125,0.07756523186798962,0.12215028418643907,0.035030533490928537,0.01573901350535501,0.011619076489672555,0.007350610355911125,0.007251663407067098,0.00603033776000834,0.0020486961424269153,0.013340714060288488,0.0037341525435914823,0.0003776952278762194,0.0014871808321669131,0.009354898113421661,0.014670262869726995,0.002173542544770085,0.0031915168602723435,0.002850150331850944,0.006682573654517987,0.006035848358329607,0.006425040678316914,4.806073967294472e-05,0.0,0.0,0.0
CCCCCCCCCCCCCCN,CCCCCCCCCCCCCCN,298.15,0.0,aux_only_sigma_profile_stream,,,No,False,0.0,False,0.0,False,0.0,0.0,0.0,False,0.0,False,True,332.2390900000002,0.0,0.0,0.0,0.0,0.0,0.0,0.0,0.0,0.0,0.0,0.0,0.0,0.0,0.0,0.0,0.0028901470818886717,0.008942168330172102,0.0053028998862290075,0.007604472860046446,0.008858771008209624,0.007372244022499726,0.010663327635772624,0.058437335747842316,0.16318121264488256,0.21556778974877175,0.1713117600978159,0.13849802250657975,0.08831472764668866,0.07131362818016503,0.003047186878643568,0.004705325413343682,0.0012694215832350425,0.004056669502800978,0.002217085869395135,0.0009393160059395051,0.003296230892784887,0.001852212088824336,0.000882053153213687,0.0009264793482111716,0.0026878076291171685,0.003272659903735407,0.0010202801544368929,0.0022907404933050577,0.002648437502482351,0.002298127172529584,0.001652183262089992,0.0021848265852765425,0.0004944491630707992,0.0,0.0,0.0
C(CO)N,C(CO)N,298.15,0.0,aux_only_sigma_profile_stream,,,No,False,0.0,False,0.0,False,0.0,0.0,0.0,False,0.0,False,True,103.51765,0.0,0.0,0.0,0.0,0.0,0.0,0.0,0.0,0.0,0.0032294060711450462,0.007483791553873684,0.015199980533357823,0.003251840436802284,0.007401917104343984,0.012562468301991776,0.036129660328975736,0.03413314510460969,0.027550782612113103,0.04251043575301429,0.04234797767652308,0.06736495807896054,0.0661149767351215,0.08348180791450231,0.0782355548029595,0.06899239071912983,0.053741169886473754,0.02310142286349826,0.022753035818952716,0.037539159423543904,0.015544565237903391,0.015143271576211884,0.025550735364475816,0.010794813851443884,0.011046050574048677,0.017075056092216642,0.020778927743956996,0.019815757194588064,0.017065771151957863,0.029370660833447512,0.03733974305327544,0.018057923911521754,0.004365854884150355,0.0013020260196076128,0.00933860946725803,0.0042278510723199065,0.009403622533248515,0.0006528777184747461,0.0,0.0,0.0,0.0
C(CO)NCCO,C(CO)NCCO,298.15,0.0,aux_only_sigma_profile_stream,,,No,False,0.0,False,0.0,False,0.0,0.0,0.0,False,0.0,False,True,155.28017999999997,0.0,0.0,0.0,0.0,0.0,0.0,0.0,0.0,0.0,0.004635222182523198,0.01144456131812179,0.01809974584523304,0.005196537265849907,0.010247333115418788,0.01476276565402551,0.024024919303372513,0.019103504027217964,0.019781226642293114,0.02462312104393575,0.039707252455003665,0.06385015023114039,0.08048664243465266,0.08149849572847354,0.08929081910073713,0.06777974434287236,0.06283284852179957,0.03286479880201505,0.029844864364228074,0.03471334108850332,0.020488778985714922,0.016844186837706724,0.018126464674024595,0.010489789006345306,0.0169396901402094,0.0161277150698954,0.02276287813237717,0.023174358800158328,0.019518262662646207,0.04371452863179863,0.03236768105675485,0.01787869084073634,0.0009173567876428146,0.002078923198035609,0.0034359807705453163,0.00034682093799102634,1.2130468107537117e-18,0.0,0.0,0.0,0.0,0.0
C(CO)N(CCO)CCO,C(CO)N(CCO)CCO,298.15,0.0,aux_only_sigma_profile_stream,,,No,False,0.0,False,0.0,False,0.0,0.0,0.0,False,0.0,False,True,196.00831,0.0,0.0,0.0,0.0,0.0,0.0,0.0,0.0,9.012895247126359e-05,0.005570862374881453,0.017004152357177643,0.018377712935085402,0.004204037372778573,0.011426419342551243,0.015307858287776314,0.019126684159311808,0.014212824089100304,0.011918906145770809,0.013399842532771647,0.02643114729240577,0.07739957510657788,0.09883326364304605,0.08861046239480358,0.07806035240953152,0.06832798742783457,0.07003200661529045,0.040280807095272805,0.023322687622368818,0.02796613383845716,0.020305747046368748,0.02154380528192948,0.018889199237086377,0.00970132982463065,0.0162132389583911,0.013831638380428666,0.04048076999706509,0.022810929855685027,0.018014581868129844,0.037364239942260784,0.036276628832459044,0.014657221026456276,6.817753843963044e-06,0.0,0.0,0.0,0.0,0.0,0.0,0.0,0.0,0.0
CCC(C)N,CCC(C)N,298.15,0.0,aux_only_sigma_profile_stream,,,No,False,0.0,False,0.0,False,0.0,0.0,0.0,False,0.0,False,True,128.86909999999995,0.0,0.0,0.0,0.0,0.0,0.0,0.0,0.0,0.0,0.0,0.0,0.0,0.0,0.0,0.0,0.005112825400282597,0.01912785313324397,0.013987556875135625,0.019264355830858372,0.016303274633477076,0.029678495638293667,0.04476362357810415,0.0900687994509165,0.13628615601495472,0.16313983643956623,0.11190267037016478,0.09725260099189723,0.12380684595602669,0.029026247456622422,0.0109703313495523,0.01146515303293474,0.003968245501883773,0.0072390256842170715,0.005666466821856094,0.004193271317839638,0.007722459203263009,0.002807937540694808,0.0009128351653538733,0.001693008392930453,0.009503129032612927,0.009160654629852619,0.004132032027579204,0.0024337663595747007,0.002216356808775378,0.004603432322533595,0.004891919904670631,0.006409764946607748,0.0002890681877234256,0.0,0.0,0.0
CC(C)(C)N,CC(C)(C)N,298.15,0.0,aux_only_sigma_profile_stream,,,No,False,0.0,False,0.0,False,0.0,0.0,0.0,False,0.0,False,True,126.58044999999991,0.0,0.0,0.0,0.0,0.0,0.0,0.0,0.0,0.0,0.0,0.0,0.0,0.0,0.0,0.0,0.004849056672068881,0.020183676649145752,0.013806080962378875,0.02002078599564681,0.02314350131824031,0.023740336570056527,0.07275969620825226,0.13199915961493033,0.1119148977376902,0.10808947786978959,0.08364063419687405,0.07430402793693841,0.15499194143663894,0.05203738578699439,0.012819909421300847,0.010644439812898287,0.006055294129339629,0.005663214445528314,0.005530946016910505,0.0035859791383221285,0.008579161553646552,0.00526898267224307,0.0008064786686765606,0.0009743669509069447,0.004236487493219329,0.016250659311030344,0.002594649736125019,0.00288121521376155,0.001449449512182992,0.004940796137160248,0.006824694032514908,0.0054126167985874205,0.0,0.0,0.0,0.0
C1CCC(CC1)N,C1CCC(CC1)N,298.15,0.0,aux_only_sigma_profile_stream,,,No,False,0.0,False,0.0,False,0.0,0.0,0.0,False,0.0,False,True,146.2106800000001,0.0,0.0,0.0,0.0,0.0,0.0,0.0,0.0,0.0,0.0,0.0,0.0,0.0,0.0,0.0,0.004682440430491386,0.0170669679565416,0.012228639984380474,0.015442642306998629,0.021413947436394985,0.01524863623972844,0.023986115723796424,0.09304035730282423,0.1634752053317636,0.17963592135997233,0.12413552662531482,0.11785647663326364,0.09309587233390192,0.026539206613802543,0.008182610364545456,0.009403494859850722,0.004379400665621543,0.0071406771305796484,0.00719198266815228,0.0015417063982027703,0.0062431715822438205,0.004622049432181717,0.001425096056054629,0.0006205013927486236,0.002401891109745624,0.015526349824338469,0.0025550409154268122,0.0034133978197288025,0.0013232482971203216,0.006213981456545785,0.0036284490962043676,0.006336485587263645,2.50906427007042e-06,0.0,0.0,0.0
CC(C)C1=CC2=C(C=C1)[C@]3(CCC[C@@]([C@@H]3CC2)(C)CN)C,CC(C)C1=CC2=C(C=C1)[C@]3(CCC[C@@]([C@@H]3CC2)(C)CN)C,298.15,0.0,aux_only_sigma_profile_stream,,,No,False,0.0,False,0.0,False,0.0,0.0,0.0,False,0.0,False,True,324.56820000000005,0.0,0.0,0.0,0.0,0.0,0.0,0.0,0.0,0.0,0.0,0.0,0.0,0.0,0.0,0.0,0.0021718521840734324,0.007236401618737601,0.005491092750780144,0.007430081253004946,0.011078340969326507,0.0274852239891648,0.07109172951502703,0.13221855109365457,0.14309081696318615,0.12619666057112802,0.09910155095166716,0.09354830703414752,0.10058010298616682,0.039656290934194406,0.02351455131275331,0.016626254577304187,0.024315762259365856,0.02033848184659945,0.018054850367642268,0.0056327764856639985,0.0046315153212030565,0.0011573690780579656,0.0006103516288296776,0.0006440368477776624,0.002385992861870978,0.003128491057327304,0.002478571451275719,0.0019441549428717104,0.0022098822956317537,0.0016005032626042186,0.002330301858170551,0.0020191497307911134,0.0,0.0,0.0,0.0
C(CCCN)CCN,C(CCCN)CCN,298.15,0.0,aux_only_sigma_profile_stream,,,No,False,0.0,False,0.0,False,0.0,0.0,0.0,False,0.0,False,True,187.24978000000013,0.0,0.0,0.0,0.0,0.0,0.0,0.0,0.0,0.0,0.0,0.0,0.0,0.0,0.0,0.0008193560111074234,0.013433983657702422,0.03480706165040453,0.01413823085629579,0.029574632504782684,0.029085889491103842,0.024528928122852463,0.03174489135617839,0.08002342440905831,0.15875582706722527,0.16670991794087436,0.12457870848200346,0.07950859299189614,0.0505361814788506,0.01895802328847728,0.018311139983983253,0.012950494708424434,0.004892463520028831,0.009378929564551951,0.00682600313879423,0.006402985536569545,0.01054769483617795,0.005123849154638091,0.003707120158579996,0.002507517145830505,0.00838067061348348,0.015951157355478484,0.0037051394510730826,0.005761950946170774,0.004967528327990076,0.006764650677971841,0.007638593349692097,0.0070293147950681685,0.0019491474266802328,0.0,0.0,0.0
CC1=C(C=C(C=C1)N)N,CC1=C(C=C(C=C1)N)N,298.15,0.0,aux_only_sigma_profile_stream,,,No,False,0.0,False,0.0,False,0.0,0.0,0.0,False,0.0,False,True,166.05122000000006,0.0,0.0,0.0,0.0,0.0,0.0,0.0,0.0,0.0,0.0,0.0,0.005014341942309308,0.024072611053628592,0.02342787307983084,0.02241999316056015,0.025168668188432324,0.02436625863888497,0.033219738963499744,0.025965194724580757,0.027172516646531766,0.05294246004167833,0.0639230245312964,0.0579974872334259,0.04546451148089318,0.054899901307178936,0.041956726118000866,0.0418798367251401,0.03783244326269399,0.041585035326045225,0.044296363220082985,0.03491485373798338,0.03515200758010846,0.0545281692659961,0.08391052179996868,0.05448249035933562,0.034447343904838765,0.00852488880383381,0.00043473890324074625,7.68486995518593e-19,0.0,0.0,0.0,0.0,0.0,0.0,0.0,0.0,0.0,0.0,0.0,0.0
C1=CC=C(C=C1)CN,C1=CC=C(C=C1)CN,298.15,0.0,aux_only_sigma_profile_stream,,,No,False,0.0,False,0.0,False,0.0,0.0,0.0,False,0.0,False,True,154.28308000000004,0.0,0.0,0.0,0.0,0.0,0.0,0.0,0.0,0.0,0.0,0.0,0.0,0.0,0.0,0.0032229732970576364,0.013553852178101492,0.018801574413388488,0.010978793021050199,0.02026256671666789,0.05400569559924315,0.08649716500804233,0.10272908293446174,0.08120690661882622,0.07062318199770057,0.0701758939348391,0.04767157930264251,0.046613809874434566,0.0365489265148105,0.06361519921876357,0.04579083790645454,0.06452456057279726,0.05665470315659059,0.05371918124686459,0.013320248569050732,0.004114111481028353,0.004158390712249055,0.0010786864327663134,0.0025856056344264132,0.006813809728326325,0.007156105010977222,0.0054269193120096175,0.0010909264928459358,0.0014168181227036559,0.004655360942805198,0.0009865340480742855,3.4575245197940785e-18,0.0,0.0,0.0,0.0,0.0
C1CN2CCN1CC2,C1CN2CCN1CC2,298.15,0.0,aux_only_sigma_profile_stream,,,No,False,0.0,False,0.0,False,0.0,0.0,0.0,False,0.0,False,True,146.59141999999994,0.0,0.0,0.0,0.0,0.0,0.0,0.0,0.0,0.0,0.0,0.0,0.0,0.0,0.0,0.0,0.0,0.0,0.0,0.0,0.0,0.00473208466317844,0.15833666260620308,0.229129282441059,0.1690727620538822,0.10101095000677397,0.09001641467209066,0.042110081878750774,0.0324463601097509,0.013958526592242853,0.020514270358004114,0.013813430323613837,0.01960720854733286,0.010077569116398016,0.0039046824214301434,0.00507965953280287,0.01075841663579109,0.0029347722307960615,0.022993786001631482,0.007501492280733854,0.004725720664394928,0.005406521037443899,0.014383830681584575,0.006517072318638726,0.008456966908543811,0.0025114759169277924,8.585221792544673e-18,0.0,0.0,0.0,0.0,0.0
CC1=CC=CC=C1N,CC1=CC=CC=C1N,298.15,0.0,aux_only_sigma_profile_stream,,,No,False,0.0,False,0.0,False,0.0,0.0,0.0,False,0.0,False,True,152.06086000000008,0.0,0.0,0.0,0.0,0.0,0.0,0.0,0.0,0.0,0.0,0.0,0.0005356216499775467,0.004619223559443104,0.014503727876792284,0.01603547501807755,0.012775027968034113,0.01658203980904888,0.02097243731742585,0.017938732786020532,0.034996143531946855,0.07978162038826027,0.0805106038702536,0.08221488578801076,0.061110889611078044,0.0529906272748357,0.0638054134322081,0.0532379016216189,0.0488945519967195,0.03668560025561881,0.04877921560144086,0.04620903246677189,0.060358841361276755,0.05505301226929779,0.03887652813303901,0.025768341601046497,0.0035845020747451964,0.0045771140843602265,0.0026794636980285638,0.00544028500363637,0.004316120786723111,0.00523095564611279,0.000936063518150403,0.0,0.0,0.0,0.0,0.0,0.0,0.0,0.0,0.0
CC1=CC(=CC=C1)N,CC1=CC(=CC=C1)N,298.15,0.0,aux_only_sigma_profile_stream,,,No,False,0.0,False,0.0,False,0.0,0.0,0.0,False,0.0,False,True,154.47486000000004,0.0,0.0,0.0,0.0,0.0,0.0,0.0,0.0,0.0,0.0,0.0,0.006374307325221877,0.01836508254033741,0.01089504536015556,0.01358401433516469,0.016159488574316812,0.015347170413137967,0.018720565664949035,0.01434379318776712,0.02863126224465715,0.05358374835784249,0.0818558002292936,0.0778655210694096,0.06886784292125527,0.05240204219686911,0.054430532009033035,0.07098998097113082,0.05267179934707464,0.03805811787390226,0.04152770889011797,0.03964727861091714,0.05964382325140264,0.07556538186619814,0.049405879556903294,0.033246639394821975,0.007772017336368506,4.515647175195044e-05,1.5622467187400962e-19,0.0,0.0,0.0,0.0,0.0,0.0,0.0,0.0,0.0,0.0,0.0,0.0,0.0
CC1=CC=C(C=C1)N,CC1=CC=C(C=C1)N,298.15,0.0,aux_only_sigma_profile_stream,,,No,False,0.0,False,0.0,False,0.0,0.0,0.0,False,0.0,False,True,155.29093999999986,0.0,0.0,0.0,0.0,0.0,0.0,0.0,0.0,0.0,0.0,0.0,0.005636387333447245,0.017969316631231153,0.01113635143674867,0.013538620938861353,0.015478390519530965,0.014985998792549918,0.019248576326938344,0.01658899921310562,0.02882590286867221,0.04965132422053351,0.0799175317512967,0.07098851528798918,0.0761792074063278,0.05181043677147468,0.048270948172347575,0.08110201153957798,0.06117016053632059,0.03695710134935873,0.039733501423260466,0.04045069362453093,0.062245939987615434,0.07332919189207761,0.052835164491936475,0.02402417669187509,0.007734387204686501,0.00019116358770530738,6.53767823617673e-19,0.0,0.0,0.0,0.0,0.0,0.0,0.0,0.0,0.0,0.0,0.0,0.0,0.0
C(CNCCNCCN)N,C(CNCCNCCN)N,298.15,0.0,aux_only_sigma_profile_stream,,,No,False,0.0,False,0.0,False,0.0,0.0,0.0,False,0.0,False,True,219.7707199999999,0.0,0.0,0.0,0.0,0.0,0.0,0.0,0.0,0.0,0.0,0.0,0.0,0.0,0.0,0.003031521718574263,0.023594011686537245,0.03951104822205102,0.027275798797076804,0.0372919678000474,0.03272957073200262,0.040780978821642,0.07309272549758315,0.10659980871504501,0.13423301446079855,0.09676269431813124,0.06535563006646385,0.06503569444869547,0.022932474834589173,0.03051173369713601,0.02708397581920368,0.009606941745772885,0.012693862876424308,0.014032023608377455,0.007021913562196733,0.009800849654392456,0.015874805948487676,0.010678792759981012,0.001191020825105157,0.008635087790212673,0.028240884523893242,0.012305454296949936,0.007507804235865818,0.005723945548862199,0.010626277251657225,0.00881238144353926,0.0076545701182804135,0.0037651415463056783,5.592628118475475e-06,0.0,0.0,0.0
C=CCN,C=CCN,298.15,0.0,aux_only_sigma_profile_stream,,,No,False,0.0,False,0.0,False,0.0,0.0,0.0,False,0.0,False,True,107.97336999999992,0.0,0.0,0.0,0.0,0.0,0.0,0.0,0.0,0.0,0.0,0.0,0.0,0.0,0.0,0.003461348375002472,0.019842051411087185,0.027550388312982566,0.01421183207749912,0.020305832033332402,0.040653722527424066,0.0768247302423212,0.0955202996299505,0.1037467825257636,0.08157047211754331,0.08144084510190676,0.06441746292197646,0.039537832161590805,0.053132058261967506,0.051433714259936356,0.023158920028860743,0.035593115106922306,0.04447350934349454,0.023241269240711036,0.02321352297839043,0.011895257806398106,0.00802857324111415,0.0006317905377539013,0.0010509353922605073,0.011436256437016732,0.011438656837939586,0.0024731200704757312,0.004199898903456328,0.0031740237173167535,0.007932947775757957,0.005781516441845636,0.006241333940751042,0.0023859802392502205,0.0,0.0,0.0,0.0
C(CN)N,C(CN)N,298.15,0.0,aux_only_sigma_profile_stream,,,No,False,0.0,False,0.0,False,0.0,0.0,0.0,False,0.0,False,True,107.66825999999988,0.0,0.0,0.0,0.0,0.0,0.0,0.0,0.0,0.0,0.0,0.0,0.0,0.0,0.0,0.0036240098537679323,0.03528119019392863,0.05712978125083275,0.02630674403796061,0.05923981145629712,0.046708718585183835,0.035984563268476,0.0637751060713783,0.10112711586595353,0.11364583303667407,0.09323942529057413,0.049668457264314625,0.04491155671112326,0.019390192562211764,0.023511483848667497,0.03219102069155556,0.0026730575325778078,0.01212383243627018,0.016424694423283998,0.007622361782908518,0.016089611234789636,0.01747595950882043,0.008670775831840753,0.002441175076295397,0.004931940922806983,0.032228767502675705,0.011763140842266899,0.006891266901812287,0.005799535537974466,0.01646665273706242,0.006150734852982536,0.01999613847484093,0.0059496721975408695,0.0005656722143506393,0.0,0.0,0.0
C1CN1,C1CN1,298.15,0.0,aux_only_sigma_profile_stream,,,No,False,0.0,False,0.0,False,0.0,0.0,0.0,False,0.0,False,True,84.09449,0.0,0.0,0.0,0.0,0.0,0.0,0.0,0.0,0.0,0.0,0.0,0.0,0.0,0.0011784010424896161,0.013560930428864937,0.021506460948665235,0.007528687666924932,0.020458274869465408,0.02215898934625598,0.06894052786301934,0.09984819829590988,0.10286562454486663,0.07211281701899959,0.062077610028685365,0.07969903415473892,0.06015879182079195,0.05048098003379425,0.05336551660048582,0.03193890455202903,0.04850795846875533,0.025219829128209966,0.014807538288724742,0.010077765442045644,0.014420506959398649,0.007283575969793111,0.008324206600425472,0.013787829906082077,0.013747458989474817,0.017170704010730904,0.009200379585130813,0.013460258110521511,0.00824669420443047,0.014572404598971588,0.0099346368549656,0.0033585036663524915,1.154197461119102e-17,0.0,0.0,0.0,0.0,0.0
CC(C)NC(C)C,CC(C)NC(C)C,298.15,0.0,aux_only_sigma_profile_stream,,,No,False,0.0,False,0.0,False,0.0,0.0,0.0,False,0.0,False,True,165.84384000000009,0.0,0.0,0.0,0.0,0.0,0.0,0.0,0.0,0.0,0.0,0.0,0.0,0.0,0.0,0.0,0.0,0.0025336603871689823,0.005463267557355573,0.006050757651682447,0.007534023832317012,0.005504334330414603,0.040291277251641104,0.14329524772026375,0.15324617998633283,0.15768211469918983,0.10878077353435009,0.10004283540011912,0.13576924546868296,0.06539612552406285,0.010274386446207826,0.009250577126690805,0.007570076400424758,0.0039499352422054,0.0023942451330638374,0.006038481289406284,0.0054045521490696784,0.0032456701655180515,0.0007170574964393693,0.0026712695398549815,0.0018422983104530084,0.0038653986530341896,0.0031686061208012176,0.0014760576526096048,0.005323193295528203,0.0009084970897950539,0.0003098545453165199,1.060898922283193e-18,0.0,0.0,0.0,0.0
CCCCNCCCC,CCCCNCCCC,298.15,0.0,aux_only_sigma_profile_stream,,,No,False,0.0,False,0.0,False,0.0,0.0,0.0,False,0.0,False,True,212.97049000000004,0.0,0.0,0.0,0.0,0.0,0.0,0.0,0.0,0.0,0.0,0.0,0.0,0.0,0.0,0.0,0.0010067424164991571,0.0049187253104401914,0.004352449849217635,0.007164692882148178,0.004334964521122381,0.005112157815492512,0.018051909426414898,0.10072360846795772,0.16076339439282503,0.20504556923753517,0.14475948338153796,0.12584110505590795,0.1242416944020516,0.03621716009050756,0.01100320450368842,0.008875750471347603,0.0013478816343441757,0.0020750484073563426,0.0031810108422876612,0.0027807938280780026,0.0018929516581298273,0.0017741822578643386,0.0026718042249431516,0.0010528504687344685,0.0049973591931820145,0.005942485361294937,0.002008407810419551,0.0026705251169379662,0.0007633105039554719,0.001861733074796884,0.0022524616263111833,0.00031458176667017995,0.0,0.0,0.0,0.0
C1=CC=C(C=C1)NC2=CC=C(C=C2)N,C1=CC=C(C=C1)NC2=CC=C(C=C2)N,298.15,0.0,aux_only_sigma_profile_stream,,,No,False,0.0,False,0.0,False,0.0,0.0,0.0,False,0.0,False,True,228.8792899999999,0.0,0.0,0.0,0.0,0.0,0.0,0.0,0.0,0.0,0.00010880342631080386,0.0018234216803703926,0.010028700902157411,0.016809364545636606,0.00972609887534364,0.013881044742001993,0.014764699954399241,0.02070079700818502,0.028477724275163704,0.03170636732779201,0.05483559538892359,0.06040750134904519,0.06599396103339322,0.04145841207794062,0.03979312060049454,0.03469215847316524,0.043856270018974214,0.04451203628121139,0.03469875827937672,0.050569562805576264,0.07870249959561046,0.07037443419793904,0.09215042809352915,0.07520602177956427,0.050990178243348734,0.007608600048880441,0.005314104832230118,0.0008093341634359726,2.8487272325930345e-18,0.0,0.0,0.0,0.0,0.0,0.0,0.0,0.0,0.0,0.0,0.0,0.0,0.0
C1=CC=C(C=C1)NC=O,C1=CC=C(C=C1)NC=O,298.15,0.0,aux_only_sigma_profile_stream,,,No,False,0.0,False,0.0,False,0.0,0.0,0.0,False,0.0,False,True,158.48556999999994,0.0,0.0,0.0,0.0,0.0,0.0,0.0,0.0,0.0024528673062749256,0.010073637233305977,0.0068815077720832335,0.010202221360864083,0.008364498028141053,0.0028193419926607903,0.007167659777118252,0.010755477174087645,0.012125915300802596,0.02493239462534899,0.04001421690172666,0.06065501489510865,0.061721129069641764,0.06142740828800461,0.05273531276470131,0.04519946189822779,0.04148208982678822,0.05318685492408131,0.03709847818701282,0.08750781762005086,0.05958038666035282,0.05652879842220244,0.06803821695232949,0.05737126424576031,0.01877944261717771,0.015975352517197627,0.00665370683064206,0.016093951178134457,0.017910546045146223,0.024852930194510625,0.012963175292500977,0.007191316118494523,0.00125760797951924,0.0,0.0,0.0,0.0,0.0,0.0,0.0,0.0,0.0,0.0
CC(CN)N,CC(CN)N,298.15,0.0,aux_only_sigma_profile_stream,,,No,False,0.0,False,0.0,False,0.0,0.0,0.0,False,0.0,False,True,124.74537999999998,0.0,0.0,0.0,0.0,0.0,0.0,0.0,0.0,0.0,0.0,0.0,0.0,0.0,0.0,0.0009006310589168899,0.013500117201252963,0.0370207587001796,0.017753479008520562,0.03536567172227581,0.04215587102309794,0.03937822896231332,0.1046127901528658,0.13517765755844904,0.0984867007562148,0.06688512392435642,0.0733056835923219,0.06451904010487901,0.06793295193081089,0.022397568861582052,0.014726247190884906,0.003894253766876513,0.0105474252591013,0.02362321276139245,0.010015151323612305,0.008943410237626357,0.01117232561231847,0.010835836030524801,0.00516354532232779,0.008006493559193787,0.016109935883996174,0.014957152954697241,0.002308543181602357,0.009595653778928247,0.011252946238976295,0.007454537860089848,0.004231090541022701,0.005540104979466338,0.002229858959325163,0.0,0.0,0.0
CCN(CC)C1=CC=CC=C1,CCN(CC)C1=CC=CC=C1,298.15,0.0,aux_only_sigma_profile_stream,,,No,False,0.0,False,0.0,False,0.0,0.0,0.0,False,0.0,False,True,201.79071000000005,0.0,0.0,0.0,0.0,0.0,0.0,0.0,0.0,0.0,0.0,0.0,0.0,0.0,0.0,0.0,0.0,0.0,0.0,0.0006589037755901844,0.030740627715756034,0.07924134444359603,0.10539967125495715,0.1101700107891612,0.12096968886732594,0.09293590488247301,0.0666682963546736,0.08413564900598496,0.06610982507396843,0.0272237245523334,0.04057843353046643,0.03783590957888863,0.03570901189510081,0.042345920540802336,0.03744891769743973,0.02129735117635038,0.0005308088651318377,0.0,0.0,0.0,0.0,0.0,0.0,0.0,0.0,0.0,0.0,0.0,0.0,0.0,0.0,0.0
C1=CC=C(C=C1)NC2=CC=CC=C2,C1=CC=C(C=C1)NC2=CC=CC=C2,298.15,0.0,aux_only_sigma_profile_stream,,,No,False,0.0,False,0.0,False,0.0,0.0,0.0,False,0.0,False,True,214.83608000000007,0.0,0.0,0.0,0.0,0.0,0.0,0.0,0.0,0.0,0.0009231428788618278,0.0034708771141999974,0.006952888764004531,0.0036415433038387963,0.003970206578863344,0.0036202839617841885,0.008229863990764577,0.012534542683773598,0.013515905042462136,0.026892686353730193,0.06654919888635649,0.08396542716064032,0.07282173837057163,0.05375673630568848,0.040942281537956794,0.055176713187984054,0.048031005802941465,0.044491983366035714,0.03769246959767267,0.09684123451348113,0.0792365617097491,0.06946041352537384,0.07967541363654743,0.07074494201032991,0.01686193971638781,0.0,0.0,0.0,0.0,0.0,0.0,0.0,0.0,0.0,0.0,0.0,0.0,0.0,0.0,0.0,0.0,0.0
C1=CC=C(C=C1)NN,C1=CC=C(C=C1)NN,298.15,0.0,aux_only_sigma_profile_stream,,,No,False,0.0,False,0.0,False,0.0,0.0,0.0,False,0.0,False,True,150.18288,0.0,0.0,0.0,0.0,0.0,0.0,0.0,0.0,0.0,0.0,0.0,0.0005608227316594634,0.006803339121431272,0.014961606696709569,0.03219484831846476,0.030209927418286295,0.0220887913954759,0.03156534526394593,0.029947664730988578,0.04420761198686228,0.05967599312778646,0.0636266508030213,0.05900910823741,0.04318649427779504,0.03692167835930779,0.044480945549634616,0.036731923996356775,0.033725893727425064,0.04790512445337517,0.05867617884323586,0.04592153805412908,0.08162562459465353,0.06310706677611543,0.05681535111157776,0.018552695475772936,0.01039247273826291,0.011581802127449541,0.010165692599855192,0.0042283048731526895,0.0011295026098587316,0.0,0.0,0.0,0.0,0.0,0.0,0.0,0.0,0.0,0.0,0.0
C1(=NC(=NC(=N1)N)N)N,C1(=NC(=NC(=N1)N)N)N,298.15,0.0,aux_only_sigma_profile_stream,,,No,False,0.0,False,0.0,False,0.0,0.0,0.0,False,0.0,False,True,150.93739000000008,0.0,0.0,0.0,0.0,0.0,0.0,0.0,0.0,0.0,0.0,0.011676511544583526,0.03732259701541726,0.045400277828329776,0.047483807580906735,0.027915929777260318,0.04456910013076735,0.04140530043005571,0.010946058932945039,0.019282442546071844,0.029749116772044077,0.03032029424190101,0.021485960121451937,0.02599468694647766,0.009422195439610353,0.009841250486092542,0.015134492412073831,0.03130438021575819,0.054992356833830414,0.05486956329711456,0.04594774686307956,0.07126177395438327,0.05398905748475388,0.0664031277764323,0.06337575494791155,0.023081812774105728,0.015089370777889946,0.012950887890559036,0.027174069407693156,0.011137297897713705,0.03153008324325584,0.008942694429529816,0.0,0.0,0.0,0.0,0.0,0.0,0.0,0.0,0.0,0.0
C[N+](=O)[O-],C[N+](=O)[O-],298.15,0.0,aux_only_sigma_profile_stream,,,No,False,0.0,False,0.0,False,0.0,0.0,0.0,False,0.0,False,True,88.47853000000003,0.0,0.0,0.0,0.0,0.0,0.0,0.0,0.0,0.0,0.0,0.0,0.0,0.0,0.0,0.005417107146114882,0.03155171006844265,0.05620694813166853,0.08567403757795418,0.06182709028820526,0.06385590442462671,0.09465978044046479,0.041791762738705295,0.0282226784553023,0.014786238136127257,0.01478981494713022,0.015398064261374024,0.011863840313391731,0.031537961482396105,0.014467676735750239,0.02100557331765581,0.061240424617971675,0.09761190695741223,0.10177930714388955,0.05909929261388224,0.03265352951784268,0.030262849439008734,0.02261969883517338,0.0016768024095094986,3.0333301910200954e-18,0.0,0.0,0.0,0.0,0.0,0.0,0.0,0.0,0.0,0.0,0.0,0.0
CC[N+](=O)[O-],CC[N+](=O)[O-],298.15,0.0,aux_only_sigma_profile_stream,,,No,False,0.0,False,0.0,False,0.0,0.0,0.0,False,0.0,False,True,106.8544100000001,0.0,0.0,0.0,0.0,0.0,0.0,0.0,0.0,0.0,0.0,0.0,0.0,0.0,0.0,0.0,0.00355382656121591,0.04161108201148418,0.05374280193331941,0.04216833051910956,0.056254468257397376,0.10118338116700369,0.07705749719813054,0.06300281604368162,0.05102755242878777,0.051013897992289364,0.04633299285861796,0.02776521432880962,0.02420955990087538,0.015106586183061875,0.02035860057167999,0.03411425268139504,0.07721897699340255,0.08489985110273483,0.04737015733597009,0.03181398906721759,0.024207300165436197,0.02260142738937448,0.003385437309004925,5.879380101320154e-18,0.0,0.0,0.0,0.0,0.0,0.0,0.0,0.0,0.0,0.0,0.0,0.0
CCC[N+](=O)[O-],CCC[N+](=O)[O-],298.15,0.0,aux_only_sigma_profile_stream,,,No,False,0.0,False,0.0,False,0.0,0.0,0.0,False,0.0,False,True,127.16424,0.0,0.0,0.0,0.0,0.0,0.0,0.0,0.0,0.0,0.0,0.0,0.0,0.0,0.0,0.0,0.0006993597666248774,0.028262857864145924,0.04010825934539427,0.0373259569908998,0.0315160792946123,0.06154658982348481,0.11009904879783262,0.08949574504407765,0.07755015607929241,0.06820652348353326,0.05347104810892095,0.06897460858347298,0.030961885038454033,0.010253337898207938,0.01762175221445337,0.02862950020438386,0.06564665757766075,0.07292624567068454,0.03790896604501965,0.02676906063992212,0.01956531051137576,0.020063171403623785,0.0023978796139223013,4.153589933433458e-18,0.0,0.0,0.0,0.0,0.0,0.0,0.0,0.0,0.0,0.0,0.0,0.0
CC(C)[N+](=O)[O-],CC(C)[N+](=O)[O-],298.15,0.0,aux_only_sigma_profile_stream,,,No,False,0.0,False,0.0,False,0.0,0.0,0.0,False,0.0,False,True,124.4822600000001,0.0,0.0,0.0,0.0,0.0,0.0,0.0,0.0,0.0,0.0,0.0,0.0,0.0,0.0,0.0,0.002578473649333818,0.02189878359851129,0.022217007459899008,0.01607262118792452,0.05372133193170051,0.09689807714574825,0.10249494787399016,0.08713980177027304,0.062481762364019054,0.0847170535979857,0.09087375079062744,0.03472310870392237,0.012463883929937483,0.027070580170999205,0.013887925856092817,0.031700563302302,0.06532956187992275,0.0801237477702374,0.028992749294252027,0.02026679910390724,0.018980331921901312,0.021497418746204,0.0038697179503086455,6.531883425147137e-18,0.0,0.0,0.0,0.0,0.0,0.0,0.0,0.0,0.0,0.0,0.0,0.0
C(CO)C#N,C(CO)C#N,298.15,0.0,aux_only_sigma_profile_stream,,,No,False,0.0,False,0.0,False,0.0,0.0,0.0,False,0.0,False,True,113.64103999999996,0.0,0.0,0.0,0.0,0.0,0.0,0.0,0.0,0.004880963236017563,0.007642333384906803,0.016360599003304697,0.005124252893509656,0.0034315398084618946,0.010013425798284585,0.016576754756325793,0.02081497888505878,0.046979521667748485,0.0480585598367714,0.07284508083120864,0.06675423499553959,0.06687802017580492,0.04169748000462458,0.037780412438662404,0.044519561440119884,0.02341599608162554,0.017037968664645808,0.021613297747498185,0.04132617378011765,0.02196963911273358,0.015158824062551089,0.02514529205177892,0.020886106922999397,0.025301626122454013,0.04866468300151506,0.04597587874481633,0.06326252890250442,0.04950848886859985,0.043797566052678365,0.021721340973123223,0.004856869754008955,0.0,0.0,0.0,0.0,0.0,0.0,0.0,0.0,0.0,0.0,0.0
C1COCCN1,C1COCCN1,298.15,0.0,aux_only_sigma_profile_stream,,,No,False,0.0,False,0.0,False,0.0,0.0,0.0,False,0.0,False,True,123.36983999999995,0.0,0.0,0.0,0.0,0.0,0.0,0.0,0.0,0.0,0.0,0.0,0.0,0.0,0.0,0.004266953047524487,0.016877792188061833,0.00549054244568937,0.013807391349041553,0.006408275600931689,0.019447430611482765,0.07537855745833791,0.11023016957274813,0.12607324261976918,0.1666686832371883,0.10706392694923901,0.08126411670782992,0.023721645807458714,0.018665530181399943,0.03397100857148685,0.016038240735754872,0.011298333512479719,0.011064403940531417,0.013509274375035428,0.007663825004851894,0.014771279170805852,0.024233671469087805,0.008046899926855595,0.020154858556149506,0.026225909307343184,0.014994839647661155,0.0011404817345719994,0.007456662923583109,0.006320648646038994,0.0038698828780096358,0.0017440906496234167,0.0021314311734267296,7.272827866231703e-18,0.0,0.0,0.0,0.0
C1CCNC1,C1CCNC1,298.15,0.0,aux_only_sigma_profile_stream,,,No,False,0.0,False,0.0,False,0.0,0.0,0.0,False,0.0,False,True,116.12359000000008,0.0,0.0,0.0,0.0,0.0,0.0,0.0,0.0,0.0,0.0,0.0,0.0,0.0,0.0,0.0014073436839899679,0.008896312264290466,0.014150127093295075,0.006611165771864042,0.011109234085310307,0.004441040963790921,0.012039851982124986,0.032919785209510555,0.10713442035852057,0.16394216799360828,0.20876082238553664,0.1294129395107617,0.1199471245014436,0.07214326988115162,0.012583521105483986,0.005440435245632369,0.0033657588031207777,0.008644727594287855,0.007872641278196243,0.005032835991956403,0.01112425952261172,0.0013933811451508206,0.004310434114543757,0.005877473346853545,0.003927654699993499,0.007941186622133965,0.0014351468877855816,0.0010376563016292377,0.012115900156018593,0.004908414301451585,0.006359587583321107,0.001374669706021566,0.002338709908608625,0.0,0.0,0.0,0.0
CN1CCCC1,CN1CCCC1,298.15,0.0,aux_only_sigma_profile_stream,,,No,False,0.0,False,0.0,False,0.0,0.0,0.0,False,0.0,False,True,134.76297000000002,0.0,0.0,0.0,0.0,0.0,0.0,0.0,0.0,0.0,0.0,0.0,0.0,0.0,0.0,0.0,0.0,0.0,0.0,0.0,0.0,0.005624715084749898,0.056576906797985514,0.11597986638681382,0.1443575096728129,0.197698551758345,0.17152342218640101,0.1554513864234485,0.06984030719107641,0.01044464225894435,0.006470140674909471,0.0026534590070217837,0.015125889342060432,0.0026366195654062975,0.005410148049405641,0.0012514208423336913,0.006390688002754377,0.0023943925626787412,0.005436082665461561,0.008083393249272031,0.002941049000876302,0.0015876817730175357,0.004424347447360783,0.00487641795254007,0.0027246235415752246,9.633856274855621e-05,3.308531314809794e-19,0.0,0.0,0.0,0.0,0.0
CCCC[N+](=O)[O-],CCCC[N+](=O)[O-],298.15,0.0,aux_only_sigma_profile_stream,,,No,False,0.0,False,0.0,False,0.0,0.0,0.0,False,0.0,False,True,147.06847999999988,0.0,0.0,0.0,0.0,0.0,0.0,0.0,0.0,0.0,0.0,0.0,0.0,0.0,0.0,0.0,0.0007754082797798065,0.024586991878818854,0.03462546780443739,0.031784295348245416,0.027001733452432453,0.040153807377559726,0.08681842137142853,0.11574170252786602,0.10092159381639089,0.07464402865866099,0.0694812382854464,0.06704941240832153,0.05929675623656989,0.014099290446398722,0.015931971647400327,0.02528225721436253,0.05584149990611439,0.06230250951708508,0.03408673071561597,0.023139905794458356,0.017635589854221527,0.016342302804775742,0.0024570846536095137,4.397767521707948e-18,0.0,0.0,0.0,0.0,0.0,0.0,0.0,0.0,0.0,0.0,0.0,0.0
C#N,C#N,298.15,0.0,aux_only_sigma_profile_stream,,,No,False,0.0,False,0.0,False,0.0,0.0,0.0,False,0.0,False,True,61.89905999999999,0.0,0.0,0.0,0.0,0.0,0.0,0.0,0.0,0.018826319731181866,0.05099341561742295,0.017500476392634783,0.016547383618620706,0.017957625607012445,0.003498814648530899,0.0198049973639517,0.039323495095985435,0.0009124839296881279,0.0020744267482744974,0.04491709710715446,0.050461807217875854,0.010620361806683867,0.0,0.05002481804831238,0.07986892254436607,0.0006959646467871856,0.003190685283834133,0.07313165007169686,0.052600128755559604,0.007475542950158404,0.04244270310526865,0.02916202573529648,0.04832064436741124,0.08451000328675219,0.0949788887075093,0.06972107031307148,0.05134663812110696,0.019091609177851427,6.74461750898706e-17,0.0,0.0,0.0,0.0,0.0,0.0,0.0,0.0,0.0,0.0,0.0,0.0,0.0
CC#N,CC#N,298.15,0.0,aux_only_sigma_profile_stream,,,No,False,0.0,False,0.0,False,0.0,0.0,0.0,False,0.0,False,True,83.07181000000003,0.0,0.0,0.0,0.0,0.0,0.0,0.0,0.0,0.0,0.0,0.0,0.0,0.0,0.0,0.0,0.003971221880243121,0.07678949994904816,0.09443788120448077,0.06108689723407698,0.04927913794979655,0.1098983831746827,0.09582388846259071,0.020684840850886115,0.031875085643220835,0.03629591438898777,5.443047183370867e-05,0.010234543953880185,0.0526570170060693,0.024212663888159888,0.002931251687191767,0.025837922077871632,0.00901962293197514,0.03141195703050047,0.03186145486194546,0.05678739150438745,0.06704153173418294,0.05461319915720212,0.0414317511155704,0.011762511841215788,2.0435356924853717e-17,0.0,0.0,0.0,0.0,0.0,0.0,0.0,0.0,0.0,0.0,0.0
CCC#N,CCC#N,298.15,0.0,aux_only_sigma_profile_stream,,,No,False,0.0,False,0.0,False,0.0,0.0,0.0,False,0.0,False,True,102.58588000000007,0.0,0.0,0.0,0.0,0.0,0.0,0.0,0.0,0.0,0.0,0.0,0.0,0.0,0.0,0.0,0.0,0.01817273414033606,0.0567596852767472,0.04741499176296802,0.04898235204645508,0.12521905895086916,0.11545062613810098,0.05471836306150705,0.06202798243260764,0.07268355451018535,0.05054981165335079,0.016249744673713762,0.03829621811885335,0.02078248301179888,0.005619642877481136,0.020463632610113566,0.00850788184355435,0.024834913106037963,0.026502172819536155,0.045172071177764485,0.0537856943921269,0.04439874647821126,0.03365513309292683,0.009752505824753985,1.713894228491413e-17,0.0,0.0,0.0,0.0,0.0,0.0,0.0,0.0,0.0,0.0,0.0
C=CC#N,C=CC#N,298.15,0.0,aux_only_sigma_profile_stream,,,No,False,0.0,False,0.0,False,0.0,0.0,0.0,False,0.0,False,True,98.51887,0.0,0.0,0.0,0.0,0.0,0.0,0.0,0.0,0.0,0.0,0.0,0.0,0.0,0.0,0.0008877369755791879,0.025579388553128614,0.053973069416666374,0.06968655331282382,0.05138518932853502,0.048501458506165766,0.0321397581926909,0.048505330344209896,0.0585711738044538,0.056052993258648924,0.05493869455569617,0.0673149441940341,0.06265704148809938,0.06949901702223185,0.0227610874411364,0.019082107625329237,0.010561031089865837,0.024822783003902907,0.025174981495187872,0.04587853625768536,0.04555699811173169,0.04704136724302003,0.03991916898511171,0.019119573215655813,0.0003900165784092874,6.49083293008801e-19,0.0,0.0,0.0,0.0,0.0,0.0,0.0,0.0,0.0,0.0,0.0
CC(=C)C#N,CC(=C)C#N,298.15,0.0,aux_only_sigma_profile_stream,,,No,False,0.0,False,0.0,False,0.0,0.0,0.0,False,0.0,False,True,117.30822000000003,0.0,0.0,0.0,0.0,0.0,0.0,0.0,0.0,0.0,0.0,0.0,0.0,0.0,0.0,0.0,0.0,0.008991006596621274,0.03368703878210324,0.06072800773226529,0.07510533623166533,0.06901846420828257,0.05797820195296577,0.06468263203890494,0.08805959352057596,0.11125519557313202,0.06267306959734141,0.046961789829372304,0.05834094605042405,0.027739982273768785,0.015609334129221459,0.010545159452905175,0.019151439743484294,0.019759603555778864,0.03742929601529193,0.03586991974445217,0.04198344495716462,0.035841388239513834,0.017886637694782655,0.000702512079982088,1.2515203952242244e-18,0.0,0.0,0.0,0.0,0.0,0.0,0.0,0.0,0.0,0.0,0.0
C(CC#N)C#N,C(CC#N)C#N,298.15,0.0,aux_only_sigma_profile_stream,,,No,False,0.0,False,0.0,False,0.0,0.0,0.0,False,0.0,False,True,128.1019,0.0,0.0,0.0,0.0,0.0,0.0,0.0,0.0,0.0,0.0,0.0,0.0,0.0,0.0,0.058322299737374045,0.10896513312822205,0.06673368041683614,0.036880562557866904,0.042222914935185506,0.05155318976196466,0.02547730506120409,0.009548196653678828,0.057891620776563645,0.018154736137025673,0.003681442246235282,0.02362450715701469,0.051856047574155954,0.017791080781802065,0.013953200870322455,0.027605312601607392,0.018519069251112675,0.0346351504953334,0.04532026839375685,0.0658429048258207,0.08054411310743478,0.06546181140780284,0.05425442475336107,0.021161027368318385,3.7316591833221315e-17,0.0,0.0,0.0,0.0,0.0,0.0,0.0,0.0,0.0,0.0,0.0,0.0
C(CCC#N)CC#N,C(CCC#N)CC#N,298.15,0.0,aux_only_sigma_profile_stream,,,No,False,0.0,False,0.0,False,0.0,0.0,0.0,False,0.0,False,True,167.3701299999999,0.0,0.0,0.0,0.0,0.0,0.0,0.0,0.0,0.0,0.0,0.0,0.0,0.0,0.0,0.0,0.000472124170179132,0.04601906523541294,0.0632242717718138,0.06424926333246385,0.133143290277834,0.12046016595904963,0.04748900358720833,0.0274513624182467,0.052023948182958704,0.02216307959158538,0.012659555366217323,0.01822012601663906,0.04269135335234347,0.019143237676631262,0.006217441647047778,0.028683141942143678,0.011552954894621287,0.026676950727705612,0.04109030393846515,0.051443744936241945,0.06971793623344381,0.051140573776133756,0.03754549185564976,0.006521613109963766,1.1198978614962938e-17,0.0,0.0,0.0,0.0,0.0,0.0,0.0,0.0,0.0,0.0,0.0
CC1=CC=CC=C1[N+](=O)[O-],CC1=CC=CC=C1[N+](=O)[O-],298.15,0.0,aux_only_sigma_profile_stream,,,No,False,0.0,False,0.0,False,0.0,0.0,0.0,False,0.0,False,True,164.37073000000004,0.0,0.0,0.0,0.0,0.0,0.0,0.0,0.0,0.0,0.0,0.0,0.0,0.0,0.0,0.0,0.0,0.0,0.01915649009499124,0.0561516504359105,0.07101173261310269,0.06771657185474382,0.06976797513065007,0.060741187818715396,0.059918961324769315,0.08044833294885043,0.091685586941933,0.05915973230236606,0.0628435654426229,0.07868583055483842,0.04551430538674318,0.01869913191544154,0.041736472290078215,0.03575145736001062,0.02673189885086633,0.017428036998979986,0.010720863651422686,0.0204588652333727,0.00567135084959076,9.635631834944441e-18,0.0,0.0,0.0,0.0,0.0,0.0,0.0,0.0,0.0,0.0,0.0,0.0
CC1=CC=C(C=C1)[N+](=O)[O-],CC1=CC=C(C=C1)[N+](=O)[O-],298.15,0.0,aux_only_sigma_profile_stream,,,No,False,0.0,False,0.0,False,0.0,0.0,0.0,False,0.0,False,True,168.31950999999998,0.0,0.0,0.0,0.0,0.0,0.0,0.0,0.0,0.0,0.0,0.0,0.0,0.0,0.0,0.0,0.0,0.0,0.01777993847841608,0.046025397909687425,0.07389629268931273,0.06863345647856152,0.07247003614590371,0.06561434883819471,0.0696003625496973,0.07905514324463873,0.10051891668450735,0.04967255069221953,0.0684569058560217,0.07058916594270088,0.03122333271226865,0.0151282278767452,0.04855583322403625,0.04354839769311086,0.02660116522571923,0.01574384256678433,0.011955743319075564,0.019662189599150403,0.005268752273247833,8.98819301992243e-18,0.0,0.0,0.0,0.0,0.0,0.0,0.0,0.0,0.0,0.0,0.0,0.0
CC1=CC(=CC=C1)[N+](=O)[O-],CC1=CC(=CC=C1)[N+](=O)[O-],298.15,0.0,aux_only_sigma_profile_stream,,,No,False,0.0,False,0.0,False,0.0,0.0,0.0,False,0.0,False,True,168.48583999999997,0.0,0.0,0.0,0.0,0.0,0.0,0.0,0.0,0.0,0.0,0.0,0.0,0.0,0.0,0.0,0.0,0.0,0.015528080669023763,0.04603370452143671,0.06914078700622144,0.07595012575109933,0.06324043894740651,0.0668818407984226,0.07749352661579455,0.06992541632379137,0.10404623951760042,0.054775899123816904,0.07407230472216421,0.06017875645379043,0.04022373234390932,0.01786763883847701,0.05462249399750532,0.035903780025646675,0.02591588245689318,0.013817296806513299,0.013937280204355638,0.01717061121933097,0.0032741636568003533,6.010776513460827e-18,0.0,0.0,0.0,0.0,0.0,0.0,0.0,0.0,0.0,0.0,0.0,0.0
C(CC#N)CC#N,C(CC#N)CC#N,298.15,0.0,aux_only_sigma_profile_stream,,,No,False,0.0,False,0.0,False,0.0,0.0,0.0,False,0.0,False,True,147.50009999999992,0.0,0.0,0.0,0.0,0.0,0.0,0.0,0.0,0.0,0.0,0.0,0.0,0.0,0.0,0.0,0.03460300782597926,0.10170954648256515,0.07852354613407996,0.09692414228317274,0.06098910831753751,0.04815513272393567,0.019532379435093138,0.03368378723874942,0.04167801293660996,0.01490958641089756,0.011292387429417884,0.03271125799244537,0.03893873991312258,0.014699468952837259,0.015962699322447517,0.022155727423024803,0.023411537487254736,0.028546862455451846,0.05514916600651366,0.05512374257774662,0.07629144418761208,0.057490767083248046,0.03533057246950337,0.002187376910753896,3.616025656052301e-18,0.0,0.0,0.0,0.0,0.0,0.0,0.0,0.0,0.0,0.0,0.0
CCCCC#N,CCCCC#N,298.15,0.0,aux_only_sigma_profile_stream,,,No,False,0.0,False,0.0,False,0.0,0.0,0.0,False,0.0,False,True,142.52314999999996,0.0,0.0,0.0,0.0,0.0,0.0,0.0,0.0,0.0,0.0,0.0,0.0,0.0,0.0,0.0,0.0,0.008033429605750857,0.03349056658373992,0.03153272897869589,0.028570855408735572,0.05701378663320585,0.10862603707837502,0.1135293675806036,0.10758578098605318,0.09379651408487115,0.06901127791393766,0.0632715164949319,0.06930705428543621,0.017635611079165673,0.006372244989901502,0.013790123114173799,0.006501023629831851,0.01792588606411843,0.018299243131988177,0.03336969836698699,0.03803968107409428,0.032307020370795116,0.02452429908882013,0.007466253455787249,1.3325084078806433e-17,0.0,0.0,0.0,0.0,0.0,0.0,0.0,0.0,0.0,0.0,0.0
C(C#N)C#N,C(C#N)C#N,298.15,0.0,aux_only_sigma_profile_stream,,,No,False,0.0,False,0.0,False,0.0,0.0,0.0,False,0.0,False,True,108.57222,0.0,0.0,0.0,0.0,0.0,0.0,0.0,0.0,0.0,0.0,0.0,0.050378108087649975,0.06471593952048017,0.02819711588303896,0.033678476911840796,0.022630553083190084,0.03853498611888474,0.015959650302078195,0.0069231329429414,0.018601101620517386,0.05328782623513327,0.011979534942598485,0.009982228144833561,0.03125858459281381,0.06083945738782941,0.0408964593469219,0.007778756533086566,0.030741047519140533,0.0212462511007394,0.03415519592786793,0.03312877020985995,0.066607886766945,0.06507910878895964,0.09952211722373366,0.06854207255054397,0.060365634412229516,0.0249700038461415,8.827599167160086e-17,0.0,0.0,0.0,0.0,0.0,0.0,0.0,0.0,0.0,0.0,0.0,0.0,0.0
CCCCCC#N,CCCCCC#N,298.15,0.0,aux_only_sigma_profile_stream,,,No,False,0.0,False,0.0,False,0.0,0.0,0.0,False,0.0,False,True,162.29888999999991,0.0,0.0,0.0,0.0,0.0,0.0,0.0,0.0,0.0,0.0,0.0,0.0,0.0,0.0,0.0,0.0,0.006849738353456888,0.029111739898474858,0.027153983293942013,0.025447041923040335,0.04894769734936342,0.08504796205049343,0.11501069590432139,0.11945868166145812,0.12159349304634438,0.07109101696073279,0.07280898176387408,0.07959185210843711,0.023511757831354375,0.005570876197438495,0.012181085055704016,0.0058402474915640185,0.015513763873881769,0.0163975876482281,0.02887525677805574,0.03355675695524055,0.02833351632766847,0.021593612986155024,0.006512654540770642,1.1106136299743946e-17,0.0,0.0,0.0,0.0,0.0,0.0,0.0,0.0,0.0,0.0,0.0
CC(C)C#N,CC(C)C#N,298.15,0.0,aux_only_sigma_profile_stream,,,No,False,0.0,False,0.0,False,0.0,0.0,0.0,False,0.0,False,True,120.72620000000003,0.0,0.0,0.0,0.0,0.0,0.0,0.0,0.0,0.0,0.0,0.0,0.0,0.0,0.0,0.0,0.0,0.0018006915669103636,0.02450300000677607,0.020499561375962212,0.04797681869387721,0.13948542248643206,0.12082453073234804,0.0796103035616629,0.07368826139363949,0.0912626948710462,0.09573885071976586,0.02958873927622,0.021660025823390935,0.015170420436035918,0.010831773665012893,0.0174078189727499,0.008084886575879194,0.02071204105554585,0.023794133898969314,0.03797228569893303,0.045303932092578304,0.03731387760657542,0.02854353896987251,0.008226390519816272,1.418854978817799e-17,0.0,0.0,0.0,0.0,0.0,0.0,0.0,0.0,0.0,0.0,0.0
C/C=C/C#N,C/C=C/C#N,298.15,0.0,aux_only_sigma_profile_stream,,,No,False,0.0,False,0.0,False,0.0,0.0,0.0,False,0.0,False,True,119.17862,0.0,0.0,0.0,0.0,0.0,0.0,0.0,0.0,0.0,0.0,0.0,0.0,0.0,0.0,0.0,0.0046001220636657575,0.02006856829265954,0.03632900576278857,0.03607351323810345,0.07577270192673694,0.079732820217449,0.07413817362331156,0.06600539714478991,0.0806195811634701,0.10562877242905562,0.05625880284531831,0.04928830127485249,0.05350909665052598,0.027594458276213887,0.007736431557008464,0.0165086786379692,0.010316093371702325,0.018499744394882153,0.0291876978802672,0.034188107356924596,0.04797515583433738,0.036434605587279886,0.0276479276627606,0.0058862428079269865,1.0393483251451873e-17,0.0,0.0,0.0,0.0,0.0,0.0,0.0,0.0,0.0,0.0,0.0
C1=CC=C(C=C1)C#N,C1=CC=C(C=C1)C#N,298.15,0.0,aux_only_sigma_profile_stream,,,No,False,0.0,False,0.0,False,0.0,0.0,0.0,False,0.0,False,True,146.22095000000004,0.0,0.0,0.0,0.0,0.0,0.0,0.0,0.0,0.0,0.0,0.0,0.0,0.0,0.0,0.0,0.0,0.012031659792198104,0.05190431338756798,0.0829930972606962,0.07496496576424239,0.04299106012218945,0.03938747660946183,0.04137336029840259,0.0631000288605446,0.06463871221893859,0.07571286493786696,0.05921467849302085,0.0823770120923513,0.08347447113662643,0.052302046260952535,0.00875109902065104,0.013925294615515421,0.01817330042293645,0.02878735307930908,0.02964260812651722,0.03259491141667762,0.027776691739669873,0.013500814286403463,0.00038218005726008673,6.712818116969482e-19,0.0,0.0,0.0,0.0,0.0,0.0,0.0,0.0,0.0,0.0,0.0
C1=CC=NC=C1,C1=CC=NC=C1,298.15,0.0,aux_only_sigma_profile_stream,,,No,False,0.0,False,0.0,False,0.0,0.0,0.0,False,0.0,False,True,117.76478999999996,0.0,0.0,0.0,0.0,0.0,0.0,0.0,0.0,0.0,0.0,0.0,0.0,0.0,0.0,0.0,0.0,0.0,0.01163205655755562,0.08145934952884035,0.10850302700477114,0.08798078055476093,0.05987275508404135,0.04468842221314233,0.043815183272613675,0.057617503312138975,0.036327206742105614,0.06994103346511067,0.059591777181633866,0.09936531595697749,0.10530317309044583,0.019500466859322635,0.011370971973292955,0.007049220920788577,0.01535852802150397,0.013908550639569863,0.005065942293787878,0.012774828506570428,0.011458602506211583,0.008676771451284895,0.005772109153336501,0.010519463544499594,0.008009523313850348,0.004153669854721765,0.00028376699712108613,9.879630270050821e-19,0.0,0.0,0.0,0.0,0.0,0.0
C1=CC=C(C=C1)N,C1=CC=C(C=C1)N,298.15,0.0,aux_only_sigma_profile_stream,,,No,False,0.0,False,0.0,False,0.0,0.0,0.0,False,0.0,False,True,135.13522000000003,0.0,0.0,0.0,0.0,0.0,0.0,0.0,0.0,0.0,0.0,0.0001843988278721483,0.00871056519632327,0.021400275756794613,0.013823638219279694,0.015236999355994898,0.017017615180107738,0.02047616504359766,0.021667689880232696,0.02221179213658822,0.043460148906798154,0.06950148704163081,0.07037289006622469,0.057171979758743045,0.05453958229924225,0.04253942104638745,0.034652262705855065,0.039701842448880975,0.046876130737437426,0.04157348497594838,0.04966447816576662,0.040985049041607505,0.08986568321547407,0.07712149125815533,0.06212561857788671,0.033663520818206005,0.005434486073875379,2.130326508928612e-05,7.24990416903246e-20,0.0,0.0,0.0,0.0,0.0,0.0,0.0,0.0,0.0,0.0,0.0,0.0,0.0
CNC1=CC=CC=C1,CNC1=CC=CC=C1,298.15,0.0,aux_only_sigma_profile_stream,,,No,False,0.0,False,0.0,False,0.0,0.0,0.0,False,0.0,False,True,154.19018999999997,0.0,0.0,0.0,0.0,0.0,0.0,0.0,0.0,0.0,0.0,0.0,0.0017078150705577483,0.010536769267913526,0.005063446083835607,0.006983093104606783,0.005942906996314002,0.010136919511739886,0.008628060814690872,0.024453762336677974,0.036896455605418675,0.08178954169099735,0.09811696734951168,0.08542086569796627,0.0811795967017889,0.07301007957449368,0.04084292187254112,0.045233275226922096,0.048314978679602445,0.030747875474296454,0.047999306927328914,0.04436554342545698,0.07325209474571827,0.061920373790067075,0.043399204422746356,0.03178308551967042,0.0022750601091370494,0.0,0.0,0.0,0.0,0.0,0.0,0.0,0.0,0.0,0.0,0.0,0.0,0.0,0.0,0.0
CN(C)C1=CC=CC=C1,CN(C)C1=CC=CC=C1,298.15,0.0,aux_only_sigma_profile_stream,,,No,False,0.0,False,0.0,False,0.0,0.0,0.0,False,0.0,False,True,169.9158099999999,0.0,0.0,0.0,0.0,0.0,0.0,0.0,0.0,0.0,0.0,0.0,0.0,0.0,0.0,0.0,0.0,0.0,0.0,0.013811312874291458,0.04601340256059365,0.09649420591103858,0.10242744789606165,0.10804542879870573,0.09660257019112295,0.10403905153325407,0.05709762233687486,0.04100845160800537,0.04189926641429072,0.03268710710765869,0.044352104598059966,0.03733306189745095,0.05650232876297648,0.05543615258365584,0.043255268631754946,0.02250081815688406,0.0004943981373201089,0.0,0.0,0.0,0.0,0.0,0.0,0.0,0.0,0.0,0.0,0.0,0.0,0.0,0.0,0.0
CC1=CC=CC=N1,CC1=CC=CC=N1,298.15,0.0,aux_only_sigma_profile_stream,,,No,False,0.0,False,0.0,False,0.0,0.0,0.0,False,0.0,False,True,136.66521999999986,0.0,0.0,0.0,0.0,0.0,0.0,0.0,0.0,0.0,0.0,0.0,0.0,0.0,0.0,0.0,0.0,0.0,0.0032872504420436263,0.045193467781269266,0.07527864098229169,0.099275876168991,0.07878364762753691,0.06617546986540393,0.05348029642592547,0.07893752243121557,0.08025189312528536,0.07047393223399714,0.05758696815536374,0.06906437849133086,0.09050520099512965,0.035687969564215986,0.0151650835740637,0.00475107853184728,0.007158471190768852,0.015230549071391333,0.0025108677423984305,0.008772909666219119,0.011773745937237802,0.007598753459021119,0.00798293639893428,0.0012224245089199372,0.007915296664031134,0.004655980218306206,0.0012793887468605589,4.465755327770464e-18,0.0,0.0,0.0,0.0,0.0,0.0
C/C=C\C#N,C/C=C\C#N,298.15,0.0,aux_only_sigma_profile_stream,,,No,False,0.0,False,0.0,False,0.0,0.0,0.0,False,0.0,False,True,116.77489,0.0,0.0,0.0,0.0,0.0,0.0,0.0,0.0,0.0,0.0,0.0,0.0,0.0,0.0,0.0,0.003369987662244934,0.02383755461608673,0.03734118573559744,0.047425193614803574,0.06661213850638668,0.07767399699898257,0.06728904937982995,0.06296274505964262,0.08651555530377977,0.08198535085668117,0.066986567899969,0.05714614942473086,0.04543812133193412,0.03761097888072179,0.007162440848530065,0.02771079512719616,0.01198825207585415,0.015408512522060179,0.03294918881588593,0.030060396966013328,0.04590916409664054,0.035758620374131425,0.0265968875047296,0.004261166397567434,7.520506148447532e-18,0.0,0.0,0.0,0.0,0.0,0.0,0.0,0.0,0.0,0.0,0.0
CS,CS,298.15,0.0,aux_only_sigma_profile_stream,,,No,False,0.0,False,0.0,False,0.0,0.0,0.0,False,0.0,False,True,83.54110999999999,0.0,0.0,0.0,0.0,0.0,0.0,0.0,0.0,0.0,0.0,0.0,0.0,0.0,0.0,0.0,0.0006941592144442899,0.013584354412028642,0.023151323930699394,0.03686408909621778,0.06771475922924283,0.07283705978855944,0.08135111635491617,0.08898359687231783,0.06240857209823849,0.10653850974363542,0.049533745182686835,0.049491526374023764,0.039720391117940027,0.03732458705261207,0.04413671291540034,0.04197364010991009,0.0324260609477717,0.0335856039151431,0.02774444429391566,0.037064059556859257,0.023601737226504667,0.027575654937461842,0.0016942956294704393,2.9620827154839783e-18,0.0,0.0,0.0,0.0,0.0,0.0,0.0,0.0,0.0,0.0,0.0,0.0
CCS,CCS,298.15,0.0,aux_only_sigma_profile_stream,,,No,False,0.0,False,0.0,False,0.0,0.0,0.0,False,0.0,False,True,103.26610999999993,0.0,0.0,0.0,0.0,0.0,0.0,0.0,0.0,0.0,0.0,0.0,0.0,0.0,0.0,0.0,0.0,0.007173176787812318,0.014075360593390427,0.019113885186582618,0.04721411833677722,0.0518476400536278,0.09574645607791886,0.11302646918997247,0.09432118967469964,0.09740079280913076,0.06868043210395439,0.08829190098293095,0.05420333807685448,0.032176690495291364,0.03638448101509026,0.03023339672937775,0.018884653215823288,0.03944541444745632,0.020159097003182663,0.028765626789850146,0.014896736938391336,0.02528593104186353,0.0026732124500214215,4.4963359251579924e-18,0.0,0.0,0.0,0.0,0.0,0.0,0.0,0.0,0.0,0.0,0.0,0.0
CCCS,CCCS,298.15,0.0,aux_only_sigma_profile_stream,,,No,False,0.0,False,0.0,False,0.0,0.0,0.0,False,0.0,False,True,123.19843999999988,0.0,0.0,0.0,0.0,0.0,0.0,0.0,0.0,0.0,0.0,0.0,0.0,0.0,0.0,0.0,0.0,0.0059932079005482345,0.011449649268881824,0.015312616876838145,0.03405059975723721,0.03339965512285305,0.07505609526728073,0.13529087382817848,0.11717165208747622,0.098038026562196,0.09359319331855184,0.08820228451248417,0.07802161459965642,0.03308046111840331,0.03027348358647182,0.02515901905262545,0.016180798844217036,0.03186799050830216,0.017428929112451277,0.024009470338456015,0.01312522922212654,0.021228309445248693,0.0020668396695154388,3.511107278354256e-18,0.0,0.0,0.0,0.0,0.0,0.0,0.0,0.0,0.0,0.0,0.0,0.0
CC(C)(C)S,CC(C)(C)S,298.15,0.0,aux_only_sigma_profile_stream,,,No,False,0.0,False,0.0,False,0.0,0.0,0.0,False,0.0,False,True,135.09401999999994,0.0,0.0,0.0,0.0,0.0,0.0,0.0,0.0,0.0,0.0,0.0,0.0,0.0,0.0,0.0,0.0,0.0032273189204360428,0.00975988610584836,0.010827863142661685,0.009208712851570117,0.03327335293936972,0.12390257202937265,0.1155765757726079,0.118823271476793,0.07790628918146565,0.08894648998243153,0.15046630016316342,0.06563950857673784,0.025594451112033022,0.03284509798024148,0.02449244682348147,0.013561764337024693,0.020873936328454665,0.022205363838874444,0.022080185367914073,0.009689537735789873,0.015842780125232013,0.005256295208496485,9.531153759194512e-18,0.0,0.0,0.0,0.0,0.0,0.0,0.0,0.0,0.0,0.0,0.0,0.0
CC(C)CS,CC(C)CS,298.15,0.0,aux_only_sigma_profile_stream,,,No,False,0.0,False,0.0,False,0.0,0.0,0.0,False,0.0,False,True,138.7325600000001,0.0,0.0,0.0,0.0,0.0,0.0,0.0,0.0,0.0,0.0,0.0,0.0,0.0,0.0,0.0,0.0,0.004556018613352876,0.01146680083931219,0.009630580825539435,0.027583385433427,0.03372432652392392,0.0625330211230059,0.138128841123424,0.11294486806518304,0.10472788084461132,0.0875342871941287,0.07915488186177413,0.12623986813482202,0.0559870532414249,0.020811235044717248,0.023780152182766953,0.016895985249077497,0.028172665912991928,0.018437717838369293,0.01692373730257272,0.00985961023550318,0.009973699252853583,0.0009333831572181133,1.6122522912969291e-18,0.0,0.0,0.0,0.0,0.0,0.0,0.0,0.0,0.0,0.0,0.0,0.0
CCC(C)S,CCC(C)S,298.15,0.0,aux_only_sigma_profile_stream,,,No,False,0.0,False,0.0,False,0.0,0.0,0.0,False,0.0,False,True,137.53692999999996,0.0,0.0,0.0,0.0,0.0,0.0,0.0,0.0,0.0,0.0,0.0,0.0,0.0,0.0,0.0,0.0,0.0028923227400670212,0.007492378032931812,0.009736883416286741,0.009875289766664783,0.02944779502377704,0.09506261451412071,0.1366901444191368,0.13127026747840967,0.10256818632510704,0.10017686281542204,0.11363158587094103,0.06583201296998428,0.03550791294016263,0.024137354930896242,0.023714710690911023,0.024708537321515327,0.02055738670936454,0.014908488138819086,0.014025320257044276,0.017235060863062313,0.016947731088456347,0.0035811536869193293,6.086082024466547e-18,0.0,0.0,0.0,0.0,0.0,0.0,0.0,0.0,0.0,0.0,0.0,0.0
CCCCCCCCCS,CCCCCCCCCS,298.15,0.0,aux_only_sigma_profile_stream,,,No,False,0.0,False,0.0,False,0.0,0.0,0.0,False,0.0,False,True,242.7995400000001,0.0,0.0,0.0,0.0,0.0,0.0,0.0,0.0,0.0,0.0,0.0,0.0,0.0,0.0,0.0,0.0,0.002905570160754418,0.0058158063455410565,0.007602029870658896,0.016858290779943278,0.017059574146735902,0.02544484192917086,0.08674303249691907,0.1569756306142091,0.1797964384066481,0.14280264253122016,0.11165722764726446,0.09488708188230995,0.05783615317085113,0.016768087246567264,0.012772094995641053,0.00820934210641478,0.015674050450712712,0.009299243221895969,0.012053375638661669,0.006846708037922111,0.010779332457720971,0.0012134458622369965,2.2213694653332435e-18,0.0,0.0,0.0,0.0,0.0,0.0,0.0,0.0,0.0,0.0,0.0,0.0
CCCCCCCCS,CCCCCCCCS,298.15,0.0,aux_only_sigma_profile_stream,,,No,False,0.0,False,0.0,False,0.0,0.0,0.0,False,0.0,False,True,222.60778000000025,0.0,0.0,0.0,0.0,0.0,0.0,0.0,0.0,0.0,0.0,0.0,0.0,0.0,0.0,0.0,0.0,0.002677482689149249,0.007418869697505534,0.006785089300521251,0.017303854242783457,0.019882897004448747,0.031411619155706616,0.09038676272310738,0.1550953812217918,0.17494299964083,0.1344774503185368,0.10623724132069542,0.09792872430906358,0.05241182480975053,0.017566620251537553,0.01697737860925425,0.011401128879333587,0.013024731516480408,0.009194867151107334,0.01533712017340502,0.006764883632444022,0.009700364807328669,0.0030727085452187234,5.4058915794051334e-18,0.0,0.0,0.0,0.0,0.0,0.0,0.0,0.0,0.0,0.0,0.0,0.0
CC(C)S,CC(C)S,298.15,0.0,aux_only_sigma_profile_stream,,,No,False,0.0,False,0.0,False,0.0,0.0,0.0,False,0.0,False,True,120.60673000000004,0.0,0.0,0.0,0.0,0.0,0.0,0.0,0.0,0.0,0.0,0.0,0.0,0.0,0.0,0.0,0.0,0.005518809707292792,0.011614532673192448,0.012128357978952582,0.01305836139301596,0.04708293589798139,0.114203764576068,0.12238948983084524,0.1143537904819399,0.08409453410390778,0.08782159184473286,0.1201129415043273,0.04806832564786026,0.03252617843919024,0.028708543898257246,0.029861163226342257,0.0223499430209145,0.02173747670540665,0.021908036657675482,0.02275676908579131,0.015263339153728158,0.01835890028669606,0.0060822138858816,1.0913063148516732e-17,0.0,0.0,0.0,0.0,0.0,0.0,0.0,0.0,0.0,0.0,0.0,0.0
C1CCC(CC1)S,C1CCC(CC1)S,298.15,0.0,aux_only_sigma_profile_stream,,,No,False,0.0,False,0.0,False,0.0,0.0,0.0,False,0.0,False,True,155.60514999999992,0.0,0.0,0.0,0.0,0.0,0.0,0.0,0.0,0.0,0.0,0.0,0.0,0.0,0.0,0.0,0.0,0.0034943505145825075,0.009421307446663049,0.007682723011685029,0.012357396800588354,0.014003809506732913,0.04453178854214616,0.14357876576358886,0.16875174686906771,0.14275562111050702,0.1190825743745095,0.09496446692528049,0.07024550564199387,0.02136154440268861,0.022313489898352797,0.024324731431752105,0.014397199965681605,0.021818731132972797,0.014501422547459588,0.016551383320189413,0.015944987575055074,0.013718884406023677,0.00419756881247903,7.210536669020795e-18,0.0,0.0,0.0,0.0,0.0,0.0,0.0,0.0,0.0,0.0,0.0,0.0
C1=CC=C(C=C1)CS,C1=CC=C(C=C1)CS,298.15,0.0,aux_only_sigma_profile_stream,,,No,False,0.0,False,0.0,False,0.0,0.0,0.0,False,0.0,False,True,165.04352999999998,0.0,0.0,0.0,0.0,0.0,0.0,0.0,0.0,0.0,0.0,0.0,0.0,0.0,0.0,0.0,0.0006004961748147971,0.005977557759638831,0.01645882830839428,0.030788669155879245,0.0988486742812457,0.08552095901456666,0.08386347286650378,0.06501751668931524,0.04988838694732615,0.05825117648955176,0.04197442322137875,0.05597013474265209,0.057824399455291414,0.056440970790059636,0.05441091029713483,0.0708213047432238,0.06720018118225296,0.05202168535369615,0.019063633438182525,0.010807432630939246,0.014005119788578187,0.004244066669374047,1.4549904236231123e-17,0.0,0.0,0.0,0.0,0.0,0.0,0.0,0.0,0.0,0.0,0.0,0.0,0.0
CCCSC,CCCSC,298.15,0.0,aux_only_sigma_profile_stream,,,No,False,0.0,False,0.0,False,0.0,0.0,0.0,False,0.0,False,True,142.40347000000006,0.0,0.0,0.0,0.0,0.0,0.0,0.0,0.0,0.0,0.0,0.0,0.0,0.0,0.0,0.0,0.0,0.0,0.0,0.006833988494397845,0.015290600746442267,0.051042903488935185,0.09044014413538796,0.1331344929935492,0.12510135678548348,0.13138082529542006,0.11821957074549513,0.08254128188143586,0.047855957606650006,0.02896826196091871,0.021723578689154897,0.0224565680926806,0.02419878197586778,0.030969920023158272,0.011789601981620457,0.013027290448707037,0.01588246641892961,0.02124852430815739,0.0067751819304932666,0.0011187019971149877,1.8857085759747504e-18,0.0,0.0,0.0,0.0,0.0,0.0,0.0,0.0,0.0,0.0,0.0
CC(C)(C)SC,CC(C)(C)SC,298.15,0.0,aux_only_sigma_profile_stream,,,No,False,0.0,False,0.0,False,0.0,0.0,0.0,False,0.0,False,True,150.76195,0.0,0.0,0.0,0.0,0.0,0.0,0.0,0.0,0.0,0.0,0.0,0.0,0.0,0.0,0.0,0.0,0.0,0.0,0.004998176244343449,0.016635988067536335,0.04444083636200029,0.10510093848159167,0.11700185006369378,0.13317656380009743,0.10643256259840628,0.08831596504791892,0.14938369730965537,0.06757485221469406,0.013577872500972293,0.021602101222324397,0.017654616473992676,0.019124980669262635,0.021836852506872256,0.01876695920434035,0.019656463355596485,0.006480637834530007,0.014522168918032693,0.012461689112461075,0.0012542280116774151,2.091258873225473e-18,0.0,0.0,0.0,0.0,0.0,0.0,0.0,0.0,0.0,0.0,0.0
CCCSCCC,CCCSCCC,298.15,0.0,aux_only_sigma_profile_stream,,,No,False,0.0,False,0.0,False,0.0,0.0,0.0,False,0.0,False,True,181.69801999999987,0.0,0.0,0.0,0.0,0.0,0.0,0.0,0.0,0.0,0.0,0.0,0.0,0.0,0.0,0.0,0.0,0.0,0.0,0.0,0.0,0.019793173603580395,0.07689212729873507,0.1628263196566348,0.15117132612212572,0.1366264542941812,0.12872837207014592,0.0996855172168327,0.06777283718636452,0.020550954116223846,0.015993011314229522,0.02031091840274689,0.018293770756063397,0.02718688728765076,0.006334504498839122,0.009255222949392024,0.01484250966919943,0.014051783265107224,0.007475005065909,0.0022093052260385554,3.6886912357852714e-18,0.0,0.0,0.0,0.0,0.0,0.0,0.0,0.0,0.0,0.0,0.0
CSC,CSC,298.15,0.0,aux_only_sigma_profile_stream,,,No,False,0.0,False,0.0,False,0.0,0.0,0.0,False,0.0,False,True,103.40709,0.0,0.0,0.0,0.0,0.0,0.0,0.0,0.0,0.0,0.0,0.0,0.0,0.0,0.0,0.0,0.0,0.0,0.0,0.01782176317202128,0.04616838751158059,0.09877097087628323,0.11480826995873976,0.08155219274988745,0.08169137449626733,0.12642331784529184,0.10262473789960436,0.04536275142270787,0.020072434566071443,0.039129672628961804,0.02502828763365297,0.036000690022732665,0.03330782480138189,0.03594108555462512,0.015117237377518213,0.018543406033054693,0.028729008557319215,0.021108467202064354,0.011612841903802565,0.00018527778643129015,3.345339172570567e-19,0.0,0.0,0.0,0.0,0.0,0.0,0.0,0.0,0.0,0.0,0.0
C1=CC=C2C(=C1)NC(=S)S2,C1=CC=C2C(=C1)NC(=S)S2,298.15,0.0,aux_only_sigma_profile_stream,,,No,False,0.0,False,0.0,False,0.0,0.0,0.0,False,0.0,False,True,182.74347,0.0,0.0,0.0,0.0,0.0,0.0,0.0,0.0,0.0,0.0,0.0,0.0,0.0001728215198204773,0.006529101931535939,0.006335581820468223,0.0073035945663590595,0.006918873272105701,0.016291657939803975,0.02459790299823452,0.05158554839473586,0.06590986582700985,0.06017457889823094,0.053208015246355454,0.05268536038624107,0.07692593806716815,0.062303162947121994,0.08369184920144726,0.12312256113643841,0.09053294263942563,0.08634711510103645,0.05763284443703354,0.01646223802505244,0.013463527960825304,0.01079647513197232,0.00560860292489313,0.004572426187522888,0.005254888004742926,0.007854679474185689,0.0037178459602328897,6.573798321546591e-18,0.0,0.0,0.0,0.0,0.0,0.0,0.0,0.0,0.0,0.0,0.0
CCSSCC,CCSSCC,298.15,0.0,aux_only_sigma_profile_stream,,,No,False,0.0,False,0.0,False,0.0,0.0,0.0,False,0.0,False,True,166.3065400000001,0.0,0.0,0.0,0.0,0.0,0.0,0.0,0.0,0.0,0.0,0.0,0.0,0.0,0.0,0.0,0.0,0.0,0.0,0.0,0.0137638569998923,0.08144984691706827,0.10737113999662304,0.10914496379982705,0.11713192942908192,0.10125068129360812,0.10012382064125794,0.05397342573049235,0.04494879188271909,0.06218777161114887,0.0487084067806828,0.042852340727699625,0.048050639310202564,0.017219268272083216,0.04086948337168548,0.008036632003183034,0.0029170012327443037,0.0,0.0,0.0,0.0,0.0,0.0,0.0,0.0,0.0,0.0,0.0,0.0,0.0,0.0,0.0
CCCCCCCCCCS,CCCCCCCCCCS,298.15,0.0,aux_only_sigma_profile_stream,,,No,False,0.0,False,0.0,False,0.0,0.0,0.0,False,0.0,False,True,262.30601,0.0,0.0,0.0,0.0,0.0,0.0,0.0,0.0,0.0,0.0,0.0,0.0,0.0,0.0,0.0,0.0,0.002195958394759384,0.006316197870716611,0.00592314466254597,0.014765253170847896,0.01673762819554977,0.026440027021859658,0.07927855273721066,0.15683574765277244,0.18829612065306356,0.14596523685725463,0.11594504997141315,0.09485840258803867,0.05896838928107518,0.014869535057608095,0.014290514711523842,0.009999956260549996,0.010900739677684587,0.007763814631370437,0.013088482226401141,0.005717466937804822,0.00820528393463701,0.0026384975053127036,4.582656820788616e-18,0.0,0.0,0.0,0.0,0.0,0.0,0.0,0.0,0.0,0.0,0.0,0.0
CCCCCS,CCCCCS,298.15,0.0,aux_only_sigma_profile_stream,,,No,False,0.0,False,0.0,False,0.0,0.0,0.0,False,0.0,False,True,162.95761999999996,0.0,0.0,0.0,0.0,0.0,0.0,0.0,0.0,0.0,0.0,0.0,0.0,0.0,0.0,0.0,0.0,0.0033311887268203237,0.01043471913452105,0.009602767951226278,0.02345999751012086,0.027396973333087528,0.04382891076849743,0.11817058723869683,0.14452296965711703,0.14708153157250706,0.10309986939615591,0.08961422839435372,0.10228203359319558,0.037543390776596096,0.023763194365406606,0.022006702381743924,0.01516514887768452,0.01854240184931328,0.012525621040323922,0.020965703393219542,0.009012290389304727,0.013782363909218328,0.0038674057408896595,6.543632769384514e-18,0.0,0.0,0.0,0.0,0.0,0.0,0.0,0.0,0.0,0.0,0.0,0.0
CSSC,CSSC,298.15,0.0,aux_only_sigma_profile_stream,,,No,False,0.0,False,0.0,False,0.0,0.0,0.0,False,0.0,False,True,127.81813000000012,0.0,0.0,0.0,0.0,0.0,0.0,0.0,0.0,0.0,0.0,0.0,0.0,0.0,0.0,0.0,0.0,0.0011621636648888375,0.024283386621880926,0.030631937169277132,0.08208885087644602,0.0812514210224386,0.07523168668722709,0.06448194588416985,0.12257585951811516,0.06566308215930762,0.05490370189959471,0.03711814102592046,0.05315899489368044,0.032130430701062564,0.049147738005139205,0.05595119073693968,0.02464407368760752,0.011784411745964587,0.04841047728948103,0.05720597006687285,0.02293986493879431,0.0052346714051913846,1.859859011027684e-17,0.0,0.0,0.0,0.0,0.0,0.0,0.0,0.0,0.0,0.0,0.0,0.0,0.0
CCCSSCCC,CCCSSCCC,298.15,0.0,aux_only_sigma_profile_stream,,,No,False,0.0,False,0.0,False,0.0,0.0,0.0,False,0.0,False,True,206.2473099999998,0.0,0.0,0.0,0.0,0.0,0.0,0.0,0.0,0.0,0.0,0.0,0.0,0.0,0.0,0.0,0.0,0.0,0.0,0.0,0.005146154618063048,0.03479915814874219,0.1035677573777259,0.12612822409313182,0.15516312743218383,0.09988558072180781,0.10341109293144245,0.0839133371387647,0.06295803366804402,0.05169855891900171,0.047571648820052145,0.028058397133364936,0.037536081291887576,0.018295988871069317,0.03130122005499115,0.00771969364163194,0.0028459451380955397,0.0,0.0,0.0,0.0,0.0,0.0,0.0,0.0,0.0,0.0,0.0,0.0,0.0,0.0,0.0
CCCCCCCCCCCCS,CCCCCCCCCCCCS,298.15,0.0,aux_only_sigma_profile_stream,,,No,False,0.0,False,0.0,False,0.0,0.0,0.0,False,0.0,False,True,302.22383,0.0,0.0,0.0,0.0,0.0,0.0,0.0,0.0,0.0,0.0,0.0,0.0,0.0,0.0,0.0,0.0,0.0019190301144265459,0.005486280032617117,0.005135626835860593,0.012692945625314655,0.014541114569382303,0.023190574693630707,0.07135503239927973,0.15689617292955227,0.19886981455139027,0.15376364066852108,0.12422765928022748,0.09210341056179586,0.06383775565847306,0.013020207822554627,0.012477209665505595,0.008480221458120095,0.00957185167437743,0.006720822022957951,0.011374019688765342,0.004935543432872917,0.007079149015946873,0.0023219172984274166,3.965713143551826e-18,0.0,0.0,0.0,0.0,0.0,0.0,0.0,0.0,0.0,0.0,0.0,0.0
CCCCCCCS,CCCCCCCS,298.15,0.0,aux_only_sigma_profile_stream,,,No,False,0.0,False,0.0,False,0.0,0.0,0.0,False,0.0,False,True,202.81988000000004,0.0,0.0,0.0,0.0,0.0,0.0,0.0,0.0,0.0,0.0,0.0,0.0,0.0,0.0,0.0,0.0,0.003418444537108975,0.007185631736898078,0.008658161670363032,0.020393273490857945,0.020364762886309364,0.030947132651454823,0.10034651406852228,0.15468891949720162,0.16455536697856293,0.12818424208414134,0.10023647571237047,0.099191774700483,0.049846068390678455,0.01988423149079227,0.01536100536728456,0.00978691174026264,0.018808024226856308,0.010979904594622773,0.0146343087646635,0.00813578263077762,0.012862520082723455,0.0015305426970645573,2.691736441640771e-18,0.0,0.0,0.0,0.0,0.0,0.0,0.0,0.0,0.0,0.0,0.0,0.0
CCCCS,CCCCS,298.15,0.0,aux_only_sigma_profile_stream,,,No,False,0.0,False,0.0,False,0.0,0.0,0.0,False,0.0,False,True,142.99662000000006,0.0,0.0,0.0,0.0,0.0,0.0,0.0,0.0,0.0,0.0,0.0,0.0,0.0,0.0,0.0,0.0,0.004040117408958686,0.011612226396285166,0.010866371305594771,0.027206923371828708,0.031183236267467426,0.055336741063485115,0.1308813588217798,0.1315528864178852,0.12888660058443474,0.09283254564941251,0.08627913227984056,0.09954664719518957,0.030937815216830353,0.026026403933730447,0.026110257483182457,0.018577417874842697,0.01962236340313952,0.014387749059845604,0.023852425636102015,0.010437390672338832,0.015024750843400454,0.0047986391144253055,8.554275177746972e-18,0.0,0.0,0.0,0.0,0.0,0.0,0.0,0.0,0.0,0.0,0.0,0.0
C1=CC=C(C=C1)S,C1=CC=C(C=C1)S,298.15,0.0,aux_only_sigma_profile_stream,,,No,False,0.0,False,0.0,False,0.0,0.0,0.0,False,0.0,False,True,145.96266999999995,0.0,0.0,0.0,0.0,0.0,0.0,0.0,0.0,0.0,0.0,0.0,0.0,0.0,0.0,0.00026766800898047987,0.006503388111350634,0.01317762791776432,0.007329113755361014,0.04614967097459873,0.07380415957000926,0.08736004624587784,0.05287913821906445,0.045424025938521906,0.059584036323852334,0.04359959019328252,0.06858300698470371,0.07146496551153526,0.0723694464592358,0.06697122853604968,0.09543668613936636,0.07923585559018417,0.0692081743933521,0.010721209411992469,0.007546346280359426,0.019444372188674685,0.0029402432458828305,0.0,0.0,0.0,0.0,0.0,0.0,0.0,0.0,0.0,0.0,0.0,0.0,0.0,0.0,0.0
CCCS(=O)(=O)CCC,CCCS(=O)(=O)CCC,298.15,0.0,aux_only_sigma_profile_stream,,,No,False,0.0,False,0.0,False,0.0,0.0,0.0,False,0.0,False,True,194.84951,0.0,0.0,0.0,0.0,0.0,0.0,0.0,0.0,0.0,0.0,0.0,0.0,0.0,0.0,0.0,0.0,0.003729917884276728,0.038056187885928384,0.035302043874041615,0.03209801403520774,0.03889571987526841,0.1226366480813778,0.12069252932987926,0.10781995350995288,0.08304571368914913,0.09748650209860216,0.08362315476399147,0.024820872325768226,0.0021357862699315387,0.00286544811457257,0.0070078004161931405,0.017467022623646015,0.00673994661938919,0.027638876379854283,0.021607182380550562,0.04844313249923314,0.053134656577922525,0.022556056932074357,0.0021968338331888743,3.7855916769956185e-18,0.0,0.0,0.0,0.0,0.0,0.0,0.0,0.0,0.0,0.0,0.0
CCCCS(=O)(=O)CCCC,CCCCS(=O)(=O)CCCC,298.15,0.0,aux_only_sigma_profile_stream,,,No,False,0.0,False,0.0,False,0.0,0.0,0.0,False,0.0,False,True,234.90707,0.0,0.0,0.0,0.0,0.0,0.0,0.0,0.0,0.0,0.0,0.0,0.0,0.0,0.0,0.0,0.0,0.0036156293461796617,0.03126105936334445,0.02805841989927268,0.026830885088206587,0.027614206328165605,0.07370947915711817,0.15502480761153595,0.1288621281124889,0.09193448150275087,0.10768849547771807,0.08004480024978007,0.0637036574298151,0.007433919208807808,0.0024015014211784943,0.00533249066776283,0.01511620070123177,0.0046642173332462926,0.022535983475471474,0.01919399206289645,0.03917266999925389,0.04468919340720857,0.019183845124136623,0.0019279370324297403,3.386459268676827e-18,0.0,0.0,0.0,0.0,0.0,0.0,0.0,0.0,0.0,0.0,0.0
C(=O)(F)F,C(=O)(F)F,298.15,0.0,aux_only_sigma_profile_stream,,,No,False,0.0,False,0.0,False,0.0,0.0,0.0,False,0.0,False,True,77.39889000000012,0.0,0.0,0.0,0.0,0.0,0.0,0.0,0.0,0.0,0.0,0.0,0.0,0.0,0.0,0.0008537433837082107,0.014913914067059445,0.023802865599185558,0.024326453050885447,0.019568132677440047,0.02506930257047959,0.029011821202954025,0.027285289653635816,0.03778182518641786,0.04357450376886899,0.09674917265268365,0.21707691376152777,0.17836487718195673,0.03878267883684023,0.026250156017976443,0.03788830238401346,0.057283599542883916,0.07502140943572473,0.026395039025758082,0.0,0.0,0.0,0.0,0.0,0.0,0.0,0.0,0.0,0.0,0.0,0.0,0.0,0.0,0.0,0.0,0.0,0.0
CC(=O)Cl,CC(=O)Cl,298.15,0.0,aux_only_sigma_profile_stream,,,No,False,0.0,False,0.0,False,0.0,0.0,0.0,False,0.0,False,True,102.30528999999994,0.0,0.0,0.0,0.0,0.0,0.0,0.0,0.0,0.0,0.0,0.0,0.0,0.0,0.0,0.0,0.0,0.02168818033539381,0.048637411056862485,0.06172152976790979,0.06316936344241049,0.05020454134702861,0.0745761215048931,0.06868910025317755,0.03999390147343898,0.03173521040454176,0.039939128243846066,0.05300325188177379,0.04247094881363088,0.06676464118382602,0.12109350856595594,0.044295670839691756,0.05750697435372201,0.0536410998578368,0.044334450042351016,0.015744942053869265,0.0007900245778398697,0.0,0.0,0.0,0.0,0.0,0.0,0.0,0.0,0.0,0.0,0.0,0.0,0.0,0.0,0.0
C(C(=O)O)Cl,C(C(=O)O)Cl,298.15,0.0,aux_only_sigma_profile_stream,,,No,False,0.0,False,0.0,False,0.0,0.0,0.0,False,0.0,False,True,111.90501000000002,0.0,0.0,0.0,0.0,0.0,0.0,0.00632898040073393,0.009982889818481392,0.0027588706178130005,0.011620995890157373,0.014561236009991143,0.004486875197198792,0.0011146418660217677,0.002818973002112166,0.01948272779696259,0.052378633957753835,0.03797553243361275,0.022100881081316106,0.04379760510516936,0.03198443848285193,0.01696223501958759,0.02550112351849653,0.038099948150664927,0.05195797056172899,0.030023076928694162,0.02838104277960191,0.05557434690607684,0.041931325131642626,0.03810649449402819,0.09690126780686673,0.05710794806097263,0.05882567138403883,0.06064606192800634,0.01848582780827766,0.037119589453602116,0.04814296552510388,0.02588502491356279,0.008954797968871067,1.5971531862403443e-17,0.0,0.0,0.0,0.0,0.0,0.0,0.0,0.0,0.0,0.0,0.0,0.0
C(C(=O)Cl)Cl,C(C(=O)Cl)Cl,298.15,0.0,aux_only_sigma_profile_stream,,,No,False,0.0,False,0.0,False,0.0,0.0,0.0,False,0.0,False,True,121.81275000000004,0.0,0.0,0.0,0.0,0.0,0.0,0.0,0.0,0.0,0.0,0.0,0.0,0.0,0.021674679231556127,0.036989536722528506,0.028249115136209473,0.027052045656697995,0.031984855601998055,0.01887260193010501,0.011455505597395341,0.023255169829589174,0.01992461945793153,0.053304972716117546,0.04643885308984591,0.04949256840570736,0.07447194024179421,0.05005491813072538,0.08678548157890857,0.1323222420157052,0.08704322662920175,0.0847371916895653,0.05079727820701845,0.04739919977469048,0.017428651807086446,0.00026534654962222503,0.0,0.0,0.0,0.0,0.0,0.0,0.0,0.0,0.0,0.0,0.0,0.0,0.0,0.0,0.0,0.0
C(C(=O)Cl)(Cl)Cl,C(C(=O)Cl)(Cl)Cl,298.15,0.0,aux_only_sigma_profile_stream,,,No,False,0.0,False,0.0,False,0.0,0.0,0.0,False,0.0,False,True,139.89793999999998,0.0,0.0,0.0,0.0,0.0,0.0,0.0,0.0,0.0,0.0,0.0,0.0010733122756908767,0.015690439986612504,0.008031241620363746,0.010335028249791668,0.014249295889165339,0.005310683364282284,0.0076727408833572545,0.006404369550567979,0.013834788250747226,0.04172453686411051,0.05259115693895051,0.023668686174992674,0.09986261443774082,0.05463472973168884,0.05432697048249332,0.17007898585603262,0.17057936952969785,0.12474375442203511,0.02520452723067202,0.040170239958015316,0.04028866282385917,0.01898320572234316,0.0005406597567892701,0.0,0.0,0.0,0.0,0.0,0.0,0.0,0.0,0.0,0.0,0.0,0.0,0.0,0.0,0.0,0.0,0.0
C(=O)(C(Cl)(Cl)Cl)Cl,C(=O)(C(Cl)(Cl)Cl)Cl,298.15,0.0,aux_only_sigma_profile_stream,,,No,False,0.0,False,0.0,False,0.0,0.0,0.0,False,0.0,False,True,153.27382000000003,0.0,0.0,0.0,0.0,0.0,0.0,0.0,0.0,0.0,0.0,0.0,0.0,0.0,0.0,0.0,0.0,0.0,0.0023727765189428037,0.008261193932919464,0.0577338370691568,0.03723235887352295,0.026301464927918867,0.10017762176157023,0.06507033243343538,0.032295034746523336,0.15641849358892013,0.1848935052833941,0.18984888479231601,0.04915585133480902,0.0240764619229186,0.026129003617109882,0.03386250074393989,0.006170678452602564,0.0,0.0,0.0,0.0,0.0,0.0,0.0,0.0,0.0,0.0,0.0,0.0,0.0,0.0,0.0,0.0,0.0,0.0
C1=CC=C(C=C1)C(=O)Cl,C1=CC=C(C=C1)C(=O)Cl,298.15,0.0,aux_only_sigma_profile_stream,,,No,False,0.0,False,0.0,False,0.0,0.0,0.0,False,0.0,False,True,162.33163999999994,0.0,0.0,0.0,0.0,0.0,0.0,0.0,0.0,0.0,0.0,0.0,0.0,0.0,0.0,0.0,0.0,0.0,0.023901979721211167,0.06737813555226636,0.06440048923953769,0.04479654642825744,0.04040478121473215,0.05552968772378893,0.05750702850562652,0.05466860351752354,0.10328079347843777,0.07958028910368001,0.09252076419535779,0.11753444761092051,0.07467912868688202,0.0279593130897183,0.021374449226707077,0.030662921228500135,0.02733007409856398,0.013864979463966982,0.002625587914321721,0.0,0.0,0.0,0.0,0.0,0.0,0.0,0.0,0.0,0.0,0.0,0.0,0.0,0.0,0.0
C1=CC(=CC=C1C(F)(F)F)Cl,C1=CC(=CC=C1C(F)(F)F)Cl,298.15,0.0,aux_only_sigma_profile_stream,,,No,False,0.0,False,0.0,False,0.0,0.0,0.0,False,0.0,False,True,178.92529000000016,0.0,0.0,0.0,0.0,0.0,0.0,0.0,0.0,0.0,0.0,0.0,0.0,0.0,0.0,0.0,0.0,0.018164677804445736,0.05080208881765234,0.03279327276907851,0.03414170623942308,0.027900132914914853,0.028883966267049647,0.03307987801761067,0.017966516860371557,0.05931705004347451,0.08424313987559494,0.1206121824764156,0.2031853095426626,0.22356990256208087,0.06510661364867644,0.00023356216054864275,0.0,0.0,0.0,0.0,0.0,0.0,0.0,0.0,0.0,0.0,0.0,0.0,0.0,0.0,0.0,0.0,0.0,0.0,0.0,0.0
C1=CC(=C(C=C1Cl)Cl)C(F)(F)F,C1=CC(=C(C=C1Cl)Cl)C(F)(F)F,298.15,0.0,aux_only_sigma_profile_stream,,,No,False,0.0,False,0.0,False,0.0,0.0,0.0,False,0.0,False,True,191.71974999999983,0.0,0.0,0.0,0.0,0.0,0.0,0.0,0.0,0.0,0.0,0.0,0.0,0.0,0.0,7.962302600180477e-05,0.0052370872787416475,0.0281620983013721,0.023469029147253857,0.023690769602816318,0.021387120101811485,0.02104084687697002,0.0362632364848325,0.02000044337742509,0.03682023849194759,0.09137435362427351,0.13280610025874182,0.12762321528715126,0.18208774294258742,0.21580038892723327,0.034157706270840305,3.1317824579694484e-17,0.0,0.0,0.0,0.0,0.0,0.0,0.0,0.0,0.0,0.0,0.0,0.0,0.0,0.0,0.0,0.0,0.0,0.0,0.0,0.0
C1=CC=C(C(=C1)N)Cl,C1=CC=C(C(=C1)N)Cl,298.15,0.0,aux_only_sigma_profile_stream,,,No,False,0.0,False,0.0,False,0.0,0.0,0.0,False,0.0,False,True,152.23044,0.0,0.0,0.0,0.0,0.0,0.0,0.0,0.0,0.0,0.0,0.0028850680395179256,0.009785058946625642,0.010345959479444188,0.013042904453831574,0.012295937732532864,0.01679848948869174,0.013043552293868296,0.013174398397621592,0.032207524529933834,0.052581379012115716,0.04822696021557489,0.050760521980121064,0.04500950267723559,0.05195501085075218,0.03084021646506941,0.05317721870432628,0.0502840980177793,0.054647164705120634,0.09680899121085311,0.12961492180504636,0.08768543556758758,0.06453059795660973,0.046401181202563827,0.012054551945093965,0.0018433543220825876,0.0,0.0,0.0,0.0,0.0,0.0,0.0,0.0,0.0,0.0,0.0,0.0,0.0,0.0,0.0,0.0
C1=CC=C(C=C1)F,C1=CC=C(C=C1)F,298.15,0.0,aux_only_sigma_profile_stream,,,No,False,0.0,False,0.0,False,0.0,0.0,0.0,False,0.0,False,True,129.11140999999986,0.0,0.0,0.0,0.0,0.0,0.0,0.0,0.0,0.0,0.0,0.0,0.0,0.0,0.0,0.0,0.0,0.0005689939977282455,0.01786116006681464,0.06382541448773302,0.08165104802992557,0.06994674418735974,0.06024951969868572,0.041677688646780064,0.046237261355552735,0.03316032730587509,0.04612083462943598,0.06718174534259395,0.08930190395523922,0.08653262079002709,0.11358036417561714,0.1398330724292463,0.04216685936760365,0.00010444153378189436,0.0,0.0,0.0,0.0,0.0,0.0,0.0,0.0,0.0,0.0,0.0,0.0,0.0,0.0,0.0,0.0,0.0,0.0
COCCl,COCCl,298.15,0.0,aux_only_sigma_profile_stream,,,No,False,0.0,False,0.0,False,0.0,0.0,0.0,False,0.0,False,True,110.24200999999998,0.0,0.0,0.0,0.0,0.0,0.0,0.0,0.0,0.0,0.0,0.0,0.0,0.0,0.0,0.0,0.0,0.0,0.02333596433386547,0.06553322727106112,0.07579880251757831,0.10698370022171225,0.07574648592276775,0.0619374791351174,0.08597374116718019,0.03658484362404859,0.03042943466886073,0.05792440755405903,0.0331327334618059,0.014852083321872765,0.07228692065735035,0.06885697459856258,0.069036792000837,0.03342837418174153,0.02182285537760769,0.010369422778498871,0.02016815022160827,0.022827847553724,0.012969759430140237,2.3214292956689663e-17,0.0,0.0,0.0,0.0,0.0,0.0,0.0,0.0,0.0,0.0,0.0,0.0
C1(=C(C(=C(C(=C1F)F)F)F)F)F,C1(=C(C(=C(C(=C1F)F)F)F)F)F,298.15,0.0,aux_only_sigma_profile_stream,,,No,False,0.0,False,0.0,False,0.0,0.0,0.0,False,0.0,False,True,163.3387,0.0,0.0,0.0,0.0,0.0,0.0,0.0,0.0,0.0,0.0,0.0,0.0,0.0,0.0,0.0,0.0,0.0,0.0,0.0,0.0,0.059452548788804065,0.15761774557985037,0.04940040426373259,0.02873481669385082,0.03678574703771373,0.05637834417130687,0.15246240193566435,0.33670433393137994,0.12246365759769731,0.0,0.0,0.0,0.0,0.0,0.0,0.0,0.0,0.0,0.0,0.0,0.0,0.0,0.0,0.0,0.0,0.0,0.0,0.0,0.0,0.0,0.0
C(C(CCl)Cl)O,C(C(CCl)Cl)O,298.15,0.0,aux_only_sigma_profile_stream,,,No,False,0.0,False,0.0,False,0.0,0.0,0.0,False,0.0,False,True,142.80852999999988,0.0,0.0,0.0,0.0,0.0,0.0,0.0,0.0,0.0,0.0,0.0,0.0018290147004966912,0.004608197402503792,0.002485044732263992,0.006667758972560062,0.010031252064484106,0.0410586608475221,0.07080665910925495,0.05153033640324416,0.06777264571752037,0.0463718575921597,0.034336666389789286,0.030992671325960248,0.035010856367751246,0.05147529948661495,0.0221079823600164,0.06541948749253486,0.07827337706524748,0.026610276733964024,0.06276242154685632,0.10894961090177252,0.07783592544239556,0.027966934405332326,0.012195003673078292,0.0061990959660519485,0.009202765389284533,0.011523614243700948,0.01686094892733872,0.015044061904452294,0.004071572835848098,0.0,0.0,0.0,0.0,0.0,0.0,0.0,0.0,0.0,0.0,0.0
C(CCl)OCCCl,C(CCl)OCCCl,298.15,0.0,aux_only_sigma_profile_stream,,,No,False,0.0,False,0.0,False,0.0,0.0,0.0,False,0.0,False,True,170.3868999999999,0.0,0.0,0.0,0.0,0.0,0.0,0.0,0.0,0.0,0.0,0.0,0.0,0.0,0.0,0.0,0.0,0.0005478716739862275,0.026392225237081093,0.052214392354362184,0.05795032281516399,0.10361278113748422,0.0730958197186304,0.07835288636852777,0.05988745249782645,0.05381295491217454,0.01964847362003547,0.047181232535285,0.06587435729599402,0.03479760955322741,0.0419353279796373,0.1252364996367209,0.09390675360827921,0.03647727218635437,0.01183594872351977,0.003166069736844671,0.010743640775432845,0.0033301076334321085,1.1754807583106546e-17,0.0,0.0,0.0,0.0,0.0,0.0,0.0,0.0,0.0,0.0,0.0,0.0,0.0
CSCCC=O,CSCCC=O,298.15,0.0,aux_only_sigma_profile_stream,,,No,False,0.0,False,0.0,False,0.0,0.0,0.0,False,0.0,False,True,147.7437099999999,0.0,0.0,0.0,0.0,0.0,0.0,0.0,0.0,0.0,0.0,0.0,0.0,0.0,0.0,0.0,0.0,0.0,0.0033749594734393588,0.05550008159367526,0.1352796286716078,0.10051758244460972,0.0981837682171438,0.06887936929729738,0.0623662549474089,0.06328844456480859,0.045237280433542276,0.023789819978574066,0.02402841894161019,0.03204653509357409,0.022771990874063893,0.0359438184499946,0.03775873740302503,0.02190451031539402,0.01980492292917764,0.04010694318038314,0.0518572840328709,0.03029101530905829,0.021237789269166158,0.005830844579574926,1.0364561709849081e-17,0.0,0.0,0.0,0.0,0.0,0.0,0.0,0.0,0.0,0.0,0.0
C(=O)(C(F)(F)F)O,C(=O)(C(F)(F)F)O,298.15,0.0,aux_only_sigma_profile_stream,,,No,False,0.0,False,0.0,False,0.0,0.0,0.0,False,0.0,False,True,113.88447999999994,0.0,0.0,0.0,0.0,0.0022296918206060313,0.013018373713792,0.004173555816725769,0.012402044433010519,0.016592723186385546,0.00311547911194407,0.0003948383820320462,0.004815377761641765,0.015245161491163313,0.0022592867837902685,0.003991222765657462,0.00589537623404305,0.001548002269283647,0.003091014989790674,0.008169353802464528,0.028722608905969817,0.036307882319649105,0.021598350008887,0.011765392078997784,0.029729599747981134,0.04127876433643499,0.07004448070985426,0.22372469791572486,0.20076899621148295,0.03404677790660116,0.04346018294073163,0.04261064220132341,0.015373933519531818,0.03025817553063044,0.05157597297502182,0.021294038128431034,0.0004980020004160762,0.0,0.0,0.0,0.0,0.0,0.0,0.0,0.0,0.0,0.0,0.0,0.0,0.0,0.0,0.0
C(CCCO)CCN,C(CCCO)CCN,298.15,0.0,aux_only_sigma_profile_stream,,,No,False,0.0,False,0.0,False,0.0,0.0,0.0,False,0.0,False,True,183.25207999999995,0.0,0.0,0.0,0.0,0.0,0.0,0.0,0.0,0.0,0.0008290865657422937,0.0026338554241148015,0.008472035467690944,0.0033813561960726922,0.0025947052625557216,0.004940073758846243,0.012816951253746685,0.022562951945758386,0.011612512456105712,0.01913414925014085,0.021076006052654143,0.02455191467022989,0.04552384598135024,0.10594067373075607,0.16297407476764525,0.1471235910111542,0.10796263186023812,0.06249134191071176,0.048969614966880806,0.014403469990387725,0.017230835503049192,0.014546137621367578,0.009159831949245653,0.008686919350279628,0.008339601164972536,0.008469256668084478,0.013274443675077576,0.01065527981985296,0.00992364979972708,0.013778124032581893,0.017165917171870135,0.01761320520248955,0.003890088723980111,0.002839233888098728,0.0026604694458581012,0.0032823826079903086,0.003987638821911188,0.0035309662830778268,0.0009711757477030822,0.0,0.0,0.0
C(CS)C(=O)O,C(CS)C(=O)O,298.15,0.0,aux_only_sigma_profile_stream,,,No,False,0.0,False,0.0,False,0.0,0.0,0.0,False,0.0,False,True,136.49763000000002,0.0,0.0,0.0,0.0,0.0,0.0032825552707884597,0.008291472708620417,0.005921653387766154,0.0028260259739256643,0.007239393942455785,0.012267110743054062,0.00632138046081944,0.0013723683652627234,0.0019592659907976934,0.01455727488410595,0.012933244658614075,0.030420162644015425,0.05284603755435856,0.05933355468433847,0.0684779882491214,0.04421824529382539,0.04276548890431892,0.0337718724519228,0.04199365905628368,0.04255775986096681,0.03381485450373797,0.03060201792929056,0.029082795075245554,0.03378541842412831,0.041128644020744974,0.04194382184506178,0.03750158575919017,0.030339062928763743,0.04941055252080589,0.04446561532598969,0.07078117037282457,0.03614527528522365,0.018795775996019552,0.008077316630881227,0.0007695782967304537,0.0,0.0,0.0,0.0,0.0,0.0,0.0,0.0,0.0,0.0,0.0
C1=CC=C(C(=C1)C(=O)O)Cl,C1=CC=C(C(=C1)C(=O)O)Cl,298.15,0.0,aux_only_sigma_profile_stream,,,No,False,0.0,False,0.0,False,0.0,0.0,0.0,False,0.0,False,True,168.64075999999994,0.0,0.0,0.0,0.0,0.0,0.0,0.00021294608663054954,0.00609794364396417,0.004047638065413808,0.0025400386910674096,0.008889663228410963,0.0063224532102074925,0.0036221861371182745,0.0011540243201027204,0.0021035719653047747,0.004544904244338537,0.006713302354258249,0.032503381917763904,0.05711143931588765,0.04471259358907765,0.03421556953961677,0.03231498604038811,0.04745755272388326,0.048963092014377325,0.055847520749863634,0.07645087891654191,0.08763276702848886,0.09467216673848189,0.11357222757769478,0.07551225503272996,0.028758488093233024,0.019945420273166824,0.02629069370769345,0.011721927098006736,0.006908526702941924,0.02246694792360355,0.03405394681777296,0.002638946251968837,4.581386167053411e-18,0.0,0.0,0.0,0.0,0.0,0.0,0.0,0.0,0.0,0.0,0.0,0.0
COC1=CC=C(C=C1)CC(=O)O,COC1=CC=C(C=C1)CC(=O)O,298.15,0.0,aux_only_sigma_profile_stream,,,No,False,0.0,False,0.0,False,0.0,0.0,0.0,False,0.0,False,True,201.8857300000002,0.0,0.0,0.0,0.0,0.0,0.0,0.0,0.0023266310024484538,0.006338608169865491,0.0004473558662841718,0.007053608347124318,0.006692179574935133,0.004285230151604445,0.0008618032742073491,0.00153438523389638,0.0025398600145659137,0.00582604793682064,0.004020127101787745,0.021350659128567612,0.0774555738031256,0.09527665676021321,0.08144901527718271,0.07426312277477702,0.06123177521171451,0.05680919180268407,0.04247453313893113,0.0317919554984681,0.04217366606196195,0.06403117135564207,0.08205198256757813,0.056761818880508755,0.035272874055194955,0.027641245988530218,0.029899403006781726,0.017694561961442232,0.03057779098383022,0.024243595003207618,0.005623570066118004,9.245449370030528e-18,0.0,0.0,0.0,0.0,0.0,0.0,0.0,0.0,0.0,0.0,0.0,0.0
CN(C)C=O,CN(C)C=O,298.15,0.0,aux_only_sigma_profile_stream,,,No,False,0.0,False,0.0,False,0.0,0.0,0.0,False,0.0,False,True,116.03589000000004,0.0,0.0,0.0,0.0,0.0,0.0,0.0,0.0,0.0,0.0,0.0,0.0,0.0,0.0,0.0,0.0,0.0,0.004363640962149476,0.040468196489638834,0.07286598745715879,0.12155003792301755,0.10958303443483645,0.0895640336943768,0.14778086117463646,0.0950040182044865,0.03286162953461897,0.03515588024205406,0.023316581032062998,0.02499253529248596,0.019390945153302818,0.0007266524974029144,0.0022399623015166075,0.010002735662130823,0.007410255995001802,0.010116725725032484,0.014517804767187803,0.016784650828043014,0.014065562842549322,0.0466843981976174,0.0429350780367138,0.014048107810810685,0.0035706837411677095,0.0,0.0,0.0,0.0,0.0,0.0,0.0,0.0,0.0
CC(=C)C(=O)N,CC(=C)C(=O)N,298.15,0.0,aux_only_sigma_profile_stream,,,No,False,0.0,False,0.0,False,0.0,0.0,0.0,False,0.0,False,True,128.25286999999994,0.0,0.0,0.0,0.0,0.0,0.0,0.0,0.0,0.0,0.0,0.003092517064769533,0.01805435059595491,0.012835628457279995,0.01975853062937953,0.024441369187897088,0.013517899850902855,0.013478525373348376,0.012933373568621512,0.020322912919960554,0.039052682809417226,0.06402782595864633,0.05971884649524048,0.06490780096248569,0.0628472415971168,0.06624639435195542,0.06778275630969664,0.0772439566858713,0.06798589955356252,0.03982255267485322,0.03357429274913218,0.02879060620529702,0.015930986596204677,0.019695050853345667,0.01436101723861416,0.013647251736571359,0.015356492556510675,0.018571608591508734,0.022409493420781534,0.04484768308703733,0.022081161578301492,0.002663290339735299,0.0,0.0,0.0,0.0,0.0,0.0,0.0,0.0,0.0,0.0
C=CC(=O)N,C=CC(=O)N,298.15,0.0,aux_only_sigma_profile_stream,,,No,False,0.0,False,0.0,False,0.0,0.0,0.0,False,0.0,False,True,111.40828,0.0,0.0,0.0,0.0,0.0,0.0,0.0,0.0,0.0,0.002058348916016413,0.018931082409445753,0.0233274235872208,0.020688908236540234,0.021557172296134724,0.023206114524479775,0.022153283037668656,0.016911581697220443,0.025583221034116768,0.034022111135470004,0.050352876941475985,0.04907721062709594,0.0436006724266498,0.03243771022669043,0.04398521610483871,0.048785010461439765,0.04045610267329592,0.05798669507306567,0.05489340923301689,0.0572777319666304,0.04421801479163443,0.06655167343238114,0.013711695738127186,0.011692482109731702,0.014178611306076892,0.009403972773926409,0.010057704378771066,0.02545446255017047,0.013822925846442787,0.04094864274594183,0.048658951113701325,0.014008980604581726,0.0,0.0,0.0,0.0,0.0,0.0,0.0,0.0,0.0,0.0
C1CCC(=O)NCC1,C1CCC(=O)NCC1,298.15,0.0,aux_only_sigma_profile_stream,,,No,False,0.0,False,0.0,False,0.0,0.0,0.0,False,0.0,False,True,150.0919399999999,0.0,0.0,0.0,0.0,0.0,0.0,0.0,0.0,0.0,0.0,0.0,0.0027524419509887504,0.008577279698428171,0.0019868351072762948,0.012053053504753143,0.004409063337948929,0.007160870933378839,0.007990074026897718,0.01005235884557026,0.025574998925388615,0.049611004200054876,0.10101702579573567,0.14204344599219326,0.15158401865444812,0.1105803373665182,0.08663202795409872,0.06205123406834241,0.02649461815331477,0.014250988662415726,0.017250094296684962,0.005898361713666716,0.0056276542649040485,0.003512885799925974,0.008432187690575662,0.010094220010350262,0.009687242380886604,0.004057639420777808,0.015555756394804183,0.015387087187621409,0.038069648191795556,0.025700667405482814,0.015904878064771578,0.0,0.0,0.0,0.0,0.0,0.0,0.0,0.0,0.0
CC(C)(C#N)O,CC(C)(C#N)O,298.15,0.0,aux_only_sigma_profile_stream,,,No,False,0.0,False,0.0,False,0.0,0.0,0.0,False,0.0,False,True,129.2136,0.0,0.0,0.0,0.0,0.0,0.0,0.0,0.003349985463775009,0.006613886076912276,0.007422873182786836,0.005624377944727989,0.0032881768433010265,0.013491839411440653,0.004201676074858282,0.0048241482678328595,0.003917221674392914,0.007033597021923591,0.007430965062407813,0.035806591542504505,0.08152990593923395,0.09112851343570029,0.07045261386659454,0.05410148562117177,0.06872925808248934,0.11156552742385556,0.04562599378356652,0.023212252810015675,0.017676463919709774,0.024212412620048356,0.027694102505703814,0.014106948781358014,0.022163214812687983,0.033165876537779464,0.04991735065200831,0.05134606831674097,0.03958186646598208,0.04325810196033005,0.027393376092383754,0.0001333278057761807,2.387430367185325e-19,0.0,0.0,0.0,0.0,0.0,0.0,0.0,0.0,0.0,0.0,0.0
C1=CC=C(C=C1)P(C2=CC=CC=C2)C3=CC=CC=C3,C1=CC=C(C=C1)P(C2=CC=CC=C2)C3=CC=CC=C3,298.15,0.0,aux_only_sigma_profile_stream,,,No,False,0.0,False,0.0,False,0.0,0.0,0.0,False,0.0,False,True,294.88056000000006,0.0,0.0,0.0,0.0,0.0,0.0,0.0,0.0,0.0,0.0,0.0,0.0,0.0,0.0,0.0,0.0,0.0,0.0,0.010645561703699388,0.07915171838228026,0.08946093824992904,0.08902461499045917,0.0753605680801247,0.0661110083587765,0.049149208402981856,0.05639173871487492,0.057172881166685924,0.09283782884542402,0.06691509410295442,0.12302474441464738,0.09215254393277027,0.03628450541989576,0.0034591170423565725,0.0025196262199065674,0.0052005311906773025,0.0030506101660713204,0.0012627708725343116,0.000824389742950296,1.4434957097848433e-18,0.0,0.0,0.0,0.0,0.0,0.0,0.0,0.0,0.0,0.0,0.0,0.0
C1=CC=C(C=C1)[N+](=O)[O-],C1=CC=C(C=C1)[N+](=O)[O-],298.15,0.0,aux_only_sigma_profile_stream,,,No,False,0.0,False,0.0,False,0.0,0.0,0.0,False,0.0,False,True,149.65051999999997,0.0,0.0,0.0,0.0,0.0,0.0,0.0,0.0,0.0,0.0,0.0,0.0,0.0,0.0,0.0,0.0,0.0007642001769754093,0.04619524497426024,0.0738341153263898,0.07134264551913086,0.053835981153398535,0.04999086930514783,0.05528802161924764,0.050989642645426436,0.05085210494301773,0.09771058970859509,0.0381953320982208,0.0945863132335504,0.07751465863490219,0.03626882418492994,0.023561147025568052,0.06353980319986247,0.03649014038235364,0.026357367796511436,0.015846891737037,0.017037146140252174,0.017225010484666493,0.0025739497105556884,4.471839072998777e-18,0.0,0.0,0.0,0.0,0.0,0.0,0.0,0.0,0.0,0.0,0.0,0.0
C(C(=O)O)O,C(C(=O)O)O,298.15,0.0,aux_only_sigma_profile_stream,,,No,False,0.0,False,0.0,False,0.0,0.0,0.0,False,0.0,False,True,101.19717,0.0,0.0,0.0,0.0,0.0,0.0004072367579826946,0.011069994812722295,0.006837518867817227,0.006415302049362922,0.013702141576013736,0.014711288110553188,0.0032739142075870788,0.0008323520522151173,0.006259586086859257,0.021841676745712624,0.01116708748900193,0.009028177118043459,0.054803439650461076,0.05436561315904546,0.044363466503595704,0.05988756892352938,0.05027363540226234,0.04394326119821454,0.04411967424436018,0.03273432036086453,0.020448263037478914,0.0355471975602458,0.04877293113121276,0.05407429189457284,0.02496094616322739,0.014527456426209359,0.039616359903024166,0.06422146399519503,0.034545000645937435,0.04854592149008999,0.04179959867774848,0.03536730840977929,0.019334452965718466,0.020787192302549464,0.00741436008080591,0.0,0.0,0.0,0.0,0.0,0.0,0.0,0.0,0.0,0.0,0.0
CC(CC=O)O,CC(CC=O)O,298.15,0.0,aux_only_sigma_profile_stream,,,No,False,0.0,False,0.0,False,0.0,0.0,0.0,False,0.0,False,True,130.83936000000003,0.0,0.0,0.0,0.0,0.0,0.0,0.0,0.0,0.0,0.0028270924837353983,0.0069855197319157614,0.007344630295099593,0.005937618406523703,0.003596211702750326,0.009929401557026022,0.007152827386106531,0.007599028964219374,0.024271596584794206,0.05941461727091074,0.08248626724556966,0.0822433107262822,0.07430152628973725,0.07993652520469145,0.06505514526452916,0.04610212695369543,0.0732223680091551,0.04749272621664092,0.01916492314093457,0.014917315669975149,0.011876939621956266,0.018827949656730885,0.008629002669284073,0.019073084118214116,0.02421650460928821,0.038826414447123626,0.04680482204722253,0.03308951051796355,0.03601795402805897,0.02193227305716829,0.01693405478806034,0.0037907113346366253,0.0,0.0,0.0,0.0,0.0,0.0,0.0,0.0,0.0,0.0
C1=COC(=C1)C=O,C1=COC(=C1)C=O,298.15,0.0,aux_only_sigma_profile_stream,,,No,False,0.0,False,0.0,False,0.0,0.0,0.0,False,0.0,False,True,127.58212,0.0,0.0,0.0,0.0,0.0,0.0,0.0,0.0,0.0,0.0,0.0,0.0,0.0,0.0,0.0075957042053683005,0.026800492841226074,0.039165661227542,0.05161988540369403,0.0625299731820295,0.057629673729793406,0.045694261667344686,0.03691014581849659,0.053805086424644454,0.05264774180424851,0.04859008960774911,0.06312632519384918,0.08616839772298501,0.06556621878042307,0.05024735485721878,0.0352639917487604,0.017442616047889405,0.01680480013635069,0.016550627274613323,0.023015162323666436,0.02022602538020014,0.025445628878444516,0.04323891870860231,0.03089906846308617,0.01914555671229615,0.0038705918594777655,0.0,0.0,0.0,0.0,0.0,0.0,0.0,0.0,0.0,0.0,0.0
CC(C)(C(=O)O)O,CC(C)(C(=O)O)O,298.15,0.0,aux_only_sigma_profile_stream,,,No,False,0.0,False,0.0,False,0.0,0.0,0.0,False,0.0,False,True,134.77247,0.0,0.0,0.0,0.0,0.0,0.0,0.0073231655904248665,0.005929689388043646,0.004177584771883078,0.010561752692344216,0.011221479135615898,0.002447901409002691,0.0005394875436007399,0.0030286647539412757,0.0106981832227457,0.010050282971210073,0.00823228675625059,0.006715882146967389,0.0070105798314443225,0.013740746693952184,0.07361874610142168,0.08441354322968779,0.09427217392092092,0.07749072539691601,0.06719306647545172,0.10576752874254586,0.06067993014285278,0.03778158300901875,0.03749308175333278,0.020535500880705534,0.026517612524147693,0.034003504910030215,0.029127965527328912,0.030665979185884994,0.0362694056809896,0.024201360516280943,0.015241801851436127,0.014878937719857847,0.012031644054176277,0.015373445904608702,0.0007647755649780775,0.0,0.0,0.0,0.0,0.0,0.0,0.0,0.0,0.0,0.0
COC1=CC=CC=C1[N+](=O)[O-],COC1=CC=CC=C1[N+](=O)[O-],298.15,0.0,aux_only_sigma_profile_stream,,,No,False,0.0,False,0.0,False,0.0,0.0,0.0,False,0.0,False,True,176.85969,0.0,0.0,0.0,0.0,0.0,0.0,0.0,0.0,0.0,0.0,0.0,0.0,0.0,0.0,0.0,5.5900680600587956e-05,0.004776811411305973,0.032636468216180464,0.0871485039065561,0.08102034639305374,0.0600142413120118,0.06254542843999161,0.06073805363300931,0.06013155410015815,0.05249002209738324,0.06110635927789424,0.06078385098476595,0.05140104833932401,0.06273123487688405,0.04719183117770137,0.01413791785828933,0.02454069744339001,0.04451943820805906,0.045228402329878445,0.04009076253379201,0.017292654991507443,0.01441213965570837,0.012698994958361742,0.002307337174193024,3.849046519552354e-18,0.0,0.0,0.0,0.0,0.0,0.0,0.0,0.0,0.0,0.0,0.0
C(=O)=S,C(=O)=S,298.15,0.0,aux_only_sigma_profile_stream,,,No,False,0.0,False,0.0,False,0.0,0.0,0.0,False,0.0,False,True,82.97235999999991,0.0,0.0,0.0,0.0,0.0,0.0,0.0,0.0,0.0,0.0,0.0,0.0,0.0,0.0,0.0,0.0,0.0,0.0,0.0050232754275099135,0.02871544110780786,0.013282122693553264,0.03210970294627287,0.16117177534659388,0.08834858017391162,0.09692201549081379,0.10760020336355022,0.09879165274003703,0.203286709719338,0.023665608292920103,0.12074733301677945,0.020335579680912035,0.0,0.0,0.0,0.0,0.0,0.0,0.0,0.0,0.0,0.0,0.0,0.0,0.0,0.0,0.0,0.0,0.0,0.0,0.0,0.0
C(=O)(Cl)Cl,C(=O)(Cl)Cl,298.15,0.0,aux_only_sigma_profile_stream,,,No,False,0.0,False,0.0,False,0.0,0.0,0.0,False,0.0,False,True,102.94527,0.0,0.0,0.0,0.0,0.0,0.0,0.0,0.0,0.0,0.0,0.0,0.0,0.0,0.0,0.0,0.0,0.0,0.0,0.014396098999421538,0.06114618486109173,0.03552596422734206,0.04844914423133992,0.09136752296899353,0.04263859586766515,0.09776158115815717,0.14560959894325112,0.1613159449523548,0.12113370962676184,0.02642841345850713,0.03384649215651996,0.05484210381098577,0.054670804293620104,0.01086784044398815,0.0,0.0,0.0,0.0,0.0,0.0,0.0,0.0,0.0,0.0,0.0,0.0,0.0,0.0,0.0,0.0,0.0,0.0
C=CC(=O)OCCOC(=O)C=C,C=CC(=O)OCCOC(=O)C=C,298.15,0.0,aux_only_sigma_profile_stream,,,No,False,0.0,False,0.0,False,0.0,0.0,0.0,False,0.0,False,True,219.0054099999998,0.0,0.0,0.0,0.0,0.0,0.0,0.0,0.0,0.0,0.0,0.0,0.0,0.0,0.0,0.0,0.0,0.0005978672415535585,0.023722847221907463,0.07860796805490976,0.08298438076724733,0.062461226871154976,0.05683838285919837,0.06988365968102575,0.07464475303559448,0.07627056070961266,0.07167633098069273,0.04028684331942809,0.05292157368648752,0.061269129402319385,0.05927404001717588,0.018500276214455942,0.026916857348795883,0.010758335848536537,0.028679588564797305,0.01722307490663305,0.01998505452233133,0.05483611807464198,0.011661130671500007,2.0318621852365083e-17,0.0,0.0,0.0,0.0,0.0,0.0,0.0,0.0,0.0,0.0,0.0,0.0
CC(COC)OC(=O)C,CC(COC)OC(=O)C,298.15,0.0,aux_only_sigma_profile_stream,,,No,False,0.0,False,0.0,False,0.0,0.0,0.0,False,0.0,False,True,182.14293999999995,0.0,0.0,0.0,0.0,0.0,0.0,0.0,0.0,0.0,0.0,0.0,0.0,0.0,0.0,0.0,0.0,0.0,0.0,0.005845702023163294,0.03550226890488487,0.09268805616717292,0.13856954828071683,0.11669206861978568,0.1216437037256701,0.11988845004812046,0.06593268124905309,0.04995125366457466,0.030624265899150137,0.013432639433332142,0.01587009716226542,0.016374724663397115,0.01733652535676788,0.014817780991245177,0.02285771087886031,0.0290035101287742,0.025960597838760733,0.03901334464555716,0.019640330581170224,0.008354739737577605,1.4006721635396332e-17,0.0,0.0,0.0,0.0,0.0,0.0,0.0,0.0,0.0,0.0,0.0
CC(COC)OCC(C)OC(=O)C,CC(COC)OCC(C)OC(=O)C,298.15,0.0,aux_only_sigma_profile_stream,,,No,False,0.0,False,0.0,False,0.0,0.0,0.0,False,0.0,False,True,250.3484700000001,0.0,0.0,0.0,0.0,0.0,0.0,0.0,0.0,0.0,0.0,0.0,0.0,0.0,0.0,0.0,0.0,0.0,0.0018336467595643695,0.011713003331787004,0.0260733712942361,0.07351254280161484,0.12499747533193786,0.11588363183165484,0.12983145597497753,0.11399367690971422,0.07996965760016304,0.0732057667826294,0.046718014860739496,0.023038494809338627,0.01489562914251179,0.014416958025144345,0.015802636444764206,0.01224323337642011,0.01452564360654682,0.02567822170508686,0.01856136302698699,0.027561855543565703,0.02133894700792888,0.012414204502812071,0.001790569329874895,0.0,0.0,0.0,0.0,0.0,0.0,0.0,0.0,0.0,0.0,0.0
OP(=O)(O)O,OP(=O)(O)O,298.15,0.0,aux_only_sigma_profile_stream,,,No,False,0.0,False,0.0,False,0.0,0.0,0.0,False,0.0,False,True,104.14135,0.0,0.0,0.0,0.0,0.0060010762915956245,0.022465684960999738,0.04183189055786518,0.013326072069649763,0.012532804188676064,0.0353544804989315,0.036822951789793,0.02732730773380594,0.005152625373326743,0.013440138112528213,0.0167917727094883,0.013704815790945582,0.009164898234698023,0.011429138855446563,0.0138348617686696,0.012279133326094581,0.005617569679457756,0.006811077040525411,0.023558452659852125,0.03973350084640701,0.024525646226976602,0.021239066182535946,0.013162702773780833,0.017629672901697563,0.05358682117987936,0.04645046608145708,0.043416040261101956,0.04741377531975934,0.06798101884342166,0.0789056154009152,0.05021166802174967,0.021241453961974594,0.039103170869382274,0.07567945998955561,0.032273169497055665,5.730719911596999e-17,0.0,0.0,0.0,0.0,0.0,0.0,0.0,0.0,0.0,0.0,0.0
[N+](=O)(O)[O-],[N+](=O)(O)[O-],298.15,0.0,aux_only_sigma_profile_stream,,,No,False,0.0,False,0.0,False,0.0,0.0,0.0,False,0.0,False,True,78.99960000000002,0.0,0.0,0.0,0.0,0.0,0.006124408867700645,0.01447910546451384,0.012759691936590947,0.01435672461920326,0.011035610113346002,0.00956455239429187,0.003950968328222886,0.015378835953462653,0.009395296262403213,0.005733616156672191,0.003841501228436742,0.00766195878147926,0.012825619163642344,0.0271146211717815,0.02858038453077458,0.029635646037593603,0.02520281229445503,0.04283365455745737,0.0235453825306037,0.03335415385044455,0.02724535127133909,0.026395259988015125,0.05575943309653216,0.1261140159303823,0.15768533576177723,0.13958140222514287,0.11308719187702733,0.016757465606707624,0.0,0.0,0.0,0.0,0.0,0.0,0.0,0.0,0.0,0.0,0.0,0.0,0.0,0.0,0.0,0.0,0.0,0.0
Cl,Cl,298.15,0.0,aux_only_sigma_profile_stream,,,No,False,0.0,False,0.0,False,0.0,0.0,0.0,False,0.0,False,True,55.10945000000004,0.0,0.0,0.0,0.0,0.0,0.0,0.0,0.0,0.004419811589363001,0.03442490165908494,0.005674874589935421,0.025137217815070504,0.04323351307713135,0.0007239525060174466,0.005047817401018018,0.028740455510592768,0.00012442264241846717,0.0,0.030338297143987624,0.005559357432495874,0.0036796652099629528,0.008993291019980323,0.07245246757640379,0.03761174031266413,0.013943114574748634,0.0693154284749958,0.076869383864574,0.028592972343084538,0.08605163989827491,0.09396562022413936,0.1282131743758759,0.1968868807581802,0.0,0.0,0.0,0.0,0.0,0.0,0.0,0.0,0.0,0.0,0.0,0.0,0.0,0.0,0.0,0.0,0.0,0.0,0.0
F,F,298.15,0.0,aux_only_sigma_profile_stream,,,No,False,0.0,False,0.0,False,0.0,0.0,0.0,False,0.0,False,True,39.98763999999997,0.0,0.0,0.0,0.002099975699924981,0.011852598013843111,0.058987631392970474,0.0016680988591869976,5.660701845191664e-18,0.019603438648577675,0.06386268058533441,0.028936613210413346,5.279280385155751e-17,0.0,0.002380521855183226,0.03754937318037771,0.0013981253227298696,0.0,0.008343681439549527,0.0329615818868183,0.0,0.0,0.0,0.00398977562965819,0.0570425350502048,0.041696040222252706,0.014128007712696657,3.6438634802693196e-18,0.0,0.0,0.018942771817819545,0.14312626293046002,0.08420528278398606,0.07524373025719103,0.28075817407938325,0.011223099421438083,0.0,0.0,0.0,0.0,0.0,0.0,0.0,0.0,0.0,0.0,0.0,0.0,0.0,0.0,0.0,0.0
Br,Br,298.15,0.0,aux_only_sigma_profile_stream,,,No,False,0.0,False,0.0,False,0.0,0.0,0.0,False,0.0,False,True,61.09909999999997,0.0,0.0,0.0,0.0,0.0,0.0,0.0,0.0,0.0,0.0,0.005196339619011844,0.03376208350539317,0.002973498244400477,0.043816767140760035,0.015121373406240264,0.00044013679121684626,0.030974378805287327,0.0012702539009189552,0.0047057431045488575,0.03790664300696952,0.04749972007801083,0.009284085113447861,0.014365431754079297,0.0886175309099149,0.056610781739094375,0.008824647487467627,0.008660355836416514,0.11477963223142638,0.13970393817402832,0.014443141325408991,0.24695431877377075,0.0740891990521869,0.0,0.0,0.0,0.0,0.0,0.0,0.0,0.0,0.0,0.0,0.0,0.0,0.0,0.0,0.0,0.0,0.0,0.0,0.0
I,I,298.15,0.0,aux_only_sigma_profile_stream,,,No,False,0.0,False,0.0,False,0.0,0.0,0.0,False,0.0,False,True,70.05253999999992,0.0,0.0,0.0,0.0,0.0,0.0,0.0,0.0,0.0,0.0,0.0,0.0,0.0,0.003979931175928358,0.029721869448267817,0.01756110455258329,0.03794865762395501,0.016825347497271066,0.043529384822128266,0.03256171908177837,0.02889306728948004,0.00966042208748736,0.05452355366068717,0.06487686634281947,0.054905752810219206,0.0,0.03794764707476676,0.16736053702363982,0.07455796264821427,0.15510107424064584,0.17004510262012787,0.0,0.0,0.0,0.0,0.0,0.0,0.0,0.0,0.0,0.0,0.0,0.0,0.0,0.0,0.0,0.0,0.0,0.0,0.0,0.0
N,N,298.15,0.0,aux_only_sigma_profile_stream,,,No,False,0.0,False,0.0,False,0.0,0.0,0.0,False,0.0,False,True,48.99574999999999,0.0,0.0,0.0,0.0,0.0,0.0,0.0,0.0,0.0,0.0,0.0,0.0,0.0,0.0,0.008082056206361947,0.06557810670343439,0.06873280045397695,0.07125851897365815,0.06299703992707757,0.12268570937860593,0.09121856283600743,0.03546286440755556,0.02496572090938929,0.02507392580751638,0.04512493055545349,0.015613337620711312,0.030543347129954948,0.03009620981165489,0.00795004853161205,0.00860954342819159,0.024365213263776136,0.012531923661712008,0.01367852758600375,0.03393756930194273,0.023927724416999644,0.0005428017425118588,2.419158725483993e-17,0.006972750294169452,0.049578471225434385,0.00840021091604814,0.0093354062047338,0.0058357459454129405,0.027131558544352122,0.020378113317520662,0.019225991461585677,0.004158236404669904,0.026007033031964954,0.0,0.0,0.0,0.0
O,O,298.15,0.0,aux_only_sigma_profile_stream,,,No,False,0.0,False,0.0,False,0.0,0.0,0.0,False,0.0,False,True,43.26928,0.0,0.0,0.0,0.0,0.0,0.0,0.0,0.0,0.0,0.014651173571542489,0.05494935441029888,0.06860674672679298,0.03338524527335243,0.04210936151981914,0.04630431047349296,0.05883257706344361,0.04526761974774135,0.023035397079972948,0.009275949764919406,0.011259103702492437,0.026932611233176283,0.018569791119818723,0.03116916882629268,0.001406841249757188,0.0004281924510505513,0.019336939657462335,0.02492101185784857,0.011544362809137758,0.026737004928891122,0.016961038894447583,0.01633336609594218,0.032129540929187635,0.02120251744582757,0.03334146020441986,0.010009833397583065,0.021963704565532347,0.02841470807761566,0.053359978836643375,0.05372143503593634,0.06291110669547562,0.031620140130739174,0.04745612763839703,0.001852278584948668,0.0,0.0,0.0,0.0,0.0,0.0,0.0,0.0
S,S,298.15,0.0,aux_only_sigma_profile_stream,,,No,False,0.0,False,0.0,False,0.0,0.0,0.0,False,0.0,False,True,62.47267000000002,0.0,0.0,0.0,0.0,0.0,0.0,0.0,0.0,0.0,0.0,0.0,0.0,0.0,0.0,0.009668481994692044,0.053259022654458726,0.035410931738790244,0.05267348213385147,0.055897710015330046,0.022610433512675214,0.05780441692547203,0.035362193889721366,0.01875477033654237,0.047601588540006685,0.06120271375524895,0.05634309529059601,0.06303873059832946,0.048070050209518655,0.07273319784202659,0.04982116452204282,0.051276050531537054,0.01933533491155412,0.053805125665432246,0.04444134284086608,0.03915666073915985,0.041006441781897524,0.010727059570250391,3.7513417757666253e-17,0.0,0.0,0.0,0.0,0.0,0.0,0.0,0.0,0.0,0.0,0.0,0.0,0.0
P(Cl)(Cl)Cl,P(Cl)(Cl)Cl,298.15,0.0,aux_only_sigma_profile_stream,,,No,False,0.0,False,0.0,False,0.0,0.0,0.0,False,0.0,False,True,134.25299999999993,0.0,0.0,0.0,0.0,0.0,0.0,0.0,0.0,0.0,0.0,0.0,0.0,0.0,0.0,0.010154531684498286,0.023367920585334396,0.010675466572487994,0.04131135590865696,0.013706469923132377,0.004162465190573658,0.00194575271047389,0.03053276676318855,0.0310706030514793,0.005012520411478917,0.017827405015998048,0.1904065300659487,0.2042064522536518,0.29015764147940987,0.12383622344195741,0.0016258949417298767,1.315731350328287e-18,0.0,0.0,0.0,0.0,0.0,0.0,0.0,0.0,0.0,0.0,0.0,0.0,0.0,0.0,0.0,0.0,0.0,0.0,0.0,0.0
P12(=S)SP3(=S)SP(=S)(S1)SP(=S)(S2)S3,P12(=S)SP3(=S)SP(=S)(S1)SP(=S)(S2)S3,298.15,0.0,aux_only_sigma_profile_stream,,,No,False,0.0,False,0.0,False,0.0,0.0,0.0,False,0.0,False,True,298.14838,0.0,0.0,0.0,0.0,0.0,0.0,0.0,0.0,0.0,0.0,0.0,0.0,0.0,0.0,0.0,0.0,0.0,0.0,0.0,0.0,0.004798807733180338,0.049790000927661254,0.08410553538679469,0.13532814474258087,0.17182532511884419,0.12098722579887002,0.1216620176268226,0.17676833410715023,0.07906906705443142,0.055240846120759746,0.00042469538290455176,0.0,0.0,0.0,0.0,0.0,0.0,0.0,0.0,0.0,0.0,0.0,0.0,0.0,0.0,0.0,0.0,0.0,0.0,0.0,0.0
O=P(Cl)(Cl)Cl,O=P(Cl)(Cl)Cl,298.15,0.0,aux_only_sigma_profile_stream,,,No,False,0.0,False,0.0,False,0.0,0.0,0.0,False,0.0,False,True,132.96321000000003,0.0,0.0,0.0,0.0,0.0,0.0,0.0,0.0,0.0,0.0,0.0,0.0,0.0,0.0,0.0,0.0,0.0,0.0021719129030357566,0.018336020026698884,0.05548952602194877,0.008634374008400442,0.09875478935264648,0.05737805044796389,0.03796620485558816,0.18702317854471168,0.22239835059642885,0.12579376281700178,0.024441753229755496,0.005926172475507975,0.0083432676103923,0.014256133421117234,0.01832405287508439,0.016287701487402113,0.042639909851167085,0.05558055554512122,0.00025428393002736995,0.0,0.0,0.0,0.0,0.0,0.0,0.0,0.0,0.0,0.0,0.0,0.0,0.0,0.0,0.0
O=S(Cl)Cl,O=S(Cl)Cl,298.15,0.0,aux_only_sigma_profile_stream,,,No,False,0.0,False,0.0,False,0.0,0.0,0.0,False,0.0,False,True,114.3940299999999,0.0,0.0,0.0,0.0,0.0,0.0,0.0,0.0,0.0,0.0,0.0,0.0,0.0,0.0,0.0,0.0,0.0,0.012805633154916661,0.04194843660612232,0.056406515335230216,0.04732985166043564,0.04240969432472126,0.030226619227790696,0.08028461486805095,0.058447692044839884,0.02896065018640066,0.18252161149625915,0.16933779793208714,0.128187136504385,0.06341088125143293,0.052171402030808126,0.005551463376519347,0.0,0.0,0.0,0.0,0.0,0.0,0.0,0.0,0.0,0.0,0.0,0.0,0.0,0.0,0.0,0.0,0.0,0.0,0.0
N(F)(F)F,N(F)(F)F,298.15,0.0,aux_only_sigma_profile_stream,,,No,False,0.0,False,0.0,False,0.0,0.0,0.0,False,0.0,False,True,78.50210999999999,0.0,0.0,0.0,0.0,0.0,0.0,0.0,0.0,0.0,0.0,0.0,0.0,0.0,0.0,0.0,0.0,0.0,0.0,0.0,0.0,0.005183189361860045,0.03173388420783315,0.04260062495960289,0.07411761746796912,0.1588534952471456,0.21513565650252078,0.3616225425433724,0.11075298970969605,0.0,0.0,0.0,0.0,0.0,0.0,0.0,0.0,0.0,0.0,0.0,0.0,0.0,0.0,0.0,0.0,0.0,0.0,0.0,0.0,0.0,0.0,0.0
N(N(F)F)(F)F,N(N(F)F)(F)F,298.15,0.0,aux_only_sigma_profile_stream,,,No,False,0.0,False,0.0,False,0.0,0.0,0.0,False,0.0,False,True,101.76019,0.0,0.0,0.0,0.0,0.0,0.0,0.0,0.0,0.0,0.0,0.0,0.0,0.0,0.0,0.0,0.0,0.0,0.0,0.0,0.00454843030734917,0.010273367257549048,0.010256669748058353,0.029730075720297316,0.07307581241386829,0.17404273262561426,0.27004312034910805,0.3241448532485445,0.10388493832961097,0.0,0.0,0.0,0.0,0.0,0.0,0.0,0.0,0.0,0.0,0.0,0.0,0.0,0.0,0.0,0.0,0.0,0.0,0.0,0.0,0.0,0.0,0.0
OO,OO,298.15,0.0,aux_only_sigma_profile_stream,,,No,False,0.0,False,0.0,False,0.0,0.0,0.0,False,0.0,False,True,58.14697000000003,0.0,0.0,0.0,0.0,0.0,0.0,0.0,0.005493460499671156,0.024680719318160675,0.0562716817639617,0.025443286781074274,0.032583383911814805,0.022060009482034067,0.047471045851342354,0.019222712631344202,0.014020790441293451,0.030610079689419915,0.017183615452470945,0.019139236920337886,0.008461898253662137,0.01304377055583365,0.023672593507053752,0.014589880408783226,0.0315564711074262,0.007361932396009334,0.01840748361395081,0.05435514731078141,0.014392872676969976,0.027027177458321373,0.021148721047303573,0.01650219589490996,0.0650997496479787,0.0317490147666291,0.06448657822506844,0.09054205738054,0.07433100248074623,0.06010170472249343,0.040695527957899144,0.00829419784471418,1.4475473309665064e-17,0.0,0.0,0.0,0.0,0.0,0.0,0.0,0.0,0.0,0.0,0.0
II,II,298.15,0.0,aux_only_sigma_profile_stream,,,No,False,0.0,False,0.0,False,0.0,0.0,0.0,False,0.0,False,True,106.58813000000008,0.0,0.0,0.0,0.0,0.0,0.0,0.0,0.0,0.0,0.0,0.0,0.0,0.0,0.0,0.010247559084035691,0.004007000291569014,0.05580496998489086,0.014393026472879098,0.0,0.012820114780384164,0.06832752484494665,0.05022127014573785,0.005866446548626533,7.20841983203418e-18,0.016621484477173407,0.14164243060557574,0.16245230905620714,0.133200760520997,0.32023037484308214,0.004164728343894706,3.842384408237371e-18,0.0,0.0,0.0,0.0,0.0,0.0,0.0,0.0,0.0,0.0,0.0,0.0,0.0,0.0,0.0,0.0,0.0,0.0,0.0,0.0
C(CC=O)CC=O,C(CC=O)CC=O,298.15,0.0,aux_only_sigma_profile_stream,,,No,False,0.0,False,0.0,False,0.0,0.0,0.0,False,0.0,False,True,148.26504999999997,0.0,0.0,0.0,0.0,0.0,0.0,0.0,0.0,0.0,0.0,0.0,0.0,0.0,0.0,0.0,0.0,0.0,0.00013186001174695657,0.03964281598787571,0.14843558351528566,0.16863957688314882,0.09999811358519288,0.08903274585268342,0.05061650641885117,0.01899937185574713,0.04052746431437525,0.028083265516631335,0.012059606359192543,0.011316613294344422,0.006135731857986242,0.01757671401801314,0.01693970608879578,0.023363226129400293,0.02324973214096532,0.05334637599746185,0.060857665104676766,0.04186576767673251,0.03828886797550564,0.010892689415387222,1.8146963584234123e-17,0.0,0.0,0.0,0.0,0.0,0.0,0.0,0.0,0.0,0.0,0.0
CCCCCC(C)C(C)C,CCCCCC(C)C(C)C,298.15,0.0,aux_only_sigma_profile_stream,,,No,False,0.0,False,0.0,False,0.0,0.0,0.0,False,0.0,False,True,225.08814999999993,0.0,0.0,0.0,0.0,0.0,0.0,0.0,0.0,0.0,0.0,0.0,0.0,0.0,0.0,0.0,0.0,0.0,0.0,0.0,0.0,0.0,0.004123110891851443,0.07430561858566305,0.14943832732893989,0.22439509406757488,0.15044797193623616,0.16377650536617902,0.13840019169274084,0.0882710069959303,0.006842173134884401,5.547531079373858e-18,0.0,0.0,0.0,0.0,0.0,0.0,0.0,0.0,0.0,0.0,0.0,0.0,0.0,0.0,0.0,0.0,0.0,0.0,0.0,0.0
CCCCC(C)CC(C)C,CCCCC(C)CC(C)C,298.15,0.0,aux_only_sigma_profile_stream,,,No,False,0.0,False,0.0,False,0.0,0.0,0.0,False,0.0,False,True,225.3441800000001,0.0,0.0,0.0,0.0,0.0,0.0,0.0,0.0,0.0,0.0,0.0,0.0,0.0,0.0,0.0,0.0,0.0,0.0,0.0,0.0,0.0,0.004024809694501707,0.0798736981590494,0.15694384390477797,0.21867966384885015,0.14553447978102957,0.14696116650929608,0.1437150361340203,0.09523772291307853,0.00902957905539641,7.478983464702748e-18,0.0,0.0,0.0,0.0,0.0,0.0,0.0,0.0,0.0,0.0,0.0,0.0,0.0,0.0,0.0,0.0,0.0,0.0,0.0,0.0
CCCC(C)CCC(C)C,CCCC(C)CCC(C)C,298.15,0.0,aux_only_sigma_profile_stream,,,No,False,0.0,False,0.0,False,0.0,0.0,0.0,False,0.0,False,True,226.2999600000001,0.0,0.0,0.0,0.0,0.0,0.0,0.0,0.0,0.0,0.0,0.0,0.0,0.0,0.0,0.0,0.0,0.0,0.0,0.0,0.0,0.0,0.0033224316081755367,0.07572845915455,0.1562040765313113,0.22418879247971393,0.14461181624367314,0.15131671550499515,0.14663857507597605,0.08987108295104555,0.008118050450559244,6.966938664741841e-18,0.0,0.0,0.0,0.0,0.0,0.0,0.0,0.0,0.0,0.0,0.0,0.0,0.0,0.0,0.0,0.0,0.0,0.0,0.0,0.0
CCC(C)CCCC(C)C,CCC(C)CCCC(C)C,298.15,0.0,aux_only_sigma_profile_stream,,,No,False,0.0,False,0.0,False,0.0,0.0,0.0,False,0.0,False,True,226.44436,0.0,0.0,0.0,0.0,0.0,0.0,0.0,0.0,0.0,0.0,0.0,0.0,0.0,0.0,0.0,0.0,0.0,0.0,0.0,0.0,0.0,0.004556607985539274,0.07941098278257983,0.15122227531660362,0.22028190282457466,0.14882702647298612,0.15082163658023146,0.1474152594129582,0.0892289049736549,0.00823540365087194,7.192488487222816e-18,0.0,0.0,0.0,0.0,0.0,0.0,0.0,0.0,0.0,0.0,0.0,0.0,0.0,0.0,0.0,0.0,0.0,0.0,0.0,0.0
CC(C)CCCCC(C)C,CC(C)CCCCC(C)C,298.15,0.0,aux_only_sigma_profile_stream,,,No,False,0.0,False,0.0,False,0.0,0.0,0.0,False,0.0,False,True,228.66227999999995,0.0,0.0,0.0,0.0,0.0,0.0,0.0,0.0,0.0,0.0,0.0,0.0,0.0,0.0,0.0,0.0,0.0,0.0,0.0,0.0,0.0,0.0033678921883198887,0.07152401735182737,0.16090306367259616,0.2279112384299514,0.14930041957037868,0.14621116110289334,0.13171080824622017,0.10070172889309599,0.008369670544716996,6.976331793197023e-18,0.0,0.0,0.0,0.0,0.0,0.0,0.0,0.0,0.0,0.0,0.0,0.0,0.0,0.0,0.0,0.0,0.0,0.0,0.0,0.0
CCC1=CC(=CC=C1)O,CCC1=CC(=CC=C1)O,298.15,0.0,aux_only_sigma_profile_stream,,,No,False,0.0,False,0.0,False,0.0,0.0,0.0,False,0.0,False,True,167.55939999999993,0.0,0.0,0.0,0.0,0.0,0.0,0.0,0.0027816919764525267,0.008631384011680161,0.0034747386051275325,0.004196403476444229,0.006248826916810336,0.006996879857299742,0.00423257718682018,0.005091315821123405,0.005350572811679698,0.004475016754228503,0.008404598667246842,0.010070581118527464,0.025575768487014285,0.047933373007940906,0.08653078216352593,0.0877464540385416,0.09151917229279707,0.074558610318505,0.07770340494174546,0.06612122976461425,0.05064467772924809,0.04601509065518707,0.04535825775444573,0.05749757299882592,0.06614194012293255,0.04410231959175273,0.025012853748184356,0.0058420095368643685,0.015185263676219902,0.015077652341324648,0.0014789796268893862,2.615714841775224e-18,0.0,0.0,0.0,0.0,0.0,0.0,0.0,0.0,0.0,0.0,0.0,0.0
CC1=CC(=C(C(=C1)C(C)(C)C)O)C(C)(C)C,CC1=CC(=C(C(=C1)C(C)(C)C)O)C(C)(C)C,298.15,0.0,aux_only_sigma_profile_stream,,,No,False,0.0,False,0.0,False,0.0,0.0,0.0,False,0.0,False,True,272.4218199999998,0.0,0.0,0.0,0.0,0.0,0.0,0.0,0.0,0.0,0.0,0.00018058585817559412,0.0018025766785247253,0.0015219077821754124,0.0022997712338100173,0.0009578493430273014,0.002119149844723326,0.0012287106631828511,0.0037051989168840472,0.002955715163860746,0.004075939566862746,0.00778846273582605,0.0733578236246873,0.1187991594335462,0.1270171137596046,0.1118696460178198,0.1073052003716366,0.13466083094384115,0.10942421514939778,0.055416230730391244,0.03471000957627747,0.0456507424044572,0.026409393594856407,0.02152805994911136,0.005215706657320185,0.0,0.0,0.0,0.0,0.0,0.0,0.0,0.0,0.0,0.0,0.0,0.0,0.0,0.0,0.0,0.0,0.0
C1=CC=C(C=C1)CCO,C1=CC=C(C=C1)CCO,298.15,0.0,aux_only_sigma_profile_stream,,,No,False,0.0,False,0.0,False,0.0,0.0,0.0,False,0.0,False,True,167.31563999999997,0.0,0.0,0.0,0.0,0.0,0.0,0.0,0.0,0.0,0.001151132361186743,0.004503579506932288,0.008576334954529412,0.002950502075588246,0.004131027115749653,0.0069965411627143734,0.006304646938286407,0.0038295464844299563,0.008602711123470948,0.008477358485000986,0.047140647454186606,0.09053337821770341,0.10868549686666115,0.08838064882414104,0.07422057150857746,0.06542109916908607,0.04348946365337115,0.04844023897844489,0.0394977792477465,0.06497912581342846,0.04007589044198338,0.05592174296599176,0.052433622152128774,0.0525094893398796,0.024366276160876842,0.006306849991071309,0.006643870906812478,0.005782205834593512,0.006090090709538689,0.009795898731174918,0.008080177969894511,0.0047267060177319424,0.0009553488370865334,0.0,0.0,0.0,0.0,0.0,0.0,0.0,0.0,0.0
CC(C)CC(CC(C)C)O,CC(C)CC(CC(C)C)O,298.15,0.0,aux_only_sigma_profile_stream,,,No,False,0.0,False,0.0,False,0.0,0.0,0.0,False,0.0,False,True,213.0819800000001,0.0,0.0,0.0,0.0,0.0,0.0,0.0,0.0,0.0,0.0,0.0,0.0,0.0,0.0008559038368142483,0.0024425504336976138,0.001839746162661024,0.004028523815531692,0.00546793021035589,0.003518821861627584,0.0041312695992181256,0.009906864231260281,0.03206143155752667,0.12722262811099413,0.17222372406144004,0.15911420571694931,0.11149459413157174,0.09834478628556573,0.11427572932053659,0.06902816015652376,0.024659556878298145,0.008021814129735757,0.0031518769944943524,0.0030020531822634116,0.004320635475351992,0.010295838106087661,0.00494604365730119,0.004555898268741845,0.006913239874322583,0.006226516216663274,0.0015069309299514935,0.004635502439486711,0.0018072243550272145,0.0,0.0,0.0,0.0,0.0,0.0,0.0,0.0,0.0
CCC(C1=CC=CC=C1)O,CCC(C1=CC=CC=C1)O,298.15,0.0,aux_only_sigma_profile_stream,,,No,False,0.0,False,0.0,False,0.0,0.0,0.0,False,0.0,False,True,184.40914999999995,0.0,0.0,0.0,0.0,0.0,0.0,0.0,0.0,0.0,0.000775726818044723,0.001564702245636411,0.008295555968394996,0.0022426600893834013,1.6561470282115894e-07,0.006539305891098996,0.005844586767381231,0.005095943585087971,0.0038506099904360614,0.005910042046507726,0.04736871826174304,0.06959604513367477,0.08816823927963881,0.085442870485124,0.08849974220762041,0.07502466778411485,0.0744500016602159,0.08231762737733732,0.06501581436826971,0.06138352058248575,0.02967003045230777,0.06193409498110315,0.04302480357617663,0.03492081505178404,0.00730050215373207,0.011013355044005683,0.008731721529699522,0.0029743475334165367,0.004504832854292215,0.011657133021171714,0.006377276510696037,0.0005045411347157521,0.0,0.0,0.0,0.0,0.0,0.0,0.0,0.0,0.0,0.0
CC(CC1=CC=CC=C1)O,CC(CC1=CC=CC=C1)O,298.15,0.0,aux_only_sigma_profile_stream,,,No,False,0.0,False,0.0,False,0.0,0.0,0.0,False,0.0,False,True,185.2242000000001,0.0,0.0,0.0,0.0,0.0,0.0,0.0,0.0,0.0,0.0,0.0,0.0,0.0,0.0009452772022614859,0.0021101256800414867,0.0024724946966966123,0.007596585147039313,0.002483283423767557,0.009446550562704383,0.04932836183070681,0.08621853490673027,0.10831267149300895,0.11459370599335067,0.08420619471364482,0.06841411015269329,0.06612915722250977,0.07389932449815895,0.05311012337174383,0.045407007864200655,0.032548115925684636,0.06073435792663426,0.045972856617136175,0.021610584325292847,0.005290536151903841,0.005930671054436241,0.010039010002586153,0.008250304355045004,0.004450964181123378,0.010407611200782872,0.01298179244426375,0.0068152843336268115,0.00029440272222530135,0.0,0.0,0.0,0.0,0.0,0.0,0.0,0.0,0.0
CC(CO)C1=CC=CC=C1,CC(CO)C1=CC=CC=C1,298.15,0.0,aux_only_sigma_profile_stream,,,No,False,0.0,False,0.0,False,0.0,0.0,0.0,False,0.0,False,True,182.25467000000003,0.0,0.0,0.0,0.0,0.0,0.0,0.0,0.0,0.0,0.0,0.0,0.0,0.001467636184779114,0.002840127232202192,5.12358707558349e-18,0.005302329501817892,0.006354685370042809,0.00411454441054881,0.007406555475162693,0.05082108655068761,0.08666476358250023,0.11640470348558857,0.09781814671731758,0.07724843392525359,0.08043552745620289,0.06777693243194481,0.07056038772558913,0.04762835747506074,0.05191456965026684,0.034941598496099326,0.055325317196887165,0.04196464294479109,0.021461570524526474,0.009527212297749351,0.005372917744614669,0.011114091274810944,0.006245124287637949,0.00582974672906428,0.01470615221249012,0.013120990663538114,0.005453490078374984,0.00017835837445003352,0.0,0.0,0.0,0.0,0.0,0.0,0.0,0.0,0.0
C1=CC=C(C=C1)CCCO,C1=CC=C(C=C1)CCCO,298.15,0.0,aux_only_sigma_profile_stream,,,No,False,0.0,False,0.0,False,0.0,0.0,0.0,False,0.0,False,True,188.47697999999983,0.0,0.0,0.0,0.0,0.0,0.0,0.0,0.0,0.0,0.0012080737171986794,0.0032157543486049907,0.008613163109355686,0.0009946514411003707,0.0049547004686843225,0.0032616963976752227,0.007800829659729957,0.003193591880637505,0.003970549506792382,0.008515620233705204,0.03966413114496399,0.07822293769740216,0.13554509862701333,0.1056802451943384,0.08965477015461257,0.06036107538018547,0.04641124443485431,0.05319521528909953,0.035213084825449055,0.04627244122364544,0.03910580360918801,0.04680790353701871,0.052252716170892,0.04639513087263413,0.01757322208903651,0.004493145720470673,0.007906744106539647,0.008661052244331748,0.006754555929015481,0.01177163813736526,0.01240246612389429,0.008895106403818288,0.0010316403207466882,0.0,0.0,0.0,0.0,0.0,0.0,0.0,0.0,0.0
CC(C1=CC=CC=C1)O,CC(C1=CC=CC=C1)O,298.15,0.0,aux_only_sigma_profile_stream,,,No,False,0.0,False,0.0,False,0.0,0.0,0.0,False,0.0,False,True,167.67133000000004,0.0,0.0,0.0,0.0,0.0,0.0,0.0,0.0,0.0,0.001466012256401276,0.0032379502835890805,0.008852170309204967,0.001427585595693224,0.001954011176971125,0.007273312050998689,0.006147581672277843,0.004068515805240311,0.002974891981394326,0.009382371219940164,0.05357422759293892,0.08547074377248869,0.09634076808635797,0.0923521162217297,0.06764071683066447,0.06413074768434829,0.054021735131831054,0.0848992932703456,0.05552207642178753,0.04934051773056341,0.03615394167832091,0.062070707153683895,0.05619101484690166,0.030076314735318726,0.007093622158715623,0.005365382567450069,0.012549809242480798,0.0066469006525690984,0.004901321264572153,0.014748840339539781,0.010704774440327877,0.0034200258253527117,0.0,0.0,0.0,0.0,0.0,0.0,0.0,0.0,0.0,0.0
CC1=CC=C(C=C1)CO,CC1=CC=C(C=C1)CO,298.15,0.0,aux_only_sigma_profile_stream,,,No,False,0.0,False,0.0,False,0.0,0.0,0.0,False,0.0,False,True,169.8274399999999,0.0,0.0,0.0,0.0,0.0,0.0,0.0,0.0,0.0,0.0011392018989046123,0.0028279117223096793,0.008874016223701948,0.0010277125518130827,0.0016198845629972762,0.008584001784440893,0.005869240325691551,0.0025188974430508005,0.007078020919692604,0.002995290001561822,0.04050748880035131,0.09388134679129655,0.10216540390902205,0.09529453523010184,0.06981044832829963,0.06478738179664137,0.07921709021086996,0.07024029721748326,0.04031218924666429,0.05703115956755189,0.03637097354537302,0.06108092504711784,0.04818695154774978,0.029331190322736907,0.005512235689619042,0.007970358139958424,0.011459704535245717,0.0065842964020462235,0.007070613678714761,0.015763139751426264,0.011178276186743392,0.003709816620822138,0.0,0.0,0.0,0.0,0.0,0.0,0.0,0.0,0.0,0.0
CC1=CC=CC=C1CO,CC1=CC=CC=C1CO,298.15,0.0,aux_only_sigma_profile_stream,,,No,False,0.0,False,0.0,False,0.0,0.0,0.0,False,0.0,False,True,165.96451000000008,0.0,0.0,0.0,0.0,0.0,0.0,0.0,0.0,0.0,0.001798687147099382,0.005532905329380237,0.010340123447786807,0.0028794469229577145,0.0034516149091259074,0.004495508312571352,0.0065158303826437875,0.0052675525361322705,0.007832836528809438,0.006515591353981762,0.05182185419997303,0.10575607389521587,0.09078379639555163,0.07916116746015875,0.061996847684292235,0.06238446546767857,0.05598352280511126,0.07252650614252827,0.04540638452946222,0.05520153654525516,0.03895060897278428,0.05560820877435582,0.05047157246984573,0.047181312178935945,0.014122766796520948,0.008013526716228484,0.007534106278691327,0.006819501876425158,0.011227387238252002,0.008887321256154464,0.00822193234789775,0.005964577585264142,0.0013449255129283175,0.0,0.0,0.0,0.0,0.0,0.0,0.0,0.0,0.0
CC1=CC(=CC=C1)CO,CC1=CC(=CC=C1)CO,298.15,0.0,aux_only_sigma_profile_stream,,,No,False,0.0,False,0.0,False,0.0,0.0,0.0,False,0.0,False,True,168.79337000000004,0.0,0.0,0.0,0.0,0.0,0.0,0.0,0.0,0.0007608800093244182,0.0031952348298569123,0.011084690354908059,0.003913197560876639,0.0023168697267722973,0.005113979303960445,0.005999598292460062,0.006445395741759641,0.0056562995012309596,0.006003113039125764,0.00445129814431267,0.03425760099007359,0.09157637993297128,0.11188047429581087,0.09321250451613648,0.057930946854441896,0.05290458017178979,0.06577583362478691,0.0752206290626018,0.03656024549757742,0.05495400303245807,0.03476141105680068,0.05693848130422252,0.06505979008246175,0.04099649356611429,0.019609134244050457,0.008328543019494483,0.010619946620560037,0.011967723759636402,0.009832614136612598,0.007203197250979054,0.004892472651280092,0.0005764378245516016,0.0,0.0,0.0,0.0,0.0,0.0,0.0,0.0,0.0,0.0
CC(C)(C)CC(C)(C)C1=CC=C(C=C1)O,CC(C)(C)CC(C)(C)C1=CC=C(C=C1)O,298.15,0.0,aux_only_sigma_profile_stream,,,No,False,0.0,False,0.0,False,0.0,0.0,0.0,False,0.0,False,True,250.7584599999999,0.0,0.0,0.0,0.0,0.0,0.0,0.0,0.0018377051621877348,0.005700233068578546,0.002402918956071593,0.0027006936577786776,0.0038471344509218583,0.004860100060816612,0.0028067121801076352,0.003410308466515016,0.0033368476451562006,0.002733455952195632,0.005287102446141082,0.007410656720827288,0.019267127951278343,0.029202360218718814,0.04744805831518109,0.09819330554646574,0.1202382100651448,0.11326272269554696,0.07714486700157037,0.08232180869354878,0.11047605497836846,0.08805503661312128,0.03910972663172869,0.03768463974934893,0.031407804104834444,0.018418619946609423,0.015303860914119595,0.0034532809532327696,0.010545029914679094,0.010494061029199907,0.0016395559100046038,2.8454536386966923e-18,0.0,0.0,0.0,0.0,0.0,0.0,0.0,0.0,0.0,0.0,0.0,0.0
CCC(C)(C)C1=CC=C(C=C1)O,CCC(C)(C)C1=CC=C(C=C1)O,298.15,0.0,aux_only_sigma_profile_stream,,,No,False,0.0,False,0.0,False,0.0,0.0,0.0,False,0.0,False,True,210.58179,0.0,0.0,0.0,0.0,0.0,0.0,0.0,0.002424188905966628,0.006819665021589284,0.002665584282835605,0.0033978762688220846,0.004655643789208229,0.005730392703762465,0.0032745575663659424,0.004267691275855603,0.0038504456052565568,0.0033868009156676365,0.006875808125594953,0.009496771340548011,0.026260720403314074,0.03161118198395336,0.056522205071025844,0.10291895961687143,0.09166141372080036,0.08936129941859502,0.07961716254941606,0.09697365510632187,0.1048007155995986,0.06096425382989288,0.03759029071597871,0.04446293579625298,0.05097747291488832,0.024657301324248024,0.014103684138573663,0.00434885562383263,0.012324448174836295,0.012300325359217634,0.0016976928509091777,2.9207555715187306e-18,0.0,0.0,0.0,0.0,0.0,0.0,0.0,0.0,0.0,0.0,0.0,0.0
CC/C(=C/C)/C,CC/C(=C/C)/C,298.15,0.0,aux_only_sigma_profile_stream,,,No,False,0.0,False,0.0,False,0.0,0.0,0.0,False,0.0,False,True,147.8174800000001,0.0,0.0,0.0,0.0,0.0,0.0,0.0,0.0,0.0,0.0,0.0,0.0,0.0,0.0,0.0,0.0,0.0,0.0,0.0,0.0016733572945814247,0.01368560199007579,0.07012864129842758,0.11856247494621873,0.14620752194145636,0.11603015068058316,0.11755172331339221,0.15198410056279868,0.11881228410164944,0.0524144867073088,0.018046623432499784,0.021985121105914315,0.02000284273810444,0.016880773134226333,0.013632184946386034,0.002402111806376998,0.0,0.0,0.0,0.0,0.0,0.0,0.0,0.0,0.0,0.0,0.0,0.0,0.0,0.0,0.0,0.0
CC(C)CCC=C,CC(C)CCC=C,298.15,0.0,aux_only_sigma_profile_stream,,,No,False,0.0,False,0.0,False,0.0,0.0,0.0,False,0.0,False,True,169.0872800000001,0.0,0.0,0.0,0.0,0.0,0.0,0.0,0.0,0.0,0.0,0.0,0.0,0.0,0.0,0.0,0.0,0.0,0.0,0.0,0.0024442586206585718,0.022558044601723247,0.04976229628421548,0.13254642224856938,0.14976256256419337,0.14864225895466046,0.11238831680478735,0.10430775771770345,0.10445663141998607,0.07230254440250793,0.022855503039962123,0.013590261093592666,0.023884266308437138,0.01734408799977324,0.012803753926212122,0.010351034013017292,0.0,0.0,0.0,0.0,0.0,0.0,0.0,0.0,0.0,0.0,0.0,0.0,0.0,0.0,0.0,0.0
C1CC(CCC1CO)CO,C1CC(CCC1CO)CO,298.15,0.0,aux_only_sigma_profile_stream,,,No,False,0.0,False,0.0,False,0.0,0.0,0.0,False,0.0,False,True,189.25185000000005,0.0,0.0,0.0,0.0,0.0,0.0,0.0,0.0,0.0,0.00121547852062123,0.005061434090302069,0.014887496621368648,0.006792571597318348,0.0046172876644269886,0.009285381356636398,0.007047599863063428,0.012624211463836783,0.009201443124842846,0.007610081999925759,0.00875392200388519,0.013932981224606993,0.044491619916685717,0.12711851104709304,0.17380848535126603,0.1650816527823585,0.07536091147401516,0.06480638986963613,0.0449982523738814,0.025876847862358908,0.01788876652154311,0.014203281020972637,0.012125225053468485,0.0048717709873437945,0.007637298632063675,0.010193451970571223,0.012978567123007106,0.0222864296696366,0.017472141486693907,0.021032873581309498,0.01965667043897457,0.014388226993866795,0.0026927363124191485,0.0,0.0,0.0,0.0,0.0,0.0,0.0,0.0,0.0
CCCCCCC(=C)C,CCCCCCC(=C)C,298.15,0.0,aux_only_sigma_profile_stream,,,No,False,0.0,False,0.0,False,0.0,0.0,0.0,False,0.0,False,True,209.22402999999997,0.0,0.0,0.0,0.0,0.0,0.0,0.0,0.0,0.0,0.0,0.0,0.0,0.0,0.0,0.0,0.0,0.0,0.0,0.0,0.0,0.009685002075721705,0.04985217115876222,0.10393936454748053,0.16126030715625256,0.1597852476023261,0.14142925347390023,0.13224039578371521,0.10380520881225688,0.051513184865221266,0.018814882797923455,0.023728586552519897,0.01010300173724935,0.013237060198825635,0.012471447685151701,0.006874764137075556,0.0012601214156177166,0.0,0.0,0.0,0.0,0.0,0.0,0.0,0.0,0.0,0.0,0.0,0.0,0.0,0.0,0.0
CCCCCC(=C)C,CCCCCC(=C)C,298.15,0.0,aux_only_sigma_profile_stream,,,No,False,0.0,False,0.0,False,0.0,0.0,0.0,False,0.0,False,True,189.70354000000015,0.0,0.0,0.0,0.0,0.0,0.0,0.0,0.0,0.0,0.0,0.0,0.0,0.0,0.0,0.0,0.0,0.0,0.0,0.0,0.0,0.010983851157799259,0.055198669632020005,0.11097670514202153,0.16027760143297523,0.15014462531053335,0.1339566877297191,0.12958874915857543,0.1053667725833887,0.0518170995927598,0.019250697138840513,0.021534398430722256,0.013311741933112782,0.016357718539380013,0.012496232124557024,0.00813672447372389,0.0006017256198711827,0.0,0.0,0.0,0.0,0.0,0.0,0.0,0.0,0.0,0.0,0.0,0.0,0.0,0.0,0.0
C1=CC(=C(C=C1C(=O)O)C(=O)O)C(=O)O,C1=CC(=C(C=C1C(=O)O)C(=O)O)C(=O)O,298.15,0.0,aux_only_sigma_profile_stream,,,No,False,0.0,False,0.0,False,0.0,0.0,0.0,False,0.0,False,True,214.12236999999993,0.0,0.0,0.0,0.0,0.0,5.653856615389043e-05,0.011367052064034936,0.013442192899825178,0.004292764053141847,0.02090349190200674,0.019867605677261892,0.007545353295979047,0.0018868835915593935,0.004866076603861943,0.011744114291014377,0.01710620213183886,0.020130422893649372,0.02346102518946041,0.020752952422442787,0.011486669359741958,0.021544227392847937,0.03106784378561349,0.05577376959160692,0.0718500460091984,0.07131457387494966,0.08686548367357744,0.06057437460415092,0.04623865501137005,0.0343102937830592,0.03201069330390646,0.030631640981625703,0.03852501345871808,0.05524030396745984,0.023225602839296946,0.04123630382234782,0.08060274860659809,0.027406139808990176,0.0026729405427103115,4.9002439475959165e-18,0.0,0.0,0.0,0.0,0.0,0.0,0.0,0.0,0.0,0.0,0.0,0.0
CC/C=C\C/C=C\C/C=C\CCCCCCCC(=O)O,CC/C=C\C/C=C\C/C=C\CCCCCCCC(=O)O,298.15,0.0,aux_only_sigma_profile_stream,,,No,False,0.0,False,0.0,False,0.0,0.0,0.0,False,0.0,False,True,398.16172000000006,0.0,0.0,0.0,0.0,0.0,0.0,0.0,0.0004475758077143485,0.003201706425637929,0.0007873321152093952,0.0018393341994937563,0.003746834574181788,0.0030651023953677417,0.000989544903209834,0.0004937116688064971,0.0009002301984813951,0.002366362931338241,0.002284585255201326,0.002948265892483888,0.011881680092332456,0.013642697869628047,0.054359415593111506,0.11790738921406708,0.15781520372969932,0.14130528104993717,0.11647441303226211,0.08547096110631025,0.07377213977278928,0.036889278475294655,0.04549983628522651,0.03206361289712457,0.021443048948927936,0.017149453051307995,0.014553667668011479,0.006190196068735662,0.012035529503706033,0.013423712077375789,0.004843415235358366,0.00020848196166778937,3.6554100120998303e-19,0.0,0.0,0.0,0.0,0.0,0.0,0.0,0.0,0.0,0.0,0.0
CC(C)C1=CC2=CC[C@@H]3[C@@]([C@H]2CC1)(CCC[C@@]3(C)C(=O)O)C,CC(C)C1=CC2=CC[C@@H]3[C@@]([C@H]2CC1)(CCC[C@@]3(C)C(=O)O)C,298.15,0.0,aux_only_sigma_profile_stream,,,No,False,0.0,False,0.0,False,0.0,0.0,0.0,False,0.0,False,True,324.23524,0.0,0.0,0.0,0.0,0.0,0.0,0.0,0.0004772957668333134,0.0036591865656286473,0.001251180032677617,0.002281039179186533,0.004345804446387626,0.0033575555894227614,0.0015778541662209977,0.0006481295963012241,0.0010961623851427492,0.0024975188417956885,0.0028024310422567087,0.0020633781317409053,0.002526583195828859,0.006409699800640949,0.04113755146123198,0.13361867946113293,0.15335069496367945,0.1379236985611851,0.13132034854254185,0.11041441335399417,0.0821698215535788,0.029577512053066163,0.024777485063030413,0.022443326954861075,0.02801554055491152,0.023615471074617554,0.01162053703135745,0.0050898723836607955,0.010042009864630242,0.01619295793303691,0.0036962604494191736,6.566158215905051e-18,0.0,0.0,0.0,0.0,0.0,0.0,0.0,0.0,0.0,0.0,0.0,0.0
CC(C)(C)C(=O)O,CC(C)(C)C(=O)O,298.15,0.0,aux_only_sigma_profile_stream,,,No,False,0.0,False,0.0,False,0.0,0.0,0.0,False,0.0,False,True,142.11913999999993,0.0,0.0,0.0,0.0,0.0,0.0,0.0,0.002060534446607122,0.009486047386367808,0.0008831303085424247,0.005942659497479109,0.011379605008567245,0.007487222646015319,0.0019832446362111687,0.0015429565362954506,0.002561379600361421,0.007165490943429508,0.005775876150953203,0.003646464030706506,0.0033971463578938575,0.026315368523182253,0.10050294825061287,0.11289154216419693,0.10575639067390225,0.08824905871514706,0.09866304229910768,0.13045617195806145,0.0528724946474323,0.027846462446984497,0.018599682722834104,0.016166621238745547,0.022617625283094606,0.020171931703525655,0.02478506383156204,0.009534050083296386,0.01801849580055126,0.04023903519219975,0.02033358959604098,0.0026686673200922873,4.474606985094915e-18,0.0,0.0,0.0,0.0,0.0,0.0,0.0,0.0,0.0,0.0,0.0
CCCCCCCCCCCCCCC(=O)O,CCCCCCCCCCCCCCC(=O)O,298.15,0.0,aux_only_sigma_profile_stream,,,No,False,0.0,False,0.0,False,0.0,0.0,0.0,False,0.0,False,True,350.6777500000002,0.0,0.0,0.0,0.0,0.0,0.0002744877923093939,0.001994239917313239,0.003705628882722862,0.0007567330648399646,0.001704341444655872,0.004331961879930585,0.0033981212771944896,0.0012822053939891228,0.0009677089900365702,0.003042857792450528,0.0038714353603021266,0.0025420341950592147,0.007421280027019133,0.01247787811669391,0.009613014708875081,0.012864703389498272,0.013958630204023487,0.058349260982999064,0.1539961349837561,0.1928835434900394,0.14993063595018097,0.12018822859831935,0.07859092394952341,0.0648880417375037,0.00614223914214021,0.006816374813067692,0.007623809925096356,0.002021772497219717,0.009519046421361402,0.011314950653859072,0.019068697757425063,0.01874830662072283,0.009016861189350538,0.005491901520011696,0.0012020073305095704,0.0,0.0,0.0,0.0,0.0,0.0,0.0,0.0,0.0,0.0,0.0
CCCCC(CC)C(=O)O,CCCCC(CC)C(=O)O,298.15,0.0,aux_only_sigma_profile_stream,,,No,False,0.0,False,0.0,False,0.0,0.0,0.0,False,0.0,False,True,203.50768999999997,0.0,0.0,0.0,0.0,0.0,0.0,0.0,0.0008833982380219309,0.006300624258665018,0.0014961900299256948,0.003973266798211789,0.007747704542614381,0.005009813543286356,0.0021727759592148387,0.0011197575595649747,0.0018154362251224898,0.004539490541740188,0.004548009119102433,0.0027417383134939917,0.002621073383464512,0.007212571602859578,0.040463428485808035,0.10435548374765939,0.15483124062268658,0.16393779263169123,0.12289290778453336,0.10609085495468698,0.08906224176639958,0.024852343008943942,0.011124542291488987,0.019827557202002143,0.007895592911893994,0.01420936717183405,0.022643157212365983,0.011595495309883476,0.018039675539744834,0.026349175135963705,0.00963373204169185,1.356206543369983e-05,2.3585146395309223e-20,0.0,0.0,0.0,0.0,0.0,0.0,0.0,0.0,0.0,0.0,0.0
CCCCCCC(=O)O,CCCCCCC(=O)O,298.15,0.0,aux_only_sigma_profile_stream,,,No,False,0.0,False,0.0,False,0.0,0.0,0.0,False,0.0,False,True,190.72374000000008,0.0,0.0,0.0,0.0,0.0,0.0,0.0,0.0009674478388911692,0.006683750843733662,0.001610836552212739,0.003962434873607648,0.007770162869161794,0.00635328902926935,0.002056974984944679,0.0010350089878902293,0.0018759071902957206,0.0049732739609699905,0.004748776034291298,0.0058296607586156264,0.024662843544813864,0.02254727785917898,0.028063284673471266,0.08370630026702444,0.15573670730179623,0.15845476946526577,0.11330147388330362,0.08892983050413332,0.08261074887368919,0.03738950159134425,0.014350398073348335,0.018733853627721373,0.009782552756612571,0.010229066121462013,0.027084704913767146,0.013074160140768417,0.024183163485214373,0.02861513570688455,0.010231849553765156,0.00044485373255125326,7.823197860598716e-19,0.0,0.0,0.0,0.0,0.0,0.0,0.0,0.0,0.0,0.0,0.0
CCC(C)(C)C(=O)O,CCC(C)(C)C(=O)O,298.15,0.0,aux_only_sigma_profile_stream,,,No,False,0.0,False,0.0,False,0.0,0.0,0.0,False,0.0,False,True,157.88298000000003,0.0,0.0,0.0,0.0,0.0,0.0,0.0,0.0015883541499184973,0.008522967260430288,0.0010773450310877905,0.004521715343546195,0.010521533353522895,0.0071676451294496145,0.001906715303990506,0.0012839954359573343,0.0022814112782548043,0.006195370161280095,0.005333851660957451,0.0033703869256126342,0.003034143227104055,0.019022258635478313,0.07391214602727475,0.119140991972547,0.11706126939836833,0.10735206255754673,0.12214902875753042,0.1170703953305163,0.06701452720852809,0.025339583694776475,0.020577958720351047,0.013500763014146813,0.020383149270128357,0.01947736284175995,0.022244059031426122,0.005172843036394309,0.019817456094058935,0.03529079156926947,0.01695891054495684,0.0017090080338296957,3.1006636698977113e-18,0.0,0.0,0.0,0.0,0.0,0.0,0.0,0.0,0.0,0.0,0.0
CCCC(C)(C)C(=O)O,CCCC(C)(C)C(=O)O,298.15,0.0,aux_only_sigma_profile_stream,,,No,False,0.0,False,0.0,False,0.0,0.0,0.0,False,0.0,False,True,176.38833000000002,0.0,0.0,0.0,0.0,0.0,0.0,0.0,0.0,0.0019553518252206363,0.0016054846541541663,0.00534217207655779,0.005893384659211239,0.003227224811876532,0.00212047745623448,0.0024158034920578352,0.007433091582349854,0.004689890199452554,0.007344358039077358,0.008756906558663999,0.01684351845845272,0.05161947258925378,0.08567677116617521,0.12959176162881184,0.1148730377279693,0.10147532750008402,0.08585226910240942,0.10414050808030041,0.062348985736501925,0.01888584140090543,0.007936334814821025,0.011442432044309277,0.009391120822511442,0.009320898027926506,0.018725238293812292,0.02573014097729322,0.0269619020673696,0.03263991648509655,0.019022476164672952,0.01232856652419767,0.004409335032268968,0.0,0.0,0.0,0.0,0.0,0.0,0.0,0.0,0.0,0.0,0.0
CC(C)C1=CC2=C(C=C1)[C@]3(CCC[C@@]([C@@H]3CC2)(C)C(=O)O)C,CC(C)C1=CC2=C(C=C1)[C@]3(CCC[C@@]([C@@H]3CC2)(C)C(=O)O)C,298.15,0.0,aux_only_sigma_profile_stream,,,No,False,0.0,False,0.0,False,0.0,0.0,0.0,False,0.0,False,True,317.79913999999997,0.0,0.0,0.0,0.0,0.0,0.0,0.0,0.0008470172874371623,0.004215901369477967,0.0004956237607893308,0.0025399033612761852,0.005165194486861194,0.0031068355229603457,0.0011079856066565788,0.0008096816854332397,0.0011937373236872316,0.002844778679914169,0.0027070458643601463,0.0018829437398476913,0.004371575705208453,0.020723226808367294,0.06696998103183603,0.14070694182070068,0.1283295410283546,0.11739914533749558,0.10914921889884127,0.09379898656068202,0.09287546694014431,0.04528390735968732,0.022939756220539745,0.02414557674014609,0.027441500407600287,0.017706390748106652,0.02003544334951514,0.009318816635605591,0.005503283809631379,0.01593500007937354,0.009825862618502167,0.0006237292109606628,1.0799837679236636e-18,0.0,0.0,0.0,0.0,0.0,0.0,0.0,0.0,0.0,0.0,0.0
CCCCCCCCCCCCCCCCC(=O)O,CCCCCCCCCCCCCCCCC(=O)O,298.15,0.0,aux_only_sigma_profile_stream,,,No,False,0.0,False,0.0,False,0.0,0.0,0.0,False,0.0,False,True,390.4351700000003,0.0,0.0,0.0,0.0,0.0,0.00030836617183421235,0.0017836946314876256,0.0032869884252607084,0.0007356081135152598,0.0017215219652120235,0.0035833590786368643,0.0032805575731732857,0.0010915962169206097,0.0007374326035678823,0.002846409364439678,0.0038209206965313554,0.0020095953626950032,0.006482667391846764,0.01118209177932502,0.00873391097569478,0.01149395924858884,0.012365133100373248,0.05390910228244808,0.1561184431952707,0.19906081904835707,0.15557398611997442,0.1264355586224762,0.07925598592921552,0.06734093409868731,0.005420950804270959,0.0060107754239783475,0.006938120295900054,0.001916186124179872,0.008203026257278456,0.009948395191169373,0.017153925174504064,0.016944631073666578,0.008130739739994964,0.005057989851840038,0.00111661806768491,0.0,0.0,0.0,0.0,0.0,0.0,0.0,0.0,0.0,0.0,0.0
CCCCCCCCCCCCCCCCCCC(=O)O,CCCCCCCCCCCCCCCCCCC(=O)O,298.15,0.0,aux_only_sigma_profile_stream,,,No,False,0.0,False,0.0,False,0.0,0.0,0.0,False,0.0,False,True,430.4602400000002,0.0,0.0,0.0,0.0,0.0,0.0003355376052627646,0.0015815438045304504,0.0029618128639264506,0.0005774767351521104,0.0019111006115921823,0.0033237895409987187,0.0028090203804297226,0.0005132190317350786,0.0007146335325116923,0.0030715196001146303,0.003362126111577945,0.0018671644577451278,0.005974108938500263,0.009662293270860807,0.008040122066084985,0.010666714226612469,0.010708240259527588,0.051126232745715865,0.15640042696123266,0.20494067496931645,0.16148051080551312,0.12960306915847786,0.0788500325848603,0.07058322109051346,0.005007114616179229,0.005509028883128344,0.006316766024853837,0.00174326954727233,0.007346572103213664,0.009541227781216698,0.01524825542682701,0.015321347892048974,0.007364185681129273,0.0045402958721671985,0.0009973448191707658,0.0,0.0,0.0,0.0,0.0,0.0,0.0,0.0,0.0,0.0,0.0
CCCCCCCCCCCCCCCCCCCC(=O)O,CCCCCCCCCCCCCCCCCCCC(=O)O,298.15,0.0,aux_only_sigma_profile_stream,,,No,False,0.0,False,0.0,False,0.0,0.0,0.0,False,0.0,False,True,450.03521000000023,0.0,0.0,0.0,0.0,0.0,0.0002267974451787827,0.001596099420432256,0.0028437824371039485,0.0006596245353974723,0.0012415870417282456,0.0034370637218056285,0.002780080341511678,0.0008058268409599206,0.0007591847671641399,0.0025404576803703164,0.0029834212335673664,0.0020423865025813127,0.005731753694230633,0.009661365768666318,0.007577485653753533,0.01008467744986044,0.01052554509649611,0.04914076095992958,0.1569209643329807,0.20725169882443498,0.1642695291237009,0.1324211589446585,0.07843183154122403,0.07048319359307527,0.004022374820804774,0.005972843468183495,0.006228037330695189,0.0015155758176052796,0.0071786839153148005,0.008699123294891654,0.014758160019256509,0.014680832339373902,0.007037125006103545,0.004466790178506014,0.0010241768584526671,0.0,0.0,0.0,0.0,0.0,0.0,0.0,0.0,0.0,0.0,0.0
C(=C/C(=O)O)\C(=O)O,C(=C/C(=O)O)\C(=O)O,298.15,0.0,aux_only_sigma_profile_stream,,,No,False,0.0,False,0.0,False,0.0,0.0,0.0,False,0.0,False,True,141.05796000000004,0.0,0.0,0.0,0.0,0.002197264983273882,0.009614142312690397,0.015162683875724963,0.009069248743335666,0.004811650824043562,0.026862718630741498,0.020056777554379995,0.00584006301163945,0.004043241423239435,0.01648247658375415,0.012103175069752396,0.0095970924025356,0.019513351530603372,0.025281367449165218,0.01597649787302673,0.015406447356586181,0.02864052183343874,0.0495424115545689,0.07401335630615456,0.06161345276140133,0.0507981968690144,0.04305904055946753,0.01632691185126589,0.0353312002717665,0.03841491870768405,0.03303268652561095,0.026895653740818527,0.02905784774364445,0.06983125981329062,0.03842714647273219,0.05709648696357028,0.08835961407255204,0.032062898661333536,0.013238830583159073,0.0022393650840338924,3.979881307263505e-18,0.0,0.0,0.0,0.0,0.0,0.0,0.0,0.0,0.0,0.0,0.0
C(CCC(=O)O)CCC(=O)O,C(CCC(=O)O)CCC(=O)O,298.15,0.0,aux_only_sigma_profile_stream,,,No,False,0.0,False,0.0,False,0.0,0.0,0.0,False,0.0,False,True,204.67056,0.0,0.0,0.0,0.0,0.0,0.0,0.0,0.002113865968485294,0.012504516199455164,0.0026434067283228916,0.008206743344656448,0.01428782473327521,0.011555589786051257,0.0035421563408543463,0.0020177617407806992,0.0035067051750303927,0.009693711985849895,0.008783454734759898,0.012534138402149092,0.0493279516709946,0.04478347515783448,0.06137662997613384,0.12654981700860007,0.11807696050831246,0.08478235786535444,0.04362981860016648,0.04087172048928322,0.012803234720923186,0.03708517568511172,0.026600700889214846,0.034645752548461674,0.016576380591051296,0.02144014098357707,0.049224268139891246,0.024775705471076156,0.04513306741968572,0.05233637346457828,0.017996040479092618,0.0005945531909860427,1.022977347313429e-18,0.0,0.0,0.0,0.0,0.0,0.0,0.0,0.0,0.0,0.0,0.0
C(CCCC(=O)O)CCC(=O)O,C(CCCC(=O)O)CCC(=O)O,298.15,0.0,aux_only_sigma_profile_stream,,,No,False,0.0,False,0.0,False,0.0,0.0,0.0,False,0.0,False,True,224.52306999999996,0.0,0.0,0.0,0.0,0.0,0.0,0.0,0.001726941159841159,0.011370970437974014,0.002637576073897164,0.006936058466321428,0.013210202547282817,0.010646257972716663,0.0034758526335754453,0.0017580983911701532,0.003191005638377707,0.008568225512180732,0.008079116117151348,0.010645717096972086,0.04333395802638193,0.03854735962858459,0.049629663712508924,0.1180300038950256,0.13907762142770408,0.10722509279510163,0.05498095626425339,0.048790515329760996,0.019371279159078096,0.03328591910619404,0.02422147364021444,0.03174046480073927,0.016100854387647072,0.018274120383299234,0.04572024426766613,0.02199243987809458,0.04217825406782065,0.04760600093519244,0.016964333926312,0.0006834223209602498,1.2480745201313573e-18,0.0,0.0,0.0,0.0,0.0,0.0,0.0,0.0,0.0,0.0,0.0
C1=CC=C(C=C1)/C=C/C(=O)O,C1=CC=C(C=C1)/C=C/C(=O)O,298.15,0.0,aux_only_sigma_profile_stream,,,No,False,0.0,False,0.0,False,0.0,0.0,0.0,False,0.0,False,True,188.58398,0.0,0.0,0.0,0.0,0.0,0.0,0.0,0.00240349021459691,0.006499690388203707,0.00046394591558125876,0.005735183308133694,0.007686020925148304,0.005124965400264942,0.0017492446428936646,0.0013561443550854696,0.0017975033454641577,0.01263157568839575,0.02625314415217952,0.057486535308248876,0.07080309026838918,0.05841793298525887,0.039856666141848636,0.04029287113115478,0.04795454358489777,0.05294874732583977,0.06363511218545922,0.07062109036434802,0.07357120292314014,0.07900450345631639,0.07607248525809934,0.0658701439705971,0.017769607051083342,0.013595585823135454,0.01923865502559549,0.012891891245806617,0.007563355164759481,0.033812725016870424,0.019965089675955453,0.006927257757248173,1.2457848836907636e-17,0.0,0.0,0.0,0.0,0.0,0.0,0.0,0.0,0.0,0.0,0.0
C(CCCCC(=O)O)CCCC(=O)O,C(CCCCC(=O)O)CCCC(=O)O,298.15,0.0,aux_only_sigma_profile_stream,,,No,False,0.0,False,0.0,False,0.0,0.0,0.0,False,0.0,False,True,264.36837000000014,0.0,0.0,0.0,0.0,0.0,0.0,0.0,0.001354433934111715,0.009644491956375184,0.002364926978901374,0.005577000750800437,0.011319648612804836,0.009165178402903304,0.003000404004907643,0.0014869798776268072,0.002705576387351146,0.0071431078135223555,0.0068981495998528455,0.008680480149013813,0.03585140270453116,0.0318620179920039,0.04038937201286937,0.0947037310271898,0.15560952849735837,0.13206895962827503,0.08884774296962336,0.054862034076890116,0.04060638535648872,0.029600450415347215,0.020672029931516307,0.027132782776368422,0.013900446638556678,0.014953814518765797,0.03921863242099157,0.018417720855526013,0.03602953083518167,0.040560815681210914,0.014693076047034641,0.0006791471460993329,1.2250159754814804e-18,0.0,0.0,0.0,0.0,0.0,0.0,0.0,0.0,0.0,0.0,0.0
C(CC(=O)O)CC(=O)O,C(CC(=O)O)CC(=O)O,298.15,0.0,aux_only_sigma_profile_stream,,,No,False,0.0,False,0.0,False,0.0,0.0,0.0,False,0.0,False,True,165.1697299999999,0.0,0.0,0.0,0.0,0.0,0.0,0.0,0.004019227394016791,0.015696996288158502,0.0016737731410925243,0.013919198370545182,0.016919559820691304,0.012532702197121305,0.0032111670700754264,0.0031260154035153615,0.004425209244229745,0.014150915003060253,0.010381707108518073,0.04395204842593909,0.07727170747544061,0.05699481739270952,0.0799843463558959,0.0725954490306039,0.05135450337728502,0.04913994036399451,0.03340153076985537,0.02276376503351336,0.015635899322010236,0.04615999586905963,0.03753874010676541,0.04050170570445592,0.013927650667215907,0.03730161991181928,0.05571669842544984,0.033728380714243784,0.05669485738909742,0.05928106434823185,0.015997121066330288,1.687209058751868e-06,3.011576270994467e-21,0.0,0.0,0.0,0.0,0.0,0.0,0.0,0.0,0.0,0.0,0.0
C1=C(C(=CC(=C1C(=O)O)C(=O)O)C(=O)O)C(=O)O,C1=C(C(=CC(=C1C(=O)O)C(=O)O)C(=O)O)C(=O)O,298.15,0.0,aux_only_sigma_profile_stream,,,No,False,0.0,False,0.0,False,0.0,0.0,0.0,False,0.0,False,True,243.22631000000015,0.0,0.0,0.0,0.0,0.0,0.0,0.008771456973216433,0.020163787401839987,0.005320001712480074,0.021927674801721024,0.026020522504007167,0.008999632782686277,0.0021184158868765334,0.005990407213314337,0.015747480165788617,0.016897855924492406,0.007191959774055894,0.01509743300614435,0.017832537286768965,0.013692173940899437,0.03770471420155379,0.04239147390642317,0.04869230052827425,0.07493093031952869,0.055940042398867094,0.04359668052528936,0.045993048405158936,0.06407277212254582,0.04355989425969704,0.03913914513768249,0.025549435754738985,0.044328862266237536,0.05121050728932693,0.03254086524526214,0.09329961751639239,0.06305467628233091,0.008223694466398892,2.835559309038795e-17,0.0,0.0,0.0,0.0,0.0,0.0,0.0,0.0,0.0,0.0,0.0,0.0,0.0
CC(C)CC1=CC=C(C=C1)C(C)C(=O)O,CC(C)CC1=CC=C(C=C1)C(C)C(=O)O,298.15,0.0,aux_only_sigma_profile_stream,,,No,False,0.0,False,0.0,False,0.0,0.0,0.0,False,0.0,False,True,258.4296099999998,0.0,0.0,0.0,0.0,0.0,0.0,0.0,0.0016614971200913002,0.005068417724514351,0.0003337784826850463,0.005276215071429195,0.005265767880897088,0.00356931088916492,0.0006715274194672899,0.0011925874851163067,0.001880833860813411,0.004519683960121949,0.002936202946586947,0.00439068203568709,0.021672385397842046,0.04069623338165277,0.06670030977246963,0.10428801473175663,0.11491327520883356,0.10479322529677161,0.085916119383022,0.08721583587491046,0.08899820475576933,0.05775987187742229,0.04549664647954431,0.04537020153721127,0.02156168540044376,0.01583590255655586,0.01735456620779679,0.006213428490597619,0.017486080026832815,0.018205904387492942,0.002755604356499661,4.8034056166167736e-18,0.0,0.0,0.0,0.0,0.0,0.0,0.0,0.0,0.0,0.0,0.0,0.0
CC1=CCC(CC1)C=C,CC1=CCC(CC1)C=C,298.15,0.0,aux_only_sigma_profile_stream,,,No,False,0.0,False,0.0,False,0.0,0.0,0.0,False,0.0,False,True,180.24256999999997,0.0,0.0,0.0,0.0,0.0,0.0,0.0,0.0,0.0,0.0,0.0,0.0,0.0,0.0,0.0,0.0,0.0,0.0,0.0,0.0023504513809597645,0.022248126168956706,0.08327471082898343,0.15034326982171528,0.15178937166788678,0.12075777630319964,0.09919485684505665,0.10475485346929475,0.060870799190439875,0.04640696286996141,0.03523821846542158,0.029326434234683025,0.033140658064449595,0.02880856827978391,0.021378188197157037,0.00990453250838201,0.00021222170366859286,0.0,0.0,0.0,0.0,0.0,0.0,0.0,0.0,0.0,0.0,0.0,0.0,0.0,0.0,0.0
C1=CC2=C(C=CC(=C2)C(=O)O)C=C1C(=O)O,C1=CC2=C(C=CC(=C2)C(=O)O)C=C1C(=O)O,298.15,0.0,aux_only_sigma_profile_stream,,,No,False,0.0,False,0.0,False,0.0,0.0,0.0,False,0.0,False,True,230.3034499999999,0.0,0.0,0.0,0.0,0.0,0.00304786730533613,0.00355174641820188,0.00700866771439897,0.005917963452213548,0.007850947289239525,0.01155945061562421,0.006936423578447531,0.00545515868111998,0.0052391244927511085,0.005231210633517562,0.008197130754024264,0.013290775594174254,0.03390017239933306,0.048060577789690966,0.03675570207994462,0.026928980692308657,0.032579569534669464,0.04342717034748157,0.056839601562423854,0.05995484559611549,0.05539336416574352,0.12459760953102919,0.0927679184980707,0.05596451929472747,0.028455535896062225,0.0196131584316836,0.017401202666954278,0.030480939958675835,0.02856828915344938,0.02398867294746679,0.04633477016645951,0.03733620102308719,0.011669758966167117,0.005023328791887022,0.0006716439775195106,0.0,0.0,0.0,0.0,0.0,0.0,0.0,0.0,0.0,0.0,0.0
CCCC=C=C,CCCC=C=C,298.15,0.0,aux_only_sigma_profile_stream,,,No,False,0.0,False,0.0,False,0.0,0.0,0.0,False,0.0,False,True,149.1558100000001,0.0,0.0,0.0,0.0,0.0,0.0,0.0,0.0,0.0,0.0,0.0,0.0,0.0,0.0,0.0,0.0,0.0,0.0002883090875494295,0.01477389964214541,0.03300199913231101,0.03237500568256823,0.06179346089078612,0.10958346997259168,0.12952592875449295,0.10846648367917944,0.09766250705113459,0.09246208121674637,0.09781999140336932,0.03919861325906089,0.04636048611301193,0.05428538134000622,0.05088849006026594,0.025843323923994965,0.005670568790785478,0.0,0.0,0.0,0.0,0.0,0.0,0.0,0.0,0.0,0.0,0.0,0.0,0.0,0.0,0.0,0.0,0.0
C1CCC(CC1)OC=O,C1CCC(CC1)OC=O,298.15,0.0,aux_only_sigma_profile_stream,,,No,False,0.0,False,0.0,False,0.0,0.0,0.0,False,0.0,False,True,168.75474,0.0,0.0,0.0,0.0,0.0,0.0,0.0,0.0,0.0,0.0,0.0,0.0,0.0,0.0,0.0,0.0015376034810727181,0.018742604932751993,0.021355336758965823,0.015092575695801908,0.018520733931603167,0.026644315841452396,0.0773046869032775,0.15022093390035327,0.14384185561017956,0.11516309980359782,0.10947488292315938,0.0739681976171911,0.02746360630201326,0.011334266892092335,0.007707447676515398,0.014495717982495123,0.019443442809824366,0.010530883544731069,0.01797809585502458,0.024596511172409734,0.04233415563248212,0.028117236415422138,0.018672278824375988,0.005459529493207266,9.448029460542909e-18,0.0,0.0,0.0,0.0,0.0,0.0,0.0,0.0,0.0,0.0,0.0
CC(=O)OC(C)(C)C,CC(=O)OC(C)(C)C,298.15,0.0,aux_only_sigma_profile_stream,,,No,False,0.0,False,0.0,False,0.0,0.0,0.0,False,0.0,False,True,163.56318999999996,0.0,0.0,0.0,0.0,0.0,0.0,0.0,0.0,0.0,0.0,0.0,0.0,0.0,0.0,0.0,0.0,0.0,0.00012933837244437948,0.010085621823911605,0.024380425133638754,0.06479761073422878,0.10699004514612917,0.1137418323420545,0.10181029855510891,0.12401428523664894,0.09601540047360108,0.1371806364169365,0.047718126315414736,0.0177160732623561,0.015739531469956415,0.01269926922877911,0.007711854151280861,0.023914122468895606,0.019550785383312348,0.014763287761190283,0.013859929818620137,0.015367131798410944,0.01595626865123467,0.011922145528164691,0.003935979927681557,0.0,0.0,0.0,0.0,0.0,0.0,0.0,0.0,0.0,0.0,0.0
CC(C)C(=O)OC,CC(C)C(=O)OC,298.15,0.0,aux_only_sigma_profile_stream,,,No,False,0.0,False,0.0,False,0.0,0.0,0.0,False,0.0,False,True,149.17916999999997,0.0,0.0,0.0,0.0,0.0,0.0,0.0,0.0,0.0,0.0,0.0,0.0,0.0,0.0,0.0,0.0,0.0,0.00022622393223160385,0.011840944115783928,0.04838558263133996,0.055583763564442154,0.09539061629363672,0.1291264612980814,0.1347271450699337,0.09739309212983825,0.0728243917383352,0.09761697764070282,0.057611662750696756,0.019824471037418433,0.022552266549635856,0.012560220359036128,0.026475317712279674,0.01654238924905448,0.011791351250460104,0.015327922976458849,0.01056342529577041,0.025418291149296075,0.03332151976210617,0.004895963493461216,8.657611110911315e-18,0.0,0.0,0.0,0.0,0.0,0.0,0.0,0.0,0.0,0.0,0.0
CCOC(=O)C(C)C,CCOC(=O)C(C)C,298.15,0.0,aux_only_sigma_profile_stream,,,No,False,0.0,False,0.0,False,0.0,0.0,0.0,False,0.0,False,True,168.8474199999999,0.0,0.0,0.0,0.0,0.0,0.0,0.0,0.0,0.0,0.0,0.0,0.0,0.0,0.0,0.0,0.0,0.0,0.0,0.001982646252907982,0.019496846095005554,0.057570562236540404,0.10571767282626594,0.14148853102567524,0.12289120132993868,0.10505922457464918,0.1010970204583642,0.10960442260454802,0.06038708099444163,0.023117652387773604,0.022315509367440037,0.013202849888277432,0.012574420160973506,0.013933702849506504,0.009101316472911526,0.011272766549670295,0.011233892926657945,0.01778828535129256,0.034135227437919954,0.006029168209239792,1.0690340359033917e-17,0.0,0.0,0.0,0.0,0.0,0.0,0.0,0.0,0.0,0.0,0.0
CC(C)OC(=O)C=C,CC(C)OC(=O)C=C,298.15,0.0,aux_only_sigma_profile_stream,,,No,False,0.0,False,0.0,False,0.0,0.0,0.0,False,0.0,False,True,165.28489000000002,0.0,0.0,0.0,0.0,0.0,0.0,0.0,0.0,0.0,0.0,0.0,0.0,0.0,0.0,0.0,0.0,0.0,0.007433822950811777,0.02738755836582122,0.03534899365933528,0.058835668150824964,0.09297513128839967,0.11355004777643071,0.08541833974153536,0.0983235815249815,0.11744154006956836,0.09253631369147235,0.053245848024414136,0.038190910203902605,0.03853714370335098,0.02127396501181882,0.017890787997822608,0.009306117208257572,0.011916583702264978,0.017228473384055674,0.006218102217306892,0.026426426294227298,0.021533808322566645,0.008949670208717345,3.1166502113301464e-05,0.0,0.0,0.0,0.0,0.0,0.0,0.0,0.0,0.0,0.0,0.0
C1=CC=C(C=C1)COC=O,C1=CC=C(C=C1)COC=O,298.15,0.0,aux_only_sigma_profile_stream,,,No,False,0.0,False,0.0,False,0.0,0.0,0.0,False,0.0,False,True,176.53084999999987,0.0,0.0,0.0,0.0,0.0,0.0,0.0,0.0,0.0,0.0,0.0,0.0,0.0,0.0,0.00027621024793563013,0.011154434986100267,0.020194246521305158,0.024436720988466002,0.0452707595309538,0.08359572552116704,0.08483415295224948,0.08143101290166228,0.05794325677342123,0.04721684228710566,0.04469374947071045,0.048898204286321266,0.04588240487281875,0.05393897921713744,0.05837141166847669,0.07262528893958937,0.06220206756788069,0.015206020857066469,0.020246469111188967,0.0179335704946045,0.0293543133997284,0.035722301540886375,0.023787684184564548,0.013459848811655739,0.0013243228670038554,2.2380460091629675e-18,0.0,0.0,0.0,0.0,0.0,0.0,0.0,0.0,0.0,0.0,0.0
CCCCCCCCCCCCCCCCOC(=O)C(=C)C,CCCCCCCCCCCCCCCCOC(=O)C(=C)C,298.15,0.0,aux_only_sigma_profile_stream,,,No,False,0.0,False,0.0,False,0.0,0.0,0.0,False,0.0,False,True,444.3375500000002,0.0,0.0,0.0,0.0,0.0,0.0,0.0,0.0,0.0,0.0,0.0,0.0,0.0,0.0,0.0,0.0,0.0,0.0003561940005529758,0.0035081830310217292,0.009134569998192383,0.02266430799293059,0.032727477507605636,0.068963050503986,0.15453738300469178,0.19756335334370992,0.16603578840984373,0.1316186521406779,0.07766771530539403,0.0673100131796896,0.018442130300426636,0.009271820638056162,0.002544478080824746,0.003686958210576012,0.0025154568939684246,0.007378372274632425,0.0036382658188068096,0.006728286024285045,0.012788582605425217,0.0009189607347022155,1.6164727499761106e-18,0.0,0.0,0.0,0.0,0.0,0.0,0.0,0.0,0.0,0.0,0.0
CC(=C)C(=O)OCC=C,CC(=C)C(=O)OCC=C,298.15,0.0,aux_only_sigma_profile_stream,,,No,False,0.0,False,0.0,False,0.0,0.0,0.0,False,0.0,False,True,180.65918999999997,0.0,0.0,0.0,0.0,0.0,0.0,0.0,0.0,0.0,0.0,0.0,0.0,0.0,0.0,0.0,0.0,0.0,0.001234473091378003,0.022863403721566783,0.06665134678485497,0.08879133767036985,0.08848297719662311,0.0693489623458696,0.08221782818990776,0.08415845045394592,0.09651823976209793,0.09560534674220339,0.05306655347593688,0.04423127165050763,0.05192028896965708,0.03309107216695826,0.018415667484847967,0.019858290685249726,0.012195188044687739,0.01706727366026384,0.008808651497193393,0.025913763967072623,0.019420676355977988,0.00013893608282962303,2.403700233035272e-19,0.0,0.0,0.0,0.0,0.0,0.0,0.0,0.0,0.0,0.0,0.0
COC(=O)C1=CC2=C(C=C1)C=C(C=C2)C(=O)OC,COC(=O)C1=CC2=C(C=C1)C=C(C=C2)C(=O)OC,298.15,0.0,aux_only_sigma_profile_stream,,,No,False,0.0,False,0.0,False,0.0,0.0,0.0,False,0.0,False,True,272.4387899999999,0.0,0.0,0.0,0.0,0.0,0.0,0.0,0.0,0.0,0.0,0.0,0.0,0.0,0.0,0.0,0.0,0.0,0.0020275356640877206,0.03365421158482708,0.07580176231574258,0.07748772483673161,0.0647135812008125,0.08403331898741807,0.07900881823749513,0.07629325968965069,0.06626078741483879,0.11049683402373577,0.10789791077327278,0.051249291845411236,0.02869935486371681,0.017861839891544974,0.015059651711430783,0.009048615765559929,0.021535628779144743,0.012043950249162282,0.019679583442654188,0.04047807517917317,0.006668263543589231,1.177472763907856e-17,0.0,0.0,0.0,0.0,0.0,0.0,0.0,0.0,0.0,0.0,0.0,0.0
CC(=O)OC1CCCCC1,CC(=O)OC1CCCCC1,298.15,0.0,aux_only_sigma_profile_stream,,,No,False,0.0,False,0.0,False,0.0,0.0,0.0,False,0.0,False,True,186.22848999999997,0.0,0.0,0.0,0.0,0.0,0.0,0.0,0.0,0.0,0.0,0.0,0.0,0.0,0.0,0.0,0.0,0.0,0.0,0.003586499966405941,0.026657331603620694,0.032452609105584763,0.046572859360236835,0.14362507868352156,0.1794336251158843,0.15979658368842065,0.12678432138314286,0.08397985440557082,0.042803405004765434,0.008270942306815946,0.009776810163142923,0.011783432093777918,0.014825376148759893,0.01286408980006636,0.01499039407660944,0.022963081604921037,0.008122376524198345,0.027015699226874655,0.017614625602873794,0.006081004134805979,1.0565761969773831e-17,0.0,0.0,0.0,0.0,0.0,0.0,0.0,0.0,0.0,0.0,0.0
CC(=O)OCC(COC(=O)C)OC(=O)C,CC(=O)OCC(COC(=O)C)OC(=O)C,298.15,0.0,aux_only_sigma_profile_stream,,,No,False,0.0,False,0.0,False,0.0,0.0,0.0,False,0.0,False,True,261.0090399999999,0.0,0.0,0.0,0.0,0.0,0.0,0.0,0.0,0.0,0.0,0.0,0.0,0.0,0.0,0.0,0.0,3.26417521066734e-05,0.021942722686142793,0.0604353534343416,0.08543576487534112,0.09429465625273864,0.0807206494129127,0.07737282796469122,0.11958443757327258,0.07350071436956476,0.03645815393172851,0.031646162787537485,0.018907808931147338,0.027100410302267546,0.02604534317816736,0.022807484345684973,0.021003071046351313,0.02522895887021366,0.03618596029992185,0.02165107136556401,0.04764106408061768,0.0482608354149844,0.021884471829082954,0.001859435295618804,3.176844978527213e-18,0.0,0.0,0.0,0.0,0.0,0.0,0.0,0.0,0.0,0.0,0.0
CCOC(=O)C1=CC=CC=C1C(=O)OCC,CCOC(=O)C1=CC=CC=C1C(=O)OCC,298.15,0.0,aux_only_sigma_profile_stream,,,No,False,0.0,False,0.0,False,0.0,0.0,0.0,False,0.0,False,True,254.75996000000023,0.0,0.0,0.0,0.0,0.0,0.0,0.0,0.0,0.0,0.0,0.0,0.0,0.0,0.0,0.0,0.0,0.0,0.010647977474488052,0.036119374783072006,0.05024540548926679,0.08541445487002385,0.10265229573667492,0.09870868523676984,0.08790515677401572,0.06425446468685261,0.08512670479934163,0.0447414146285774,0.055315637879811204,0.065368442306592,0.04052200058062456,0.02035567212054547,0.025432448819748144,0.01995693178367321,0.01487570234071742,0.016082129165745224,0.02306909691453936,0.03743353154328431,0.014270537061041644,0.0015019350045945782,2.63984191640398e-18,0.0,0.0,0.0,0.0,0.0,0.0,0.0,0.0,0.0,0.0,0.0
CCCCOC(=O)C1=CC=CC=C1C(=O)OCCCC,CCCCOC(=O)C1=CC=CC=C1C(=O)OCCCC,298.15,0.0,aux_only_sigma_profile_stream,,,No,False,0.0,False,0.0,False,0.0,0.0,0.0,False,0.0,False,True,344.04803,0.0,0.0,0.0,0.0,0.0,0.0,0.0,0.0,0.0,0.0,0.0,0.0,0.0,0.0,0.0,0.0,0.0,0.0008877034421606222,0.014828166595271045,0.0311233399182027,0.040888682368973896,0.06757603117045141,0.14062204661413089,0.13622706760416647,0.10742378088669917,0.09298022582384269,0.08336769110773924,0.09323756262394264,0.05686853562777064,0.009233144124467884,0.01018825613649533,0.014293167111430546,0.011667767126406827,0.019556703756992477,0.012643539200848323,0.024479211165825784,0.029205428147674233,0.0027019494465072556,4.625243334360955e-18,0.0,0.0,0.0,0.0,0.0,0.0,0.0,0.0,0.0,0.0,0.0,0.0
COC(=O)C1=CC=CC=C1C(=O)OC,COC(=O)C1=CC=CC=C1C(=O)OC,298.15,0.0,aux_only_sigma_profile_stream,,,No,False,0.0,False,0.0,False,0.0,0.0,0.0,False,0.0,False,True,219.95289,0.0,0.0,0.0,0.0,0.0,0.0,0.0,0.0,0.0,0.0,0.0,0.0,0.0,0.0,0.0,0.0,0.0,0.016827801877496038,0.06378654882921382,0.08778494761610042,0.07058690253260641,0.07571827547398625,0.09115367671522115,0.08056833172459472,0.050950360563772536,0.04427707723024334,0.0368086941383383,0.07142016989252016,0.07156317490132819,0.047028739514418286,0.022034454352785338,0.03014395393473202,0.014553981791829602,0.02085654541778787,0.01643270288657671,0.0302456836134707,0.04022338648909238,0.015848011039468493,0.001186579464417274,2.0200598699854588e-18,0.0,0.0,0.0,0.0,0.0,0.0,0.0,0.0,0.0,0.0,0.0
CCOC(=O)CCC(=O)OCC,CCOC(=O)CCC(=O)OCC,298.15,0.0,aux_only_sigma_profile_stream,,,No,False,0.0,False,0.0,False,0.0,0.0,0.0,False,0.0,False,True,227.1810399999999,0.0,0.0,0.0,0.0,0.0,0.0,0.0,0.0,0.0,0.0,0.0,0.0,0.0,0.0,0.0,0.0,0.0,0.0008787436875226518,0.023222801710303602,0.04916823610622217,0.10437483924804335,0.11382750171263899,0.11500293159423607,0.10336297698318268,0.08115261968136957,0.08932017729448684,0.048196149187227956,0.022542833904699355,0.016959031665127956,0.026013710797102574,0.016022166532773698,0.025886800330615314,0.022699784205587187,0.024885875067107984,0.031135699405724446,0.015043478165826251,0.03870534634958932,0.03027949176106751,0.001318804609544568,2.216969298010666e-18,0.0,0.0,0.0,0.0,0.0,0.0,0.0,0.0,0.0,0.0,0.0
CCCCCCOC(=O)CCCCC(=O)OCCCCCC,CCCCCCOC(=O)CCCCC(=O)OCCCCCC,298.15,0.0,aux_only_sigma_profile_stream,,,No,False,0.0,False,0.0,False,0.0,0.0,0.0,False,0.0,False,True,426.22551,0.0,0.0,0.0,0.0,0.0,0.0,0.0,0.0,0.0,0.0,0.0,0.0,0.0,0.0,0.0,0.0,0.0,0.0,0.0024485487350117546,0.019190186724816725,0.034687362888270575,0.06641036326347359,0.13720978108681742,0.16766578793654138,0.14829095036487044,0.1046161006251092,0.08325840432723841,0.0731064429152009,0.03205795654727236,0.01229770856798496,0.010370123509117816,0.01208466557733914,0.01466992194622004,0.01119612384313881,0.014866043329551366,0.011286785100104226,0.018790211841131596,0.021386757792802465,0.004109773077986842,6.921583285254062e-18,0.0,0.0,0.0,0.0,0.0,0.0,0.0,0.0,0.0,0.0,0.0
CC(OC(=O)C)OC(=O)C,CC(OC(=O)C)OC(=O)C,298.15,0.0,aux_only_sigma_profile_stream,,,No,False,0.0,False,0.0,False,0.0,0.0,0.0,False,0.0,False,True,188.08122000000003,0.0,0.0,0.0,0.0,0.0,0.0,0.0,0.0,0.0,0.0,0.0,0.0,0.0,0.0,0.0,0.0,0.0,0.012122865212854318,0.04317412289425503,0.07883522115569112,0.09062171409103416,0.08750014656343359,0.09185030702893623,0.13513905340850826,0.08721390274348174,0.03638780310886498,0.02162378558964515,0.024381126667513846,0.01816235318232623,0.02478885708308639,0.02608508679857627,0.03001913034763284,0.04025899772214737,0.034805592370761355,0.024038338419738712,0.04388484606420426,0.03292154627398253,0.015197682563880972,0.000987520709444619,1.769818201252775e-18,0.0,0.0,0.0,0.0,0.0,0.0,0.0,0.0,0.0,0.0,0.0
C=CCOC(=O)/C=C\C(=O)OCC=C,C=CCOC(=O)/C=C\C(=O)OCC=C,298.15,0.0,aux_only_sigma_profile_stream,,,No,False,0.0,False,0.0,False,0.0,0.0,0.0,False,0.0,False,True,252.7683200000001,0.0,0.0,0.0,0.0,0.0,0.0,0.0,0.0,0.0,0.0,0.0,0.0,0.0,0.0,0.0,0.0,0.0025740304339153847,0.01302133405512953,0.030532036502755752,0.0665769173922341,0.08298339790749565,0.09243660459667331,0.08345383849059919,0.08248494216918438,0.0817973827309229,0.07026816618472716,0.07103518084095979,0.04073514512036515,0.04135217178899751,0.05086346109554194,0.04502518638365202,0.035710025482120766,0.01115848763225846,0.015246784099067353,0.011009257591607717,0.012527339549806312,0.032455092740103705,0.01467103832228558,0.011725228044159174,0.0003569508454372117,0.0,0.0,0.0,0.0,0.0,0.0,0.0,0.0,0.0,0.0,0.0
CC(C)COC(=O)C=C,CC(C)COC(=O)C=C,298.15,0.0,aux_only_sigma_profile_stream,,,No,False,0.0,False,0.0,False,0.0,0.0,0.0,False,0.0,False,True,185.29968000000008,0.0,0.0,0.0,0.0,0.0,0.0,0.0,0.0,0.0,0.0,0.0,0.0,0.0,0.0,0.0,0.0,0.0,0.008240740705098892,0.024298945860464993,0.03139928741811199,0.04358618277705302,0.08121254077790632,0.11475633965880076,0.1175868490519708,0.10321826112301917,0.1010744885979754,0.08930352264691388,0.0859501205194126,0.04147803380685545,0.03489635665778909,0.018082042082509162,0.009451870720653371,0.01188683600684291,0.008893008375785265,0.0179101215848384,0.00788443664046017,0.022369688191460665,0.025363065501731716,0.001157261294345973,2.0245914199302117e-18,0.0,0.0,0.0,0.0,0.0,0.0,0.0,0.0,0.0,0.0,0.0
CCCCCCCCCCCC(=O)OC,CCCCCCCCCCCC(=O)OC,298.15,0.0,aux_only_sigma_profile_stream,,,No,False,0.0,False,0.0,False,0.0,0.0,0.0,False,0.0,False,True,311.99332000000027,0.0,0.0,0.0,0.0,0.0,0.0,0.0,0.0,0.0,0.0,0.0,0.0,0.0,0.0,0.0,0.0,0.0,0.00018694603263619156,0.005978298843198817,0.025002188766336517,0.030402767652013135,0.03261981573842828,0.07834253751466341,0.16690104136968398,0.18364137616825724,0.13998279402510463,0.1126471624574368,0.0772055976434187,0.05647501436503892,0.010363432066117208,0.006062404375220052,0.009658010138987103,0.008928318824557614,0.00760274720019258,0.011356144016850447,0.006898349175084714,0.012847159914574382,0.01390352750792089,0.0029943662042782823,5.10266746936229e-18,0.0,0.0,0.0,0.0,0.0,0.0,0.0,0.0,0.0,0.0,0.0
COC(=O)/C=C\C(=O)OC,COC(=O)/C=C\C(=O)OC,298.15,0.0,aux_only_sigma_profile_stream,,,No,False,0.0,False,0.0,False,0.0,0.0,0.0,False,0.0,False,True,178.29348999999996,0.0,0.0,0.0,0.0,0.0,0.0,0.0,0.0,0.0,0.0,0.0,0.0,0.0,0.0,0.0,0.0018129275534071792,0.0212710638261263,0.031082686559278247,0.05096054131301464,0.07770998546558544,0.07286059137283196,0.07947740196232124,0.11358221870135025,0.06719366728490254,0.05303546760322978,0.034603937388808764,0.02771932654432981,0.06117343568141438,0.04108858956852525,0.02281323060067348,0.02507462462647958,0.028661607442232583,0.026434267232172137,0.031189210428925765,0.01578825218170815,0.04767810059326604,0.05352387775532952,0.01439364620942534,0.0008713421046616175,1.5633227140251908e-18,0.0,0.0,0.0,0.0,0.0,0.0,0.0,0.0,0.0,0.0,0.0
CCCOC(=O)/C=C\C(=O)OCCC,CCCOC(=O)/C=C\C(=O)OCCC,298.15,0.0,aux_only_sigma_profile_stream,,,No,False,0.0,False,0.0,False,0.0,0.0,0.0,False,0.0,False,True,238.1091600000001,0.0,0.0,0.0,0.0,0.0,0.0,0.0,0.0,0.0,0.0,0.0,0.0,0.0,0.0,0.0,0.0,0.0034952089108578593,0.015559933662609993,0.014814556340809857,0.02739439013984963,0.04874389237279404,0.08565198474637134,0.1137132348477362,0.14006549431266815,0.11374902576743535,0.11368109674547208,0.08058587729436739,0.05228338483989105,0.022438860197674704,0.009225302738136362,0.01588143825829207,0.012104933053087538,0.014573376969463411,0.020378270753371595,0.013360222447246375,0.01924278066609339,0.043007501901371106,0.01814400948159474,0.001905223552805702,3.3380432849384757e-18,0.0,0.0,0.0,0.0,0.0,0.0,0.0,0.0,0.0,0.0,0.0
CCC(C)OC(=O)C=C,CCC(C)OC(=O)C=C,298.15,0.0,aux_only_sigma_profile_stream,,,No,False,0.0,False,0.0,False,0.0,0.0,0.0,False,0.0,False,True,183.32728999999995,0.0,0.0,0.0,0.0,0.0,0.0,0.0,0.0,0.0,0.0,0.0,0.0,0.0,0.0,0.0,0.0,0.0,0.007581674895828823,0.02391954247058652,0.03064714190913323,0.03610280228519339,0.08856950989661716,0.11227529093923772,0.1173293753517761,0.10400241958690713,0.12491015197168194,0.0987302880988488,0.05606989755769041,0.0316288140128286,0.032086745182092154,0.018904297468285508,0.01900819442013942,0.011328489665100054,0.015367475953703134,0.021596549913097396,0.006010744452334206,0.01822476988423587,0.025556080843522243,0.00014974324116020482,2.61812343727043e-19,0.0,0.0,0.0,0.0,0.0,0.0,0.0,0.0,0.0,0.0,0.0
CC(C)(C)C(=O)OC=C,CC(C)(C)C(=O)OC=C,298.15,0.0,aux_only_sigma_profile_stream,,,No,False,0.0,False,0.0,False,0.0,0.0,0.0,False,0.0,False,True,179.36170999999987,0.0,0.0,0.0,0.0,0.0,0.0,0.0,0.0,0.0,0.0,0.0,0.0,0.0,0.0,0.0,0.0,0.0,0.002534935400462475,0.01679028793978281,0.02834193359920138,0.05077707995417565,0.10539149800464556,0.09881639129981708,0.10608082886192886,0.1004674927640393,0.09556656838974557,0.12349991268050307,0.049802806945266884,0.03785001461352841,0.04154659056042176,0.03300101922505515,0.030080337280442484,0.018130091282677736,0.00709755514745539,0.010897513179891134,0.026864946747185616,0.015870436691884753,0.000591759431888932,1.0069231725802113e-18,0.0,0.0,0.0,0.0,0.0,0.0,0.0,0.0,0.0,0.0,0.0,0.0
COC(=O)OC,COC(=O)OC,298.15,0.0,aux_only_sigma_profile_stream,,,No,False,0.0,False,0.0,False,0.0,0.0,0.0,False,0.0,False,True,123.9617899999999,0.0,0.0,0.0,0.0,0.0,0.0,0.0,0.0,0.0,0.0,0.0,0.0,0.0,0.0,0.0,0.0,0.0,0.006689107748973572,0.047923727288547824,0.10751954669462269,0.08881877202144797,0.09652155262326084,0.1376549785271422,0.08087324262133443,0.050114734552485524,0.031573165289554006,0.024535154668646066,0.03185281627636809,0.029098762029096812,0.028266781195590295,0.02006812212435278,0.029692418654709028,0.014575333429014067,0.02160585493078393,0.03086353952578172,0.026978144460524076,0.055135975813393974,0.026238546963353343,0.012370199626154594,0.0010295229348622063,0.0,0.0,0.0,0.0,0.0,0.0,0.0,0.0,0.0,0.0,0.0
CCCOC(=O)C1=CC=CC=C1,CCCOC(=O)C1=CC=CC=C1,298.15,0.0,aux_only_sigma_profile_stream,,,No,False,0.0,False,0.0,False,0.0,0.0,0.0,False,0.0,False,True,214.26441,0.0,0.0,0.0,0.0,0.0,0.0,0.0,0.0,0.0,0.0,0.0,0.0,0.0,0.0,0.0,0.0,0.0,0.0008590653408184029,0.025030000515064262,0.04932797872296897,0.0657643118480624,0.08836573788983387,0.09201475396146985,0.09959836309113632,0.08307394116826634,0.08306677179109867,0.08693209789155325,0.07094216865568576,0.06256374568790356,0.05572792874227829,0.05389480691029462,0.00873582433868658,0.007258151426055871,0.009198395304652182,0.012587203208157016,0.006514673174744448,0.02314730967354426,0.01511254169651155,0.0002842289612136337,4.836275951709643e-19,0.0,0.0,0.0,0.0,0.0,0.0,0.0,0.0,0.0,0.0,0.0
CC(C)COCC(C)C,CC(C)COCC(C)C,298.15,0.0,aux_only_sigma_profile_stream,,,No,False,0.0,False,0.0,False,0.0,0.0,0.0,False,0.0,False,True,204.12425000000007,0.0,0.0,0.0,0.0,0.0,0.0,0.0,0.0,0.0,0.0,0.0,0.0,0.0,0.0,0.0,0.0,0.0,0.0,0.0,0.0,0.0,0.023113266765298235,0.1462153418106212,0.1895540416182805,0.15361264765015226,0.1180964324295991,0.10004042584706858,0.1400795657360195,0.06298454946776386,0.016956346729817297,0.009034079039831038,0.007373363579653615,0.005012923944843494,0.007811223742344084,0.004857684518956732,0.008746108257046374,0.00641309423994016,9.890462276395182e-05,1.7589061779020026e-19,0.0,0.0,0.0,0.0,0.0,0.0,0.0,0.0,0.0,0.0,0.0,0.0
CCOC(C)C,CCOC(C)C,298.15,0.0,aux_only_sigma_profile_stream,,,No,False,0.0,False,0.0,False,0.0,0.0,0.0,False,0.0,False,True,147.28112999999993,0.0,0.0,0.0,0.0,0.0,0.0,0.0,0.0,0.0,0.0,0.0,0.0,0.0,0.0,0.0,0.0,0.0,0.0,0.0,0.0,0.008987092065708965,0.09009208371463952,0.1527481683463836,0.17464958010721746,0.12457552837735565,0.10592943123161404,0.11957307613381299,0.09758777876179728,0.031180825407812474,0.011634986790552332,0.004230669132048865,0.0043484555515067224,0.009561389621255965,0.0055782369511865396,0.003837382163764919,0.006502682644450577,0.017399609674390047,0.011149644800292569,0.006636832458658754,0.009833155968839795,0.003963390096710979,0.0,0.0,0.0,0.0,0.0,0.0,0.0,0.0,0.0,0.0
CCCCCCOCC,CCCCCCOCC,298.15,0.0,aux_only_sigma_profile_stream,,,No,False,0.0,False,0.0,False,0.0,0.0,0.0,False,0.0,False,True,209.81360999999995,0.0,0.0,0.0,0.0,0.0,0.0,0.0,0.0,0.0,0.0,0.0,0.0,0.0,0.0,0.0,0.0,0.0,0.0,0.0,0.0,0.003689765450294055,0.031201672296057685,0.13059343737439916,0.19618601622740586,0.18165657425177809,0.14175456305844222,0.10820895886658737,0.0986207841353161,0.04063359554738137,0.0059562019335455425,0.0025686523821245046,0.005976653253758182,0.006223586006390673,0.001590191162138224,0.0037072933510906288,0.006620353635137314,0.012511028350315107,0.008536550889818985,0.004287588792558065,0.008907925112567954,0.0005686079228929097,0.0,0.0,0.0,0.0,0.0,0.0,0.0,0.0,0.0,0.0
CCOCOCC,CCOCOCC,298.15,0.0,aux_only_sigma_profile_stream,,,No,False,0.0,False,0.0,False,0.0,0.0,0.0,False,0.0,False,True,162.27116999999996,0.0,0.0,0.0,0.0,0.0,0.0,0.0,0.0,0.0,0.0,0.0,0.0,0.0,0.0,0.0,0.0,0.0,0.0,0.0,0.0003427258101320106,0.037492362086641584,0.1848019115935308,0.1783766762737793,0.13598873180697163,0.09821486752395084,0.05997184804786404,0.10322359992446535,0.03448650297840498,0.008243816339918917,0.009579525437972318,0.011036457357928832,0.007044152907183515,0.009177334981245408,0.008305853100019248,0.015652295505900467,0.021334634453447136,0.00864440565790098,0.010561100864577544,0.02980648003421585,0.027691619160627744,2.3098153321525945e-05,0.0,0.0,0.0,0.0,0.0,0.0,0.0,0.0,0.0,0.0
CCOCCOCC,CCOCCOCC,298.15,0.0,aux_only_sigma_profile_stream,,,No,False,0.0,False,0.0,False,0.0,0.0,0.0,False,0.0,False,True,182.80717999999985,0.0,0.0,0.0,0.0,0.0,0.0,0.0,0.0,0.0,0.0,0.0,0.0,0.0,0.0,0.0,0.0,0.0,0.0,0.0,0.0,0.017951512419218777,0.12353891486605897,0.18348862679482789,0.15534191139932643,0.12212273396346093,0.08219631417855476,0.11305451285587426,0.04569889704129824,0.015398772962183555,0.010308693808038621,0.011499461935668236,0.010697129611479766,0.00589283024941023,0.007427188354891866,0.015494405009790766,0.032623311087647155,0.015112518232624836,0.011841957381526666,0.019471719801124502,0.0008385880469936964,0.0,0.0,0.0,0.0,0.0,0.0,0.0,0.0,0.0,0.0,0.0
C1COC=C1,C1COC=C1,298.15,0.0,aux_only_sigma_profile_stream,,,No,False,0.0,False,0.0,False,0.0,0.0,0.0,False,0.0,False,True,107.98286999999998,0.0,0.0,0.0,0.0,0.0,0.0,0.0,0.0,0.0,0.0,0.0,0.0,0.0,0.0,0.0,0.0,0.001640599334704014,0.01066420064703587,0.028530441506723712,0.03668815344979135,0.09231076065311018,0.11692474433956054,0.10580672732445436,0.09086306811653859,0.09103963949387428,0.06477095297246306,0.03958025574843067,0.035887016780415,0.04006505355946819,0.02468734172888932,0.03877782681716997,0.04957598656970065,0.026183767430993363,0.032658086133267164,0.024277503312843236,0.01928018733639817,0.017745471713034373,0.012042215031133943,2.0736915711054925e-17,0.0,0.0,0.0,0.0,0.0,0.0,0.0,0.0,0.0,0.0,0.0,0.0
CCC1=CC=CC=C1C(C)C,CCC1=CC=CC=C1C(C)C,298.15,0.0,aux_only_sigma_profile_stream,,,No,False,0.0,False,0.0,False,0.0,0.0,0.0,False,0.0,False,True,206.50665,0.0,0.0,0.0,0.0,0.0,0.0,0.0,0.0,0.0,0.0,0.0,0.0,0.0,0.0,0.0,0.0,0.0,0.0,0.0,0.012033413159471089,0.03981837093806703,0.09377187822437244,0.12573291195811323,0.13653757026158672,0.10016902214263852,0.09969272443495066,0.09241411247296928,0.0982690824908176,0.0387853097646626,0.03720333138657191,0.021931730634662385,0.04577859404582236,0.02756430041074077,0.026862697547032605,0.003434950127520785,0.0,0.0,0.0,0.0,0.0,0.0,0.0,0.0,0.0,0.0,0.0,0.0,0.0,0.0,0.0,0.0
C(CCl)CCl,C(CCl)CCl,298.15,0.0,aux_only_sigma_profile_stream,,,No,False,0.0,False,0.0,False,0.0,0.0,0.0,False,0.0,False,True,137.9971599999999,0.0,0.0,0.0,0.0,0.0,0.0,0.0,0.0,0.0,0.0,0.0,0.0,0.0,0.0,0.0,0.0,0.0,0.0378902355949901,0.09147725159231906,0.06956688333923601,0.08494114884542123,0.05560317744642517,0.042225295229237146,0.03653597551461447,0.050391454895608534,0.0292654067938844,0.028741675666811208,0.07822013901750952,0.05343555566057016,0.02141302864577309,0.13671566477236274,0.12128879050132997,0.06228831648390733,0.0,0.0,0.0,0.0,0.0,0.0,0.0,0.0,0.0,0.0,0.0,0.0,0.0,0.0,0.0,0.0,0.0,0.0
CCCCCCCCCCCCCCCC1=CC=CC=C1,CCCCCCCCCCCCCCCC1=CC=CC=C1,298.15,0.0,aux_only_sigma_profile_stream,,,No,False,0.0,False,0.0,False,0.0,0.0,0.0,False,0.0,False,True,418.2994100000003,0.0,0.0,0.0,0.0,0.0,0.0,0.0,0.0,0.0,0.0,0.0,0.0,0.0,0.0,0.0,0.0,0.0,0.0,0.0,0.00661458242961571,0.021915186768688442,0.031358761751142064,0.050392233305287,0.1481261178109758,0.20594115432105065,0.16982547195001482,0.13325605542981034,0.09211995131006104,0.06638744098217012,0.019299584392188967,0.024994616189303476,0.02142771816598418,0.0081012854677106,0.00023983972599677568,0.0,0.0,0.0,0.0,0.0,0.0,0.0,0.0,0.0,0.0,0.0,0.0,0.0,0.0,0.0,0.0,0.0
CCCCCCCCCCCCCCCCC1=CC=CC=C1,CCCCCCCCCCCCCCCCC1=CC=CC=C1,298.15,0.0,aux_only_sigma_profile_stream,,,No,False,0.0,False,0.0,False,0.0,0.0,0.0,False,0.0,False,True,437.2640900000002,0.0,0.0,0.0,0.0,0.0,0.0,0.0,0.0,0.0,0.0,0.0,0.0,0.0,0.0,0.0,0.0,0.0,0.0,0.0003298041602200582,0.012306539661775332,0.021163153827258297,0.03352470909545372,0.06082190703707343,0.15219897678808358,0.19680641450737027,0.1576271887217555,0.13199235510192542,0.07761115736705475,0.07880719740007323,0.013024409186989532,0.018101899668559806,0.0199274305900449,0.018439966774514316,0.007205600160354647,0.00011128995149335309,0.0,0.0,0.0,0.0,0.0,0.0,0.0,0.0,0.0,0.0,0.0,0.0,0.0,0.0,0.0,0.0
CCCCCCCCCCCCCCCCCC1=CC=CC=C1,CCCCCCCCCCCCCCCCCC1=CC=CC=C1,298.15,0.0,aux_only_sigma_profile_stream,,,No,False,0.0,False,0.0,False,0.0,0.0,0.0,False,0.0,False,True,457.3585700000002,0.0,0.0,0.0,0.0,0.0,0.0,0.0,0.0,0.0,0.0,0.0,0.0,0.0,0.0,0.0,0.0,0.0,0.0,0.0003324008411536771,0.011776894359937909,0.020213565475094685,0.03187582297986412,0.05883712554954814,0.1544987902286796,0.19760380468076885,0.1596034531376046,0.1351188291206951,0.07777945140399835,0.07869910501905579,0.012639897791711974,0.017349363479560717,0.01905761334130152,0.017666753377324984,0.006850928160496912,9.620105320309331e-05,0.0,0.0,0.0,0.0,0.0,0.0,0.0,0.0,0.0,0.0,0.0,0.0,0.0,0.0,0.0,0.0
CCCCCCCCCCCCCCCCCCC1=CC=CC=C1,CCCCCCCCCCCCCCCCCCC1=CC=CC=C1,298.15,0.0,aux_only_sigma_profile_stream,,,No,False,0.0,False,0.0,False,0.0,0.0,0.0,False,0.0,False,True,478.55178,0.0,0.0,0.0,0.0,0.0,0.0,0.0,0.0,0.0,0.0,0.0,0.0,0.0,0.0,0.0,0.0,0.0,0.0,0.0,0.00582671806132841,0.018781279163351434,0.027775952653252067,0.04553452933438681,0.14809750768756458,0.21387550101308578,0.17902933550659406,0.13640941741362053,0.09226652825886467,0.06753931077689002,0.016870948359977888,0.021983493972845942,0.01877451673356695,0.00702372915796345,0.00021123190670737865,0.0,0.0,0.0,0.0,0.0,0.0,0.0,0.0,0.0,0.0,0.0,0.0,0.0,0.0,0.0,0.0,0.0
C1=CC(=C(C(=C1)Cl)Cl)Cl,C1=CC(=C(C(=C1)Cl)Cl)Cl,298.15,0.0,aux_only_sigma_profile_stream,,,No,False,0.0,False,0.0,False,0.0,0.0,0.0,False,0.0,False,True,173.83419999999995,0.0,0.0,0.0,0.0,0.0,0.0,0.0,0.0,0.0,0.0,0.0,0.0,0.0,0.0,0.0,0.0,0.01060081627265475,0.04330672600622382,0.031792946320535954,0.02786641594385547,0.02795853003368958,0.058991809633627344,0.026066272849157884,0.02186397070783301,0.08097496453902055,0.12566608959590234,0.09797099845161945,0.15441599118678778,0.17442485595413162,0.10750816532782101,0.010591447177139437,0.0,0.0,0.0,0.0,0.0,0.0,0.0,0.0,0.0,0.0,0.0,0.0,0.0,0.0,0.0,0.0,0.0,0.0,0.0,0.0
C1=C(C=C(C=C1Cl)Cl)Cl,C1=C(C=C(C=C1Cl)Cl)Cl,298.15,0.0,aux_only_sigma_profile_stream,,,No,False,0.0,False,0.0,False,0.0,0.0,0.0,False,0.0,False,True,179.16038000000017,0.0,0.0,0.0,0.0,0.0,0.0,0.0,0.0,0.0,0.0,0.0,0.0,0.0,0.0,0.0,0.007679775799049748,0.028205205610272347,0.02083957299926751,0.01420515054960571,0.03045684172635889,0.020500766747468202,0.03581690036386295,0.04154720043538489,0.0035007970304573536,0.11403224914694858,0.10099058786403269,0.20741406483528704,0.11673159477612959,0.1953788432970067,0.06270044881886772,5.674877988572548e-17,0.0,0.0,0.0,0.0,0.0,0.0,0.0,0.0,0.0,0.0,0.0,0.0,0.0,0.0,0.0,0.0,0.0,0.0,0.0,0.0
C(C(F)(F)Cl)(C(F)(F)Cl)(F)F,C(C(F)(F)Cl)(C(F)(F)Cl)(F)F,298.15,0.0,aux_only_sigma_profile_stream,,,No,False,0.0,False,0.0,False,0.0,0.0,0.0,False,0.0,False,True,165.61957,0.0,0.0,0.0,0.0,0.0,0.0,0.0,0.0,0.0,0.0,0.0,0.0,0.0,0.0,0.0,0.0,0.0,0.0024724042846733687,0.007724616096040583,0.029488672771193162,0.0027512000244246373,0.02081872654207815,0.04008169614597235,0.014071348809442281,0.04944016672848252,0.3320766470433041,0.44291371917277045,0.05816080238161852,0.0,0.0,0.0,0.0,0.0,0.0,0.0,0.0,0.0,0.0,0.0,0.0,0.0,0.0,0.0,0.0,0.0,0.0,0.0,0.0,0.0,0.0,0.0
C=CC(F)(F)F,C=CC(F)(F)F,298.15,0.0,aux_only_sigma_profile_stream,,,No,False,0.0,False,0.0,False,0.0,0.0,0.0,False,0.0,False,True,111.98094999999998,0.0,0.0,0.0,0.0,0.0,0.0,0.0,0.0,0.0,0.0,0.0,0.0,0.0,0.0,0.0,0.000809792280802934,0.01877670693104783,0.050699187906119575,0.04917181424603141,0.04353477054033218,0.03698959444860845,0.03517050162486611,0.04051720013213292,0.02791520192769048,0.036767038625535424,0.045020106035426485,0.05119090909743301,0.14235840621128157,0.2835739523859639,0.13559376059658365,0.0019110570101441024,0.0,0.0,0.0,0.0,0.0,0.0,0.0,0.0,0.0,0.0,0.0,0.0,0.0,0.0,0.0,0.0,0.0,0.0,0.0,0.0
C(C(F)F)F,C(C(F)F)F,298.15,0.0,aux_only_sigma_profile_stream,,,No,False,0.0,False,0.0,False,0.0,0.0,0.0,False,0.0,False,True,100.54756999999996,0.0,0.0,0.0,0.0,0.0,0.0,0.0,0.0,0.0,0.0,0.0,0.0,0.0,0.0,0.004702294958005185,0.039340258905798474,0.06686731857630823,0.057746746207710364,0.042378885436565115,0.0453021510943304,0.03595208919244047,0.022494826262004455,0.021815276766150398,0.01793241156428724,0.0225923695916709,0.03407848192411464,0.033625141297514614,0.03231421378043779,0.08202212280229164,0.16220805273052555,0.19183992962924418,0.07817223153231961,0.008615197748280574,0.0,0.0,0.0,0.0,0.0,0.0,0.0,0.0,0.0,0.0,0.0,0.0,0.0,0.0,0.0,0.0,0.0,0.0
CC(C(F)(F)F)(F)F,CC(C(F)(F)F)(F)F,298.15,0.0,aux_only_sigma_profile_stream,,,No,False,0.0,False,0.0,False,0.0,0.0,0.0,False,0.0,False,True,129.6732299999999,0.0,0.0,0.0,0.0,0.0,0.0,0.0,0.0,0.0,0.0,0.0,0.0,0.0,0.0,0.0,0.0,0.003412780627343287,0.034089086911619715,0.04045663029037531,0.03989841925123014,0.036228112618400754,0.03624342894690749,0.044083738628295926,0.020117940072445745,0.05261814844631344,0.05328366167032074,0.17851800464515316,0.2487559684817145,0.14118940360265192,0.07045271789785422,0.0006519579093735481,0.0,0.0,0.0,0.0,0.0,0.0,0.0,0.0,0.0,0.0,0.0,0.0,0.0,0.0,0.0,0.0,0.0,0.0,0.0,0.0
C(C(F)F)(C(F)(F)F)F,C(C(F)F)(C(F)(F)F)F,298.15,0.0,aux_only_sigma_profile_stream,,,No,False,0.0,False,0.0,False,0.0,0.0,0.0,False,0.0,False,True,136.11147,0.0,0.0,0.0,0.0,0.0,0.0,0.0,0.0,0.0,0.0,0.0,0.0,0.015534509408257482,0.03312195934929055,0.030191221201305383,0.02339462345139217,0.014640607771041045,0.011632666152801157,0.005225033204883674,0.011847058838459977,0.012008738616652366,0.011203781168433784,0.017175107041043643,0.02693196554276175,0.019126876479895784,0.03812562562592087,0.13954322486306556,0.2801686392696831,0.19949510502707524,0.10853542359775264,0.0020978333902837935,0.0,0.0,0.0,0.0,0.0,0.0,0.0,0.0,0.0,0.0,0.0,0.0,0.0,0.0,0.0,0.0,0.0,0.0,0.0,0.0
C1=CC=C(C=C1)C(F)(F)F,C1=CC=C(C=C1)C(F)(F)F,298.15,0.0,aux_only_sigma_profile_stream,,,No,False,0.0,False,0.0,False,0.0,0.0,0.0,False,0.0,False,True,157.63161000000008,0.0,0.0,0.0,0.0,0.0,0.0,0.0,0.0,0.0,0.0,0.0,0.0,0.0,0.0,0.0,0.0,0.001086645811997428,0.018675346713332108,0.06111516214559698,0.07033758624150253,0.056758769709563686,0.038622104336638235,0.03987692229372964,0.02430705023015529,0.03966617140482196,0.05531069936831487,0.07686259279640925,0.1343590097446064,0.24577890351903708,0.11148536399022436,0.02575767169407036,0.0,0.0,0.0,0.0,0.0,0.0,0.0,0.0,0.0,0.0,0.0,0.0,0.0,0.0,0.0,0.0,0.0,0.0,0.0,0.0
C(Br)Br,C(Br)Br,298.15,0.0,aux_only_sigma_profile_stream,,,No,False,0.0,False,0.0,False,0.0,0.0,0.0,False,0.0,False,True,108.94114999999992,0.0,0.0,0.0,0.0,0.0,0.0,0.0,0.0,0.0,0.0,0.0,0.0,0.0,0.0006909257407298139,0.020605091904697243,0.04921830958204424,0.01532647116481239,0.03041548817869944,0.02145799524814326,0.03418923980901324,0.028610664187980233,0.05465122778058223,0.01828091779207666,0.02916548412573069,0.10080136064680158,0.055119661510346044,0.0031588299519156385,0.061379502229348244,0.16955092545107717,0.12462288141329526,0.182091607225873,0.0006634160568335781,0.0,0.0,0.0,0.0,0.0,0.0,0.0,0.0,0.0,0.0,0.0,0.0,0.0,0.0,0.0,0.0,0.0,0.0,0.0
CCC(C)Br,CCC(C)Br,298.15,0.0,aux_only_sigma_profile_stream,,,No,False,0.0,False,0.0,False,0.0,0.0,0.0,False,0.0,False,True,138.21094,0.0,0.0,0.0,0.0,0.0,0.0,0.0,0.0,0.0,0.0,0.0,0.0,0.0,0.0,0.0,0.0,0.0,0.0,0.006511996258869812,0.017045873175227953,0.062114793801471724,0.1049935301302755,0.11087300655620098,0.1070500735841895,0.1054298375542052,0.11081481269185856,0.0652096049571097,0.07494569799290055,0.035010368123509474,0.01159850799607115,0.05633886987817987,0.06217628051019673,0.05711377765148338,0.01277296913824991,0.0,0.0,0.0,0.0,0.0,0.0,0.0,0.0,0.0,0.0,0.0,0.0,0.0,0.0,0.0,0.0,0.0
C(Cl)Br,C(Cl)Br,298.15,0.0,aux_only_sigma_profile_stream,,,No,False,0.0,False,0.0,False,0.0,0.0,0.0,False,0.0,False,True,103.66904,0.0,0.0,0.0,0.0,0.0,0.0,0.0,0.0,0.0,0.0,0.0,0.0,0.0,0.0,0.02127630648444913,0.05219789907914595,0.019454879570262734,0.03171934616616292,0.02600430439987667,0.029078246613152586,0.020165403252796883,0.04115155694079775,0.041141124462085586,0.027911769068748895,0.06779802366305872,0.08073264216424392,0.01994047574884027,0.030540563921207593,0.1749883622869933,0.12848479695567452,0.1824769768271434,0.004937322395359135,0.0,0.0,0.0,0.0,0.0,0.0,0.0,0.0,0.0,0.0,0.0,0.0,0.0,0.0,0.0,0.0,0.0,0.0,0.0
C(C(F)(F)F)(Cl)Br,C(C(F)(F)F)(Cl)Br,298.15,0.0,aux_only_sigma_profile_stream,,,No,False,0.0,False,0.0,False,0.0,0.0,0.0,False,0.0,False,True,139.37398000000002,0.0,0.0,0.0,0.0,0.0,0.0,0.0,0.0,0.0,0.0,0.0,0.00852266410317986,0.016726543581700597,0.004810526581105741,0.014804608438200856,0.006944609629709059,0.002107202962883294,0.0058308755201583315,0.006719371228823672,0.025282673980785864,0.02520644834235565,0.029469394219009813,0.037935922427039255,0.048847314626877754,0.024775855645416456,0.05013776990442835,0.2084338695210734,0.29230550737203165,0.17293714999344353,0.018201691921776786,1.540071405384665e-17,0.0,0.0,0.0,0.0,0.0,0.0,0.0,0.0,0.0,0.0,0.0,0.0,0.0,0.0,0.0,0.0,0.0,0.0,0.0,0.0
C(Cl)(Cl)(Cl)Br,C(Cl)(Cl)(Cl)Br,298.15,0.0,aux_only_sigma_profile_stream,,,No,False,0.0,False,0.0,False,0.0,0.0,0.0,False,0.0,False,True,138.71089999999992,0.0,0.0,0.0,0.0,0.0,0.0,0.0,0.0,0.0,0.0,0.0,0.0,0.0,0.0,0.0,0.0,0.0019470170422631542,0.004615276981922,0.02764815959748226,0.052508308644583696,0.017411482725310564,0.022502793107773374,0.0995543813039783,0.04570786784520114,0.0009448202285601677,0.1188268225642787,0.18803791154958993,0.3151706465324622,0.10512451187659447,0.0,0.0,0.0,0.0,0.0,0.0,0.0,0.0,0.0,0.0,0.0,0.0,0.0,0.0,0.0,0.0,0.0,0.0,0.0,0.0,0.0,0.0
C(CF)F,C(CF)F,298.15,0.0,aux_only_sigma_profile_stream,,,No,False,0.0,False,0.0,False,0.0,0.0,0.0,False,0.0,False,True,93.55717000000004,0.0,0.0,0.0,0.0,0.0,0.0,0.0,0.0,0.0,0.0,0.0,0.0,0.0,0.0,0.0,0.0,0.0,0.02251327581272787,0.1250909219097841,0.09880261149941044,0.05800242868451534,0.08451386430892872,0.05737692171821194,0.02125332593926719,0.03324289345626582,0.02398313842031273,0.013307853606456992,0.028258546306037476,0.05077906611366685,0.024058977563731345,0.07550939910615866,0.15528531258613099,0.12633642846643392,0.001685034501959657,0.0,0.0,0.0,0.0,0.0,0.0,0.0,0.0,0.0,0.0,0.0,0.0,0.0,0.0,0.0,0.0,0.0
C(C(F)(Cl)Cl)(F)F,C(C(F)(Cl)Cl)(F)F,298.15,0.0,aux_only_sigma_profile_stream,,,No,False,0.0,False,0.0,False,0.0,0.0,0.0,False,0.0,False,True,134.62,0.0,0.0,0.0,0.0,0.0,0.0,0.0,0.0,0.0,0.0,0.0,0.0,0.00595162890716946,0.023075465261365696,0.01160831146110127,0.01052632094393723,0.007042426571879958,0.004523695944686079,0.012734818961064476,0.024257169322084087,0.03133565723118607,0.013324762462224037,0.05717357673783122,0.05104867624583752,0.011190059272391337,0.07784126118081489,0.15562134134100356,0.2759881189125182,0.19198189100077775,0.0347748182421271,3.2812051197809694e-17,0.0,0.0,0.0,0.0,0.0,0.0,0.0,0.0,0.0,0.0,0.0,0.0,0.0,0.0,0.0,0.0,0.0,0.0,0.0,0.0
C(C(Cl)(Cl)Cl)(F)(Cl)Cl,C(C(Cl)(Cl)Cl)(F)(Cl)Cl,298.15,0.0,aux_only_sigma_profile_stream,,,No,False,0.0,False,0.0,False,0.0,0.0,0.0,False,0.0,False,True,167.3187800000001,0.0,0.0,0.0,0.0,0.0,0.0,0.0,0.0,0.0,0.0,0.0,0.0,0.0,0.0,0.0,0.0,0.0,0.001376234379594603,0.01466769087494051,0.056696186109744556,0.03198298068790961,0.008804081321875042,0.09642808512710878,0.05847424315508523,0.00711579826548893,0.13762815307083037,0.16397113467701585,0.36942308463113077,0.05343232769927575,0.0,0.0,0.0,0.0,0.0,0.0,0.0,0.0,0.0,0.0,0.0,0.0,0.0,0.0,0.0,0.0,0.0,0.0,0.0,0.0,0.0,0.0
C(C(F)(F)Cl)(F)Cl,C(C(F)(F)Cl)(F)Cl,298.15,0.0,aux_only_sigma_profile_stream,,,No,False,0.0,False,0.0,False,0.0,0.0,0.0,False,0.0,False,True,134.66204999999994,0.0,0.0,0.0,0.0,0.0,0.0,0.0,0.0,0.0,0.0,0.0,0.002017518445609952,0.020600396368524218,0.010279884544347874,0.011216171480587742,0.00892503465842196,0.004659243697173496,0.0016465493284360375,0.006824875994535524,0.0145675109885812,0.035067247905984,0.028539083722221456,0.032858505071765604,0.050506212457107715,0.02702742186725831,0.06489273343212734,0.20665441872709206,0.2971924535048672,0.1576793756169872,0.01884536218837097,1.5877947846114582e-17,0.0,0.0,0.0,0.0,0.0,0.0,0.0,0.0,0.0,0.0,0.0,0.0,0.0,0.0,0.0,0.0,0.0,0.0,0.0,0.0
C(C(F)(F)F)(F)Cl,C(C(F)(F)F)(F)Cl,298.15,0.0,aux_only_sigma_profile_stream,,,No,False,0.0,False,0.0,False,0.0,0.0,0.0,False,0.0,False,True,124.46894999999998,0.0,0.0,0.0,0.0,0.0,0.0,0.0,0.0,0.0,0.0,0.0,0.003246969438601614,0.02638984880309335,0.009792219013396275,0.015610182488355604,0.007565540189836869,0.0035987175830771373,0.00297025146196396,0.005422427623249269,0.013446525786868935,0.025192628403226752,0.02464918755650699,0.013695839841463688,0.04020644409761938,0.03242693152752242,0.06509145783227842,0.2558206740897027,0.30958883064270803,0.13370075599786696,0.011584567622661556,9.608827205808034e-18,0.0,0.0,0.0,0.0,0.0,0.0,0.0,0.0,0.0,0.0,0.0,0.0,0.0,0.0,0.0,0.0,0.0,0.0,0.0,0.0
CC(F)(Cl)Cl,CC(F)(Cl)Cl,298.15,0.0,aux_only_sigma_profile_stream,,,No,False,0.0,False,0.0,False,0.0,0.0,0.0,False,0.0,False,True,122.69107999999996,0.0,0.0,0.0,0.0,0.0,0.0,0.0,0.0,0.0,0.0,0.0,0.0,0.0,0.0,0.0,0.0,0.0019988667555205972,0.02928824191288145,0.040839830784998074,0.0415264297396841,0.04699222028157207,0.0675134471910073,0.06845920384158401,0.024472067415159632,0.07835915563985338,0.058632118954398085,0.031039113099310334,0.12966084914255468,0.1900414048762282,0.18127034949746149,0.009906700867786623,0.0,0.0,0.0,0.0,0.0,0.0,0.0,0.0,0.0,0.0,0.0,0.0,0.0,0.0,0.0,0.0,0.0,0.0,0.0,0.0
C(C(F)(F)F)F,C(C(F)(F)F)F,298.15,0.0,aux_only_sigma_profile_stream,,,No,False,0.0,False,0.0,False,0.0,0.0,0.0,False,0.0,False,True,106.70516999999994,0.0,0.0,0.0,0.0,0.0,0.0,0.0,0.0,0.0,0.0,0.0,0.0,0.0,0.0,0.0013000790409518563,0.0396752674299825,0.04647607006086025,0.04108188598965151,0.04061728258078285,0.024818451953721843,0.012940340258950253,0.015003461526853487,0.028101498071825683,0.02370826626229902,0.028465972847719484,0.03269509136969016,0.09529729393768176,0.20772010869243648,0.19594506171414386,0.0639934236205009,0.07279054616307441,0.02936989847887372,0.0,0.0,0.0,0.0,0.0,0.0,0.0,0.0,0.0,0.0,0.0,0.0,0.0,0.0,0.0,0.0,0.0,0.0,0.0
C(=O)(C(F)(F)F)C(F)(F)F,C(=O)(C(F)(F)F)C(F)(F)F,298.15,0.0,aux_only_sigma_profile_stream,,,No,False,0.0,False,0.0,False,0.0,0.0,0.0,False,0.0,False,True,141.4747700000001,0.0,0.0,0.0,0.0,0.0,0.0,0.0,0.0,0.0,0.0,0.0,0.0,0.0,0.00012714830155346985,0.004440879575590464,0.006919439944406953,0.015837132026611096,0.00554203428206588,0.008476711306970912,0.009805273746591134,0.011133612468902893,0.0293193043994922,0.027337546370929798,0.033616248721678364,0.08657041399949825,0.27699058653021574,0.3406112367209098,0.04123262886756165,0.03064856122776024,0.02468666787117843,0.02913826053672861,0.017298662399612516,0.000267650701741569,0.0,0.0,0.0,0.0,0.0,0.0,0.0,0.0,0.0,0.0,0.0,0.0,0.0,0.0,0.0,0.0,0.0,0.0
C(C(F)(F)F)(C(F)(F)F)(F)F,C(C(F)(F)F)(C(F)(F)F)(F)F,298.15,0.0,aux_only_sigma_profile_stream,,,No,False,0.0,False,0.0,False,0.0,0.0,0.0,False,0.0,False,True,147.11762000000013,0.0,0.0,0.0,0.0,0.0,0.0,0.0,0.0,0.0,0.0,0.0,0.0,0.0,0.0,0.0,0.0,0.0,0.0,0.0,0.0,0.0012351197633870697,0.008550008068312477,0.015641403233426616,0.02335254554958049,0.12923333941519374,0.5420913127333756,0.2798367664778514,5.950475887263737e-05,0.0,0.0,0.0,0.0,0.0,0.0,0.0,0.0,0.0,0.0,0.0,0.0,0.0,0.0,0.0,0.0,0.0,0.0,0.0,0.0,0.0,0.0,0.0
C(=C(/C(F)(F)F)\F)(\C(F)(F)F)/F,C(=C(/C(F)(F)F)\F)(\C(F)(F)F)/F,298.15,0.0,aux_only_sigma_profile_stream,,,No,False,0.0,False,0.0,False,0.0,0.0,0.0,False,0.0,False,True,165.64087999999992,0.0,0.0,0.0,0.0,0.0,0.0,0.0,0.0,0.0,0.0,0.0,0.0,0.0,0.0,0.0,0.0,0.0,0.001583722403223758,0.023911965290540124,0.03049900807179533,0.024753632664343314,0.018497818585180913,0.019467345077641297,0.03362349240624304,0.05100105226772044,0.1815082866435394,0.46496060880689494,0.15019306778287764,0.0,0.0,0.0,0.0,0.0,0.0,0.0,0.0,0.0,0.0,0.0,0.0,0.0,0.0,0.0,0.0,0.0,0.0,0.0,0.0,0.0,0.0,0.0
C(C(F)(Cl)Cl)(F)(F)Cl,C(C(F)(Cl)Cl)(F)(F)Cl,298.15,0.0,aux_only_sigma_profile_stream,,,No,False,0.0,False,0.0,False,0.0,0.0,0.0,False,0.0,False,True,149.10477999999992,0.0,0.0,0.0,0.0,0.0,0.0,0.0,0.0,0.0,0.0,0.0,0.0,0.0,0.0,0.0,0.0,0.0,0.003673670110663664,0.011591946632352437,0.047645425317332304,0.007467385780797977,0.02451233710397629,0.0691731661969489,0.02172999241193557,0.02554543329895257,0.18774335964609595,0.38668532332138594,0.2142319601795583,0.0,0.0,0.0,0.0,0.0,0.0,0.0,0.0,0.0,0.0,0.0,0.0,0.0,0.0,0.0,0.0,0.0,0.0,0.0,0.0,0.0,0.0,0.0
C(C(F)(Cl)Cl)(F)(Cl)Cl,C(C(F)(Cl)Cl)(F)(Cl)Cl,298.15,0.0,aux_only_sigma_profile_stream,,,No,False,0.0,False,0.0,False,0.0,0.0,0.0,False,0.0,False,True,159.2239499999999,0.0,0.0,0.0,0.0,0.0,0.0,0.0,0.0,0.0,0.0,0.0,0.0,0.0,0.0,0.0,0.0,0.0,0.00189857023973143,0.012077240348396842,0.05346165474828049,0.020845484559005995,0.011206908268225547,0.0915971411249426,0.0395804777114911,0.012509541302532356,0.16411881036255424,0.2503783681398692,0.3363432946021758,0.00598250859279426,0.0,0.0,0.0,0.0,0.0,0.0,0.0,0.0,0.0,0.0,0.0,0.0,0.0,0.0,0.0,0.0,0.0,0.0,0.0,0.0,0.0,0.0
C(C(Cl)(Cl)Cl)(F)(F)Cl,C(C(Cl)(Cl)Cl)(F)(F)Cl,298.15,0.0,aux_only_sigma_profile_stream,,,No,False,0.0,False,0.0,False,0.0,0.0,0.0,False,0.0,False,True,158.18610999999984,0.0,0.0,0.0,0.0,0.0,0.0,0.0,0.0,0.0,0.0,0.0,0.0,0.0,0.0,0.0,0.0,0.0,0.002905733889923644,0.010778921020990918,0.0588145802780708,0.016362928499090865,0.013597574225727356,0.08913759894387382,0.03835897405920308,0.010952196556429554,0.1600844643852398,0.2563360260753308,0.33671486592796696,0.005956136138152427,0.0,0.0,0.0,0.0,0.0,0.0,0.0,0.0,0.0,0.0,0.0,0.0,0.0,0.0,0.0,0.0,0.0,0.0,0.0,0.0,0.0,0.0
C(C(Cl)(Cl)Cl)F,C(C(Cl)(Cl)Cl)F,298.15,0.0,aux_only_sigma_profile_stream,,,No,False,0.0,False,0.0,False,0.0,0.0,0.0,False,0.0,False,True,138.50619999999992,0.0,0.0,0.0,0.0,0.0,0.0,0.0,0.0,0.0,0.0,0.0,0.0,0.0,0.0,0.002150255350948136,0.027013045925774637,0.025893617017077444,0.0225247280116857,0.021522645304471292,0.02993750266016274,0.05243676570469953,0.02887513425623815,0.012876033416011382,0.08924018372353444,0.07460010936606523,0.01309693571313617,0.11940287699979356,0.13555225839185694,0.18518778301666217,0.06608342913920838,0.05889112730485967,0.03471556869781441,0.0,0.0,0.0,0.0,0.0,0.0,0.0,0.0,0.0,0.0,0.0,0.0,0.0,0.0,0.0,0.0,0.0,0.0,0.0
CCCCCCI,CCCCCCI,298.15,0.0,aux_only_sigma_profile_stream,,,No,False,0.0,False,0.0,False,0.0,0.0,0.0,False,0.0,False,True,190.4713399999999,0.0,0.0,0.0,0.0,0.0,0.0,0.0,0.0,0.0,0.0,0.0,0.0,0.0,0.0,0.0,0.0,0.0,0.0023451356082690926,0.016395249032946115,0.01785628769952976,0.023698895116712367,0.041790720841123674,0.12528263828387257,0.1503098372067215,0.12568485459165252,0.1050655978869971,0.10585686230552221,0.0765382782671078,0.025410010452893497,0.049778242994157826,0.04831478756469778,0.06044312386186816,0.025229478285928166,0.0,0.0,0.0,0.0,0.0,0.0,0.0,0.0,0.0,0.0,0.0,0.0,0.0,0.0,0.0,0.0,0.0,0.0
CCCCI,CCCCI,298.15,0.0,aux_only_sigma_profile_stream,,,No,False,0.0,False,0.0,False,0.0,0.0,0.0,False,0.0,False,True,151.10544999999988,0.0,0.0,0.0,0.0,0.0,0.0,0.0,0.0,0.0,0.0,0.0,0.0,0.0,0.0,0.0,0.0,0.0,0.0030265920243841195,0.020933985167731622,0.022838575805340596,0.030309837657951342,0.0659453653321581,0.14698122141387104,0.12572764304709733,0.08518129259209585,0.09041018612198641,0.10423591754684106,0.06026945493459841,0.013759577861535713,0.06201571700992293,0.06119186936056203,0.07728933484839634,0.029883429275527146,0.0,0.0,0.0,0.0,0.0,0.0,0.0,0.0,0.0,0.0,0.0,0.0,0.0,0.0,0.0,0.0,0.0,0.0
C(F)(F)(Cl)Br,C(F)(F)(Cl)Br,298.15,0.0,aux_only_sigma_profile_stream,,,No,False,0.0,False,0.0,False,0.0,0.0,0.0,False,0.0,False,True,116.33935999999994,0.0,0.0,0.0,0.0,0.0,0.0,0.0,0.0,0.0,0.0,0.0,0.0,0.0,0.0,0.0,0.0,0.003400792148866765,0.006469046147061686,0.027573510714724248,0.023873989511225963,0.0037561673771408593,0.04212691834711376,0.05026026717457524,0.02029539529525873,0.03420980502702153,0.22309461763716348,0.3222472009348884,0.21386883395816259,0.028823455726796777,0.0,0.0,0.0,0.0,0.0,0.0,0.0,0.0,0.0,0.0,0.0,0.0,0.0,0.0,0.0,0.0,0.0,0.0,0.0,0.0,0.0,0.0
C(F)(F)(F)Br,C(F)(F)(F)Br,298.15,0.0,aux_only_sigma_profile_stream,,,No,False,0.0,False,0.0,False,0.0,0.0,0.0,False,0.0,False,True,105.48579999999998,0.0,0.0,0.0,0.0,0.0,0.0,0.0,0.0,0.0,0.0,0.0,0.0,0.0,0.0,0.0,0.0,0.005141557631845244,0.00920401976308838,0.022639779875902828,0.0,0.007749086067689359,0.038782621616747094,0.034220791276309045,0.02459260019656392,0.06660103193769869,0.25948062379520376,0.3698843604911534,0.15473463456079864,0.006968892786999645,0.0,0.0,0.0,0.0,0.0,0.0,0.0,0.0,0.0,0.0,0.0,0.0,0.0,0.0,0.0,0.0,0.0,0.0,0.0,0.0,0.0,0.0
C(F)(F)(Br)Br,C(F)(F)(Br)Br,298.15,0.0,aux_only_sigma_profile_stream,,,No,False,0.0,False,0.0,False,0.0,0.0,0.0,False,0.0,False,True,122.51698999999998,0.0,0.0,0.0,0.0,0.0,0.0,0.0,0.0,0.0,0.0,0.0,0.0,0.0,0.0,0.0,0.0,0.006751800603904619,0.009758024102541209,0.04403813301910356,0.0031400254676386932,0.004944075464597279,0.059498509161499,0.038327778690846796,0.014619116716107548,0.03414148062258855,0.2168686336863655,0.26928318846396,0.2553137008527274,0.04331553314811971,0.0,0.0,0.0,0.0,0.0,0.0,0.0,0.0,0.0,0.0,0.0,0.0,0.0,0.0,0.0,0.0,0.0,0.0,0.0,0.0,0.0,0.0
C(=C(F)Cl)(F)F,C(=C(F)Cl)(F)F,298.15,0.0,aux_only_sigma_profile_stream,,,No,False,0.0,False,0.0,False,0.0,0.0,0.0,False,0.0,False,True,114.7267099999999,0.0,0.0,0.0,0.0,0.0,0.0,0.0,0.0,0.0,0.0,0.0,0.0,0.0,0.0,0.0,0.0,0.0,0.0009626818789377828,0.004188407824332855,0.0192524412639036,0.017528967735918968,0.04394910538971208,0.08780004677162458,0.0714992235660991,0.05238116584458534,0.13615170312135172,0.2861821714093564,0.24835743582650383,0.03174664936767369,0.0,0.0,0.0,0.0,0.0,0.0,0.0,0.0,0.0,0.0,0.0,0.0,0.0,0.0,0.0,0.0,0.0,0.0,0.0,0.0,0.0,0.0
C(C(F)(F)Cl)(F)(F)F,C(C(F)(F)Cl)(F)(F)F,298.15,0.0,aux_only_sigma_profile_stream,,,No,False,0.0,False,0.0,False,0.0,0.0,0.0,False,0.0,False,True,129.53057,0.0,0.0,0.0,0.0,0.0,0.0,0.0,0.0,0.0,0.0,0.0,0.0,0.0,0.0,0.0,0.0,0.0,0.0023525827234429906,0.006720388657621069,0.017894789061377248,0.00026101171524935845,0.02206070244908063,0.027603043229169445,0.011516877751020194,0.08132903962517117,0.3818587137578364,0.43128338867529564,0.017119462354735868,0.0,0.0,0.0,0.0,0.0,0.0,0.0,0.0,0.0,0.0,0.0,0.0,0.0,0.0,0.0,0.0,0.0,0.0,0.0,0.0,0.0,0.0,0.0
C=CBr,C=CBr,298.15,0.0,aux_only_sigma_profile_stream,,,No,False,0.0,False,0.0,False,0.0,0.0,0.0,False,0.0,False,True,98.88166999999991,0.0,0.0,0.0,0.0,0.0,0.0,0.0,0.0,0.0,0.0,0.0,0.0,0.0,0.0,0.0,0.005208565640191438,0.020345518374671172,0.038162095351852096,0.05060589331047841,0.054668326955305505,0.033037812626240254,0.06328059227910345,0.04028971942956326,0.03726581676952558,0.07876630030508694,0.0664680215381201,0.03465056102308581,0.04434063441850383,0.14558559936009588,0.11468466029794105,0.14589542103376502,0.025294885977780224,0.0014495753086901759,0.0,0.0,0.0,0.0,0.0,0.0,0.0,0.0,0.0,0.0,0.0,0.0,0.0,0.0,0.0,0.0,0.0,0.0
CC(F)(F)Cl,CC(F)(F)Cl,298.15,0.0,aux_only_sigma_profile_stream,,,No,False,0.0,False,0.0,False,0.0,0.0,0.0,False,0.0,False,True,111.69609999999996,0.0,0.0,0.0,0.0,0.0,0.0,0.0,0.0,0.0,0.0,0.0,0.0,0.0,0.0,0.0,0.0,0.0034652789754685714,0.04128974175424855,0.044513135377510504,0.047777582759708906,0.04676957433356671,0.04690657379675684,0.07310325809370442,0.021234734309860524,0.05941765943466327,0.056060789219915565,0.028582579063074105,0.1149098108353721,0.2183561333968662,0.1889708899401215,0.008642258709162076,0.0,0.0,0.0,0.0,0.0,0.0,0.0,0.0,0.0,0.0,0.0,0.0,0.0,0.0,0.0,0.0,0.0,0.0,0.0,0.0
C=CF,C=CF,298.15,0.0,aux_only_sigma_profile_stream,,,No,False,0.0,False,0.0,False,0.0,0.0,0.0,False,0.0,False,True,80.59582000000002,0.0,0.0,0.0,0.0,0.0,0.0,0.0,0.0,0.0,0.0,0.0,0.0,0.0,0.0,0.0,0.0006050331618896028,0.023267907991193708,0.04930098254010666,0.06128375801445855,0.06914157114581262,0.03893077576303249,0.04188371458465438,0.04479536435020091,0.04631059949412028,0.052508949782804355,0.04741177584318491,0.04959691139281875,0.04375130335839527,0.07777112286352342,0.132316706124361,0.14925390471397398,0.0646584104409726,0.007211208434496477,0.0,0.0,0.0,0.0,0.0,0.0,0.0,0.0,0.0,0.0,0.0,0.0,0.0,0.0,0.0,0.0,0.0,0.0
CCCCCCN,CCCCCCN,298.15,0.0,aux_only_sigma_profile_stream,,,No,False,0.0,False,0.0,False,0.0,0.0,0.0,False,0.0,False,True,172.62927999999994,0.0,0.0,0.0,0.0,0.0,0.0,0.0,0.0,0.0,0.0,0.0,0.0,0.0,0.0,0.0,0.005399786524193536,0.01678373754758191,0.010855765166527432,0.014851471864527333,0.01734597408643604,0.0141559986975589,0.02011549950142769,0.09441332619174342,0.1634972206696918,0.17346943073488236,0.13380237355462415,0.10738707519215111,0.09854966022329817,0.04990792321517192,0.005289722721344828,0.008834599209787356,0.0026370072985496444,0.006574741504512967,0.003989261279712168,0.0035124523130200752,0.006598814324555484,0.0034929446471446677,0.0014387042025524829,0.0006505483657195942,0.0058082982456348,0.006662618946555361,0.002243249146348755,0.004192571190025535,0.004050654494703187,0.005377604218389595,0.0031978444015905213,0.00410239756957911,0.0008107227504581323,0.0,0.0,0.0
CCCCCCCN,CCCCCCCN,298.15,0.0,aux_only_sigma_profile_stream,,,No,False,0.0,False,0.0,False,0.0,0.0,0.0,False,0.0,False,True,192.04073000000017,0.0,0.0,0.0,0.0,0.0,0.0,0.0,0.0,0.0,0.0,0.0,0.0,0.0,0.0,0.0003881986499970175,0.006471845041131154,0.016969511589718947,0.006934825753344349,0.014325760898829159,0.01424410722326882,0.011942602817583895,0.01610161911826172,0.06799796091948983,0.16041274038050718,0.19594331897097125,0.15325752747407476,0.12033030621668996,0.09041245070773832,0.053996586913124575,0.00943649832250262,0.006554184114775075,0.0022900460406170796,0.004515098229188601,0.0030969519753702222,0.0032646850134181557,0.005229197607897543,0.00219400242107195,0.0021712952450600536,0.0012249360515629267,0.0038346111997527212,0.0076988978696226505,0.0020333926218551587,0.002811538325774384,0.002320673505899235,0.0034933785929846476,0.0034218360628855997,0.0036822265328482723,0.000997187592181991,0.0,0.0,0.0
CCCCCCCCN,CCCCCCCCN,298.15,0.0,aux_only_sigma_profile_stream,,,No,False,0.0,False,0.0,False,0.0,0.0,0.0,False,0.0,False,True,212.2678100000001,0.0,0.0,0.0,0.0,0.0,0.0,0.0,0.0,0.0,0.0,0.0,0.0,0.0,0.0,0.0,0.004643568585888259,0.01420958373348464,0.007775401472018951,0.012136749814910459,0.01378232661389039,0.011564828486335487,0.016724721365928626,0.07983689661528377,0.16516093737555487,0.19042850620545987,0.14821958878597224,0.1179290617536356,0.09086811774939443,0.059859983184189794,0.007791719698997833,0.008803758399871272,0.0019785492277796324,0.0015505883394380563,0.0023671660926622255,0.004471232808210616,0.0052628509244527855,0.0017688230792753936,0.0009931105605638574,0.005853480107379107,0.003882482216937351,0.0006650251037200127,0.003757311238358216,0.003192848291853379,0.004740836466773542,0.0021736448080954753,0.0023352782077446957,0.004603226345362119,0.0006677963405769765,0.0,0.0,0.0
CCCCCCCCCN,CCCCCCCCCN,298.15,0.0,aux_only_sigma_profile_stream,,,No,False,0.0,False,0.0,False,0.0,0.0,0.0,False,0.0,False,True,232.0688200000002,0.0,0.0,0.0,0.0,0.0,0.0,0.0,0.0,0.0,0.0,0.0,0.0,0.0,0.0,0.0003167702929395954,0.0053748769498963575,0.013835054423727572,0.005718367401655159,0.012124756894479826,0.011565684954407395,0.009850313264056878,0.013497456583181263,0.059984629472434076,0.1610214117848713,0.2080497435997247,0.1605740792333717,0.12957867559634068,0.08944101558921436,0.06003911695095226,0.008584808576408793,0.005314738666549948,0.0019849891077235605,0.0037934344456856473,0.0028404763824481957,0.002710125829526291,0.0040375325770377665,0.0020846392447547504,0.0014518488841969216,0.001028726137211289,0.0036345047146896913,0.006222925108322044,0.0013982809956140714,0.002071446172902687,0.0025399099240139096,0.0026257006145127396,0.0033062088544909734,0.002452051795658823,0.0009456989769987361,0.0,0.0,0.0
CCCCCCCCCCN,CCCCCCCCCCN,298.15,0.0,aux_only_sigma_profile_stream,,,No,False,0.0,False,0.0,False,0.0,0.0,0.0,False,0.0,False,True,252.17548000000025,0.0,0.0,0.0,0.0,0.0,0.0,0.0,0.0,0.0,0.0,0.0,0.0,0.0,0.0,0.0,0.0038976372650579563,0.011855193482877509,0.006848593461125516,0.010018925832952781,0.011731866095775876,0.009884964267129016,0.013663721920241678,0.07080746151174293,0.1632112566572776,0.2016304733455182,0.1578770768563766,0.12832275997784148,0.09103550674058943,0.06446981795025308,0.003831611905934543,0.006358729473756759,0.0016453948477598165,0.004495866041999162,0.002729726054464373,0.002447646423848629,0.00449212462739973,0.002510027345756285,0.0009249726921395894,0.0003592726662137172,0.0039000356786389524,0.004762778403880301,0.0014925668477689374,0.00278087905668374,0.002787333447505702,0.0036733360370157456,0.0022137782928208834,0.0027801845209440303,0.0005584802707094395,0.0,0.0,0.0
CCCCCCCCCCCCN,CCCCCCCCCCCCN,298.15,0.0,aux_only_sigma_profile_stream,,,No,False,0.0,False,0.0,False,0.0,0.0,0.0,False,0.0,False,True,291.4076100000002,0.0,0.0,0.0,0.0,0.0,0.0,0.0,0.0,0.0,0.0,0.0,0.0,0.0,0.0,0.00025729207086816144,0.004397245340949837,0.011058732135546968,0.00456930486187495,0.009518097504776652,0.009281236010894561,0.0077854616656264,0.01083286013330413,0.05126244701382268,0.16061507457935356,0.21935185423734938,0.1718566784070696,0.1394154061031878,0.08536722660389816,0.06780196294382836,0.006431767981887703,0.004398713624890989,0.001502717162395988,0.003000123040534341,0.002054098894633227,0.0021153009940979664,0.0034838479883001275,0.0014530897500961788,0.0014290216472537787,0.0007968165311368023,0.0025258831585315963,0.005090261645764772,0.0013323754289145528,0.001859725567621891,0.00154151563137504,0.0022750508678310005,0.002287986988440757,0.0023899781344049915,0.0006608453495369077,0.0,0.0,0.0
C(CNCCNCCNCCNCCN)N,C(CNCCNCCNCCNCCN)N,298.15,0.0,aux_only_sigma_profile_stream,,,No,False,0.0,False,0.0,False,0.0,0.0,0.0,False,0.0,False,True,331.59474,0.0,0.0,0.0,0.0,0.0,0.0,0.0,0.0,0.0,0.0,0.0,0.0,0.0,0.0,0.002979066351972173,0.02205220411980232,0.03181529177153111,0.028453280854136887,0.03021608992949647,0.029142259214747678,0.044906456339783615,0.07877871398037888,0.09941131984628528,0.13629256063188064,0.10102065159325296,0.0746123853568217,0.07282137968632615,0.02059872244014287,0.028841465136777444,0.031153264858214277,0.012638686489867317,0.010529809959632623,0.014736300849044771,0.006129261891773042,0.008968737900625686,0.013106703418560075,0.011498638618571356,0.000988545301646426,0.00850355777569875,0.027375760953567235,0.014224747354082787,0.007976473218472977,0.003848316530816985,0.009479476946948734,0.00886645722772391,0.005865212483589768,0.0021682009678270237,0.0,0.0,0.0,0.0
C=CCN(CC=C)CC=C,C=CCN(CC=C)CC=C,298.15,0.0,aux_only_sigma_profile_stream,,,No,False,0.0,False,0.0,False,0.0,0.0,0.0,False,0.0,False,True,208.2841100000001,0.0,0.0,0.0,0.0,0.0,0.0,0.0,0.0,0.0,0.0,0.0,0.0,0.0,0.0,0.0,0.0,0.0,0.0,0.00019325965038655986,0.03445111483099789,0.072998692525388,0.09414922395713284,0.11947081430899739,0.10347659190590722,0.09950170403961776,0.0948642189304743,0.06324033671819802,0.07921121312690098,0.058232972818968255,0.030815018618240902,0.039109498441726995,0.0403563985896148,0.016179633894338834,0.025169485327860234,0.005686231331177253,0.004031090114761232,0.0055341695018366055,0.007433598182167368,0.0016003721088144651,0.0001407667461942665,0.0032858040965169865,0.0008677902337808818,0.0,0.0,0.0,0.0,0.0,0.0,0.0,0.0,0.0
C(CNCCN)N,C(CNCCN)N,298.15,0.0,aux_only_sigma_profile_stream,,,No,False,0.0,False,0.0,False,0.0,0.0,0.0,False,0.0,False,True,163.74866999999998,0.0,0.0,0.0,0.0,0.0,0.0,0.0,0.0,0.0,0.0,0.0,0.0,0.0,0.0,0.0029713021749947356,0.027919122844862396,0.043276360456012505,0.030332664823073258,0.04305859632051846,0.04096350244839773,0.04916677801374846,0.09018083115409856,0.09097109145608513,0.11034996344532874,0.08381486524235282,0.063142663817413,0.05869347748841521,0.02665603928873425,0.020232724368411482,0.030127357330561648,0.011334923818882518,0.010872278758308939,0.014683104315145341,0.011446551027782517,0.01437419837078738,0.013054745434288714,0.009750925050117144,0.0017145101293417012,0.00658363933877337,0.026358700338134932,0.013998532507767546,0.008389846424650961,0.006376886791670003,0.01571486978267607,0.007025970410156522,0.01080598553491853,0.005323109562194681,0.00033388173139472404,0.0,0.0,0.0
C(CNCCNCCNCCN)N,C(CNCCNCCNCCN)N,298.15,0.0,aux_only_sigma_profile_stream,,,No,False,0.0,False,0.0,False,0.0,0.0,0.0,False,0.0,False,True,275.67115,0.0,0.0,0.0,0.0,0.0,0.0,0.0,0.0,0.0,0.0,0.0,0.0,0.0,0.0,0.002794710106698433,0.02294518694517533,0.034258881130754995,0.029217938585712942,0.03290284282539043,0.03431132355383485,0.04997296055888293,0.09201401662512744,0.08809087659409301,0.12271982497739786,0.09261802880539005,0.07407639730668807,0.07191203460905357,0.023115378764135892,0.022061066757052886,0.03271245300163481,0.0140156410499085,0.009855486992385601,0.014887488329238441,0.008482714670326182,0.010433399413558184,0.011921956218860368,0.01132779734206434,0.001018954821379175,0.00869244293041548,0.025853813953422008,0.013881346548805126,0.009646477788171195,0.004452420337861905,0.01229509899872814,0.007386022028112898,0.006887185336982598,0.003116403662157369,0.00012142843059911636,0.0,0.0,0.0
C=CCC#N,C=CCC#N,298.15,0.0,aux_only_sigma_profile_stream,,,No,False,0.0,False,0.0,False,0.0,0.0,0.0,False,0.0,False,True,118.61693,0.0,0.0,0.0,0.0,0.0,0.0,0.0,0.0,0.0,0.0,0.0,0.0,0.0,0.0,0.0,0.023250640444009596,0.041672101328679725,0.030683774743970695,0.05286435630553994,0.09090244741414316,0.0855003738814923,0.04119646331701082,0.04207713907771995,0.06884649665843146,0.03994564659478104,0.05386809387338443,0.04878988887583054,0.0440438302959623,0.024683285077072726,0.044344734733278296,0.033145728778584564,0.03083983848146205,0.02918018756148806,0.0338336028510055,0.03380297198196075,0.047331253814316535,0.03549323607302571,0.02226873198353233,0.0014351758533174784,2.4466821420930823e-18,0.0,0.0,0.0,0.0,0.0,0.0,0.0,0.0,0.0,0.0,0.0
C(CCC#N)CCN,C(CCC#N)CCN,298.15,0.0,aux_only_sigma_profile_stream,,,No,False,0.0,False,0.0,False,0.0,0.0,0.0,False,0.0,False,True,177.50079000000005,0.0,0.0,0.0,0.0,0.0,0.0,0.0,0.0,0.0,0.0,0.0,0.0,0.0,0.0,0.0004985322025568533,0.007019482280921611,0.02748765366514661,0.03558822110674729,0.040132056416804444,0.03700815839095797,0.06500516497469615,0.10295633387932861,0.10180942935769749,0.11338710801519752,0.10075970739551407,0.05017579605611049,0.04038830995733573,0.028522297317270295,0.016115027094377322,0.014247046762850853,0.0168316363916707,0.008056687159755568,0.02296059049231403,0.01756948507181404,0.027511033789498224,0.03660845653585162,0.028109991111430737,0.020812291995955752,0.006268205043328,0.008109936414627613,0.007216994286718271,0.0029724807715941254,0.0018481738294361051,0.0021559809180134175,0.0038336916518633118,0.004246861293079077,0.0037871783695362033,0.0,0.0,0.0,0.0
CCCCN=C=O,CCCCN=C=O,298.15,0.0,aux_only_sigma_profile_stream,,,No,False,0.0,False,0.0,False,0.0,0.0,0.0,False,0.0,False,True,154.4039500000001,0.0,0.0,0.0,0.0,0.0,0.0,0.0,0.0,0.0,0.0,0.0,0.0,0.0,0.0,0.0,0.0,0.0,0.0,0.0018460355797840788,0.02625873851861211,0.04028944515227167,0.07117703022819168,0.13880443101560866,0.13189347353328648,0.12226800934438849,0.11162143479702359,0.07454082554882822,0.08002457855494559,0.022260412992951534,0.026879967830907747,0.018692206282114286,0.038683980432240285,0.04857704848748583,0.046182381701359826,0.0,0.0,0.0,0.0,0.0,0.0,0.0,0.0,0.0,0.0,0.0,0.0,0.0,0.0,0.0,0.0,0.0
C1CCC(CC1)N=C=O,C1CCC(CC1)N=C=O,298.15,0.0,aux_only_sigma_profile_stream,,,No,False,0.0,False,0.0,False,0.0,0.0,0.0,False,0.0,False,True,166.26189999999994,0.0,0.0,0.0,0.0,0.0,0.0,0.0,0.0,0.0,0.0,0.0,0.0,0.0,0.0,0.0,0.0,0.0,0.0,0.0,0.003976142260319263,0.02333840832463259,0.06517415053271257,0.15258042050747112,0.1665259376781554,0.13490949721328582,0.13908416274249788,0.08878239549806785,0.0461695259714415,0.013440624800341996,0.024963827064864597,0.014557040949040777,0.034789861881302946,0.036139483375008295,0.05379810950534683,0.0017704116955105655,0.0,0.0,0.0,0.0,0.0,0.0,0.0,0.0,0.0,0.0,0.0,0.0,0.0,0.0,0.0,0.0
CCC1=CC=CC=C1N,CCC1=CC=CC=C1N,298.15,0.0,aux_only_sigma_profile_stream,,,No,False,0.0,False,0.0,False,0.0,0.0,0.0,False,0.0,False,True,167.94070000000008,0.0,0.0,0.0,0.0,0.0,0.0,0.0,0.0,0.0,0.0,0.0,0.002529674863811852,0.007206132715361067,0.008272396263616082,0.011640563059926914,0.007652408261394591,0.013880699150814893,0.01314851261958393,0.014697813561053924,0.024694809436990248,0.060522892639137474,0.08584540008041287,0.10100548314278368,0.08840056657456645,0.08251228561060715,0.06337326846946567,0.05881819922765378,0.04541936659200548,0.027409543471844752,0.04146390222534303,0.0414058036523222,0.050005932768840355,0.0595651936835085,0.04717831701153536,0.03494586588594592,0.00827831381278497,0.00012665521868876093,4.393147957444829e-19,0.0,0.0,0.0,0.0,0.0,0.0,0.0,0.0,0.0,0.0,0.0,0.0,0.0
C1=CC=C(C(=C1)N)N,C1=CC=C(C(=C1)N)N,298.15,0.0,aux_only_sigma_profile_stream,,,No,False,0.0,False,0.0,False,0.0,0.0,0.0,False,0.0,False,True,147.93745,0.0,0.0,0.0,0.0,0.0,0.0,0.0,0.0,0.0,0.0,0.0,0.0,0.0014353513993663983,0.013475232527185441,0.02855898291653923,0.03587185447207126,0.030839342377892612,0.035416154055710296,0.038082431447208596,0.03509758770096855,0.04732699769119475,0.06680997736530182,0.05171950925212243,0.049778752642054655,0.04057965032347914,0.04138450832824954,0.03457048237262701,0.039137710683220514,0.05560683700134949,0.058749665894301195,0.06655618332220327,0.07386411206136309,0.054555017335135625,0.040574821094144446,0.011801367228264513,0.011710096417123785,0.008434267440173938,0.008610707362180434,0.006779918061055469,0.012654717637312515,1.7763590199963564e-05,0.0,0.0,0.0,0.0,0.0,0.0,0.0,0.0,0.0,0.0
CC1CN1,CC1CN1,298.15,0.0,aux_only_sigma_profile_stream,,,No,False,0.0,False,0.0,False,0.0,0.0,0.0,False,0.0,False,True,103.67994000000007,0.0,0.0,0.0,0.0,0.0,0.0,0.0,0.0,0.0,0.0,0.0,0.0,0.0,0.0004930237593665367,0.006940690741741057,0.019441204583687033,0.005009105071729021,0.011904694101844379,0.019633072889152316,0.031232133420491442,0.07422184050254423,0.09373928523035675,0.09947936610749863,0.10251081790604617,0.0834191940360315,0.08379009230287791,0.09531236803988972,0.06502774365937243,0.039727076522113214,0.02522277965293815,0.017067672019693485,0.012590171410484893,0.0058700874432864696,0.0154666747264219,0.008309922834421958,0.0016117689296694026,0.001950049487802967,0.022917470357657625,0.012585537135306224,0.008954736651237126,0.006685890642890433,0.0017691180636441423,0.014582288244938403,0.004819618936854609,0.007535559535373384,0.00017894505263648384,6.187800088671949e-19,0.0,0.0,0.0,0.0
C1=CC(=CC(=C1)N)N,C1=CC(=CC(=C1)N)N,298.15,0.0,aux_only_sigma_profile_stream,,,No,False,0.0,False,0.0,False,0.0,0.0,0.0,False,0.0,False,True,149.02572000000004,0.0,0.0,0.0,0.0,0.0,0.0,0.0,0.0,0.0,0.0,0.0,0.009225458728496781,0.038235030476980354,0.02104144158764037,0.027102126562797868,0.027697673986671553,0.032421771344827315,0.04089667493897502,0.02656665373199478,0.04108935312631852,0.05201166819378285,0.04451475145778258,0.04062967436386188,0.03450431506002084,0.04643260435810931,0.0241972061978802,0.02377329846899642,0.030467939797979637,0.03796152068692611,0.050179649771067425,0.030892243008601345,0.03356957661393039,0.07220556484249428,0.10843780067654493,0.06024139334978579,0.039461909389778886,0.006242699277754455,2.156143199255981e-17,0.0,0.0,0.0,0.0,0.0,0.0,0.0,0.0,0.0,0.0,0.0,0.0,0.0
CNC1CCCCC1,CNC1CCCCC1,298.15,0.0,aux_only_sigma_profile_stream,,,No,False,0.0,False,0.0,False,0.0,0.0,0.0,False,0.0,False,True,165.17419000000007,0.0,0.0,0.0,0.0,0.0,0.0,0.0,0.0,0.0,0.0,0.0,0.0,0.0,0.0,0.0,0.001938163759030659,0.007889846525981264,0.005876562426092434,0.006205571973223599,0.006836394422550397,0.00834741774620853,0.039116644210308936,0.0760386594778379,0.1478997768234813,0.20526481581989467,0.17143215836659825,0.14839808179639805,0.08392801435596318,0.022584701328122864,0.0065018833972104815,0.008461794875918381,0.006514905665971237,0.00274564085952781,0.001934067849721024,0.00500563998500194,0.004132892168934897,0.003952775505972609,0.00246853093933885,0.0036049611886589993,0.003826997441930653,0.004011708046909755,0.001659441344825556,0.004371214935325542,0.00467589839421609,0.0021244919918037937,0.0014856335507362815,0.0007647128263040937,0.0,0.0,0.0,0.0
C(CNCCO)N,C(CNCCO)N,298.15,0.0,aux_only_sigma_profile_stream,,,No,False,0.0,False,0.0,False,0.0,0.0,0.0,False,0.0,False,True,159.55643999999995,0.0,0.0,0.0,0.0,0.0,0.0,0.0,0.0,0.0,0.0010768035008989424,0.003162271853870296,0.012903850848220466,0.0029083484431480728,0.0034515634836305084,0.004669948652274943,0.018275648357375024,0.03610208651336393,0.025545333367648033,0.028980799013226866,0.029884182644437866,0.045941016609016734,0.09012978058698166,0.10958993646192285,0.12104700553596145,0.09484688017452636,0.0583474036506385,0.043211238475282056,0.016753152992713058,0.020465132987386225,0.026450812755052764,0.014576306928630349,0.009835282593928647,0.010533489121582687,0.013294486064266416,0.013322636589912451,0.016757323937911305,0.010235792601668299,0.01256213059233221,0.018471664224143126,0.027424732870920024,0.01784981329205027,0.014786987173330083,0.008643725300214898,0.004019270349566775,0.013069605766076351,0.0008735556858894743,3.0007990988794227e-18,0.0,0.0,0.0,0.0
C(CC#N)/C=C\C#N,C(CC#N)/C=C\C#N,298.15,0.0,aux_only_sigma_profile_stream,,,No,False,0.0,False,0.0,False,0.0,0.0,0.0,False,0.0,False,True,161.36201999999994,0.0,0.0,0.0,0.0,0.0,0.0,0.0,0.0,0.0,0.0,0.0,0.0,0.0,0.0,0.0,0.036000932491668004,0.07889987436882176,0.09024930369473626,0.05574222218005298,0.05501851427881804,0.04694663847212462,0.0275167013377772,0.04469931009865359,0.04311378377523207,0.04317972390318281,0.035832248479113,0.0406845039066397,0.048932786491414894,0.012578006138097928,0.02003114718610644,0.025115919945448567,0.02279288102089644,0.027289234057090828,0.05010722180550481,0.05219120581605079,0.06147552715216475,0.052469090858251896,0.02780983977725964,0.001323382764893016,2.245924189946841e-18,0.0,0.0,0.0,0.0,0.0,0.0,0.0,0.0,0.0,0.0,0.0
C(CC#N)/C=C/C#N,C(CC#N)/C=C/C#N,298.15,0.0,aux_only_sigma_profile_stream,,,No,False,0.0,False,0.0,False,0.0,0.0,0.0,False,0.0,False,True,163.71868999999987,0.0,0.0,0.0,0.0,0.0,0.0,0.0,0.0,0.0,0.0,0.0,0.0,0.0,0.0,0.0005757922136015722,0.03593608771438743,0.0757642661373708,0.08102351517220735,0.06862811881460759,0.06483622172031372,0.04280799002949374,0.029189297019709074,0.036686630618419654,0.04936497224415077,0.03659012681302418,0.035631991972971774,0.04935286581525223,0.043213659416682995,0.014621147454092272,0.016752432392409946,0.018482825999108176,0.022852436086419535,0.025284196418735232,0.052242279862311426,0.04859733348177943,0.06692359405771696,0.052147110144242025,0.030746561338950467,0.0017485470620416908,3.102307137709716e-18,0.0,0.0,0.0,0.0,0.0,0.0,0.0,0.0,0.0,0.0,0.0
C(/C=C/CC#N)C#N,C(/C=C/CC#N)C#N,298.15,0.0,aux_only_sigma_profile_stream,,,No,False,0.0,False,0.0,False,0.0,0.0,0.0,False,0.0,False,True,164.26505000000006,0.0,0.0,0.0,0.0,0.0,0.0,0.0,0.0,0.0,0.0,0.0,0.0,0.0,0.0,0.0004267592491521336,0.0442881804769237,0.06638734292952882,0.06319076509087719,0.07021293294162206,0.08209900719123572,0.03989960180314922,0.022855235223214792,0.044694841300820645,0.06080741202766136,0.03421718009929476,0.027426419567264545,0.042444252262320965,0.042396957299623665,0.021376293385297045,0.024675398702700416,0.01634613100246279,0.021352123209461043,0.028081673523379737,0.05013487033645451,0.05079281474005881,0.06368649075844005,0.05263285050412241,0.028056962110831748,0.0015175042641018591,2.7093758924811257e-18,0.0,0.0,0.0,0.0,0.0,0.0,0.0,0.0,0.0,0.0,0.0
C1=CC=C(C=C1)NC2=CC=CC=C2[N+](=O)[O-],C1=CC=C(C=C1)NC2=CC=CC=C2[N+](=O)[O-],298.15,0.0,aux_only_sigma_profile_stream,,,No,False,0.0,False,0.0,False,0.0,0.0,0.0,False,0.0,False,True,237.65029,0.0,0.0,0.0,0.0,0.0,0.0,0.0,0.0,0.0,0.0,0.0,0.0,0.0,0.0,0.0,0.0,0.0,0.005174569229515268,0.039822440312737725,0.08065706925505876,0.07617481133705624,0.06739673186128366,0.05847657132254541,0.058227067670443416,0.0796556045014778,0.08685117162508912,0.07420571578383052,0.08729706564176842,0.07482747939326227,0.05966518671350917,0.041729219676908555,0.02133253838515089,0.02419488653687092,0.020464263570809698,0.014884463390971669,0.008794547938077843,0.01255603348063449,0.007537160295688779,7.540207730932709e-05,1.2573084393573646e-19,0.0,0.0,0.0,0.0,0.0,0.0,0.0,0.0,0.0,0.0,0.0
C=CCNCC=C,C=CCNCC=C,298.15,0.0,aux_only_sigma_profile_stream,,,No,False,0.0,False,0.0,False,0.0,0.0,0.0,False,0.0,False,True,164.34269000000006,0.0,0.0,0.0,0.0,0.0,0.0,0.0,0.0,0.0,0.0,0.0,0.0,0.0,0.0,0.0007060522538360402,0.0018998313137710387,0.010418830715330384,0.0035385207659743415,0.0017374870329114418,0.028604250306496493,0.08354186164327232,0.10338600478030142,0.12289522573033147,0.09709877130186681,0.0857374111226979,0.07926089442488739,0.04776211538655433,0.07455534296750828,0.048544325726149654,0.035886727537644283,0.04693479232566794,0.04153761988118782,0.024065004141498893,0.027669984330157906,0.0033752702228927295,0.0022446613534758296,0.0015299068853974168,0.007316467520544335,0.008439336233074433,0.0012190377494723796,0.0032288320586213648,0.0019404385221533668,0.0020850154787899534,0.0028389232563544755,1.0570311776106374e-06,3.5887566549895234e-21,0.0,0.0,0.0,0.0,0.0
C1=CC(=CC(=C1)[N+](=O)[O-])[N+](=O)[O-],C1=CC(=CC(=C1)[N+](=O)[O-])[N+](=O)[O-],298.15,0.0,aux_only_sigma_profile_stream,,,No,False,0.0,False,0.0,False,0.0,0.0,0.0,False,0.0,False,True,177.07343000000003,0.0,0.0,0.0,0.0,0.0,0.0,0.0,0.0,0.0,0.0,0.0,0.0,0.0,0.0,0.0,0.0014784003243755064,0.02658027159542812,0.04422175872507139,0.05575668586762553,0.0408721307560534,0.05523353364735714,0.06850893818279455,0.11657094252088127,0.08298971290272739,0.04577961206666267,0.03204023556866803,0.023879268110719148,0.0322159155905049,0.03536675472967508,0.038100722057467,0.09228037110365336,0.07969933602896435,0.03760773727386022,0.032293243081374996,0.03328884146316643,0.023929312697035025,0.0013062757059344372,4.505436416448577e-18,0.0,0.0,0.0,0.0,0.0,0.0,0.0,0.0,0.0,0.0,0.0,0.0,0.0
C1=CC=C(C(=C1)[N+](=O)[O-])[N+](=O)[O-],C1=CC=C(C(=C1)[N+](=O)[O-])[N+](=O)[O-],298.15,0.0,aux_only_sigma_profile_stream,,,No,False,0.0,False,0.0,False,0.0,0.0,0.0,False,0.0,False,True,174.45597000000012,0.0,0.0,0.0,0.0,0.0,0.0,0.0,0.0,0.0,0.0,0.0,0.0,0.0,0.0,0.001132882295095602,0.022873985657643477,0.058935179535561856,0.062376493219119374,0.04002874003505713,0.033501894420880036,0.028519170047624436,0.029618643754311915,0.04323538907584714,0.06194348482996364,0.05688607777096652,0.07344679477464824,0.06371109772478575,0.026215993655423535,0.0488851511698434,0.06525687537759522,0.11247849191305508,0.06825352576937373,0.032251240790643884,0.03344682839826092,0.03153473177804312,0.0054673280062560075,0.0,0.0,0.0,0.0,0.0,0.0,0.0,0.0,0.0,0.0,0.0,0.0,0.0,0.0,0.0
C1=CC(=CC=C1[N+](=O)[O-])[N+](=O)[O-],C1=CC(=CC=C1[N+](=O)[O-])[N+](=O)[O-],298.15,0.0,aux_only_sigma_profile_stream,,,No,False,0.0,False,0.0,False,0.0,0.0,0.0,False,0.0,False,True,177.06214000000017,0.0,0.0,0.0,0.0,0.0,0.0,0.0,0.0,0.0,0.0,0.0,0.0,0.0,0.0,0.0,0.01123809671931467,0.04426515457439774,0.04311769215894466,0.04532110990011152,0.028198027868809816,0.05450245583447376,0.06278010314295472,0.06474827742998075,0.10640905655985733,0.06607718166200177,0.04559493917487817,0.02289058615524181,0.04069547876557548,0.02848226965798897,0.04238797391727222,0.09404584707759252,0.06876008193529791,0.03898797266415922,0.030092880600145436,0.030338591150917436,0.02850308828018563,0.00256313476989846,8.778119653264582e-18,0.0,0.0,0.0,0.0,0.0,0.0,0.0,0.0,0.0,0.0,0.0,0.0,0.0
CC1=C(C=C(C=C1)[N+](=O)[O-])[N+](=O)[O-],CC1=C(C=C(C=C1)[N+](=O)[O-])[N+](=O)[O-],298.15,0.0,aux_only_sigma_profile_stream,,,No,False,0.0,False,0.0,False,0.0,0.0,0.0,False,0.0,False,True,192.45312,0.0,0.0,0.0,0.0,0.0,0.0,0.0,0.0,0.0,0.0,0.0,0.0,0.0,0.0,0.0,0.0019355265470499276,0.019152964270854583,0.03393314437004773,0.05279793043334917,0.05251363523444099,0.06428318845970125,0.05937402791304137,0.08060423819440705,0.11774969410811265,0.06846287264975386,0.039877186282888055,0.04500401832922391,0.023321695367080147,0.028440574914915952,0.033386876573486726,0.06743458591918018,0.0731841400516822,0.05061157089358915,0.02447884642554093,0.025377443178379335,0.03155869676091503,0.0065171431223598015,2.212055983350642e-17,0.0,0.0,0.0,0.0,0.0,0.0,0.0,0.0,0.0,0.0,0.0,0.0,0.0
CC1=C(C=CC=C1[N+](=O)[O-])[N+](=O)[O-],CC1=C(C=CC=C1[N+](=O)[O-])[N+](=O)[O-],298.15,0.0,aux_only_sigma_profile_stream,,,No,False,0.0,False,0.0,False,0.0,0.0,0.0,False,0.0,False,True,189.26791999999992,0.0,0.0,0.0,0.0,0.0,0.0,0.0,0.0,0.0,0.0,0.0,0.0,0.0,0.0,0.0,0.0063487532722695875,0.038995207374610354,0.048819702375432844,0.05323107510604124,0.04932859348683979,0.045133081770682336,0.053303169691404674,0.050556494152161645,0.09088509316269397,0.07238444175971769,0.05601191674843314,0.05538700696687323,0.02385620175135185,0.0223772059167298,0.04326726559580553,0.07242883680076052,0.08738218048284573,0.04386931959243983,0.028793452470408997,0.02698492123792401,0.02762846065074781,0.0030276196338254327,1.0691727146312641e-17,0.0,0.0,0.0,0.0,0.0,0.0,0.0,0.0,0.0,0.0,0.0,0.0,0.0
CC1=CC(=C(C=C1)[N+](=O)[O-])[N+](=O)[O-],CC1=CC(=C(C=C1)[N+](=O)[O-])[N+](=O)[O-],298.15,0.0,aux_only_sigma_profile_stream,,,No,False,0.0,False,0.0,False,0.0,0.0,0.0,False,0.0,False,True,193.16932,0.0,0.0,0.0,0.0,0.0,0.0,0.0,0.0,0.0,0.0,0.0,0.0,0.0,0.0,0.0,0.008117511644075762,0.0315210111505223,0.03482924420873015,0.04774469496392999,0.05135254333092823,0.057124381821808456,0.046663129244676436,0.058163616602313464,0.0805841448905675,0.08553730298003794,0.06289448891306239,0.04719775907551877,0.02903963876928096,0.030859596046733405,0.05572340512034313,0.09777070327772334,0.07138369382871411,0.032521697615534646,0.03145855159231523,0.02816692420641125,0.011223551944145718,0.00012240877262675824,4.247396219407301e-19,0.0,0.0,0.0,0.0,0.0,0.0,0.0,0.0,0.0,0.0,0.0,0.0,0.0
C1=C(C=C(C=C1[N+](=O)[O-])[N+](=O)[O-])[N+](=O)[O-],C1=C(C=C(C=C1[N+](=O)[O-])[N+](=O)[O-])[N+](=O)[O-],298.15,0.0,aux_only_sigma_profile_stream,,,No,False,0.0,False,0.0,False,0.0,0.0,0.0,False,0.0,False,True,204.13437,0.0,0.0,0.0,0.0,0.0,0.0,0.0,0.0,0.0,0.0,0.0,0.0,0.0,0.0,0.0,0.002114298312478699,0.029930311431457378,0.04383004141794128,0.05160492508691555,0.11018283829147536,0.12601248881259486,0.04261351872868107,0.011985335541926918,0.010635075635142485,0.018431932069470226,0.030832224576488224,0.054419284393163674,0.029847612847906612,0.04636432199194781,0.08936465511748022,0.11881676470002968,0.05894075838675868,0.0400265018454979,0.04535264437256259,0.03599921505568788,0.0026952513843929225,0.0,0.0,0.0,0.0,0.0,0.0,0.0,0.0,0.0,0.0,0.0,0.0,0.0,0.0,0.0
CC1=C(C=C(C=C1[N+](=O)[O-])[N+](=O)[O-])[N+](=O)[O-],CC1=C(C=C(C=C1[N+](=O)[O-])[N+](=O)[O-])[N+](=O)[O-],298.15,0.0,aux_only_sigma_profile_stream,,,No,False,0.0,False,0.0,False,0.0,0.0,0.0,False,0.0,False,True,216.9907299999999,0.0,0.0,0.0,0.0,0.0,0.0,0.0,0.0,0.0,0.0,0.0,0.0,0.0,0.0,0.00019730750204550592,0.012088916774578143,0.034382784482944795,0.032968886034768,0.04356864428938289,0.06983597056676849,0.09009228013898063,0.08407910789819874,0.05629779843656641,0.0337039349072249,0.02404359985510594,0.02922444302030664,0.029300239545981675,0.03318709117418816,0.04850844215840236,0.07196933477840509,0.12519305773780381,0.06365939782043595,0.03829155515504908,0.04040924467821508,0.034891767461128285,0.004106195583519493,0.0,0.0,0.0,0.0,0.0,0.0,0.0,0.0,0.0,0.0,0.0,0.0,0.0,0.0,0.0
CC1=C(C=CC(=C1)[N+](=O)[O-])[N+](=O)[O-],CC1=C(C=CC(=C1)[N+](=O)[O-])[N+](=O)[O-],298.15,0.0,aux_only_sigma_profile_stream,,,No,False,0.0,False,0.0,False,0.0,0.0,0.0,False,0.0,False,True,192.41522999999995,0.0,0.0,0.0,0.0,0.0,0.0,0.0,0.0,0.0,0.0,0.0,0.0,0.0,0.0,0.0,0.00039076792493436573,0.016169494197906583,0.03165194714892621,0.04992986329483094,0.04965855093786922,0.05583978238114105,0.06898514941111004,0.08028828905422875,0.12094887530847585,0.0972764672496699,0.028510962212666073,0.03337103046820125,0.020318597878274457,0.032139040390057695,0.040030845898859316,0.07355188393948128,0.07932224962253977,0.03766186514613855,0.029604950561065522,0.02985613338068297,0.023009746978632478,0.0014835066143077608,5.142565738242786e-18,0.0,0.0,0.0,0.0,0.0,0.0,0.0,0.0,0.0,0.0,0.0,0.0,0.0
CC1=CC(=CC(=C1)[N+](=O)[O-])[N+](=O)[O-],CC1=CC(=CC(=C1)[N+](=O)[O-])[N+](=O)[O-],298.15,0.0,aux_only_sigma_profile_stream,,,No,False,0.0,False,0.0,False,0.0,0.0,0.0,False,0.0,False,True,195.7415499999999,0.0,0.0,0.0,0.0,0.0,0.0,0.0,0.0,0.0,0.0,0.0,0.0,0.0,0.0,0.0,0.0002095368847232962,0.008825344132978568,0.022749662643208157,0.0483384870197407,0.05233460231046707,0.07206887156176553,0.08103539100230793,0.089584633307469,0.12124801159561377,0.08264378351037531,0.026190250436302732,0.02526495293111852,0.03409602196300388,0.027125372277547164,0.03157026768780922,0.07972316890179934,0.06772012174226119,0.043642949363265765,0.02506384847055713,0.025808174492201234,0.029989385478980234,0.004767162286504292,1.6311943625446843e-17,0.0,0.0,0.0,0.0,0.0,0.0,0.0,0.0,0.0,0.0,0.0,0.0,0.0
C1=CC(=CC=C1N)N,C1=CC(=CC=C1N)N,298.15,0.0,aux_only_sigma_profile_stream,,,No,False,0.0,False,0.0,False,0.0,0.0,0.0,False,0.0,False,True,150.20243000000002,0.0,0.0,0.0,0.0,0.0,0.0,0.0,0.0,0.0,0.0,0.0,0.003955729930422164,0.018445078948204074,0.03968117685938549,0.021231015294020238,0.025198574286981166,0.028498191281194248,0.03558436900593532,0.04752082552254114,0.05064566088702133,0.051165926334225544,0.04164497573318547,0.04694067875117052,0.03267105530161456,0.03906289525955545,0.03074771889891894,0.02726887825650324,0.029668844045254324,0.03462695532023416,0.04186381031891687,0.05147283770517659,0.032568615974964445,0.0860925512128259,0.08280212482597185,0.057774026536669944,0.020299178033707097,0.015439979620155513,0.007128325855244313,1.2061162750117278e-17,0.0,0.0,0.0,0.0,0.0,0.0,0.0,0.0,0.0,0.0,0.0,0.0
C1=CC=C(C=C1)N=C=O,C1=CC=C(C=C1)N=C=O,298.15,0.0,aux_only_sigma_profile_stream,,,No,False,0.0,False,0.0,False,0.0,0.0,0.0,False,0.0,False,True,156.60270999999997,0.0,0.0,0.0,0.0,0.0,0.0,0.0,0.0,0.0,0.0,0.0,0.0,0.0,0.0,0.0,0.0,0.0018222184364927025,0.01349526941890872,0.04628417881188303,0.06699797252537075,0.07505243154261382,0.0591661907892234,0.058921725483242815,0.0828342217347548,0.051197736373377975,0.05598753921893716,0.058923789672543296,0.08778567984017839,0.07023262386952757,0.09023746199406259,0.07195264658537075,0.08298462254925414,0.026123691154258197,0.0,0.0,0.0,0.0,0.0,0.0,0.0,0.0,0.0,0.0,0.0,0.0,0.0,0.0,0.0,0.0,0.0,0.0
C1=CN=CN=C1,C1=CN=CN=C1,298.15,0.0,aux_only_sigma_profile_stream,,,No,False,0.0,False,0.0,False,0.0,0.0,0.0,False,0.0,False,True,112.61804999999998,0.0,0.0,0.0,0.0,0.0,0.0,0.0,0.0,0.0,0.0,0.0,0.0,0.0,0.0,0.0,0.0,0.011337400406848372,0.08544191188192551,0.09726302982708546,0.05736763917202279,0.03644033285986999,0.041333353646880684,0.04769211092916757,0.03996878505237119,0.06532086581956632,0.11105542362164503,0.10473514732358535,0.0339604099052485,0.03877622563718774,0.020432262398796287,0.007827177780292087,0.030275769275587887,0.02874892975132841,0.008151065902187341,0.019860084309876173,0.03132125701443834,0.014719854352456912,0.014762220670680946,0.01637938768513493,0.02040541344537496,0.012224553617227702,0.00419938771321354,0.0,0.0,0.0,0.0,0.0,0.0,0.0,0.0,0.0
C1=CNN=C1,C1=CNN=C1,298.15,0.0,aux_only_sigma_profile_stream,,,No,False,0.0,False,0.0,False,0.0,0.0,0.0,False,0.0,False,True,101.34402000000004,0.0,0.0,0.0,0.0,0.0,0.0,0.0,0.0,0.008460859282069506,0.021445951699573387,0.00964146912840193,0.01740138210766445,0.011957572117902472,0.002856895066243641,0.008288261001177393,0.018804936633122285,0.02769202663247579,0.0386357853347933,0.04262112971895429,0.05921217664979195,0.03438893470450491,0.03825054446385794,0.051455960166540846,0.04504361325826317,0.026331743874839775,0.053154192271011536,0.03269674512014936,0.043082469134434566,0.05555253495370243,0.03585808293455745,0.053925023566285174,0.05515282779097936,0.06396018278527849,0.021301030576241987,0.023416709295928848,0.01750246582880153,0.012629970925059224,0.014984309295993377,0.021029047051547085,0.008678262905270505,0.014546940531393066,0.010039963193188997,0.0,0.0,0.0,0.0,0.0,0.0,0.0,0.0,0.0
C(=C\C#N)\C#N,C(=C\C#N)\C#N,298.15,0.0,aux_only_sigma_profile_stream,,,No,False,0.0,False,0.0,False,0.0,0.0,0.0,False,0.0,False,True,122.87986000000004,0.0,0.0,0.0,0.0,0.0,0.0,0.0,0.0,0.0,0.0,0.0,0.0,0.01865104143639467,0.06187199129510945,0.03358455522936619,0.020284995333892077,0.02214007738020673,0.021704411689585576,0.02487961680041611,0.023212298280600733,0.03432478881271755,0.08791112694788061,0.06350772677620709,0.031405792204541406,0.040196635117024045,0.05040823534669732,0.012955409010330012,0.031661787092528496,0.014893269667269636,0.05297890575765319,0.03449993772073854,0.07076975626825713,0.0453061524589831,0.08391566692822727,0.06073262362510112,0.04534126238313676,0.012861936437135051,4.525645368312676e-17,0.0,0.0,0.0,0.0,0.0,0.0,0.0,0.0,0.0,0.0,0.0,0.0,0.0
C(=C/C#N)\C#N,C(=C/C#N)\C#N,298.15,0.0,aux_only_sigma_profile_stream,,,No,False,0.0,False,0.0,False,0.0,0.0,0.0,False,0.0,False,True,124.1845,0.0,0.0,0.0,0.0,0.0,0.0,0.0,0.0,0.0,0.0,0.0,0.0,0.029690906926306215,0.04702064186241126,0.029508210569710827,0.019202531853400647,0.016065143342481714,0.022741670906567008,0.024773996435284197,0.02465270373206109,0.06802803432036464,0.06939504799557442,0.07548219394088705,0.025033433935421262,0.04757559395552569,0.04682296350938797,0.014765665665048782,0.027896595913942238,0.01683786215629012,0.03765195217304374,0.03270427089938351,0.06471807927853791,0.04632156335652864,0.09281412824599206,0.05666967223891783,0.048083782447741176,0.015543354339190022,5.331002093331846e-17,0.0,0.0,0.0,0.0,0.0,0.0,0.0,0.0,0.0,0.0,0.0,0.0,0.0
C(C#N)N(CC#N)CC#N,C(C#N)N(CC#N)CC#N,298.15,0.0,aux_only_sigma_profile_stream,,,No,False,0.0,False,0.0,False,0.0,0.0,0.0,False,0.0,False,True,178.97858999999994,0.0,0.0,0.0,0.0,0.0,0.0,0.0,0.0,0.0,0.0,0.0,0.0,0.005057582984691018,0.025912820945906554,0.055808807212768326,0.09247320752946034,0.0664854116062508,0.042174515210969606,0.04003313547040935,0.020556532102663738,0.011558916503769142,0.025096283459614312,0.024714823460774832,0.007324619495501956,0.02129204158988632,0.042896895171748654,0.032908254689189204,0.026525647279947013,0.0319283981070103,0.018663404161868194,0.03696114115305763,0.0533131436181159,0.06428050025959811,0.08855292458894108,0.07017660804933486,0.06032337007544307,0.03351888750166097,0.00146212777141884,2.439236164682611e-18,0.0,0.0,0.0,0.0,0.0,0.0,0.0,0.0,0.0,0.0,0.0,0.0
C(C(CO[N+](=O)[O-])(CO[N+](=O)[O-])CO[N+](=O)[O-])O[N+](=O)[O-],C(C(CO[N+](=O)[O-])(CO[N+](=O)[O-])CO[N+](=O)[O-])O[N+](=O)[O-],298.15,0.0,aux_only_sigma_profile_stream,,,No,False,0.0,False,0.0,False,0.0,0.0,0.0,False,0.0,False,True,290.41299999999995,0.0,0.0,0.0,0.0,0.0,0.0,0.0,0.0,0.0,0.0,0.0,0.0,0.0,0.0,0.0,0.003109119226776713,0.027945515713512694,0.05492464937351807,0.05844509137456967,0.06678308253317036,0.05266819377377322,0.025295259650220173,0.024270337997645334,0.04213102557681543,0.0339834015156147,0.03041641940763496,0.06765264015647371,0.061879262693134304,0.14549198044576,0.1325605041232204,0.09932626819281613,0.062440295781034265,0.010676952464309828,0.0,0.0,0.0,0.0,0.0,0.0,0.0,0.0,0.0,0.0,0.0,0.0,0.0,0.0,0.0,0.0,0.0,0.0
C(C(CO[N+](=O)[O-])O[N+](=O)[O-])O[N+](=O)[O-],C(C(CO[N+](=O)[O-])O[N+](=O)[O-])O[N+](=O)[O-],298.15,0.0,aux_only_sigma_profile_stream,,,No,False,0.0,False,0.0,False,0.0,0.0,0.0,False,0.0,False,True,221.34391000000016,0.0,0.0,0.0,0.0,0.0,0.0,0.0,0.0,0.0,0.0,0.0,0.0,0.0,0.0,0.007238070286051901,0.03692072556456134,0.046243348590131496,0.047257699427347664,0.04170841420517733,0.03235480994358609,0.03935257831616954,0.02511909980705006,0.02524833914899044,0.029511604540421447,0.034805258724008914,0.03313720425856702,0.05461564784139482,0.07542572287405827,0.14737974235768483,0.14112866087093462,0.10539835016680461,0.06558263417407549,0.011572088902983994,0.0,0.0,0.0,0.0,0.0,0.0,0.0,0.0,0.0,0.0,0.0,0.0,0.0,0.0,0.0,0.0,0.0,0.0
C1=CC=C(C(=C1)N)[N+](=O)[O-],C1=CC=C(C(=C1)N)[N+](=O)[O-],298.15,0.0,aux_only_sigma_profile_stream,,,No,False,0.0,False,0.0,False,0.0,0.0,0.0,False,0.0,False,True,158.99618999999993,0.0,0.0,0.0,0.0,0.0,0.0,0.0,0.0,0.00014217530263138827,0.004657253925461153,0.009620226628708206,0.008103327678219968,0.006637315204567235,0.011736630279670167,0.010421526098020217,0.013058535728884574,0.01607410554402644,0.02196973225169629,0.04683103427405766,0.0617591478118125,0.039305268874613684,0.04476397351002048,0.037112665342988745,0.04799000262515136,0.05783188780187321,0.053562002632160516,0.07445507284615188,0.0667834209699868,0.07216647201774963,0.08152597975845526,0.04745107133350138,0.01747059422538258,0.03848671215397069,0.03053892168320997,0.02473970096484458,0.015800206444340898,0.013165561802450317,0.016819996064921485,0.00901947822047071,1.5925258592177588e-17,0.0,0.0,0.0,0.0,0.0,0.0,0.0,0.0,0.0,0.0,0.0
C1=CC(=CC=C1N)[N+](=O)[O-],C1=CC(=CC=C1N)[N+](=O)[O-],298.15,0.0,aux_only_sigma_profile_stream,,,No,False,0.0,False,0.0,False,0.0,0.0,0.0,False,0.0,False,True,162.75433,0.0,0.0,0.0,0.0,0.0,0.0,0.0,0.0,0.0,0.0,0.0025163848538199583,0.01765300761489378,0.016746514136677163,0.01639251223443321,0.022499168363739313,0.015955866287303395,0.016895855003843215,0.025907288516228782,0.04116224835672414,0.04562284154426165,0.04016287104927997,0.031185056452037806,0.042709072338229154,0.03771922467765577,0.05057985311752762,0.07082761267465203,0.08497344658867816,0.0816570022090343,0.06137964833167879,0.021396939240875924,0.031574920408870034,0.019788981988203325,0.05684979433386103,0.05483446884804533,0.02977060060265063,0.02488231974247386,0.011686067393272888,0.02141367877578516,0.005256754315263652,9.241476647979508e-18,0.0,0.0,0.0,0.0,0.0,0.0,0.0,0.0,0.0,0.0,0.0
C1=CC(=CC(=C1)[N+](=O)[O-])N,C1=CC(=CC(=C1)[N+](=O)[O-])N,298.15,0.0,aux_only_sigma_profile_stream,,,No,False,0.0,False,0.0,False,0.0,0.0,0.0,False,0.0,False,True,163.15980000000008,0.0,0.0,0.0,0.0,0.0,0.0,0.0,0.0,0.0,0.0,0.0067714138265845365,0.01846479812925522,0.013888931174215219,0.014930279355488968,0.013349271347337453,0.020890755067211695,0.022998128916780654,0.020359033557524577,0.0392105097215776,0.04770237789905391,0.034564397635952836,0.04565748353570565,0.032299266172552486,0.042309561184837786,0.04516405829701279,0.04158389344596492,0.05487622010701942,0.06836655995851916,0.09084078337970869,0.07869596491126732,0.0481977681361735,0.057287607452949356,0.05377613697903672,0.03193531109802744,0.018395009784175506,0.009929496712721775,0.021243579485523332,0.006311402727821546,1.0455874673278323e-17,0.0,0.0,0.0,0.0,0.0,0.0,0.0,0.0,0.0,0.0,0.0,0.0
C1=CC=C2C(=C1)C=CN2,C1=CC=C2C(=C1)C=CN2,298.15,0.0,aux_only_sigma_profile_stream,,,No,False,0.0,False,0.0,False,0.0,0.0,0.0,False,0.0,False,True,154.17467999999997,0.0,0.0,0.0,0.0,0.0,0.0,0.0,0.0,0.00049590723532192,0.007785279849184381,0.012950706424066644,0.002765489480214124,0.011043813156648343,0.01221927593306372,0.0018034491446052862,0.004617045630691034,0.014374544841043228,0.018150522817755355,0.0342876512065312,0.046165651526873235,0.0711401333884948,0.06936749411510763,0.056754273135654974,0.05767693024519331,0.038818596462338636,0.05138138361076197,0.03954363810734416,0.04054162495253113,0.043424851553095695,0.077416710584716,0.05756853370901062,0.0824921933377822,0.07968429713364933,0.06087325128537877,0.006656751132942259,0.0,0.0,0.0,0.0,0.0,0.0,0.0,0.0,0.0,0.0,0.0,0.0,0.0,0.0,0.0,0.0
C1=CC=C2C=NC=CC2=C1,C1=CC=C2C=NC=CC2=C1,298.15,0.0,aux_only_sigma_profile_stream,,,No,False,0.0,False,0.0,False,0.0,0.0,0.0,False,0.0,False,True,164.34458999999995,0.0,0.0,0.0,0.0,0.0,0.0,0.0,0.0,0.0,0.0,0.0,0.0,0.0,0.0,0.0,0.0,0.0,0.007643968144994917,0.08574636010855609,0.09478379596456935,0.08082646562824249,0.04931771132930261,0.049219432255228436,0.0410978057765814,0.04411854199466342,0.0514032480846558,0.06296386057236507,0.09285997426977671,0.11735362762165463,0.09699718442055746,0.04517258532608101,0.008145755603793896,0.003049708003838308,0.014636874322451142,0.0068572677186820715,0.004678846493972589,0.009538460567756254,0.0069365863800573664,0.006431311225278973,0.004505526258722728,0.007516786159306737,0.0053424330863444565,0.00285588268256598,0.0,0.0,0.0,0.0,0.0,0.0,0.0,0.0
C1=CC=C(C=C1)C2=CC=C(C=C2)N,C1=CC=C(C=C1)C2=CC=C(C=C2)N,298.15,0.0,aux_only_sigma_profile_stream,,,No,False,0.0,False,0.0,False,0.0,0.0,0.0,False,0.0,False,True,212.8703000000001,0.0,0.0,0.0,0.0,0.0,0.0,0.0,0.0,0.0,0.0,0.0015470136936290512,0.009464988305048692,0.012092982836624968,0.009208799761456197,0.012062104094869776,0.01053691740947511,0.01424968105273774,0.024249797008761287,0.02948133474305367,0.06955496373983638,0.06506455724326171,0.06521318226536062,0.04855234032396532,0.043431880644651526,0.02933726538716532,0.0423657635728636,0.05078049782643372,0.04008836853497049,0.05497607977358934,0.055698557281183864,0.1000233113639422,0.10336617320333644,0.08231544600448108,0.022344464492351106,0.00363777209679375,0.0003557573401570429,0.0,0.0,0.0,0.0,0.0,0.0,0.0,0.0,0.0,0.0,0.0,0.0,0.0,0.0,0.0
C1=CC2=C(C=CC=C2N=C=O)C(=C1)N=C=O,C1=CC2=C(C=CC=C2N=C=O)C(=C1)N=C=O,298.15,0.0,aux_only_sigma_profile_stream,,,No,False,0.0,False,0.0,False,0.0,0.0,0.0,False,0.0,False,True,234.2373,0.0,0.0,0.0,0.0,0.0,0.0,0.0,0.0,0.0,0.0,0.0,0.0,0.0,0.0,0.0,0.0,0.009119571327755401,0.015330035441881886,0.041253997221761735,0.04697975174445018,0.056487076042932106,0.05072855541382777,0.07044833272629124,0.08720558127198912,0.049505084463081245,0.06467513965728729,0.09908316700313827,0.11177613700933026,0.07008237394664556,0.0890466596289485,0.03905450998233791,0.08471948901672535,0.014504538101616223,0.0,0.0,0.0,0.0,0.0,0.0,0.0,0.0,0.0,0.0,0.0,0.0,0.0,0.0,0.0,0.0,0.0,0.0
C1=CC=C2C(=C1)C3=CC=CC=C3N2,C1=CC=C2C(=C1)C3=CC=CC=C3N2,298.15,0.0,aux_only_sigma_profile_stream,,,No,False,0.0,False,0.0,False,0.0,0.0,0.0,False,0.0,False,True,201.64210999999975,0.0,0.0,0.0,0.0,0.0,0.0,0.0,0.0,0.0012926777492911342,0.006582695073327846,0.005946789621525245,0.0022303120680015184,0.00947144744785521,0.00873786168275085,0.0020288983924458283,0.0043177082341925715,0.003110899647887947,0.0063046199304487615,0.03222312311473004,0.06809370597412671,0.07996298748464503,0.07077205856650486,0.05734500100689539,0.04513252374413123,0.045571481099639356,0.046639383145236385,0.03880044415478046,0.03737268629196919,0.10332057065310031,0.0773419407214352,0.08498727513560743,0.08239952226677313,0.064568809050072,0.015444577742626347,0.0,0.0,0.0,0.0,0.0,0.0,0.0,0.0,0.0,0.0,0.0,0.0,0.0,0.0,0.0,0.0,0.0
C1=CC(=CN=C1)C#N,C1=CC(=CN=C1)C#N,298.15,0.0,aux_only_sigma_profile_stream,,,No,False,0.0,False,0.0,False,0.0,0.0,0.0,False,0.0,False,True,141.83153999999993,0.0,0.0,0.0,0.0,0.0,0.0,0.0,0.0,0.0,0.0,0.0,0.0,0.0,0.0,0.0,0.014903141652211613,0.04741062455769516,0.07441372397859887,0.0530859433381349,0.03346435262747815,0.028829012176471196,0.04841915243580407,0.06940922446509144,0.07297268201589861,0.07728267700531634,0.07961669323110224,0.07790691530414677,0.02822556201270071,0.02356264471629189,0.01757864333323802,0.01649101772159268,0.03025718729603191,0.03354912846635348,0.02978919937803779,0.050129341356963855,0.03538289504499916,0.02900770622200121,0.01040225020314741,0.007839168805932809,0.006316109391522991,0.0034427653014189245,0.00031223796181768115,0.0,0.0,0.0,0.0,0.0,0.0,0.0,0.0,0.0
CCC1=C(C(=CC=C1)CC)N,CCC1=C(C(=CC=C1)CC)N,298.15,0.0,aux_only_sigma_profile_stream,,,No,False,0.0,False,0.0,False,0.0,0.0,0.0,False,0.0,False,True,201.68715000000017,0.0,0.0,0.0,0.0,0.0,0.0,0.0,0.0,0.0,0.0,0.0,0.0,0.00047059308704994006,0.006165493366386798,0.012341695837525075,0.010151152555637179,0.008897858016747563,0.012764049473324789,0.010674006224995336,0.015600601587565778,0.02839528735894327,0.09034678219461569,0.11400507008888756,0.12074386722241588,0.09088890181758275,0.08534607064646103,0.08135587986287618,0.062136465070327405,0.03164155363468632,0.030801344446790113,0.0398735383666136,0.030147489411740832,0.036175801796255805,0.03125184997801528,0.026339286155098854,0.006660157305229452,0.004568903177241008,0.0011589061396069368,0.0033518823179946103,0.0036612268317132665,0.003663246502955589,0.0004210395247161786,0.0,0.0,0.0,0.0,0.0,0.0,0.0,0.0,0.0
CN=C=O,CN=C=O,298.15,0.0,aux_only_sigma_profile_stream,,,No,False,0.0,False,0.0,False,0.0,0.0,0.0,False,0.0,False,True,94.37778,0.0,0.0,0.0,0.0,0.0,0.0,0.0,0.0,0.0,0.0,0.0,0.0,0.0,0.0,0.0,0.0,0.0,0.0,0.033989839844827674,0.08069284360279422,0.08714199547032278,0.0877977069788323,0.10488649333092873,0.06822922760926545,0.06937277212539773,0.08633495765387299,0.028489579024836998,0.04190983052591774,0.023728125011660797,0.043068387759390286,0.03259853889959152,0.06331874252206927,0.07449914852369392,0.07394181111659769,0.0,0.0,0.0,0.0,0.0,0.0,0.0,0.0,0.0,0.0,0.0,0.0,0.0,0.0,0.0,0.0,0.0
CC1=CC(=NC(=C1)C)C,CC1=CC(=NC(=C1)C)C,298.15,0.0,aux_only_sigma_profile_stream,,,No,False,0.0,False,0.0,False,0.0,0.0,0.0,False,0.0,False,True,174.97670999999983,0.0,0.0,0.0,0.0,0.0,0.0,0.0,0.0,0.0,0.0,0.0,0.0,0.0,0.0,0.0,0.0,0.0,0.0,0.002564152529885185,0.025054892941599505,0.09508370891884992,0.09729343040365267,0.11441061406519137,0.08316941850394326,0.08075988562164309,0.13406266854966536,0.08805599752491813,0.05254776439032199,0.04786812251239515,0.06009409824151174,0.04729940309645763,0.00642605639854716,0.009278964292487677,0.0037538398926384177,0.00667451875461152,0.006445713074284803,0.005435921107262365,0.008187666285697049,0.004268163027699154,0.01031664928379628,0.0026611174527667444,0.003035518216968427,0.0033483048806324193,0.0019034100325731067,6.6111279973049226e-18,0.0,0.0,0.0,0.0,0.0,0.0
CC1=NC(=CC=C1)C,CC1=NC(=CC=C1)C,298.15,0.0,aux_only_sigma_profile_stream,,,No,False,0.0,False,0.0,False,0.0,0.0,0.0,False,0.0,False,True,155.9514999999999,0.0,0.0,0.0,0.0,0.0,0.0,0.0,0.0,0.0,0.0,0.0,0.0,0.0,0.0,0.0,0.0,0.0,0.0005382432615139095,0.0215587869498836,0.047043737867164696,0.09111875261133434,0.08664696344711086,0.10277245683153292,0.07137196365241506,0.07196418609963104,0.11508287895846024,0.07851043123686219,0.0536200739704631,0.05936212216883683,0.07001378017759372,0.052912709847923914,0.007999796752139934,0.009974659913764799,0.0035446517883904443,0.00807937444543163,0.0066880690810640535,0.006996825367689003,0.008097262020905667,0.00678577952638507,0.00851557593331677,0.0034102262691021014,0.003026705806385737,0.004137470561857959,0.0002265154528403165,7.811823708059244e-19,0.0,0.0,0.0,0.0,0.0,0.0
CC1=CN=CC=C1,CC1=CN=CC=C1,298.15,0.0,aux_only_sigma_profile_stream,,,No,False,0.0,False,0.0,False,0.0,0.0,0.0,False,0.0,False,True,136.69849000000002,0.0,0.0,0.0,0.0,0.0,0.0,0.0,0.0,0.0,0.0,0.0,0.0,0.0,0.0,0.0,0.0,0.0,0.002069772282590122,0.03612398733035705,0.0733233070831704,0.11123965180663954,0.08471622486220293,0.0644949557412852,0.05993272300867091,0.09095287320491469,0.07935034108087148,0.0604756507849391,0.0539348768422014,0.0680263581501563,0.07998455421549937,0.028919324902851564,0.014650191336128071,0.007164730827904469,0.006805261284715141,0.019530721478838352,0.0032072395051709725,0.008344337112067673,0.012252996788550831,0.007588138311724518,0.006083583339663827,0.007506900043945839,0.00812114286730241,0.004209899114176616,0.000990256693461219,3.3845310197006327e-18,0.0,0.0,0.0,0.0,0.0,0.0
CC(CCC#N)C#N,CC(CCC#N)C#N,298.15,0.0,aux_only_sigma_profile_stream,,,No,False,0.0,False,0.0,False,0.0,0.0,0.0,False,0.0,False,True,163.90021000000002,0.0,0.0,0.0,0.0,0.0,0.0,0.0,0.0,0.0,0.0,0.0,0.0,0.0,0.0,0.0,0.005041564303732542,0.06018278851475784,0.05686986152146852,0.07606949424265227,0.08039458036649251,0.08213737865034094,0.05539501716075866,0.04640620329216845,0.05764285945407324,0.04764448543492048,0.02057789810310743,0.03553464072302438,0.025791795494328952,0.01566801898006964,0.019316239637861478,0.01577969649047576,0.02718635317866743,0.03051734906864353,0.057828084472119165,0.060323722747777066,0.055264397451320085,0.045368365259676274,0.022528712704708933,0.0005304927468542822,8.981872460496698e-19,0.0,0.0,0.0,0.0,0.0,0.0,0.0,0.0,0.0,0.0,0.0
CC1=CC=NC=C1,CC1=CC=NC=C1,298.15,0.0,aux_only_sigma_profile_stream,,,No,False,0.0,False,0.0,False,0.0,0.0,0.0,False,0.0,False,True,137.32905,0.0,0.0,0.0,0.0,0.0,0.0,0.0,0.0,0.0,0.0,0.0,0.0,0.0,0.0,0.0,0.0,0.0,0.0010081608044132469,0.030287942971529695,0.07829023501746135,0.11271672708794316,0.09172998474881462,0.05978131161268501,0.0660865485925112,0.08779871865654282,0.07037306502718005,0.06870247562104428,0.04288365024646855,0.07308355466617515,0.08811848911899049,0.021889436674673194,0.014821283490466583,0.006286947049841858,0.007497132511194172,0.01879163529978508,0.0030045260215923373,0.008008298322225512,0.015566317693688892,0.005281491387474831,0.0063424632402348064,0.008037002979967093,0.007922544260201465,0.004544225911426119,0.0011458309854683942,3.960163113750511e-18,0.0,0.0,0.0,0.0,0.0,0.0
C1CS1,C1CS1,298.15,0.0,aux_only_sigma_profile_stream,,,No,False,0.0,False,0.0,False,0.0,0.0,0.0,False,0.0,False,True,94.42079999999994,0.0,0.0,0.0,0.0,0.0,0.0,0.0,0.0,0.0,0.0,0.0,0.0,0.0,0.0,0.0,0.0,0.0,0.013153566304984925,0.07038632890374859,0.0916166955144635,0.06959600531003607,0.05127913156859614,0.066294351425236,0.07460749226698221,0.049354778170002944,0.07206614246325094,0.07531531870303815,0.05695062819856856,0.04436352130848216,0.06647386212349804,0.05609372406045176,0.014283460661047045,0.017413558310617267,0.03297625626455783,0.0414141261537564,0.02015377270945512,0.011973658589272684,0.004233620989953705,7.33008926333531e-18,0.0,0.0,0.0,0.0,0.0,0.0,0.0,0.0,0.0,0.0,0.0,0.0
CCCCSC,CCCCSC,298.15,0.0,aux_only_sigma_profile_stream,,,No,False,0.0,False,0.0,False,0.0,0.0,0.0,False,0.0,False,True,162.6858499999999,0.0,0.0,0.0,0.0,0.0,0.0,0.0,0.0,0.0,0.0,0.0,0.0,0.0,0.0,0.0,0.0,0.0,0.0,0.0047913169932474915,0.014976672784972887,0.04189783739094066,0.07063514406785536,0.1313498097681256,0.13521278465667796,0.15278377555976883,0.1181005368368399,0.0823713162146524,0.06929927375764582,0.030023557625320968,0.01938614235190929,0.02014700447547191,0.01960411859913356,0.028662103328375838,0.009932926589245905,0.011012057791016251,0.012719196211074557,0.019935714242598625,0.006017588641801697,0.0011411221133244564,1.9869320612268687e-18,0.0,0.0,0.0,0.0,0.0,0.0,0.0,0.0,0.0,0.0,0.0
CCSC(C)(C)C,CCSC(C)(C)C,298.15,0.0,aux_only_sigma_profile_stream,,,No,False,0.0,False,0.0,False,0.0,0.0,0.0,False,0.0,False,True,169.71639999999996,0.0,0.0,0.0,0.0,0.0,0.0,0.0,0.0,0.0,0.0,0.0,0.0,0.0,0.0,0.0,0.0,0.0,0.0,0.0,0.0009089016778457063,0.030584618209997506,0.10706108874277503,0.1349842733913417,0.14105278523272297,0.11438460638166438,0.09455207869745118,0.16309504262695357,0.067336682975505,0.010885271864590342,0.011394368708791904,0.01737763827796371,0.01966436327522249,0.024058383900967206,0.014224626856592119,0.015156715796091838,0.009016485827555267,0.010252786563760781,0.010518797316383627,0.0034904836758235217,6.168103628859103e-18,0.0,0.0,0.0,0.0,0.0,0.0,0.0,0.0,0.0,0.0,0.0
C1=CC=C2C(=C1)C3=CC=CC=C3S2,C1=CC=C2C(=C1)C3=CC=CC=C3S2,298.15,0.0,aux_only_sigma_profile_stream,,,No,False,0.0,False,0.0,False,0.0,0.0,0.0,False,0.0,False,True,207.9060499999999,0.0,0.0,0.0,0.0,0.0,0.0,0.0,0.0,0.0,0.0,0.0,0.0,0.0,0.0,0.0,0.0,0.0004789341512050868,0.02012541989646872,0.05281279212736283,0.07650980890103633,0.07066438119816622,0.06201794667072605,0.0427554722953339,0.052914236281799414,0.05248411257891246,0.04665746513504476,0.058578105835344396,0.08219595729088743,0.09246630677019985,0.1332580749812548,0.09660202817451399,0.05865573909599842,0.0008232186157453382,0.0,0.0,0.0,0.0,0.0,0.0,0.0,0.0,0.0,0.0,0.0,0.0,0.0,0.0,0.0,0.0,0.0,0.0
CNC=O,CNC=O,298.15,0.0,aux_only_sigma_profile_stream,,,No,False,0.0,False,0.0,False,0.0,0.0,0.0,False,0.0,False,True,98.44696000000005,0.0,0.0,0.0,0.0,0.0,0.0,0.0,0.0,0.0,0.0,0.0053337603817298854,0.015250541322962718,0.006137509871516727,0.015244783777726093,0.012242271440652002,0.008101132279005694,0.00248548764924154,0.008635284397166309,0.06383620686615929,0.08387535363816626,0.10364501261561249,0.08452741258496725,0.06294467586982706,0.10239335717162722,0.0539870930143865,0.030984533834475733,0.018244316520705458,0.026863080655815476,0.03402463334030212,0.019293505508258858,0.006999275971743637,0.004530960539749067,0.02014331360716816,0.011866234727532161,0.012228320319648262,0.007045684465989891,0.021671705893527623,0.017325456948668105,0.06844542812608108,0.04351900285079918,0.02546100113129221,0.0027136626774959013,0.0,0.0,0.0,0.0,0.0,0.0,0.0,0.0,0.0
CC(=O)N,CC(=O)N,298.15,0.0,aux_only_sigma_profile_stream,,,No,False,0.0,False,0.0,False,0.0,0.0,0.0,False,0.0,False,True,97.18486,0.0,0.0,0.0,0.0,0.0,0.0,0.0,0.0,0.0,0.0006579140766693145,0.008665165571002878,0.027903656255680014,0.022379827687589005,0.024431448250574216,0.023843324494662546,0.02761490290378737,0.013816630785231156,0.01845972529322674,0.028779853323701757,0.04941310115274817,0.06734538124467535,0.07069649773017639,0.050763113708256515,0.04776035859085449,0.0724785616933048,0.06433335627775047,0.033619510961991825,0.02214046909070116,0.02472485585252394,0.023727149644387407,0.02759470682665108,0.02085291728241909,0.01299172839670531,0.010569279206301784,0.015355997266503444,0.011663580357600668,0.016409126983267068,0.023622356968415838,0.04578068556948208,0.048656253089107496,0.03617035526387978,0.006778208200170746,0.0,0.0,0.0,0.0,0.0,0.0,0.0,0.0,0.0
CC(=O)CC(C)(C)O,CC(=O)CC(C)(C)O,298.15,0.0,aux_only_sigma_profile_stream,,,No,False,0.0,False,0.0,False,0.0,0.0,0.0,False,0.0,False,True,161.81651999999997,0.0,0.0,0.0,0.0,0.0,0.0,0.0,0.0,0.0,0.0,0.0,0.0,0.0,0.0,0.0,0.0,0.0,0.0006174351521967289,0.029264414998387684,0.06868267355108491,0.08145636885553034,0.10151775656620228,0.10125275699455163,0.11292662283149708,0.09700046051034594,0.06519406454125637,0.08288009076950055,0.04400415832150896,0.02572711182460858,0.009010776438779676,0.017196700147311162,0.013072538271053662,0.017355199356422327,0.013848189651642738,0.02522882370594931,0.01739462723912318,0.017196454344223153,0.02118400349253493,0.010175691588484312,0.01365176854424412,0.01300930426438129,0.0011520080391789666,0.0,0.0,0.0,0.0,0.0,0.0,0.0,0.0,0.0
C1=COC(=C1)CO,C1=COC(=C1)CO,298.15,0.0,aux_only_sigma_profile_stream,,,No,False,0.0,False,0.0,False,0.0,0.0,0.0,False,0.0,False,True,132.22971999999996,0.0,0.0,0.0,0.0,0.0,0.0,0.0,0.0,0.0,0.0027656621619151283,0.007974797489295892,0.008647179834778293,0.002192856404023291,0.004225216318685959,0.007716291871024074,0.009351572960778409,0.017472477728679082,0.028738346954424097,0.04458460894199687,0.06818746123505338,0.07138464536374525,0.05590505500815689,0.05975300700026432,0.0499194582209607,0.054137999868712816,0.04318809372579131,0.03766043735974773,0.0537179622401824,0.05235697190098733,0.0641470976955826,0.0646165013872203,0.05184034293370962,0.043250175336362065,0.019223461105819333,0.014714068914651265,0.008381235366347072,0.010402276378416607,0.0144327256957522,0.016024363152517453,0.011845553035898142,0.0012420964085201047,0.0,0.0,0.0,0.0,0.0,0.0,0.0,0.0,0.0,0.0
CC(=O)N(C)C,CC(=O)N(C)C,298.15,0.0,aux_only_sigma_profile_stream,,,No,False,0.0,False,0.0,False,0.0,0.0,0.0,False,0.0,False,True,133.10393000000005,0.0,0.0,0.0,0.0,0.0,0.0,0.0,0.0,0.0,0.0,0.0,0.0,0.0,0.0,0.0,0.0,0.0,0.0,0.010195865583322517,0.06371338062002306,0.10976704811602779,0.1309245839326389,0.09944984081115861,0.12847872705721233,0.11326242188862114,0.08178891112902073,0.03006057614687095,0.0355264865191966,0.019508370900631174,0.016587889425763756,0.012031037103224675,0.0014875140337301754,0.005822818167899548,0.004417234428898401,0.002088187438502063,0.013203260584811886,0.017369187014576414,0.014915653142124731,0.012248697234862788,0.04303169696603219,0.022967468652613027,0.011153143102236572,0.0,0.0,0.0,0.0,0.0,0.0,0.0,0.0,0.0
C(OC(F)F)(F)F,C(OC(F)F)(F)F,298.15,0.0,aux_only_sigma_profile_stream,,,No,False,0.0,False,0.0,False,0.0,0.0,0.0,False,0.0,False,True,116.1314,0.0,0.0,0.0,0.0,0.0,0.0,0.0,0.0,0.0,0.0,0.0,0.0,0.0,0.03924347401951935,0.05429270495496186,0.020871129875014136,0.023282149601977328,0.01683677597828038,0.014293252760714501,0.019630641514718845,0.02577072661648908,0.011955140057044865,0.018663862655934057,0.028907439024075138,0.022832982875485013,0.0216567338096458,0.03923936994705894,0.13233320512274377,0.20770818842552746,0.2774549063669972,0.024999622372812464,2.7694020999856198e-05,0.0,0.0,0.0,0.0,0.0,0.0,0.0,0.0,0.0,0.0,0.0,0.0,0.0,0.0,0.0,0.0,0.0,0.0,0.0
COC1=CC=C(C=C1)O,COC1=CC=C(C=C1)O,298.15,0.0,aux_only_sigma_profile_stream,,,No,False,0.0,False,0.0,False,0.0,0.0,0.0,False,0.0,False,True,160.73936000000003,0.0,0.0,0.0,0.0,0.0,0.0,0.0,0.0030087206159159466,0.008720778473818048,0.004163902351869013,0.004418160560783461,0.005149111001706001,0.007629255251229189,0.004689860844169367,0.006790789275941928,0.0044017032771880675,0.00527867777769423,0.012319778092156829,0.03095660214149297,0.08049809376000251,0.09022810106309555,0.060223321857339474,0.06084762660440665,0.05473791908976735,0.040607432102857624,0.04016894168833439,0.03728638304506519,0.029584977501821715,0.0583992704325136,0.06143099177307336,0.08433734742701285,0.06981078771859921,0.044437982330768074,0.023351963022368753,0.014335761487371106,0.02896656673139825,0.02010161089952971,0.003117581800709572,5.3563576515343545e-18,0.0,0.0,0.0,0.0,0.0,0.0,0.0,0.0,0.0,0.0,0.0,0.0
CCOCCO,CCOCCO,298.15,0.0,aux_only_sigma_profile_stream,,,No,False,0.0,False,0.0,False,0.0,0.0,0.0,False,0.0,False,True,140.93090000000004,0.0,0.0,0.0,0.0,0.0,0.0,0.0,0.0,0.0,0.003712719700369385,0.008674688494482602,0.007389092203570188,0.0035267071624040776,0.004845053338697543,0.007202421288089828,0.008401669852951831,0.005415748790610097,0.007114669784514322,0.007417663372508509,0.013955787457182768,0.0407631849159842,0.11390843917873505,0.14201758279131962,0.11243614830892226,0.10411624188655713,0.06753087488113356,0.07711768909647844,0.04025667968852407,0.020419134678612418,0.01340052591915903,0.01613998769364865,0.011615484285602726,0.010170033821864398,0.01329627152429722,0.02027168646828445,0.03171664125030816,0.018477082140109805,0.022748233443292395,0.026566368317458823,0.014944902688738534,0.004430585575587772,0.0,0.0,0.0,0.0,0.0,0.0,0.0,0.0,0.0,0.0
CCCCOCCO,CCCCOCCO,298.15,0.0,aux_only_sigma_profile_stream,,,No,False,0.0,False,0.0,False,0.0,0.0,0.0,False,0.0,False,True,180.7226700000001,0.0,0.0,0.0,0.0,0.0,0.0,0.0,0.0,0.0,0.0026996520915126016,0.006693266932110941,0.006029163883850098,0.0026955922043985564,0.003797485038378188,0.005564911971708688,0.0066649334844147605,0.00410250512222126,0.005604034776614684,0.005693346256978714,0.011437032827928332,0.025185583091230545,0.06832517669070014,0.14189544177334412,0.1398163431820429,0.13666539310270806,0.09280235499476236,0.0732532506980015,0.0750872051351714,0.027202143914243727,0.01139221373420163,0.01255472955614981,0.009406499732441143,0.0068714854112676025,0.010156068881603225,0.014718945984198876,0.024961642549431815,0.015758256294900456,0.0159396568134504,0.021432560527840396,0.012111484367063975,0.0034816389751290504,0.0,0.0,0.0,0.0,0.0,0.0,0.0,0.0,0.0,0.0
COCCOCCO,COCCOCCO,298.15,0.0,aux_only_sigma_profile_stream,,,No,False,0.0,False,0.0,False,0.0,0.0,0.0,False,0.0,False,True,173.56439999999998,0.0,0.0,0.0,0.0,0.0,0.0,0.0,0.0,0.00034984785750090576,0.0027836833843405966,0.008207433242514356,0.0033601493385248854,0.005093129584802947,0.0029870378226559942,0.009324154295848793,0.003915488119443923,0.004718031671901202,0.0032519205692895206,0.008951064143673531,0.0184144691148387,0.06638203200641031,0.1582087534040679,0.12728788217087147,0.09265574589844865,0.10035842667340884,0.06575175823443519,0.038618193002377454,0.023284971448555694,0.020903293283277505,0.024633165267222427,0.015065079613113416,0.009582972880517493,0.012903183037770707,0.020577555100008877,0.04143961669153473,0.0252795181203359,0.017757321956535493,0.03197509366653779,0.021940154688986243,0.011996661571421291,0.002042212138827156,0.0,0.0,0.0,0.0,0.0,0.0,0.0,0.0,0.0,0.0
CCOCCOCCO,CCOCCOCCO,298.15,0.0,aux_only_sigma_profile_stream,,,No,False,0.0,False,0.0,False,0.0,0.0,0.0,False,0.0,False,True,194.03257000000005,0.0,0.0,0.0,0.0,0.0,0.0,0.0,0.0,0.00020973003489844407,0.002436340971248275,0.007258148098025904,0.003246098906870585,0.004492895435300266,0.0025835793943574468,0.008564010829928798,0.003419664912041734,0.004146867911334215,0.00305237788308489,0.008176935941265477,0.010884414902499511,0.04876816783854385,0.13596568967938938,0.14451181451499812,0.11053733200536586,0.09899445813369577,0.07033650540678298,0.07227640619882732,0.033071142189954175,0.020975041294709538,0.01913327972898895,0.01240872942123851,0.008790171533287476,0.00984921331745201,0.01758437578858116,0.03525066961739964,0.027670834838315218,0.01882902863159145,0.0237717328996695,0.020000269338765857,0.01081208122229697,0.0019919911792907704,0.0,0.0,0.0,0.0,0.0,0.0,0.0,0.0,0.0,0.0
C(COCCO)N,C(COCCO)N,298.15,0.0,aux_only_sigma_profile_stream,,,No,False,0.0,False,0.0,False,0.0,0.0,0.0,False,0.0,False,True,156.65758999999994,0.0,0.0,0.0,0.0,0.0,0.0,0.0,0.0,0.0,0.0026317528750277475,0.008823890689290563,0.005333201457490048,0.003392864802104627,0.005453190398743369,0.009546251607219091,0.02972802278633379,0.016886425132300074,0.019197564001897968,0.02784260356814293,0.027815468555694438,0.06173239461649808,0.10783320506169222,0.11267327216335898,0.0803571295015103,0.08059671570386921,0.05935935328757914,0.03593729803513946,0.029448450859482847,0.026438556124734027,0.013602182089095019,0.020509923980370503,0.01592256879597114,0.011201883316993263,0.017887977550200287,0.03016722287752455,0.03003811493655735,0.014895075565008594,0.02187182999139146,0.02496164146303234,0.02372602410702668,0.004325835917430954,0.0022269708579962973,0.003959883876919606,0.004240728122703717,0.004823423416924472,0.0032740210960402498,0.0013370808107045823,0.0,0.0,0.0,0.0
CCOC(=O)CCl,CCOC(=O)CCl,298.15,0.0,aux_only_sigma_profile_stream,,,No,False,0.0,False,0.0,False,0.0,0.0,0.0,False,0.0,False,True,153.37621,0.0,0.0,0.0,0.0,0.0,0.0,0.0,0.0,0.0,0.0,0.0,0.0,0.0,0.0,0.0013772258792063097,0.021228933149301864,0.02822933642823199,0.018029155218904677,0.018024793651181235,0.054668495465283816,0.07378796484401068,0.08857616062403093,0.08177986985427987,0.07870783153434617,0.05837851815116985,0.0670004737709414,0.05749774106361925,0.02672607455276623,0.025193643387843197,0.057387558228274974,0.05964213987801074,0.046901928146610344,0.029686303253103462,0.021585200874906348,0.01686034887522941,0.025305838316023527,0.030821792245849335,0.010719543331146011,0.0018831292757283296,3.0939835808706136e-18,0.0,0.0,0.0,0.0,0.0,0.0,0.0,0.0,0.0,0.0,0.0
CC=NO,CC=NO,298.15,0.0,aux_only_sigma_profile_stream,,,No,False,0.0,False,0.0,False,0.0,0.0,0.0,False,0.0,False,True,99.58068000000006,0.0,0.0,0.0,0.0,0.0,0.0,0.0,0.0005469139613386851,0.005453716965256892,0.014074274439378694,0.00752292232970843,0.006739503599289889,0.008051753402668413,0.010250070285244281,0.009693993540353114,0.004592042007309285,0.006696392250385935,0.00900735314145666,0.025700127103068373,0.07186316502064895,0.07317146684306187,0.08163778714039555,0.06968992711971966,0.06246985489980403,0.08105478402916536,0.06037655222953726,0.04286616851540568,0.019677349900399047,0.027550882106481083,0.016730229523972313,0.021310329864874075,0.02491736612836675,0.03277241574259603,0.057645628048578465,0.04063699375536628,0.037587320744151144,0.03410571817435985,0.018510440921386404,0.014262032237741898,0.0028345240285295383,0.0,0.0,0.0,0.0,0.0,0.0,0.0,0.0,0.0,0.0,0.0
C(C(F)(F)F)OC(F)F,C(C(F)(F)F)OC(F)F,298.15,0.0,aux_only_sigma_profile_stream,,,No,False,0.0,False,0.0,False,0.0,0.0,0.0,False,0.0,False,True,143.98600000000005,0.0,0.0,0.0,0.0,0.0,0.0,0.0,0.0,0.0,0.0,0.0,0.0,0.0,0.005226131035293617,0.028124811909723053,0.03153819467143971,0.02857065270272095,0.02885069383154757,0.03196865960211679,0.01906307033354527,0.022148708098592425,0.017246837601141773,0.02008578804140666,0.024648897504287004,0.023279124291843856,0.04232936616151437,0.09331412773194751,0.22731522096494025,0.19334628072606916,0.1054587576152702,0.049819310295262216,0.007665366881337697,0.0,0.0,0.0,0.0,0.0,0.0,0.0,0.0,0.0,0.0,0.0,0.0,0.0,0.0,0.0,0.0,0.0,0.0,0.0
COCCOCCOCCO,COCCOCCOCCO,298.15,0.0,aux_only_sigma_profile_stream,,,No,False,0.0,False,0.0,False,0.0,0.0,0.0,False,0.0,False,True,226.57872,0.0,0.0,0.0,0.0,0.0,0.0,0.0,0.0,3.97420404683807e-05,0.002203769151846321,0.007296608311005588,0.004579962029490904,0.0019672386056955975,0.003067733214309239,0.0034642953019479983,0.006275431270789591,0.004333971304304813,0.0034797310448236142,0.0021004589763947957,0.008679418272947124,0.06116415091431668,0.17473598145893315,0.142496832715962,0.09890121737482409,0.08930960962900841,0.07635626674039867,0.04268555976344999,0.02012581573857351,0.018463177360502746,0.025215842019272378,0.011534354883466342,0.011412173323786587,0.010742750879120556,0.01897618063891124,0.05493666098002143,0.02113040430260613,0.017987148535528096,0.029939765704106815,0.017027303767256544,0.008016755023221968,0.0013536887227088273,0.0,0.0,0.0,0.0,0.0,0.0,0.0,0.0,0.0,0.0
C1CC(=O)NC1=O,C1CC(=O)NC1=O,298.15,0.0,aux_only_sigma_profile_stream,,,No,False,0.0,False,0.0,False,0.0,0.0,0.0,False,0.0,False,True,125.03649,0.0,0.0,0.0,0.0,0.0,0.0,0.0,0.0003458621951578415,0.006835893257278383,0.009521787785288277,0.009921925208394845,0.014867795131769604,0.002459905612960854,0.0022174228241949446,0.0031899171658839242,0.006235471913251965,0.017237988166089676,0.04185886117307355,0.11668202372339145,0.0874869347297073,0.05460981223615681,0.0507267515063445,0.08117482440135115,0.06009655562188636,0.02540954700583565,0.015059961833215885,0.013812050881681498,0.009981429656608004,0.019067386748906495,0.02000767710375707,0.015860784675335658,0.029463561136449525,0.008125346902877152,0.021178290391899352,0.03605237770046272,0.03904985041679881,0.08824465418217345,0.06483445259249207,0.026757975889097316,0.0016249202302279803,0.0,0.0,0.0,0.0,0.0,0.0,0.0,0.0,0.0,0.0,0.0
C(C(=O)O)S,C(C(=O)O)S,298.15,0.0,aux_only_sigma_profile_stream,,,No,False,0.0,False,0.0,False,0.0,0.0,0.0,False,0.0,False,True,116.11218000000004,0.0,0.0,0.0,0.0,0.0017611877194490186,0.007067960888301544,0.011477248490177236,0.006159610714512611,0.0035808177953227634,0.015094696599105017,0.00855687213236936,0.007945128504184685,0.0072610942530493775,0.01333689694022582,0.013514160913011792,0.03162140661129112,0.03669983402104119,0.03846608694293,0.03053515627952269,0.028468121427321826,0.032043339817409325,0.03451663020200317,0.03260170396663692,0.04159148380562373,0.027008890638409246,0.035854178789965434,0.04512775207781223,0.04304761803977531,0.042199513722816835,0.047156874725670025,0.044272113077499696,0.04036204945647182,0.06071958893658217,0.05729788158060057,0.07842803422240499,0.04515572676864566,0.020154039671405492,0.010238807146177462,0.0006774931222738931,1.1644378904015683e-18,0.0,0.0,0.0,0.0,0.0,0.0,0.0,0.0,0.0,0.0,0.0
CC(=C)C(=O)OCCO,CC(=C)C(=O)OCCO,298.15,0.0,aux_only_sigma_profile_stream,,,No,False,0.0,False,0.0,False,0.0,0.0,0.0,False,0.0,False,True,176.47775000000004,0.0,0.0,0.0,0.0,0.0,0.0,0.0,0.0,0.001007671233380287,0.0038144467252828294,0.009283523060322438,0.0020256492743116173,0.006487134648786197,0.002334797432112263,0.00868309551269442,0.005495213768267103,0.007654766515386951,0.006494963105045536,0.02244600625737918,0.05658526178704617,0.08400898669439744,0.07845941106357542,0.06417658715272206,0.08485798700444049,0.08421531701815893,0.08690649047711564,0.06472879150490585,0.04287135226548796,0.04387465533547123,0.04456849679384556,0.020778938306705706,0.01015035746247796,0.011489205705249072,0.015765964492059192,0.027822435239630596,0.014794070717724837,0.03248253280772465,0.03327611643890223,0.01332378588484999,0.008579490266895407,0.000556498047644746,0.0,0.0,0.0,0.0,0.0,0.0,0.0,0.0,0.0,0.0
CC(=C)C(=O)OCCOC(=O)CC(=O)C,CC(=C)C(=O)OCCOC(=O)CC(=O)C,298.15,0.0,aux_only_sigma_profile_stream,,,No,False,0.0,False,0.0,False,0.0,0.0,0.0,False,0.0,False,True,262.3389400000001,0.0,0.0,0.0,0.0,0.0,0.0,0.0,0.0,0.0,0.0,0.0,0.0,0.0,0.0,0.0,8.328004991965581e-05,0.007292620130028159,0.023811479888408513,0.05621338465871972,0.06626359964533018,0.07335570191559931,0.08238271368235076,0.07715193686182423,0.08712781729347116,0.08641206148173997,0.07486102636428124,0.04087338373320788,0.04165631885227521,0.04645185302199245,0.02316148745153662,0.018392480989519393,0.02170377932528735,0.02003654366037908,0.02741019344916804,0.02888071094971321,0.040508642861491306,0.04002656455460471,0.0146278220520038,0.001314597127148222,2.28259537771979e-18,0.0,0.0,0.0,0.0,0.0,0.0,0.0,0.0,0.0,0.0,0.0
CC(C(=O)OC)O,CC(C(=O)OC)O,298.15,0.0,aux_only_sigma_profile_stream,,,No,False,0.0,False,0.0,False,0.0,0.0,0.0,False,0.0,False,True,142.52422000000013,0.0,0.0,0.0,0.0,0.0,0.0,0.0,0.0,0.0006783226344408726,0.003111465368125225,0.01102440286574083,0.0035672580382662624,0.004260762667697688,0.008704393639726207,0.007078496585652316,0.003950928338271526,0.006816017157490686,0.011917803566637856,0.015598680802839533,0.0755203716083364,0.09937412153506883,0.08015731422700709,0.0989769622308502,0.07625504663108972,0.063940741425276,0.05625324943116891,0.03598022463882809,0.030041928802919646,0.023991030436839766,0.020331261926950013,0.022586624190444167,0.024693939622027306,0.024822818209083178,0.03481772174225465,0.03173199962052229,0.04781066692778774,0.046450842524691525,0.02009307548311515,0.009120199244353217,0.0003413278764971579,0.0,0.0,0.0,0.0,0.0,0.0,0.0,0.0,0.0,0.0,0.0
C1=CC=C(C(=C1)C=O)C(=O)O,C1=CC=C(C(=C1)C=O)C(=O)O,298.15,0.0,aux_only_sigma_profile_stream,,,No,False,0.0,False,0.0,False,0.0,0.0,0.0,False,0.0,False,True,172.9937299999999,0.0,0.0,0.0,0.0,0.0,0.0,0.0012229854060249138,0.0069947465782657404,0.0023293848960983803,0.0050497137812195066,0.008021015211378584,0.005705568264551838,0.00233166376615156,0.0012009069293138607,0.0021344630664238405,0.0070048605261949625,0.0046833110192849555,0.026871014053425357,0.05225619822499772,0.04387237625222829,0.036181640610660704,0.057071190452322604,0.05876405156492786,0.08212381352078314,0.06502171674962963,0.07471960099925243,0.07877740683234304,0.09183656782244307,0.047678300188755886,0.024782429201222853,0.031048357891765625,0.01963023003677562,0.03109307327120227,0.020946569363938232,0.025168091653137558,0.04534384573650494,0.024461114570161552,0.011375089590035367,0.003922351563350449,0.0003763504052276509,0.0,0.0,0.0,0.0,0.0,0.0,0.0,0.0,0.0,0.0,0.0
C(CC=O)CO,C(CC=O)CO,298.15,0.0,aux_only_sigma_profile_stream,,,No,False,0.0,False,0.0,False,0.0,0.0,0.0,False,0.0,False,True,133.13332999999994,0.0,0.0,0.0,0.0,0.0,0.0,0.0,0.0,0.0,0.00236844778369953,0.00620566451392442,0.010077591245606412,0.0037873906345430373,0.00618202755803203,0.005455398532749661,0.010303457277527118,0.0038820529660954714,0.00881419496186207,0.029209352362324758,0.08412111464201642,0.14435611347252117,0.12176803765510341,0.08861032972173163,0.051493035728554994,0.03383592312364148,0.036310467773958945,0.02987025360037927,0.012918577363899638,0.014710751703124235,0.0176284881433077,0.01705823381939031,0.02096027655517729,0.021733891772915476,0.015927563522691583,0.026976155097334018,0.04703326263579053,0.03957079721180022,0.031727725917184715,0.02886808852512194,0.01715983717288626,0.010789737028190766,0.0002857599769134808,0.0,0.0,0.0,0.0,0.0,0.0,0.0,0.0,0.0
C1=CC(=CC(=C1)Cl)[N+](=O)[O-],C1=CC(=CC(=C1)Cl)[N+](=O)[O-],298.15,0.0,aux_only_sigma_profile_stream,,,No,False,0.0,False,0.0,False,0.0,0.0,0.0,False,0.0,False,True,168.42294000000004,0.0,0.0,0.0,0.0,0.0,0.0,0.0,0.0,0.0,0.0,0.0,0.0,0.0,0.0,0.0,0.0015815496545193099,0.027224024212046522,0.04659992041295341,0.039417229173268134,0.04326617496772214,0.03426074680464674,0.04734738080132509,0.05054853603399411,0.04395714023130045,0.10081806135804477,0.09342266283492377,0.10083672680878862,0.07061753852479358,0.0943494551619328,0.03438680835734086,0.03547205637477548,0.04929248226689932,0.03185330179463717,0.013490677791734127,0.015371516027343482,0.01778895008150598,0.008070531419350744,2.6528906153430754e-05,4.6848639694405136e-20,0.0,0.0,0.0,0.0,0.0,0.0,0.0,0.0,0.0,0.0,0.0,0.0
CC(=O)C1=CC=CC=C1O,CC(=O)C1=CC=CC=C1O,298.15,0.0,aux_only_sigma_profile_stream,,,No,False,0.0,False,0.0,False,0.0,0.0,0.0,False,0.0,False,True,167.17002999999988,0.0,0.0,0.0,0.0,0.0,0.0,0.0,0.0,0.0,0.0,0.0,0.0,0.0,0.0,0.0,0.0,0.00032168131336021916,0.01590802317782884,0.07144961399674755,0.08011923390569656,0.07523003640428136,0.060662160681063504,0.046893751380892544,0.08014050210303372,0.06936311086338029,0.05138405286206455,0.06396687480594343,0.07152849957087108,0.05392574807613049,0.06823522655932052,0.05686986762677288,0.019052554300196166,0.023248494986451235,0.017513936458768968,0.024912084424041813,0.024170570301765042,0.016760078664903914,0.008129122848992167,0.000214774687493122,3.5814244150016924e-19,0.0,0.0,0.0,0.0,0.0,0.0,0.0,0.0,0.0,0.0,0.0
CC(=O)C1=CC=C(C=C1)O,CC(=O)C1=CC=C(C=C1)O,298.15,0.0,aux_only_sigma_profile_stream,,,No,False,0.0,False,0.0,False,0.0,0.0,0.0,False,0.0,False,True,171.4885200000001,0.0,0.0,0.0,0.0,0.0,0.0,0.0034877289822783917,0.00836737564011892,0.004409605848902659,0.003946061903076192,0.006940398478067036,0.0063812133920584276,0.004979960181014367,0.004630426390775549,0.004142153366973933,0.005507850079678242,0.007990499136802972,0.015417511583984038,0.05324901519041505,0.0636645441817761,0.05900815023204581,0.05397182197782553,0.04787595859921203,0.04710363058823755,0.07298855969953495,0.04954134619473125,0.057544798517498046,0.06092665122534204,0.07582726998333529,0.08114739099253869,0.039964839409804935,0.014802588441846535,0.009816812901567457,0.01688300632616573,0.03273044062090125,0.02029454918727893,0.017497351743778974,0.02931085225545208,0.010502386729626589,0.0084685983187986,0.000678651698555938,0.0,0.0,0.0,0.0,0.0,0.0,0.0,0.0,0.0,0.0
C=CC1=CC=C(C=C1)O,C=CC1=CC=C(C=C1)O,298.15,0.0,aux_only_sigma_profile_stream,,,No,False,0.0,False,0.0,False,0.0,0.0,0.0,False,0.0,False,True,165.17947999999998,0.0,0.0,0.0,0.0,0.0,0.0,0.0,0.0015121584833293828,0.0049354312442573016,0.010763330431507595,0.002466837863950058,0.0019202079222014395,0.006947468700126909,0.005964379021745438,0.007569817748656974,0.002449584423622798,0.001332716130689575,0.00728927657235245,0.043792567666010696,0.07449019718777962,0.06983221202233474,0.060091154939936255,0.04804200595576951,0.052618721925165896,0.05249206106789282,0.047384229890323544,0.044836890789921126,0.07437254807704564,0.05149882830524252,0.09306675605485198,0.09403113774373488,0.05118157015838614,0.02139367719227437,0.02098838433789718,0.00967248237464678,0.008613743689595228,0.012451615891219547,0.01443533880844121,0.0015626673790903906,2.823065457818723e-18,0.0,0.0,0.0,0.0,0.0,0.0,0.0,0.0,0.0,0.0,0.0
CC(=O)OC1=CC=CC=C1C(=O)O,CC(=O)OC1=CC=CC=C1C(=O)O,298.15,0.0,aux_only_sigma_profile_stream,,,No,False,0.0,False,0.0,False,0.0,0.0,0.0,False,0.0,False,True,200.11224,0.0,0.0,0.0,0.0,0.0,0.0,0.0,0.0029059106156354556,0.005106366678728747,0.0015434143833920504,0.006548902616889993,0.005648905815558158,0.004234996235100094,0.0016785017947392976,0.001539234712266486,0.0021927167511538166,0.005740299960405421,0.010507888611721153,0.04849132976838714,0.07141362519469174,0.06571403035140279,0.048846144870269254,0.060043646617890044,0.0795997331783823,0.06455390929483325,0.0635539865976649,0.06965701658943801,0.0673445629324573,0.06309686339881859,0.032727706682886715,0.02841655828595513,0.026826124848943676,0.03649670638907195,0.03260139190549204,0.024755305272101097,0.041614354020871804,0.02063557579796169,0.005964289826889949,1.0406670622485393e-17,0.0,0.0,0.0,0.0,0.0,0.0,0.0,0.0,0.0,0.0,0.0,0.0
CCOC1=CC=C(C=C1)N,CCOC1=CC=C(C=C1)N,298.15,0.0,aux_only_sigma_profile_stream,,,No,False,0.0,False,0.0,False,0.0,0.0,0.0,False,0.0,False,True,185.32253999999992,0.0,0.0,0.0,0.0,0.0,0.0,0.0,0.0,0.0,0.0,0.0,0.0035581129249050063,0.013836746559362763,0.010459673473591183,0.011124705843674821,0.012330929690921734,0.01101933524083099,0.017587610196554727,0.02309098579863573,0.03481523412940932,0.06775436933470211,0.09702151204800996,0.07971089151506938,0.072231465982472,0.050609745010298884,0.05621775361992235,0.05729030874141486,0.0375682016420203,0.029001287778657483,0.04431491700178863,0.03433261538914729,0.069906239389131,0.06260361730679821,0.05674011334916036,0.019016415589635408,0.014476469396580201,0.011855333098319957,0.0015254099489853568,2.499710086556998e-18,0.0,0.0,0.0,0.0,0.0,0.0,0.0,0.0,0.0,0.0,0.0,0.0
CC(C)C(C(C)(C)COC(=O)C(C)C)O,CC(C)C(C(C)(C)COC(=O)C(C)C)O,298.15,0.0,aux_only_sigma_profile_stream,,,No,False,0.0,False,0.0,False,0.0,0.0,0.0,False,0.0,False,True,270.4007100000001,0.0,0.0,0.0,0.0,0.0,0.0,0.0,0.0,0.0,0.0,2.7056242524155713e-05,0.001756312659999236,0.00322273452608127,0.002648087074981736,0.0008502394365737971,0.005398588923745677,0.0019319661635272952,0.0031487578489455357,0.0036277664248652217,0.011049872807714665,0.03944827728930074,0.08042657638486264,0.11964998458814581,0.13066305885969082,0.12331189871119896,0.10998177960039265,0.11686585139726514,0.08570084504746744,0.0362898499785341,0.016521862234842793,0.0048927205855305335,0.0077351655047887225,0.008723339784131296,0.008192468517128631,0.009781104047432933,0.01375517198114096,0.023674293386962756,0.021053362280378,0.0051576639189872915,0.0038289975384053184,0.0006843462544538656,0.0,0.0,0.0,0.0,0.0,0.0,0.0,0.0,0.0,0.0
CC(=O)CO,CC(=O)CO,298.15,0.0,aux_only_sigma_profile_stream,,,No,False,0.0,False,0.0,False,0.0,0.0,0.0,False,0.0,False,True,110.96883,0.0,0.0,0.0,0.0,0.0,0.0,0.0,0.0,0.0,0.0,0.0,0.0,0.0,0.0,0.0,0.0038338529953351615,0.008397523848949684,0.03155900152045354,0.10947873321267963,0.10438104130394635,0.08490869222835574,0.07735123916588992,0.06801646381906541,0.06838013653263535,0.047624556854329,0.030038646249889632,0.019569511510181103,0.020873275532949483,0.033644923097041306,0.019939633081651937,0.008544194144100369,0.02061836683446775,0.029665494377741568,0.036697881686250725,0.03548589089098462,0.03315796094242906,0.0311829942435158,0.040402426203625705,0.018442629211015603,0.01684242586228223,0.0009625046502333853,0.0,0.0,0.0,0.0,0.0,0.0,0.0,0.0,0.0,0.0
C1=CC=C(C(=C1)O)Cl,C1=CC=C(C(=C1)O)Cl,298.15,0.0,aux_only_sigma_profile_stream,,,No,False,0.0,False,0.0,False,0.0,0.0,0.0,False,0.0,False,True,147.93176999999997,0.0,0.0,0.0,0.0,0.0,0.0,0.0,0.0,0.0,0.0002587428914571225,0.002085373367217147,0.004604210804399565,0.0042453527716741525,0.004555411634431841,0.005500309370566829,0.0033908338127639362,0.0020996062321600836,0.007003461660568451,0.03182490688462175,0.05659092819940701,0.06603241661345709,0.0524297102222086,0.052744610756691554,0.050984615803310554,0.06459231402584767,0.05623561697580385,0.08623319847498143,0.1346115692412651,0.10802018529063029,0.08739979065054317,0.0549400253020849,0.016835367692581118,0.004723788234333843,0.015783472468919896,0.01703205417272017,0.009242126445352933,0.0,0.0,0.0,0.0,0.0,0.0,0.0,0.0,0.0,0.0,0.0,0.0,0.0,0.0,0.0
C1=CC(=CC(=C1)Cl)O,C1=CC(=CC(=C1)Cl)O,298.15,0.0,aux_only_sigma_profile_stream,,,No,False,0.0,False,0.0,False,0.0,0.0,0.0,False,0.0,False,True,150.55799000000002,0.0,0.0,0.0,0.0,0.0,0.0,0.002002274142450453,0.00866420859209635,0.005695604434120374,0.004974474117576323,0.004820519233229534,0.009482466506903143,0.005565547440264266,0.005389841933182529,0.005292750676810436,0.0046068847147752515,0.01183886080847247,0.019216414634508735,0.053407127663502675,0.04568823257504865,0.03583447059255486,0.03982166207807277,0.03582791680470096,0.03918035947552161,0.03126494261651222,0.04488030327962268,0.05750251287713185,0.08440849214925093,0.12313646084960884,0.1555445992249232,0.09291030896216937,0.021274201642313965,0.009974106824042085,0.00804642922179188,0.014410234164183845,0.0178439029569173,0.0014938888077405134,5.276371323875835e-18,0.0,0.0,0.0,0.0,0.0,0.0,0.0,0.0,0.0,0.0,0.0,0.0,0.0
C1=CC(=CC=C1O)Cl,C1=CC(=CC=C1O)Cl,298.15,0.0,aux_only_sigma_profile_stream,,,No,False,0.0,False,0.0,False,0.0,0.0,0.0,False,0.0,False,True,150.87519999999995,0.0,0.0,0.0,0.0,0.0,0.0,0.0018428577264924858,0.007741348064527619,0.006708343955563276,0.004838936081048173,0.004168363200236523,0.00923718301228949,0.006127680484833997,0.006459762050656558,0.004864963204299061,0.004828492431837818,0.011743188065610522,0.0248776904780408,0.05647469555907335,0.04680843335431292,0.03526942898940603,0.03495343030980673,0.034807501858134214,0.03695855717777515,0.03571917530810313,0.031942811075454096,0.08123527837214269,0.05834185475738621,0.11553719439468917,0.15305778026996952,0.116599761103471,0.013740046825036592,0.012592548263670707,0.005416852132610113,0.014747686033778783,0.017921184320570625,0.004436971139172713,1.570920053320932e-17,0.0,0.0,0.0,0.0,0.0,0.0,0.0,0.0,0.0,0.0,0.0,0.0,0.0
C(CCl)O,C(CCl)O,298.15,0.0,aux_only_sigma_profile_stream,,,No,False,0.0,False,0.0,False,0.0,0.0,0.0,False,0.0,False,True,108.67436999999998,0.0,0.0,0.0,0.0,0.0,0.0,0.0,0.0,0.0019557216668670547,0.008631375264553934,0.01376175409097112,0.009671596121327605,0.0026763116030643773,0.00652052009219333,0.016627340312301495,0.012555831382599053,0.011569649018915317,0.02407099739202436,0.04980452832123453,0.06374919536799699,0.062398213304685556,0.05437198593214068,0.05307478806319302,0.04520096206992202,0.05142963999792371,0.02692778458947892,0.02569385893942482,0.06245497795275225,0.04927127249993463,0.02585956726045985,0.09318996101727844,0.08699200119893055,0.04128076549606186,0.010609606560707278,0.015696974832053043,0.011512489430805078,0.012732291517270749,0.019436527766540514,0.02156499247316152,0.008706518463226285,0.0,0.0,0.0,0.0,0.0,0.0,0.0,0.0,0.0,0.0,0.0
C1=CC(=CC(=C1)C(=O)Cl)C(=O)Cl,C1=CC(=CC(=C1)C(=O)Cl)C(=O)Cl,298.15,0.0,aux_only_sigma_profile_stream,,,No,False,0.0,False,0.0,False,0.0,0.0,0.0,False,0.0,False,True,201.75006000000025,0.0,0.0,0.0,0.0,0.0,0.0,0.0,0.0,0.0,0.0,0.0,0.0,0.0,0.0,0.0,0.00019814356959947795,0.019053611031351295,0.035310340390643465,0.024742939444171934,0.018280020119793797,0.033217846050781215,0.05635015020708588,0.07804257236385945,0.10420927344819614,0.09890951547274524,0.11707453313277118,0.05541743799213389,0.0791054286527686,0.07244776254737363,0.0481378273325258,0.03199421909518662,0.04088261794794917,0.04491168585905625,0.029653185550990734,0.011869322344838645,0.00019156744617757567,0.0,0.0,0.0,0.0,0.0,0.0,0.0,0.0,0.0,0.0,0.0,0.0,0.0,0.0,0.0
C1COCCN1C=O,C1COCCN1C=O,298.15,0.0,aux_only_sigma_profile_stream,,,No,False,0.0,False,0.0,False,0.0,0.0,0.0,False,0.0,False,True,146.0190899999999,0.0,0.0,0.0,0.0,0.0,0.0,0.0,0.0,0.0,0.0,0.0,0.0,0.0,0.0,0.0,0.0,0.0,0.015141237982285479,0.051834785026358576,0.08571189530148633,0.14382628284939533,0.1309394555452641,0.09994284893275401,0.06812703768819114,0.05043862268220446,0.03431317374367142,0.02917732366389219,0.019484863717750142,0.02440857957009438,0.01689938103275847,0.010024360666148391,0.010475349438770376,0.016409554361756753,0.012922570808865753,0.0178776508269525,0.01990742838075627,0.027812249550718125,0.02099656760224808,0.059776862397494315,0.02271418429824594,0.009010680274205865,0.0018270536577316377,0.0,0.0,0.0,0.0,0.0,0.0,0.0,0.0,0.0
OS(=O)(=O)Cl,OS(=O)(=O)Cl,298.15,0.0,aux_only_sigma_profile_stream,,,No,False,0.0,False,0.0,False,0.0,0.0,0.0,False,0.0,False,True,110.16938,0.0,0.0,0.0025841094825842267,0.011195448311210037,0.00939570910948859,0.001652394461892152,0.011850840140920246,0.011587427472437987,0.00819465244749809,0.0036794222561061254,0.003440839101095096,0.009011005547704672,0.003430302988643633,0.002230605917599237,0.003124811129967953,0.002113063895029855,0.0019239417078333566,0.0024950166046691833,0.01470033439210396,0.02558273267458862,0.018803830877257913,0.01959158508117183,0.0569216515383386,0.034028462138497195,0.03278264901530091,0.09355043578212113,0.08389789266891853,0.12631755945807807,0.06351031127618337,0.10868765803356524,0.15302496056031628,0.07993416605055516,0.0007561798783227736,0.0,0.0,0.0,0.0,0.0,0.0,0.0,0.0,0.0,0.0,0.0,0.0,0.0,0.0,0.0,0.0,0.0,0.0
N(Cl)(Cl)Cl,N(Cl)(Cl)Cl,298.15,0.0,aux_only_sigma_profile_stream,,,No,False,0.0,False,0.0,False,0.0,0.0,0.0,False,0.0,False,True,115.43322,0.0,0.0,0.0,0.0,0.0,0.0,0.0,0.0,0.0,0.0,0.0,0.0,0.0,0.0,0.0,0.0,0.0,0.012978244645760726,0.032983282413257896,0.04168781682842547,0.010292678967563322,0.038266138195231496,0.07215301162364515,0.02867788146053926,0.01684131588030771,0.14849237027444873,0.1837437806297979,0.35293673621534327,0.053394551133764526,0.007552191731914616,6.8217142769100516e-18,0.0,0.0,0.0,0.0,0.0,0.0,0.0,0.0,0.0,0.0,0.0,0.0,0.0,0.0,0.0,0.0,0.0,0.0,0.0,0.0
CC(C)CCCCC=C,CC(C)CCCCC=C,298.15,0.0,aux_only_sigma_profile_stream,,,No,False,0.0,False,0.0,False,0.0,0.0,0.0,False,0.0,False,True,208.6622399999999,0.0,0.0,0.0,0.0,0.0,0.0,0.0,0.0,0.0,0.0,0.0,0.0,0.0,0.0,0.0,0.0,0.0,0.0,0.0,0.0018537789968901277,0.01819923579715027,0.035908255028653496,0.10874411902960263,0.16543001070781474,0.17050627458741607,0.12574726666587213,0.11356156760539045,0.10383345029023366,0.07307228797230444,0.02033230069193114,0.011066645326240064,0.018005168023551753,0.015336707499725207,0.009455203326968361,0.008947728450255545,0.0,0.0,0.0,0.0,0.0,0.0,0.0,0.0,0.0,0.0,0.0,0.0,0.0,0.0,0.0,0.0
CCCCCCCC(=C)C,CCCCCCCC(=C)C,298.15,0.0,aux_only_sigma_profile_stream,,,No,False,0.0,False,0.0,False,0.0,0.0,0.0,False,0.0,False,True,229.1886000000001,0.0,0.0,0.0,0.0,0.0,0.0,0.0,0.0,0.0,0.0,0.0,0.0,0.0,0.0,0.0,0.0,0.0,0.0,0.0,0.0,0.009249786839938153,0.044775968037828656,0.0954728337670124,0.16272450255486698,0.16851932995905852,0.14860003392114568,0.13482344266076404,0.10034377427797755,0.059375382209705,0.014640453261647562,0.018902614422820797,0.011631792872664953,0.012342986533678808,0.011299925518225597,0.006807533730503085,0.0004896394321622923,0.0,0.0,0.0,0.0,0.0,0.0,0.0,0.0,0.0,0.0,0.0,0.0,0.0,0.0,0.0
CC(C)CCCCCC=C,CC(C)CCCCCC=C,298.15,0.0,aux_only_sigma_profile_stream,,,No,False,0.0,False,0.0,False,0.0,0.0,0.0,False,0.0,False,True,228.88023999999993,0.0,0.0,0.0,0.0,0.0,0.0,0.0,0.0,0.0,0.0,0.0,0.0,0.0,0.0,0.0,0.0,0.0,0.0,0.0,0.0017061120022996616,0.016344761550183717,0.03176806706162232,0.102837864716845,0.16239308480491899,0.18045694843162263,0.13388241293112157,0.1178085381341911,0.10314308377884392,0.07300569996846694,0.020259249076901402,0.010446011789642447,0.014386538474032188,0.01394289879914754,0.010288084300704511,0.007301975114078745,2.8669065377278098e-05,0.0,0.0,0.0,0.0,0.0,0.0,0.0,0.0,0.0,0.0,0.0,0.0,0.0,0.0,0.0
CCCCCCC/C=C\C,CCCCCCC/C=C\C,298.15,0.0,aux_only_sigma_profile_stream,,,No,False,0.0,False,0.0,False,0.0,0.0,0.0,False,0.0,False,True,230.53366000000017,0.0,0.0,0.0,0.0,0.0,0.0,0.0,0.0,0.0,0.0,0.0,0.0,0.0,0.0,0.0,0.0,0.0,0.0,0.0,0.0,0.003607082979226515,0.036918043452605645,0.08582575478414996,0.17668368779221774,0.1819054260453149,0.15447746401636958,0.13335005321971455,0.10180321981433159,0.05731117639979468,0.014021403498651728,0.013679760941728025,0.008380342304498783,0.013900282449911774,0.010305331827948764,0.006882658046396908,0.0009483124271388025,0.0,0.0,0.0,0.0,0.0,0.0,0.0,0.0,0.0,0.0,0.0,0.0,0.0,0.0,0.0
CCCCCCC/C=C/C,CCCCCCC/C=C/C,298.15,0.0,aux_only_sigma_profile_stream,,,No,False,0.0,False,0.0,False,0.0,0.0,0.0,False,0.0,False,True,232.7659000000002,0.0,0.0,0.0,0.0,0.0,0.0,0.0,0.0,0.0,0.0,0.0,0.0,0.0,0.0,0.0,0.0,0.0,0.0,0.0,0.0,0.0030105786414736284,0.03511673065934135,0.08268227770263469,0.17263573597971038,0.18468904223284752,0.15804866708305026,0.13595744281298539,0.10155375558550103,0.057489487203698175,0.020173826019206365,0.014045804529311074,0.011336735583528247,0.009830208296824827,0.010444482658361762,0.002985225011525208,0.0,0.0,0.0,0.0,0.0,0.0,0.0,0.0,0.0,0.0,0.0,0.0,0.0,0.0,0.0,0.0
CCCCCCCCC/C=C\C,CCCCCCCCC/C=C\C,298.15,0.0,aux_only_sigma_profile_stream,,,No,False,0.0,False,0.0,False,0.0,0.0,0.0,False,0.0,False,True,270.23577000000023,0.0,0.0,0.0,0.0,0.0,0.0,0.0,0.0,0.0,0.0,0.0,0.0,0.0,0.0,0.0,0.0,0.0,0.0,0.0,0.0,0.0030885908700007264,0.031058812409433374,0.07686231497492206,0.17575559179021807,0.1919854252025539,0.16294888092459506,0.1385765573030764,0.09770228543409473,0.06365656985306899,0.012362095734400695,0.011595258180825312,0.00724188796522177,0.01186004341462678,0.008786560855407662,0.005745902866137146,0.0007732222214173735,0.0,0.0,0.0,0.0,0.0,0.0,0.0,0.0,0.0,0.0,0.0,0.0,0.0,0.0,0.0
CCCCCCCCC/C=C/C,CCCCCCCCC/C=C/C,298.15,0.0,aux_only_sigma_profile_stream,,,No,False,0.0,False,0.0,False,0.0,0.0,0.0,False,0.0,False,True,272.57260999999994,0.0,0.0,0.0,0.0,0.0,0.0,0.0,0.0,0.0,0.0,0.0,0.0,0.0,0.0,0.0,0.0,0.0,0.0,0.0,0.0,0.0023618967410852436,0.030698519111326674,0.07237230132968758,0.17335830233765276,0.1938136151571444,0.16558648108339358,0.1429673375185031,0.0967097077510499,0.06387446693932859,0.016336757305527326,0.012081369413504833,0.010247863635171417,0.007539657070565199,0.009225738970606842,0.002825985635452466,0.0,0.0,0.0,0.0,0.0,0.0,0.0,0.0,0.0,0.0,0.0,0.0,0.0,0.0,0.0,0.0
C(C(=O)O)C(=O)O,C(C(=O)O)C(=O)O,298.15,0.0,aux_only_sigma_profile_stream,,,No,False,0.0,False,0.0,False,0.0,0.0,0.0,False,0.0,False,True,126.37269999999998,0.0,0.0,0.0,0.0,0.0,0.0,0.0026069182347619696,0.021762554159149183,0.004739213779256549,0.016576171151247068,0.024977078169844742,0.015152663914634034,0.0038024618709555985,0.004011666708601534,0.007741520084782792,0.02967915787083829,0.03924454519398771,0.04021515616057701,0.028013044865363174,0.037126393001245206,0.040238236335289744,0.03203129812461078,0.041323906628101724,0.041352891895982125,0.026505976261258803,0.011165926661596059,0.019166265079229694,0.053276440122056755,0.04602258243712994,0.04690487884595043,0.01386399214800407,0.04355419827854679,0.08406497507277048,0.04075758787815462,0.0628213997522378,0.08964631621277687,0.028312698606589713,0.00334188449446874,5.755262804583335e-18,0.0,0.0,0.0,0.0,0.0,0.0,0.0,0.0,0.0,0.0,0.0,0.0
CCCCCCCCOC(=O)CCCCC(=O)OCCCCCCCC,CCCCCCCCOC(=O)CCCCC(=O)OCCCCCCCC,298.15,0.0,aux_only_sigma_profile_stream,,,No,False,0.0,False,0.0,False,0.0,0.0,0.0,False,0.0,False,True,505.8978800000001,0.0,0.0,0.0,0.0,0.0,0.0,0.0,0.0,0.0,0.0,0.0,0.0,0.0,0.0,0.0,0.0,0.0,0.0,0.0026102926466013456,0.015706659506523824,0.029170717943518953,0.054537090744150966,0.1183040941721525,0.16878438087384806,0.1660322707677227,0.12215386678735833,0.09531225463743827,0.07502067937604658,0.04168167799714558,0.0108277971522597,0.008511458429146353,0.010957164956689715,0.012715952775696922,0.009305578087270021,0.012671863234358005,0.009354006457821811,0.014255333554569462,0.017654054051543074,0.004432805848137852,7.607972096207423e-18,0.0,0.0,0.0,0.0,0.0,0.0,0.0,0.0,0.0,0.0,0.0
CCCCC(CC)COC(=O)CCCCC(=O)OCC(CC)CCCC,CCCCC(CC)COC(=O)CCCCC(=O)OCC(CC)CCCC,298.15,0.0,aux_only_sigma_profile_stream,,,No,False,0.0,False,0.0,False,0.0,0.0,0.0,False,0.0,False,True,486.55448000000007,0.0,0.0,0.0,0.0,0.0,0.0,0.0,0.0,0.0,0.0,0.0,0.0,0.0,0.0,0.0,0.0,0.0,0.0,0.0018128060124266102,0.013600766047275484,0.029347855817163985,0.05123228909087919,0.13183699449857206,0.16502777919782383,0.1598476491083911,0.11202794762505382,0.10278172858968865,0.09364908841270021,0.034742915790247374,0.00956835962996378,0.008448282754472696,0.007826094672380386,0.010790939493646753,0.01055915267586045,0.009146844374963497,0.007848751654371072,0.016050153676606952,0.01892080965025278,0.004921737705322457,1.1053521936924513e-05,0.0,0.0,0.0,0.0,0.0,0.0,0.0,0.0,0.0,0.0,0.0
CCC1=CC(=CC(=C1)CC)CC,CCC1=CC(=CC(=C1)CC)CC,298.15,0.0,aux_only_sigma_profile_stream,,,No,False,0.0,False,0.0,False,0.0,0.0,0.0,False,0.0,False,True,227.43136000000004,0.0,0.0,0.0,0.0,0.0,0.0,0.0,0.0,0.0,0.0,0.0,0.0,0.0,0.0,0.0,0.0,0.0,0.0,0.0,0.00035344370415549015,0.008898550223551183,0.08221996927580345,0.14074817946719437,0.15396795017709253,0.12696732508051833,0.12480195690030783,0.09476152706646698,0.09678345955723383,0.036863822935793586,0.02465224018172001,0.02107356856602801,0.03068061717932878,0.03349371747109527,0.017926738348523964,0.005806933865186444,0.0,0.0,0.0,0.0,0.0,0.0,0.0,0.0,0.0,0.0,0.0,0.0,0.0,0.0,0.0,0.0
CCCCCC1=CC=CC2=CC=CC=C21,CCCCCC1=CC=CC2=CC=CC=C21,298.15,0.0,aux_only_sigma_profile_stream,,,No,False,0.0,False,0.0,False,0.0,0.0,0.0,False,0.0,False,True,261.12332000000004,0.0,0.0,0.0,0.0,0.0,0.0,0.0,0.0,0.0,0.0,0.0,0.0,0.0,0.0,0.0,0.0,0.0,0.0,0.0066142148935929195,0.04553451576643977,0.058913845627654005,0.06616727538909738,0.09268533968280467,0.11421258847115759,0.10776253231601526,0.08918219931414474,0.07811736989908981,0.0820383057416331,0.055817746775321704,0.045399827640227985,0.08052482226542153,0.060272650006275574,0.01675676621112388,0.0,0.0,0.0,0.0,0.0,0.0,0.0,0.0,0.0,0.0,0.0,0.0,0.0,0.0,0.0,0.0,0.0,0.0
CCCCCNCCCCC,CCCCCNCCCCC,298.15,0.0,aux_only_sigma_profile_stream,,,No,False,0.0,False,0.0,False,0.0,0.0,0.0,False,0.0,False,True,252.86669,0.0,0.0,0.0,0.0,0.0,0.0,0.0,0.0,0.0,0.0,0.0,0.0,0.0,0.0,0.0,0.0009014524854949797,0.00407997152697546,0.0036590104267153183,0.006208339418196324,0.003579868375160659,0.004208262970209837,0.014209454488558737,0.08640959437007979,0.16787429977523655,0.2097372687306268,0.15685440640879705,0.1272107362812069,0.12177799997268678,0.04450106013844726,0.00918737510592273,0.007876126045749643,0.0011969197361737128,0.0018159581168037714,0.002544159769690595,0.0023270746812722233,0.001607551538625471,0.0015663890967399724,0.0022632828569763555,0.0007955827305155283,0.004352902532907314,0.004965017501368448,0.0017052405423989931,0.0024148603995255563,0.0005754080027735401,0.0016095244394141357,0.00198490153474955,6.932469133349925e-18,0.0,0.0,0.0,0.0
C1=CC(=CN=C1)C(=O)O,C1=CC(=CN=C1)C(=O)O,298.15,0.0,aux_only_sigma_profile_stream,,,No,False,0.0,False,0.0,False,0.0,0.0,0.0,False,0.0,False,True,149.45598,0.0,0.0,0.0,0.0,0.0,0.0,0.001759835871222563,0.008860686164016765,0.0011989448071044397,0.0069891245995856435,0.010551163563136377,0.006291293257903746,0.001777229949785771,0.001554973746577206,0.002603240730938144,0.008019932423086643,0.0063046867227182874,0.039444268413008965,0.06696941916495412,0.04635493257383391,0.02828528005926976,0.03173055985752648,0.05340473769507999,0.07012966344194792,0.07496744333494718,0.08783487157724636,0.07963579658814722,0.07043251603498502,0.03071261742267763,0.03876399169176743,0.022640907126767442,0.021208154140090144,0.04486832626130342,0.014107024785579405,0.01480007192735968,0.050892707319889194,0.026686823499106765,0.009240044370451948,0.004587603503154382,0.008324437371061158,0.005378527669210439,0.0026881623345585168,0.0,0.0,0.0,0.0,0.0,0.0,0.0,0.0,0.0
C1=CC=C(C=C1)C[C@@H](C(=O)O)N,C1=CC=C(C=C1)C[C@@H](C(=O)O)N,298.15,0.0,aux_only_sigma_profile_stream,,,No,False,0.0,False,0.0,False,0.0,0.0,0.0,False,0.0,False,True,203.1564099999999,0.0,0.0,0.0,0.0,0.0,0.0,0.0,0.0039457046705130075,0.004846191189430569,0.0013142330095752038,0.007287536760087158,0.00681808061026443,0.002982657155540594,0.0007505316305574411,0.0056992932672036214,0.012424166010412218,0.013152061461865176,0.0163151176977042,0.02350357906906044,0.03860489983924634,0.07727313197240099,0.08247674346458331,0.07875523150595103,0.07479077783442374,0.054489688857689025,0.04591173683641522,0.03772091250061676,0.04471759508349947,0.06116088000189068,0.05578141350021938,0.06055652916234395,0.04898435308041805,0.03986041207418207,0.02192583440095826,0.01268045094354631,0.034667899483853085,0.01816468467649601,0.003257068613017214,0.0009277727804509824,0.007369733785554826,0.0008830970700293338,0.0,0.0,0.0,0.0,0.0,0.0,0.0,0.0,0.0,0.0
CN(C1=C(C=C(C=C1[N+](=O)[O-])[N+](=O)[O-])[N+](=O)[O-])[N+](=O)[O-],CN(C1=C(C=C(C=C1[N+](=O)[O-])[N+](=O)[O-])[N+](=O)[O-])[N+](=O)[O-],298.15,0.0,aux_only_sigma_profile_stream,,,No,False,0.0,False,0.0,False,0.0,0.0,0.0,False,0.0,False,True,249.23628,0.0,0.0,0.0,0.0,0.0,0.0,0.0,0.0,0.0,0.0,0.0,0.0,0.0,0.0040803324024258425,0.015235562449319038,0.025307966102224383,0.03307163554892213,0.04303095643726828,0.053909146640915596,0.07196136263238521,0.06547701257628664,0.031148390121037234,0.02009668518064144,0.02520642954823375,0.02767993190004585,0.040018835717241165,0.04385123101627339,0.04895477815795919,0.06673770765101612,0.11338099118162531,0.09790449060180402,0.058716214554581696,0.04434079849559141,0.04653821138694856,0.022102035064460117,0.0012492946327936061,0.0,0.0,0.0,0.0,0.0,0.0,0.0,0.0,0.0,0.0,0.0,0.0,0.0,0.0,0.0
CCCCCCCCNCCCCCCCC,CCCCCCCCNCCCCCCCC,298.15,0.0,aux_only_sigma_profile_stream,,,No,False,0.0,False,0.0,False,0.0,0.0,0.0,False,0.0,False,True,372.3751900000002,0.0,0.0,0.0,0.0,0.0,0.0,0.0,0.0,0.0,0.0,0.0,0.0,0.0,0.0,0.0,0.0007017377723156031,0.002885267611712825,0.0024786117884434957,0.004166977062377838,0.0021787548786728907,0.00260822518125028,0.00969789128743778,0.06459644740156346,0.1687583969836631,0.22494994520457673,0.17493004040259358,0.140152803633449,0.10652411770617551,0.06165356110306567,0.006309996153008525,0.005548211324413528,0.0009765735671620598,0.001171626051263377,0.0018295016554659364,0.0014287790369589195,0.0012456671633582427,0.0010847236353179826,0.0016352393876682143,0.000428823554336522,0.0027500853087142514,0.003567842685740393,0.001353313475741044,0.0016484815189609777,0.0003648819423791739,0.0012026117968035965,0.0011708637254093696,4.02527799991449e-18,0.0,0.0,0.0,0.0
CCCCC(CC)CNCC(CC)CCCC,CCCCC(CC)CNCC(CC)CCCC,298.15,0.0,aux_only_sigma_profile_stream,,,No,False,0.0,False,0.0,False,0.0,0.0,0.0,False,0.0,False,True,350.69990000000007,0.0,0.0,0.0,0.0,0.0,0.0,0.0,0.0,0.0,0.0,0.0,0.0,0.0,0.0,0.0,0.0,0.001013256629239455,0.003320653683711258,0.0028622770546478053,0.0039391349354691565,0.0028602884059301696,0.00434872954633999,0.055178522487751236,0.1507881517032246,0.21460395565929158,0.16740919943553018,0.1555076180970904,0.14527287673591804,0.07574451355435742,0.008615789652276147,0.004622629526344036,0.0031440479840387746,0.0006982491945967961,7.010571424290196e-05,0.0,0.0,0.0,0.0,0.0,0.0,0.0,0.0,0.0,0.0,0.0,0.0,0.0,0.0,0.0,0.0,0.0
CN(C)CCN(C)C,CN(C)CCN(C)C,298.15,0.0,aux_only_sigma_profile_stream,,,No,False,0.0,False,0.0,False,0.0,0.0,0.0,False,0.0,False,True,175.4983299999999,0.0,0.0,0.0,0.0,0.0,0.0,0.0,0.0,0.0,0.0,0.0,0.0,0.0,0.0,0.0,0.0,0.0,0.0,0.0,0.0,0.015573442988133115,0.09023308455473,0.09141571438588625,0.123058105814452,0.16718071903375842,0.1634727854165599,0.1675283637005692,0.06596605803147246,0.028382636130678186,0.020449737933984514,0.010604533934140757,0.010580841426779281,0.010917301481648578,0.004316564120150074,0.004065243680620627,0.0022673414511405338,0.0025015676434020687,0.0030681528718693274,0.0033089099898447366,0.007293756137117997,0.001945624104769699,0.0026322236417903253,0.0019858737074896337,0.0012514178190122056,4.3423768613538685e-18,0.0,0.0,0.0,0.0,0.0,0.0
C(CN)CN,C(CN)CN,298.15,0.0,aux_only_sigma_profile_stream,,,No,False,0.0,False,0.0,False,0.0,0.0,0.0,False,0.0,False,True,127.70483,0.0,0.0,0.0,0.0,0.0,0.0,0.0,0.0,0.0,0.0,0.0,0.0,0.0,0.0,0.0008522504698635502,0.021129189786339216,0.04929890387987698,0.023121450354383778,0.045198575400771296,0.042855486500667825,0.03656925014690212,0.07082919457549593,0.12532547566357669,0.12511869434642917,0.10365063004192165,0.06498658566237518,0.042695247893338895,0.02612058723385787,0.014665123775155569,0.02287448219126614,0.01609968619131454,0.007631576365562148,0.01674294103187585,0.010372797959063412,0.007625153014578439,0.01594606771446529,0.00877037701329071,0.004008439653685057,0.00456160067687825,0.01611046631591638,0.01728319115652987,0.006353073349053885,0.008854855156585385,0.012705037108175377,0.00856103631664019,0.010836770663330737,0.010395306387571168,0.0018504960032614507,0.0,0.0,0.0
C1=CC(=CC=C1C2=CC=C(C=C2)N)N,C1=CC(=CC=C1C2=CC=C(C=C2)N)N,298.15,0.0,aux_only_sigma_profile_stream,,,No,False,0.0,False,0.0,False,0.0,0.0,0.0,False,0.0,False,True,227.46963,0.0,0.0,0.0,0.0,0.0,0.0,0.0,0.0,0.0,0.0,0.0009340197143561784,0.011007760125271914,0.026339853666282456,0.015263886403213474,0.01891905763908324,0.019603618611169764,0.024917765635655936,0.027409322967491222,0.04298696050408021,0.04912428922811849,0.05976887085503458,0.04313707754358831,0.037859832395146994,0.04386932011711132,0.029609961053936384,0.02044595746356659,0.04674794961787251,0.04043980036053851,0.039992409581144875,0.05344260083741421,0.05208265251612446,0.1050509463123851,0.10182537123644067,0.06658003360195909,0.01716927969456072,0.0054275734079644745,4.382891048823221e-05,1.54864623551239e-19,0.0,0.0,0.0,0.0,0.0,0.0,0.0,0.0,0.0,0.0,0.0,0.0,0.0
CCNC1=CC=CC=C1,CCNC1=CC=CC=C1,298.15,0.0,aux_only_sigma_profile_stream,,,No,False,0.0,False,0.0,False,0.0,0.0,0.0,False,0.0,False,True,173.52826,0.0,0.0,0.0,0.0,0.0,0.0,0.0,0.0,0.0,0.0,0.0,0.0,0.0026731768260549555,0.0054967944233285234,0.006444952012284455,0.004387362134725305,0.007254985264906477,0.006799226540048117,0.011005090859632086,0.032797862691687454,0.07743114451928061,0.09777074237346413,0.10655957472431235,0.0964301107461851,0.07766491971257593,0.0650807086097982,0.06955505156910984,0.03379367186684504,0.03265753869398789,0.05142681488097985,0.026861559180725338,0.05882603918189925,0.052934963453787016,0.050296517903843624,0.0145991505772386,0.0030148368975202087,0.0034731189294184327,0.0042253604635224115,0.0005387249628387861,9.314217370638886e-19,0.0,0.0,0.0,0.0,0.0,0.0,0.0,0.0,0.0,0.0,0.0
CCOCC(C)OC(=O)C,CCOCC(C)OC(=O)C,298.15,0.0,aux_only_sigma_profile_stream,,,No,False,0.0,False,0.0,False,0.0,0.0,0.0,False,0.0,False,True,203.29665000000017,0.0,0.0,0.0,0.0,0.0,0.0,0.0,0.0,0.0,0.0,0.0,0.0,0.0,0.0,0.0,0.0,0.0,0.0018112500495699496,0.013981867777958554,0.02152947736360007,0.050794023741314434,0.11951598085443159,0.13617370456476324,0.1292704120703129,0.12892922291434009,0.07391499983885956,0.08834091444439782,0.0380519426468299,0.015065480023667963,0.016315549900075072,0.012867753912635938,0.022084803373674168,0.01674397275592646,0.02186342319272618,0.02276354371914277,0.015933096882314642,0.026600960133236633,0.020699760683714173,0.006514587147698764,0.0002332720088091238,0.0,0.0,0.0,0.0,0.0,0.0,0.0,0.0,0.0,0.0,0.0
C(C(=O)O)(Cl)Cl,C(C(=O)O)(Cl)Cl,298.15,0.0,aux_only_sigma_profile_stream,,,No,False,0.0,False,0.0,False,0.0,0.0,0.0,False,0.0,False,True,130.32468,0.0,0.0,0.0,0.0,0.0,0.003213052232950873,0.010724244121606026,0.0013985069983923314,0.012753226957410447,0.012788416576112675,0.0031594706876929396,0.0005368673014341535,0.006222732314836588,0.029373799473873485,0.014374874326185904,0.008645655553013068,0.016342102137394853,0.013079423045193973,0.007656899067800404,0.01308389818428597,0.024893062340299015,0.05598701334838114,0.03157096540721366,0.03803397633893904,0.07025086217824267,0.03419449092352723,0.06014726446513308,0.1380844232507803,0.12320401885757479,0.08366074956697533,0.0401155671053975,0.0345656828148185,0.01563560888107057,0.02668347809410689,0.043243937228621625,0.023308309741184904,0.0030674204795500945,1.0790409318938086e-17,0.0,0.0,0.0,0.0,0.0,0.0,0.0,0.0,0.0,0.0,0.0,0.0,0.0
CC(COC)O,CC(COC)O,298.15,0.0,aux_only_sigma_profile_stream,,,No,False,0.0,False,0.0,False,0.0,0.0,0.0,False,0.0,False,True,137.25204000000002,0.0,0.0,0.0,0.0,0.0,0.0,0.0,0.0,0.0,0.0,0.0,0.0,0.0006346789333567565,0.0021291677207407695,0.0025272951023382955,0.007217085223818798,0.006486933935201611,0.0004534389013479427,0.0030030636526359967,0.013173874666048606,0.056989413968897576,0.14610343248513388,0.14100256300761718,0.12321135336402941,0.10605834104021983,0.06114876098888161,0.0684746312629987,0.04477101167559963,0.024130696325825755,0.02851762777479992,0.01598655250944278,0.018960114941706,0.01083630484399525,0.01352761771622498,0.020445712042372263,0.020147816536541584,0.010794668826519676,0.014660454376043283,0.014801316661455085,0.016666606616727368,0.007139464899479548,0.0,0.0,0.0,0.0,0.0,0.0,0.0,0.0,0.0,0.0
CC(COC(C)COC)O,CC(COC(C)COC)O,298.15,0.0,aux_only_sigma_profile_stream,,,No,False,0.0,False,0.0,False,0.0,0.0,0.0,False,0.0,False,True,204.14729000000003,0.0,0.0,0.0,0.0,0.0,0.0,0.0,0.0,0.0,0.0012388272182353238,0.004047626713917784,0.004870384141062116,0.0031564907493226557,0.0035712061100652763,0.002139662308647631,0.004963051011432572,0.006201267468833164,0.004105668173626159,0.0035963269870933723,0.01324216088846979,0.05469856019812313,0.1279538522479975,0.1269845601385671,0.11585266051521867,0.09649751608086003,0.07367789859802644,0.09008440027857875,0.05228449344612997,0.024660064609119473,0.01687363113370057,0.012780630575969393,0.014539713756827041,0.01491321189219127,0.015913817288176244,0.021602182867025317,0.025235213450542773,0.01407012778810701,0.01515320356953359,0.020843448803319446,0.012279125936581195,0.0019690150546992514,0.0,0.0,0.0,0.0,0.0,0.0,0.0,0.0,0.0,0.0
CC(COC(C)(C)C)O,CC(COC(C)(C)C)O,298.15,0.0,aux_only_sigma_profile_stream,,,No,False,0.0,False,0.0,False,0.0,0.0,0.0,False,0.0,False,True,187.53259999999997,0.0,0.0,0.0,0.0,0.0,0.0,0.0,0.0,0.0,0.0,0.0,0.0,0.0,0.0,0.0,0.0010025529152779232,0.0037323439104781156,0.0025513597568278803,0.004334582303426525,0.005353828055806886,0.02464793000083117,0.11665272903531124,0.14962593749681338,0.1515444304479552,0.1011094710362316,0.08725831529460001,0.14647106487712752,0.06306467399306147,0.011579270585907252,0.012391332051550347,0.009671980643790311,0.009538002705305,0.009974410378485291,0.0068171905179119805,0.011938817047931297,0.013009074187039754,0.014762011737098662,0.011268912726422888,0.013306904918731571,0.013001062313044777,0.0053918110630318695,0.0,0.0,0.0,0.0,0.0,0.0,0.0,0.0,0.0,0.0
C1=CC(=CC=C1N)Cl,C1=CC(=CC=C1N)Cl,298.15,0.0,aux_only_sigma_profile_stream,,,No,False,0.0,False,0.0,False,0.0,0.0,0.0,False,0.0,False,True,154.59137999999996,0.0,0.0,0.0,0.0,0.0,0.0,0.0,0.0,0.0,0.0,0.0019152292340146105,0.012238953565240233,0.017243450774332366,0.014226401612755514,0.015218146583551037,0.013924258204921458,0.021619498337442627,0.023053393716322867,0.04529855497256601,0.04714028956008389,0.04484473788961113,0.03561499427783678,0.037189884990207416,0.04087910360071099,0.03165013350868057,0.026947550696413677,0.0481887589457387,0.06874212544425505,0.05305377632453822,0.10016367843779972,0.16219487747083247,0.10111153190489279,0.0225514243299457,0.008051545719789424,0.005747564738466519,0.0011901351590502185,0.0,0.0,0.0,0.0,0.0,0.0,0.0,0.0,0.0,0.0,0.0,0.0,0.0,0.0,0.0
CCCCOCCOCCOCCO,CCCCOCCOCCOCCO,298.15,0.0,aux_only_sigma_profile_stream,,,No,False,0.0,False,0.0,False,0.0,0.0,0.0,False,0.0,False,True,286.11501000000004,0.0,0.0,0.0,0.0,0.0,0.0,0.0,0.0,9.359707374274735e-05,0.0017467849702614796,0.00478651083085532,0.002346366858651495,0.003636903333762948,0.0013295467740242811,0.005252175510707173,0.002321176825333621,0.0034304009945506767,0.0036916646337032087,0.004365255309846309,0.007488756836875527,0.04040714128122917,0.11781746871873724,0.14683893289541744,0.12721347275980904,0.11709593336479862,0.08906210583723341,0.06622418420502474,0.051767272202224886,0.022076744378563287,0.01908622016340502,0.009864444182391765,0.010145481688669775,0.0078081802267999136,0.016771248831744478,0.035973315055920344,0.020335604112818543,0.018264035607503046,0.019592392624285204,0.014506015727086818,0.00733977308837622,0.001320893095646205,0.0,0.0,0.0,0.0,0.0,0.0,0.0,0.0,0.0,0.0
CCOCCOCCOCCO,CCOCCOCCOCCO,298.15,0.0,aux_only_sigma_profile_stream,,,No,False,0.0,False,0.0,False,0.0,0.0,0.0,False,0.0,False,True,246.16378000000003,0.0,0.0,0.0,0.0,0.0,0.0,0.0,0.0,5.991082250489246e-05,0.002283821481818783,0.0054366876767750665,0.00367744987059874,0.002786612512990401,0.002183027016906025,0.004276815548986081,0.0047466933213293995,0.003182280521479228,0.00480792933588475,0.003724994287067975,0.009747687386724805,0.051271268540787354,0.15280409367218156,0.14920553395960806,0.1094520913406952,0.09307927780834205,0.07519234684309445,0.06815384497653634,0.026325529216893843,0.016606803912406244,0.021360794111616826,0.012251888456107602,0.012988581409322646,0.009402265781626565,0.018609413391164693,0.041902608342119625,0.023052757290201176,0.020980155222087758,0.023676126401594808,0.016394005052453708,0.008385326858715215,0.0019913776293780504,0.0,0.0,0.0,0.0,0.0,0.0,0.0,0.0,0.0,0.0
CCCCCCOCCO,CCCCCCOCCO,298.15,0.0,aux_only_sigma_profile_stream,,,No,False,0.0,False,0.0,False,0.0,0.0,0.0,False,0.0,False,True,220.531,0.0,0.0,0.0,0.0,0.0,0.0,0.0,0.0,0.0,0.0023631491816324193,0.0055642348028132945,0.004710839213199959,0.002437805450837093,0.002944403494760596,0.004570372863614454,0.005437846573207075,0.0033670625197565287,0.004373698132095311,0.0047519530815654035,0.008964372305517047,0.02070437814724524,0.05201363691559736,0.11976907359771553,0.15413885439905953,0.15814584013147084,0.11308720242144234,0.08446344889148737,0.08039152155943516,0.03467847456458212,0.01214851905652584,0.00897351901714131,0.010935721980389331,0.004770350003495245,0.008753094825028363,0.01095153229930631,0.019093904177914255,0.01352045096164965,0.012353032097571775,0.018964944150469308,0.009889752639427533,0.002767010544046483,0.0,0.0,0.0,0.0,0.0,0.0,0.0,0.0,0.0,0.0
CCCCCCOCCOCCO,CCCCCCOCCOCCO,298.15,0.0,aux_only_sigma_profile_stream,,,No,False,0.0,False,0.0,False,0.0,0.0,0.0,False,0.0,False,True,273.57022,0.0,0.0,0.0,0.0,0.0,0.0,0.0,0.0,0.00015856867596736004,0.0017412919424084573,0.0051086116254173,0.002318529796121904,0.0031481899033016076,0.0018896323264701654,0.005842413551366804,0.0026548631780975336,0.002917561450523083,0.00215267036607751,0.005626641536598611,0.007828633839862466,0.030252668863160397,0.08148640165415812,0.12381201174761455,0.14479934629492824,0.14416468159791807,0.10568248474385734,0.0780975923005344,0.07018836251856249,0.03367603125192713,0.014989140219295835,0.008801258257415522,0.00665462456310102,0.006511382003041267,0.011280578929312298,0.02398903786220492,0.020315256392177943,0.013125638159105668,0.015939754581521106,0.01549064700053902,0.007853096073649002,0.0015023967937628042,0.0,0.0,0.0,0.0,0.0,0.0,0.0,0.0,0.0,0.0
CCCOCC(C)O,CCCOCC(C)O,298.15,0.0,aux_only_sigma_profile_stream,,,No,False,0.0,False,0.0,False,0.0,0.0,0.0,False,0.0,False,True,178.36108000000004,0.0,0.0,0.0,0.0,0.0,0.0,0.0,0.0,0.0,0.0,0.0,0.0,0.0,0.0,0.0015053553363418657,0.0044540198746150445,0.0034457366533939735,0.002189381891482256,0.0031255086452876483,0.007403685439250085,0.016213822626493343,0.08937446514496546,0.17502175821568916,0.15296359247644326,0.1305025281742956,0.10182738582886186,0.10053920940656781,0.056502204285705675,0.01914029543224037,0.012261389999337017,0.009466579327395865,0.01269770423405773,0.006378943569229171,0.008089397255690254,0.015221885828682238,0.016614872081087074,0.011875893530456079,0.011366497977912839,0.013171200834807398,0.013491535747176398,0.005155150182534524,0.0,0.0,0.0,0.0,0.0,0.0,0.0,0.0,0.0,0.0
CCCCOCCOCCOC(=O)C,CCCCOCCOCCOC(=O)C,298.15,0.0,aux_only_sigma_profile_stream,,,No,False,0.0,False,0.0,False,0.0,0.0,0.0,False,0.0,False,True,278.66345,0.0,0.0,0.0,0.0,0.0,0.0,0.0,0.0,0.0,0.0,0.0,0.0,0.0,0.0,0.0,0.0,0.0,0.0019659960141670497,0.01280798838903114,0.029018838384325358,0.06496260583345502,0.09910897094497538,0.12972124214198094,0.1452347969648847,0.12446804150868475,0.07695079937613741,0.05765622783047005,0.054828696893189595,0.023140708599306583,0.018055616096320344,0.01143796711500174,0.016650518988943614,0.01302476319054849,0.021312279294784225,0.02303014647381729,0.01911240692066134,0.030281246521969805,0.016707946391130928,0.010317953809900556,0.0002042423163137724,0.0,0.0,0.0,0.0,0.0,0.0,0.0,0.0,0.0,0.0,0.0
C(C#N)O,C(C#N)O,298.15,0.0,aux_only_sigma_profile_stream,,,No,False,0.0,False,0.0,False,0.0,0.0,0.0,False,0.0,False,True,93.91969999999998,0.0,0.0,0.0,0.0,0.0,0.0,0.00019738332775737897,0.012129708418776747,0.011252691689674266,0.01498990487245115,0.0007688152462975309,0.004861171341312594,0.01973722173912127,0.014033827753040313,0.009794822901622618,0.048296184360700094,0.07742529916778751,0.047444657175108644,0.0414315631409007,0.040499950555372845,0.022490055261136805,0.02082885862386848,0.03739423744975133,0.012672516790795655,0.01708642950242282,0.02451050698869439,0.04282152665004169,0.03825783610730486,0.022629760156396693,0.026406831567865427,0.025576177388039044,0.04371675236488022,0.04556821146304579,0.053389656705207546,0.07807339843759065,0.06491284513055674,0.054160714628683146,0.026431215717034443,0.00020926737676059553,3.4885401773627905e-19,0.0,0.0,0.0,0.0,0.0,0.0,0.0,0.0,0.0,0.0,0.0
C(C#N)N,C(C#N)N,298.15,0.0,aux_only_sigma_profile_stream,,,No,False,0.0,False,0.0,False,0.0,0.0,0.0,False,0.0,False,True,97.88748000000008,0.0,0.0,0.0,0.0,0.0,0.0,0.0,0.0,0.0,0.0,0.0,0.0,6.611711722072419e-05,0.018319149278472578,0.03918594118042729,0.02225672964865283,0.0533365038644813,0.08852836078028134,0.10938403444026644,0.051545429879475864,0.050335401233004326,0.01628870431784186,0.022993636626645907,0.02478542937943829,0.012343409968734505,0.019324378441482083,0.036417785083153915,0.028188723702879545,0.02050432008461377,0.03168097400070119,0.020217010244339622,0.02987039624566439,0.03432273325099295,0.05341255238146928,0.07232705566757042,0.04964778885164053,0.0378175993609041,0.023079836155506333,0.0038012650159825133,0.010585616907888201,0.005617737518693602,0.006915835001925962,0.005591858251102915,0.0013076861185453176,4.659384030450013e-18,0.0,0.0,0.0,0.0,0.0,0.0
C1=CC=C(C=C1)CC#N,C1=CC=C(C=C1)CC#N,298.15,0.0,aux_only_sigma_profile_stream,,,No,False,0.0,False,0.0,False,0.0,0.0,0.0,False,0.0,False,True,163.52395000000007,0.0,0.0,0.0,0.0,0.0,0.0,0.0,0.0,0.0,0.0,0.0,0.0,0.0,0.0,0.0007639918072651972,0.023710078160792666,0.028060460651208388,0.023777486674075927,0.052760898000465295,0.08520465702903761,0.07694673926213436,0.049938928298503354,0.05014852180458843,0.06520465004090345,0.03304249703965314,0.04519871736736048,0.04704640765444252,0.06244298658518765,0.03761733845324698,0.061434803054362344,0.06655280104520406,0.05644089763141109,0.01760453401439507,0.025078069594173993,0.02436756088392274,0.02739573805771367,0.025310083745016927,0.013298053308371865,0.0006530998365628426,1.1218268363649169e-18,0.0,0.0,0.0,0.0,0.0,0.0,0.0,0.0,0.0,0.0,0.0
CCN(CC)O,CCN(CC)O,298.15,0.0,aux_only_sigma_profile_stream,,,No,False,0.0,False,0.0,False,0.0,0.0,0.0,False,0.0,False,True,141.08800999999994,0.0,0.0,0.0,0.0,0.0,0.0,0.0,0.0,0.0,0.002045188775325459,0.004052674946884387,0.0032229141383610087,0.006400851896413824,0.007191579896821002,0.00496906420039184,0.0051665548875691305,0.0028432360764982308,0.001308419622595372,0.0071775395106198625,0.010816944503791219,0.03674914725211456,0.060012093566502375,0.08524300249612643,0.13009243383219954,0.13958880541012528,0.12125911528852032,0.09985166522590691,0.10876122584424502,0.030169630701085807,0.010811838711206294,0.015520566946815965,0.013193393836157946,0.00442839240059653,0.00970649474353746,0.008096232494001585,0.01312325790688212,0.02531072527699309,0.010246652753384697,0.015689659257663493,0.0031589373599761176,0.0037917602406869672,0.0,0.0,0.0,0.0,0.0,0.0,0.0,0.0,0.0,0.0
CCCCOS(=O)(=O)OCCCC,CCCCOS(=O)(=O)OCCCC,298.15,0.0,aux_only_sigma_profile_stream,,,No,False,0.0,False,0.0,False,0.0,0.0,0.0,False,0.0,False,True,260.6354099999999,0.0,0.0,0.0,0.0,0.0,0.0,0.0,0.0,0.0,0.0,0.0,0.0,0.0,0.0,0.0,0.0,0.0,0.0,0.009102073531503493,0.03275601554762502,0.04060449353169972,0.10958481234582172,0.15814312670393407,0.12077689735447078,0.08733731453746253,0.08166706188324989,0.06496998716422303,0.05448805535271781,0.015607184579680449,0.02641849497678954,0.04624136629616022,0.021596039967591057,0.06208796082659301,0.0444552775072378,0.022354113567015478,0.0018097243262243884,0.0,0.0,0.0,0.0,0.0,0.0,0.0,0.0,0.0,0.0,0.0,0.0,0.0,0.0,0.0
C(CO[N+](=O)[O-])O[N+](=O)[O-],C(CO[N+](=O)[O-])O[N+](=O)[O-],298.15,0.0,aux_only_sigma_profile_stream,,,No,False,0.0,False,0.0,False,0.0,0.0,0.0,False,0.0,False,True,163.21611999999996,0.0,0.0,0.0,0.0,0.0,0.0,0.0,0.0,0.0,0.0,0.0,0.0,0.0,0.0,0.0,0.015575208142414218,0.056853815798233974,0.07563825451707774,0.05836424246178571,0.04631148493360828,0.042526169589721725,0.026496739278632348,0.021255827060719747,0.02707016271174723,0.0320643818349994,0.02406256507470139,0.03560085977014796,0.06069611107048014,0.08059276471338127,0.13735759232785344,0.11220429828508059,0.10193074554824919,0.044859330384989377,0.000539446496176379,0.0,0.0,0.0,0.0,0.0,0.0,0.0,0.0,0.0,0.0,0.0,0.0,0.0,0.0,0.0,0.0,0.0
CCOS(=O)OCC,CCOS(=O)OCC,298.15,0.0,aux_only_sigma_profile_stream,,,No,False,0.0,False,0.0,False,0.0,0.0,0.0,False,0.0,False,True,175.11471999999986,0.0,0.0,0.0,0.0,0.0,0.0,0.0,0.0,0.0,0.0,0.0,0.0,0.0,0.0,0.0,0.0,0.0,0.0,0.005905683416742069,0.04930330406078779,0.09302600291215275,0.13255695249194138,0.126114344199904,0.09929725554337301,0.09400288098736652,0.10325779319276253,0.03489561594713104,0.013478765259206832,0.015808319939444624,0.009846558008089906,0.011810375103896755,0.03140893301963401,0.02831681818651792,0.030868217652718136,0.0554687113699155,0.051519553390847184,0.012337430032006245,0.0007764852855617625,1.2739518622675507e-18,0.0,0.0,0.0,0.0,0.0,0.0,0.0,0.0,0.0,0.0,0.0,0.0
CCOC(=O)CC(C(=O)OCC)SP(=S)(OC)OC,CCOC(=O)CC(C(=O)OCC)SP(=S)(OC)OC,298.15,0.0,aux_only_sigma_profile_stream,,,No,False,0.0,False,0.0,False,0.0,0.0,0.0,False,0.0,False,True,340.86690999999985,0.0,0.0,0.0,0.0,0.0,0.0,0.0,0.0,0.0,0.0,0.0,0.0,0.0,0.0,0.0,0.0,0.0,0.0055783587570887435,0.02283622649479808,0.05444578517050659,0.08242871775926272,0.10744544449347813,0.10843468954944468,0.0818825637163191,0.06901702734847599,0.08540177008722234,0.05666245792866431,0.04953526981488377,0.04098212079287985,0.03909393546746002,0.04021681173838465,0.030055966250642524,0.02556538781080637,0.03127176199608259,0.024585596400132862,0.021469386302730004,0.020062954881500235,0.0030277672392363952,5.314060365397398e-18,0.0,0.0,0.0,0.0,0.0,0.0,0.0,0.0,0.0,0.0,0.0,0.0
C(=C(F)F)(OC(C(F)(F)F)(F)F)F,C(=C(F)F)(OC(C(F)(F)F)(F)F)F,298.15,0.0,aux_only_sigma_profile_stream,,,No,False,0.0,False,0.0,False,0.0,0.0,0.0,False,0.0,False,True,175.50587000000007,0.0,0.0,0.0,0.0,0.0,0.0,0.0,0.0,0.0,0.0,0.0,0.0,0.0,0.0,0.0,0.0,0.0,0.0,0.0,0.003141863186459426,0.03413706277246475,0.037751107223607035,0.022919167204216186,0.031587420386593915,0.07949375980279808,0.3132306472996902,0.3934200975421002,0.0801581190928206,0.004160755489249503,0.0,0.0,0.0,0.0,0.0,0.0,0.0,0.0,0.0,0.0,0.0,0.0,0.0,0.0,0.0,0.0,0.0,0.0,0.0,0.0,0.0,0.0
CC(C1=CC=CC=C1)OO,CC(C1=CC=CC=C1)OO,298.15,0.0,aux_only_sigma_profile_stream,,,No,False,0.0,False,0.0,False,0.0,0.0,0.0,False,0.0,False,True,178.42226,0.0,0.0,0.0,0.0,0.0,0.0,0.0,0.0006112147953686699,0.0026157650822316286,0.006486934056844197,0.004533768338227868,0.005076521616081445,0.0023193478673533495,0.006909670025545916,0.003529278929572589,0.003878934387364289,0.003997034498038182,0.0037420753914243887,0.017717320956738416,0.06713468880946917,0.10116587049056491,0.07917324810873767,0.0789232113004448,0.06043348510487145,0.05868762068704656,0.0672265608381443,0.0415901546915654,0.057795446538731775,0.028962166215028156,0.04803152592194287,0.05407678322109678,0.06888463796091754,0.029629425534431802,0.016930074646273902,0.01566840081339795,0.02983212574349589,0.017675554489572014,0.009677479607155379,0.006967395672369417,0.00011627765995141695,0.0,0.0,0.0,0.0,0.0,0.0,0.0,0.0,0.0,0.0,0.0
CC1=C(C=CC=C1N)N,CC1=C(C=CC=C1N)N,298.15,0.0,aux_only_sigma_profile_stream,,,No,False,0.0,False,0.0,False,0.0,0.0,0.0,False,0.0,False,True,163.39267999999998,0.0,0.0,0.0,0.0,0.0,0.0,0.0,0.0,0.0,0.0,0.0,0.0,0.004220554438080033,0.02768454097982394,0.025917143647660353,0.02806219413257325,0.028297013687066396,0.036851689321785154,0.025401348881705473,0.026997767702042035,0.05999629938529277,0.07863563045145902,0.0644069475015472,0.052392030640995964,0.04208985258288125,0.052669118213189224,0.04280746487506209,0.03911830320955853,0.033550365531373555,0.032862810623444205,0.05075489947642996,0.03624229879314251,0.06261525697575007,0.043990585704499124,0.038489697474963384,0.023103831594502185,0.0050919058812211,0.00568860209296904,0.010090712104146946,0.007631205748772959,0.009337340446248878,0.00477504505799859,0.00022754284381486733,0.0,0.0,0.0,0.0,0.0,0.0,0.0,0.0
CC(=O)C1=CC(=C(C=C1)O)OC,CC(=O)C1=CC(=C(C=C1)O)OC,298.15,0.0,aux_only_sigma_profile_stream,,,No,False,0.0,False,0.0,False,0.0,0.0,0.0,False,0.0,False,True,198.8867400000001,0.0,0.0,0.0,0.0,0.0,0.0,0.0,0.0,0.0,8.763197102237281e-05,0.0031053484286009806,0.0034974065954457177,0.002982388153198876,0.003847432382912867,0.0006459559642111589,0.003823044802310298,0.005273423238355708,0.0045552369329857475,0.027962923809659902,0.08693455014545814,0.08523875903769047,0.07345394341399933,0.0690719725330165,0.05393054770533671,0.07196091043955467,0.07092245200390984,0.07303822145343071,0.06365555656856609,0.07303519149434896,0.062325432539660997,0.022028411737187035,0.011315130316321838,0.009266547745712709,0.021715685567292968,0.027566974142734745,0.012688887941788934,0.017739812450938124,0.024244153594067078,0.007832153350720393,0.006217806008016472,3.610753154368862e-05,0.0,0.0,0.0,0.0,0.0,0.0,0.0,0.0,0.0,0.0
COC1=C(C=CC(=C1)C=O)O,COC1=C(C=CC(=C1)C=O)O,298.15,0.0,aux_only_sigma_profile_stream,,,No,False,0.0,False,0.0,False,0.0,0.0,0.0,False,0.0,False,True,182.32020000000009,0.0,0.0,0.0,0.0,0.0,0.0,0.0,0.0,0.0,0.0007439545388537856,0.0032283774569687946,0.004671102578381289,0.003481605438734085,0.0027313500085736405,0.001744825009996419,0.00385070599692581,0.007628860046596699,0.0112868604517461,0.04410533278641482,0.09033240331076751,0.07110881290479604,0.065269720760484,0.062183719503658384,0.05186656900541101,0.05819973058634422,0.05834911367028501,0.08113523651082215,0.07941138509162064,0.08496916588245843,0.03928391966005548,0.019772013167974542,0.013719960187283303,0.013160898442503349,0.023681216908862258,0.028039952469023004,0.015072749053000673,0.028246050681053625,0.01957236095587233,0.009934153790495361,0.0032178931440371714,0.0,0.0,0.0,0.0,0.0,0.0,0.0,0.0,0.0,0.0,0.0
C(C(=O)O)OCC(=O)O,C(C(=O)O)OCC(=O)O,298.15,0.0,aux_only_sigma_profile_stream,,,No,False,0.0,False,0.0,False,0.0,0.0,0.0,False,0.0,False,True,158.74709999999996,0.0,0.0,0.0,0.0,0.0,0.0,0.0021099878774033533,0.017214410173395752,0.0031784382214855205,0.0135702930172829,0.01990127304011241,0.012119847657680566,0.0028758653722271432,0.0032917389236841945,0.00580365371839295,0.014631199163311634,0.014072305181807607,0.0818198786073037,0.06383824728339417,0.045281215468615695,0.04923410419246104,0.04275954035925325,0.048839125276226414,0.04398286679048738,0.01572204328586746,0.01703012617238419,0.023400249564050686,0.038866765535555424,0.02360602181254625,0.03449742416021799,0.02915213203236048,0.01932579743412113,0.050718281913199,0.032427010094266046,0.04941060047331562,0.10122598295788202,0.058213696834511754,0.020450859753002926,0.0014290176521934458,2.4951622835115465e-18,0.0,0.0,0.0,0.0,0.0,0.0,0.0,0.0,0.0,0.0,0.0
CC(=O)CCC(=O)O,CC(=O)CCC(=O)O,298.15,0.0,aux_only_sigma_profile_stream,,,No,False,0.0,False,0.0,False,0.0,0.0,0.0,False,0.0,False,True,154.96010999999993,0.0,0.0,0.0,0.0,0.0,0.0,0.0,0.002695323600211201,0.008289308642329955,0.00047180549961872785,0.008758274983679985,0.00852453816003803,0.00602080077739641,0.001491562766374489,0.0018899549413559015,0.002626796386970575,0.0076773302904041595,0.005279959108193446,0.04317668390664793,0.10748004620626178,0.08778383722234198,0.07803508990454966,0.061514536319807495,0.06879685900275566,0.08757050566900026,0.03796756684218559,0.021956463079113794,0.01551133187854676,0.0331797228504645,0.021728046954321997,0.021620657455757624,0.01935046889437579,0.026336427022016197,0.0397748507702789,0.0343179167102639,0.04898070964086729,0.0575931544251779,0.0223268198840057,0.010014097440578313,0.0012585527641080366,0.0,0.0,0.0,0.0,0.0,0.0,0.0,0.0,0.0,0.0,0.0
C(C(C(=O)O)O)C(=O)O,C(C(C(=O)O)O)C(=O)O,298.15,0.0,aux_only_sigma_profile_stream,,,No,False,0.0,False,0.0,False,0.0,0.0,0.0,False,0.0,False,True,152.35671000000002,0.0,0.0,0.0,0.0,0.0,0.00014395363103597732,0.007823391396897882,0.012105310287748517,0.008211601907143833,0.014805491408778843,0.018936387539740446,0.009799923336890526,0.003671890543919317,0.005757374707749687,0.015578518891144125,0.015273319160999733,0.01810605923118601,0.03331848652150167,0.03631212221830249,0.04000770244634726,0.05029696418536945,0.04930691433626224,0.05166468736820497,0.03631181713209421,0.03285710086334038,0.023575442448817444,0.03850381041677894,0.059085470069929494,0.044318744639083044,0.03359468769333999,0.02719939909552799,0.04597992292119401,0.05601409038510571,0.05583613681473825,0.050137998491876785,0.060047054139342214,0.03390594951670002,0.007414991667046131,0.004097284585862348,7.380196478827406e-18,0.0,0.0,0.0,0.0,0.0,0.0,0.0,0.0,0.0,0.0,0.0
COC1=CC=CC=C1O,COC1=CC=CC=C1O,298.15,0.0,aux_only_sigma_profile_stream,,,No,False,0.0,False,0.0,False,0.0,0.0,0.0,False,0.0,False,True,158.85434000000004,0.0,0.0,0.0,0.0,0.0,0.0,0.0,0.0016774818198745723,0.004271260520719533,0.010529379719962827,0.0020189489039505893,0.0024602046756656494,0.007710072161033549,0.00195527304732329,0.011202674747758838,0.005178767744372634,0.00463222091451529,0.007271913616666751,0.019460762450944552,0.062194156092947525,0.08670049269098154,0.07765927859930864,0.06899802622261687,0.059571413198271625,0.05814542529379807,0.038789172140893786,0.04967350708489511,0.03552673543617933,0.06615421443813999,0.06877198530193822,0.055846926817914505,0.06077854214909928,0.054933128493357734,0.028329465807011123,0.017316981834594947,0.013828570532932488,0.01135154620446761,0.006926917368278715,0.00013455396958497008,2.3848380541119477e-19,0.0,0.0,0.0,0.0,0.0,0.0,0.0,0.0,0.0,0.0,0.0
CCCCOCCOCCO,CCCCOCCOCCO,298.15,0.0,aux_only_sigma_profile_stream,,,No,False,0.0,False,0.0,False,0.0,0.0,0.0,False,0.0,False,True,233.7570500000001,0.0,0.0,0.0,0.0,0.0,0.0,0.0,0.0,4.733078376790773e-05,0.0020087794134578947,0.005931921999074885,0.0029275316337527696,0.003965226730825188,0.002091612686700212,0.006552029594694181,0.0027908376490340557,0.003186647074875918,0.005288359263564754,0.005673723595116808,0.008214018650156729,0.03475212438833809,0.09741888730531846,0.1440886769060787,0.13150259557610514,0.12667014803827728,0.08830906885992824,0.07009621047018515,0.06284089555656391,0.025252046968725766,0.017001994351643204,0.010201475190024002,0.007397245912899179,0.007521424760003984,0.013711861323157477,0.02773190815226731,0.024031908735393237,0.014918729701522977,0.018779329180821265,0.018194837458023614,0.009230779210564827,0.001669832879136898,0.0,0.0,0.0,0.0,0.0,0.0,0.0,0.0,0.0,0.0
C1=CC(=CC(=C1)Cl)N,C1=CC(=CC(=C1)Cl)N,298.15,0.0,aux_only_sigma_profile_stream,,,No,False,0.0,False,0.0,False,0.0,0.0,0.0,False,0.0,False,True,154.98452999999998,0.0,0.0,0.0,0.0,0.0,0.0,0.0,0.0,0.0,0.0,0.002504956045720888,0.015181656164236952,0.015653036269041628,0.01427365047482094,0.015058322420490357,0.01634207877126749,0.0218400294805388,0.019472522536285206,0.03190523994175619,0.046464334629260744,0.046039486829075854,0.03868377888938077,0.04358242207756801,0.040196325827641245,0.02746371527875654,0.03737726879433025,0.05173628152642377,0.039523249039418215,0.08492007853120438,0.12170326123329214,0.15603812291155253,0.06356477213241045,0.03684747655827063,0.008389329446291317,0.00501291393097617,0.0002256902599884705,0.0,0.0,0.0,0.0,0.0,0.0,0.0,0.0,0.0,0.0,0.0,0.0,0.0,0.0,0.0
C1=CC(=C(C=C1C(F)(F)F)[N+](=O)[O-])Cl,C1=CC(=C(C=C1C(F)(F)F)[N+](=O)[O-])Cl,298.15,0.0,aux_only_sigma_profile_stream,,,No,False,0.0,False,0.0,False,0.0,0.0,0.0,False,0.0,False,True,201.2716000000001,0.0,0.0,0.0,0.0,0.0,0.0,0.0,0.0,0.0,0.0,0.0,0.0,0.0,0.0,0.0013107287371004125,0.017043177894624544,0.02271510933249285,0.02241815462876843,0.02879473060990173,0.029063394192860876,0.03402020138038117,0.03533671839703896,0.05168982000114224,0.10402422778124329,0.08020008738048982,0.06038909136571823,0.10215664832681455,0.16274846695052195,0.08753745956929489,0.028680791659651324,0.02833915392967884,0.040692247151411155,0.021837926539566326,0.012382526804403646,0.012586728157275288,0.014103117120322263,0.0019294920892972652,6.683891635937419e-18,0.0,0.0,0.0,0.0,0.0,0.0,0.0,0.0,0.0,0.0,0.0,0.0,0.0
C1=CC(=C(C=C1N=C=O)Cl)Cl,C1=CC(=C(C=C1N=C=O)Cl)Cl,298.15,0.0,aux_only_sigma_profile_stream,,,No,False,0.0,False,0.0,False,0.0,0.0,0.0,False,0.0,False,True,192.03875,0.0,0.0,0.0,0.0,0.0,0.0,0.0,0.0,0.0,0.0,0.0,0.0,0.0,0.0,0.0,0.0007730640290578942,0.015865239581505607,0.0293419505598657,0.026025356406505197,0.02541784946647809,0.03828998749850313,0.04680165519320153,0.059732282900739044,0.04683796283043693,0.07825821456907213,0.11260326929263026,0.1328292235089163,0.12364846842745121,0.11112222281596447,0.076559367787408,0.02285789907939506,0.051301073066270374,0.0017349129865989754,0.0,0.0,0.0,0.0,0.0,0.0,0.0,0.0,0.0,0.0,0.0,0.0,0.0,0.0,0.0,0.0,0.0,0.0
C1=CC(=CC(=C1)[N+](=O)[O-])C(F)(F)F,C1=CC(=CC(=C1)[N+](=O)[O-])C(F)(F)F,298.15,0.0,aux_only_sigma_profile_stream,,,No,False,0.0,False,0.0,False,0.0,0.0,0.0,False,0.0,False,True,187.38277,0.0,0.0,0.0,0.0,0.0,0.0,0.0,0.0,0.0,0.0,0.0,0.0,0.0,0.0,0.0,0.00048009484427980647,0.014511240529384956,0.040146713215187764,0.046946835123568564,0.035498861783340004,0.03611880007078051,0.040420682057527,0.0451546863061954,0.09133266128290023,0.0935904993095742,0.07096661212485063,0.08368382949007584,0.12203941860886568,0.11369739292707647,0.01558743478027142,0.035869391264629964,0.04396487655614441,0.02460752382792804,0.013391905167252995,0.014318889685839097,0.01548473114219832,0.002186919902128683,7.533883690503256e-18,0.0,0.0,0.0,0.0,0.0,0.0,0.0,0.0,0.0,0.0,0.0,0.0,0.0
C(=O)(C(Cl)(Cl)Cl)O,C(=O)(C(Cl)(Cl)Cl)O,298.15,0.0,aux_only_sigma_profile_stream,,,No,False,0.0,False,0.0,False,0.0,0.0,0.0,False,0.0,False,True,144.44788,0.0,0.0,0.0,0.0,0.0,0.0,0.0,0.0021718120016328097,0.005434284695905713,0.005659825754257563,0.004001742453003523,0.004470076891190774,0.002391671343495533,0.002017885284908979,0.0035763857489197813,0.0056829995759473066,0.005710019693187017,0.007402871584699893,0.020670596396064243,0.06515964897007219,0.036982104976735757,0.03171155050255351,0.0861318833321278,0.04869240866847578,0.028888963367556537,0.12224031569611751,0.15567916152214903,0.1305503089353495,0.023781891999632324,0.025493606543906148,0.03862982154126899,0.030335420845018078,0.022862231366632447,0.04250847480510922,0.03157682637457407,0.009353554327751142,0.00023165480175689666,8.250838584511551e-19,0.0,0.0,0.0,0.0,0.0,0.0,0.0,0.0,0.0,0.0,0.0,0.0,0.0
C(C=O)Cl,C(C=O)Cl,298.15,0.0,aux_only_sigma_profile_stream,,,No,False,0.0,False,0.0,False,0.0,0.0,0.0,False,0.0,False,True,103.21575,0.0,0.0,0.0,0.0,0.0,0.0,0.0,0.0,0.0,0.0,0.0,0.0,0.0,0.0,0.0018123590360043754,0.02720007757278667,0.04064155003789383,0.06331770439781759,0.0665978706440772,0.04709116555851748,0.04443354353818338,0.036760667718536665,0.04186367846490484,0.055840996337046526,0.03349976756327267,0.05066105224855238,0.05266400206843666,0.021506250194615384,0.06730576482326778,0.0972800145769546,0.0833303237325015,0.019079463281029788,0.02039548186588084,0.031414305340139566,0.044504658340408905,0.030353737157504532,0.019166136043612086,0.0032794294580547325,5.819030034327239e-18,0.0,0.0,0.0,0.0,0.0,0.0,0.0,0.0,0.0,0.0,0.0,0.0
C(=O)C(Cl)Cl,C(=O)C(Cl)Cl,298.15,0.0,aux_only_sigma_profile_stream,,,No,False,0.0,False,0.0,False,0.0,0.0,0.0,False,0.0,False,True,120.81807000000008,0.0,0.0,0.0,0.0,0.0,0.0,0.0,0.0,0.0,0.0,0.0,0.001675918965091285,0.020303647345418892,0.02606588848898114,0.01668602501258115,0.026618223963388966,0.04055342071944682,0.014899146288706885,0.017471098259198303,0.015364367630207126,0.018566416190403043,0.04652737547226525,0.049296447443329,0.02985057814184302,0.07628851238031929,0.056498743231761565,0.027953159669779515,0.12001831371789079,0.1186073092170533,0.11326837832828475,0.01664847459669194,0.02692344366852771,0.03443163205119993,0.03247535758111445,0.029056776458529155,0.02227800541785226,0.0016733397601344578,5.7252889127754e-18,0.0,0.0,0.0,0.0,0.0,0.0,0.0,0.0,0.0,0.0,0.0,0.0,0.0
C1=CC(=C(C=C1[N+](=O)[O-])[N+](=O)[O-])Cl,C1=CC(=C(C=C1[N+](=O)[O-])[N+](=O)[O-])Cl,298.15,0.0,aux_only_sigma_profile_stream,,,No,False,0.0,False,0.0,False,0.0,0.0,0.0,False,0.0,False,True,193.11415999999997,0.0,0.0,0.0,0.0,0.0,0.0,0.0,0.0,0.0,0.0,0.0,0.0,0.0,0.0,0.00029984068258907744,0.013295873696781873,0.03396317375258734,0.030812310166375485,0.03283520592606675,0.039302923688026306,0.053001378992420876,0.06515296679629398,0.10833919154742874,0.07319312654977554,0.04585216140646798,0.04606916406252153,0.061912358860194944,0.04933415499575397,0.02888261662801227,0.0437724001776935,0.09305550032040633,0.07469682453889245,0.032924735910012666,0.030378967248993714,0.029511876527608033,0.012823563617844735,0.0005896839072519521,2.024024607280678e-18,0.0,0.0,0.0,0.0,0.0,0.0,0.0,0.0,0.0,0.0,0.0,0.0,0.0
CN(C)C1=CC=C(C=C1)C=O,CN(C)C1=CC=C(C=C1)C=O,298.15,0.0,aux_only_sigma_profile_stream,,,No,False,0.0,False,0.0,False,0.0,0.0,0.0,False,0.0,False,True,192.99731999999997,0.0,0.0,0.0,0.0,0.0,0.0,0.0,0.0,0.0,0.0,0.0,0.0,0.0,0.0,0.0,0.0,0.00014167183333567537,0.011707378364962223,0.03783009164507886,0.08102350107437038,0.10935878876913527,0.09373327809475078,0.06991134068506447,0.09121353647141422,0.06783431181403504,0.04356964675767328,0.042254818980329796,0.03607276619468573,0.06714727514019471,0.054007213740308944,0.0553700082445259,0.03178957552484201,0.005995574302299226,0.005764474927238473,0.005936589229923142,0.017701412605803223,0.0096786038991253,0.028530182360055098,0.02020826433107099,0.009911186758360085,0.0032878433700417042,2.0664881375428432e-05,0.0,0.0,0.0,0.0,0.0,0.0,0.0,0.0,0.0
COCC(=O)O,COCC(=O)O,298.15,0.0,aux_only_sigma_profile_stream,,,No,False,0.0,False,0.0,False,0.0,0.0,0.0,False,0.0,False,True,124.59265999999998,0.0,0.0,0.0,0.0,0.0,0.0,2.112013347501049e-05,0.008403873372405859,0.005910682448063739,0.003730321185390143,0.011761808579789602,0.011521833895681016,0.0034523804874413053,0.0011972718538264455,0.0029882440909587507,0.008250032951742415,0.00774601132092617,0.011710636107902265,0.0480178195536319,0.052165004187615154,0.08329182796671973,0.09920692173724441,0.07729039725422573,0.0925454444402367,0.05360215487722399,0.02555083632632605,0.016567094256699156,0.0301587386515404,0.03737664927375971,0.030156279829218594,0.017786729864067364,0.012868651983411545,0.041766629507632,0.034374229930612205,0.02648090031907281,0.052216254410602896,0.03552774171680655,0.021828572728038762,0.02145291928908204,0.013073985468629546,0.0,0.0,0.0,0.0,0.0,0.0,0.0,0.0,0.0,0.0,0.0
COC(=O)Cl,COC(=O)Cl,298.15,0.0,aux_only_sigma_profile_stream,,,No,False,0.0,False,0.0,False,0.0,0.0,0.0,False,0.0,False,True,113.94446999999997,0.0,0.0,0.0,0.0,0.0,0.0,0.0,0.0,0.0,0.0,0.0,0.0,0.0,0.0,0.0,0.0,0.002677210209184931,0.033999841536836946,0.06502631600512919,0.04832997427488733,0.07456506523897687,0.10144365499084865,0.05632724563166875,0.045295639730251955,0.04857015033966889,0.03539126147172321,0.056561718265324336,0.08644041186739974,0.07805919767624188,0.06780412285019828,0.04783690906856597,0.03241048957120009,0.030675253373390134,0.05728588652214436,0.026136520774355795,0.005163130602002819,0.0,0.0,0.0,0.0,0.0,0.0,0.0,0.0,0.0,0.0,0.0,0.0,0.0,0.0,0.0
C1=CC(=C(C=C1N)Cl)Cl,C1=CC(=C(C=C1N)Cl)Cl,298.15,0.0,aux_only_sigma_profile_stream,,,No,False,0.0,False,0.0,False,0.0,0.0,0.0,False,0.0,False,True,171.21383,0.0,0.0,0.0,0.0,0.0,0.0,0.0,0.0,0.0,0.0,0.004596047241484036,0.017237340803551653,0.012563328169201467,0.013980641892430186,0.012853411434696838,0.018529582494403975,0.023376855981982064,0.025040010613038097,0.031561481568036356,0.03113042305668485,0.023944589280496968,0.03141569212666348,0.041989865002361605,0.028293381761913212,0.018702885247955207,0.05797311640221996,0.05672640235617736,0.06709330939643547,0.13867101602602722,0.1792505315248704,0.12219876656281273,0.028113396093208357,0.006618404633145757,0.00579992397427963,0.0023395963559230816,0.0,0.0,0.0,0.0,0.0,0.0,0.0,0.0,0.0,0.0,0.0,0.0,0.0,0.0,0.0,0.0
C1=CC(=C(C=C1[N+](=O)[O-])Cl)Cl,C1=CC(=C(C=C1[N+](=O)[O-])Cl)Cl,298.15,0.0,aux_only_sigma_profile_stream,,,No,False,0.0,False,0.0,False,0.0,0.0,0.0,False,0.0,False,True,185.0183600000001,0.0,0.0,0.0,0.0,0.0,0.0,0.0,0.0,0.0,0.0,0.0,0.0,0.0,0.0,0.0,0.008646104785990412,0.02956162574422651,0.022561810174169302,0.027789830210634872,0.027143020359595493,0.03452709011425843,0.056027718585833844,0.028864878972427843,0.11077634321839677,0.13198021234950894,0.07531380180067587,0.06671258238657934,0.11921351117343591,0.07959773086492386,0.028192132047120556,0.0343163396745999,0.04126355035379401,0.028578842314006505,0.012302888296289241,0.013689002662385987,0.016575529038312067,0.006365454872834272,2.1759490053167824e-17,0.0,0.0,0.0,0.0,0.0,0.0,0.0,0.0,0.0,0.0,0.0,0.0,0.0
C1=CC=C(C(=C1)[N+](=O)[O-])Cl,C1=CC=C(C(=C1)[N+](=O)[O-])Cl,298.15,0.0,aux_only_sigma_profile_stream,,,No,False,0.0,False,0.0,False,0.0,0.0,0.0,False,0.0,False,True,164.92140999999998,0.0,0.0,0.0,0.0,0.0,0.0,0.0,0.0,0.0,0.0,0.0,0.0,0.0,0.0,0.0,8.771337661553041e-05,0.01466916831689106,0.057427292646028257,0.05304032034036491,0.049029696570118284,0.03880316612726328,0.04857908795950751,0.0498293589171092,0.04408053901968523,0.09183056577725719,0.07744941406550127,0.08351342415089709,0.1075794306154301,0.06737967342898779,0.026635095666820704,0.03503153634236622,0.04579826919428952,0.04297483370584517,0.022103635039316425,0.01354210717596266,0.017556802888825405,0.012166268321169784,0.0008926003537474456,1.574310748121826e-18,0.0,0.0,0.0,0.0,0.0,0.0,0.0,0.0,0.0,0.0,0.0,0.0
C1=CC(=CC=C1[N+](=O)[O-])Cl,C1=CC(=CC=C1[N+](=O)[O-])Cl,298.15,0.0,aux_only_sigma_profile_stream,,,No,False,0.0,False,0.0,False,0.0,0.0,0.0,False,0.0,False,True,168.15071000000017,0.0,0.0,0.0,0.0,0.0,0.0,0.0,0.0,0.0,0.0,0.0,0.0,0.0,0.0,0.0,0.002420784071255827,0.03711485227820486,0.04959351765137739,0.03008516258332394,0.04005541786049481,0.028773613380365,0.04913901505406841,0.05201830401904946,0.03758473292589528,0.10613472261282976,0.10318561794097796,0.10787294429690948,0.0790373515997642,0.07867766621389756,0.02016054092024777,0.027307464419444226,0.05330365132114739,0.030979162246564492,0.020708518388275948,0.014969705380690437,0.015703061035191507,0.013882810844467323,0.001291382955556906,2.2004090610951625e-18,0.0,0.0,0.0,0.0,0.0,0.0,0.0,0.0,0.0,0.0,0.0,0.0
CCOP(=O)(OCC)OCC,CCOP(=O)(OCC)OCC,298.15,0.0,aux_only_sigma_profile_stream,,,No,False,0.0,False,0.0,False,0.0,0.0,0.0,False,0.0,False,True,218.91905000000003,0.0,0.0,0.0,0.0,0.0,0.0,0.0,0.0,0.0,0.0,0.0,0.0,0.0,0.0,0.0,0.0,0.0,0.0,0.0008275024162359876,0.025834614298181263,0.09866804634143442,0.13034207760663175,0.13809918172568716,0.10388112520708041,0.0918422743879886,0.1131175007904031,0.058287522395539824,0.02188069151635232,0.01841005624828296,0.01621211525964894,0.01850953614421198,0.02943224435511254,0.02185704068738065,0.015148648377267943,0.025929546323736875,0.01523129531882408,0.00356109698364066,0.015420967977992368,0.02664999623439977,0.01046246236482159,0.00039445703914474134,0.0,0.0,0.0,0.0,0.0,0.0,0.0,0.0,0.0,0.0
COP(=O)(OC)OC,COP(=O)(OC)OC,298.15,0.0,aux_only_sigma_profile_stream,,,No,False,0.0,False,0.0,False,0.0,0.0,0.0,False,0.0,False,True,160.58376000000004,0.0,0.0,0.0,0.0,0.0,0.0,0.0,0.0,0.0,0.0,0.0,0.0,0.0,0.0,0.0,0.0,0.0,0.004047014862155655,0.042612219733690934,0.1022542127090921,0.09796667294225267,0.10046838088746081,0.1498413012061368,0.0714032739265577,0.04805803947934945,0.03657398836314157,0.024574192095477395,0.03577645895678148,0.012147025485135356,0.025456128773925578,0.022441847905406122,0.02411372649711116,0.02851779830585981,0.028929791368002087,0.061309945022753276,0.021552036568478053,0.0012592073202661817,0.024152150731129696,0.034549430950440725,0.001995155909395183,0.0,0.0,0.0,0.0,0.0,0.0,0.0,0.0,0.0,0.0,0.0
NO,NO,298.15,0.0,aux_only_sigma_profile_stream,,,No,False,0.0,False,0.0,False,0.0,0.0,0.0,False,0.0,False,True,62.75217999999999,0.0,0.0,0.0,0.0,0.0,0.0,0.0,0.0,0.0,0.006172360954828614,0.016646089591516488,0.016826772229951856,0.006584067022761969,0.03718586001948666,0.06533776461163529,0.060404474659251854,0.06675285390763477,0.05166978281912263,0.028505215151107422,0.014309411690256804,0.03387953048826049,0.040263329285744186,0.006106730972428849,0.0122309498515982,0.02883898646824844,0.020295818819757182,0.009138825827926493,0.019668413713681193,0.045951818553423486,0.03965162186784603,0.0581085928628548,0.023504020378273396,0.01909074588162563,0.010777032597326134,0.04107739865694021,0.03739874240847013,0.043946473093798705,0.05685550082105591,0.03908935404846289,0.015706307540213592,0.006331882946807188,0.009881152613948905,0.011812117643753717,0.0,0.0,0.0,0.0,0.0,0.0,0.0,0.0
CC(=O)C(=O)O,CC(=O)C(=O)O,298.15,0.0,aux_only_sigma_profile_stream,,,No,False,0.0,False,0.0,False,0.0,0.0,0.0,False,0.0,False,True,116.00342,0.0,0.0,0.0,0.0,0.0,0.0005686120138858243,0.010451889250088456,0.005131613390320123,0.006265606729079591,0.01468640312869681,0.010028616407098524,0.0021040833054957477,0.0013141009384149288,0.005116634574027369,0.01285087601956717,0.0032088447728355857,0.012338535966471593,0.0504911467171461,0.03994661060682237,0.059224325221391066,0.06117913148459037,0.06008811183179712,0.07098157144389175,0.06999764796762664,0.03635175542137034,0.02409019496513198,0.02816850425249023,0.023249452897495786,0.033351637654023825,0.018170532350704316,0.04085700760034453,0.03572373445930129,0.02491878006999518,0.04685954715760656,0.07915195560569095,0.05161710504330326,0.02912133636851988,0.019262727848891298,0.012564683439557139,0.0005666830963263627,0.0,0.0,0.0,0.0,0.0,0.0,0.0,0.0,0.0,0.0,0.0
C(OCCl)Cl,C(OCCl)Cl,298.15,0.0,aux_only_sigma_profile_stream,,,No,False,0.0,False,0.0,False,0.0,0.0,0.0,False,0.0,False,True,126.59360999999991,0.0,0.0,0.0,0.0,0.0,0.0,0.0,0.0,0.0,0.0,0.0,0.0,0.0,0.0,0.0,0.016738304037018516,0.05158548267597933,0.04360971845151974,0.04197615623008605,0.05526056168370105,0.047778224800778125,0.023107504739145062,0.017364502346326194,0.0417281274062248,0.058493645917530854,0.03874943573095398,0.08004907422546687,0.07506661042319247,0.04967892748138357,0.1469018266302984,0.12221603079772754,0.06852678155464945,0.010376358707630193,0.010792726160387803,0.0,0.0,0.0,0.0,0.0,0.0,0.0,0.0,0.0,0.0,0.0,0.0,0.0,0.0,0.0,0.0,0.0
C(CN)CO,C(CN)CO,298.15,0.0,aux_only_sigma_profile_stream,,,No,False,0.0,False,0.0,False,0.0,0.0,0.0,False,0.0,False,True,122.96855,0.0,0.0,0.0,0.0,0.0,0.0,0.0,0.0,0.0,0.0015879881898464199,0.004437980516356771,0.013583668767098643,0.0014821090508890084,0.006660462098142484,0.007128158479117952,0.0265780691184091,0.03043369629249633,0.019330791346753622,0.03108916404346916,0.03157330463465796,0.045932238735183664,0.0997268284874783,0.10593501822588783,0.11526774196295311,0.08857413538163945,0.05131204729775141,0.03227697247150316,0.02136588088931552,0.02212633476158863,0.031040440690029113,0.010060126963070902,0.015992185258026138,0.009109677548397211,0.011295111407466788,0.01490884495340402,0.019339371556571002,0.01721866563199068,0.012602646712560749,0.019578172867499934,0.03284571887136148,0.019966336420740506,0.0043099968072920596,0.0035100325194410277,0.006764663833454469,0.003354853889942294,0.0074955307548848545,0.0034487569547332277,0.000756275608595044,0.0,0.0,0.0
CC(CN)O,CC(CN)O,298.15,0.0,aux_only_sigma_profile_stream,,,No,False,0.0,False,0.0,False,0.0,0.0,0.0,False,0.0,False,True,121.07716999999998,0.0,0.0,0.0,0.0,0.0,0.0,0.0,0.0,0.0,0.000469314514441052,0.00300205444431764,0.010307572142858134,0.0059983629103616065,0.004820342134066786,0.008124378323536347,0.01645190219776105,0.020334711341950265,0.01679595902455162,0.03051675803777451,0.029688504264468608,0.07046300106242813,0.11987276477045179,0.10495296772243026,0.08104739837208601,0.06884902899767985,0.06500531325020813,0.07111376327141188,0.0333701248288485,0.021077585730732724,0.011645644024571604,0.011538017873272063,0.019765795941831067,0.011750208481556433,0.006632398284351255,0.022783458609604772,0.019509744809658988,0.012718737015838982,0.009716581835505335,0.019377135905615885,0.022469838068392662,0.014955083470991355,0.005246481515256907,0.0040751671940661895,0.010116409646258649,0.005345345365660166,0.0037562176798193883,0.0058175419407288445,0.0005183849946545976,0.0,0.0,0.0
COC(=O)CCl,COC(=O)CCl,298.15,0.0,aux_only_sigma_profile_stream,,,No,False,0.0,False,0.0,False,0.0,0.0,0.0,False,0.0,False,True,132.69182999999992,0.0,0.0,0.0,0.0,0.0,0.0,0.0,0.0,0.0,0.0,0.0,0.0,0.0,0.0,0.0021641675119315833,0.024533865529484795,0.03145686143329972,0.025462053641650145,0.048435237219763144,0.08363886066499276,0.06125350960830364,0.06844942111141752,0.07747608082545929,0.05569540362305315,0.03710686464754471,0.03143529077755512,0.04503524069785926,0.03751612496994315,0.016879063886648945,0.06647675942061734,0.06838694939142143,0.06525030453889274,0.032194136856949086,0.0330327097395518,0.013895625247470633,0.036374764228553194,0.031585144413327035,0.0062655600143098795,1.0845032974747918e-17,0.0,0.0,0.0,0.0,0.0,0.0,0.0,0.0,0.0,0.0,0.0,0.0
CCSC(=O)C,CCSC(=O)C,298.15,0.0,aux_only_sigma_profile_stream,,,No,False,0.0,False,0.0,False,0.0,0.0,0.0,False,0.0,False,True,144.64672000000016,0.0,0.0,0.0,0.0,0.0,0.0,0.0,0.0,0.0,0.0,0.0,0.0,0.0,0.0,0.0,0.0,0.0,0.0038387974331813355,0.024887677243353848,0.0472792211791196,0.08672521135044878,0.08781585327597533,0.09959075979307921,0.12062138518927616,0.08944722827893703,0.07864695356257707,0.06897954555726586,0.04272656888718813,0.03836305021100716,0.031256313330355126,0.029762743977568694,0.027278703572770995,0.019548830980765253,0.012336525800684025,0.01783976604402635,0.020886909390493546,0.035272092729020564,0.014601527077906283,0.002294335134999616,4.082162650507638e-18,0.0,0.0,0.0,0.0,0.0,0.0,0.0,0.0,0.0,0.0,0.0
CC(=O)CC(=O)NC1=CC=CC=C1,CC(=O)CC(=O)NC1=CC=CC=C1,298.15,0.0,aux_only_sigma_profile_stream,,,No,False,0.0,False,0.0,False,0.0,0.0,0.0,False,0.0,False,True,220.11277999999976,0.0,0.0,0.0,0.0,0.0,0.0,0.0,0.0,0.0016294760769939819,0.004228423563341547,0.005036086886523495,0.005343383272959302,0.0060800825720838695,0.0015032640046589542,0.005906204629541955,0.02611391499032464,0.02696086662531052,0.023233949655198965,0.032065311339534386,0.07953001310322835,0.07504724127716536,0.07071119306687243,0.055221027696826665,0.04575044337696528,0.055364016162028,0.045226866415409184,0.03107204672011338,0.0486489407784051,0.04842900373340163,0.04016733444772957,0.058994807112908706,0.04020459781731983,0.029789442663486633,0.017747759441104256,0.007268914249600145,0.016175433756064356,0.026040103977306748,0.024376614229277723,0.020012369016378543,0.013782262877598091,0.008564192695783734,0.0037744117685546965,0.0,0.0,0.0,0.0,0.0,0.0,0.0,0.0,0.0
C1=COC=N1,C1=COC=N1,298.15,0.0,aux_only_sigma_profile_stream,,,No,False,0.0,False,0.0,False,0.0,0.0,0.0,False,0.0,False,True,97.94869000000004,0.0,0.0,0.0,0.0,0.0,0.0,0.0,0.0,0.0,0.0,0.0,0.0,0.0,0.000377426675794742,0.021053377250465584,0.050034392319206755,0.04597215882154053,0.04403816730223965,0.04077034776656828,0.03220854852328795,0.04134020546343773,0.03314891650570793,0.03958685058296093,0.046283668964697114,0.05280635062634058,0.05681132680920529,0.06665934696440992,0.07587924232900745,0.06848531605623555,0.08175422586581044,0.031028699229322047,0.033738800378420565,0.026506962478453147,0.011414366025685076,0.0156006819150643,0.02102590100778007,0.01021500320543757,0.013190796169246862,0.01539757849557436,0.009850005616497378,0.013010812143488796,0.0018105245081132882,0.0,0.0,0.0,0.0,0.0,0.0,0.0,0.0,0.0
CC(=O)NC1=CC=CC=C1,CC(=O)NC1=CC=CC=C1,298.15,0.0,aux_only_sigma_profile_stream,,,No,False,0.0,False,0.0,False,0.0,0.0,0.0,False,0.0,False,True,177.56211999999994,0.0,0.0,0.0,0.0,0.0,0.0,0.0,0.0,0.001189380853163513,0.004418173286988352,0.00675893008128924,0.007860559568821267,0.004933618814186017,0.002156106311960716,0.007793979758100313,0.009086030257968199,0.007913745233249189,0.013669014224105406,0.024780264675339437,0.07483143460673203,0.0693844478238298,0.07419418486229273,0.06687144486652336,0.0677710073157169,0.06494418219977777,0.05196805282162154,0.03849291427097797,0.056865486500169087,0.05749720867464808,0.048604177957055156,0.0684714859317877,0.05128396808252832,0.023063946472776525,0.012772531454208706,0.014447291630794681,0.005361612000286209,0.013856794588594871,0.01755864161837231,0.015893675040636265,0.010657314851407904,0.0044625531523931755,0.0001858402116972799,0.0,0.0,0.0,0.0,0.0,0.0,0.0,0.0,0.0
CC(C#N)O,CC(C#N)O,298.15,0.0,aux_only_sigma_profile_stream,,,No,False,0.0,False,0.0,False,0.0,0.0,0.0,False,0.0,False,True,112.42499999999995,0.0,0.0,0.0,0.0,0.0,0.0,0.0,0.005584137660216713,0.0069352224350467265,0.010826942595834116,0.004899016410525757,0.003632486119572225,0.013406698477123224,0.00994467382649918,0.0030448897038667056,0.02525769511227002,0.03478853118088389,0.02574586412076256,0.03790109171877199,0.06529246433577907,0.0679030782943922,0.04859966855191009,0.059590849926473746,0.046872746854002154,0.06478868594507886,0.031066323050489134,0.031454120605007706,0.02830436123848628,0.016859346272710168,0.02806646809218609,0.021921889237047198,0.02921406187080908,0.042879183681476286,0.049736326977145306,0.058239786405660854,0.05184709792365107,0.047726425038950894,0.026976022925158452,0.0006938434122122776,1.1867963290263304e-18,0.0,0.0,0.0,0.0,0.0,0.0,0.0,0.0,0.0,0.0,0.0
C(CCN)C[C@@H](C(=O)O)N,C(CCN)C[C@@H](C(=O)O)N,298.15,0.0,aux_only_sigma_profile_stream,,,No,False,0.0,False,0.0,False,0.0,0.0,0.0,False,0.0,False,True,192.4329299999999,0.0,0.0,0.0,0.0,0.0,0.0,0.0,0.0036489356885157542,0.005530834114916561,0.0007310985706541602,0.00782258114691996,0.006922891196758325,0.0037945518350424815,0.004305194118284232,0.008857833439497798,0.01912096296967353,0.0322056357183014,0.02521263389436144,0.02715036075285848,0.03537076973772547,0.028993470344949812,0.039371848285483534,0.09435786928518528,0.10528180059735362,0.09806296507449586,0.06948691014677533,0.05938450156322883,0.03379735990366546,0.025049878498665648,0.032679429476443415,0.031103380991975245,0.021917101265164034,0.023199121163079428,0.02856970963506034,0.01903552078554721,0.017160264902109982,0.03295273954005249,0.017833064789920212,0.012103391232761216,0.007600723389081755,0.006934175232337576,0.00495268652110097,0.0030243937175496592,0.0037161111659494124,0.002757299308554133,9.734330906576916e-18,0.0,0.0,0.0,0.0,0.0
COS(=O)(=O)OC,COS(=O)(=O)OC,298.15,0.0,aux_only_sigma_profile_stream,,,No,False,0.0,False,0.0,False,0.0,0.0,0.0,False,0.0,False,True,138.04208999999997,0.0,0.0,0.0,0.0,0.0,0.0,0.0,0.0,0.0,0.0,0.0,0.0,0.0,0.0,0.0,0.0,0.0011189437111613785,0.02766883511484034,0.07587489014499346,0.08523268309323992,0.08886376838678625,0.1125941580842662,0.06713859277240738,0.03552267785284474,0.027948791159009476,0.03335037700436179,0.026534685604121692,0.024441894296338466,0.03530676043302431,0.049443263018428954,0.04092277063445332,0.06827607438802377,0.12131425119699654,0.07683732542554016,0.0016092576791616748,0.0,0.0,0.0,0.0,0.0,0.0,0.0,0.0,0.0,0.0,0.0,0.0,0.0,0.0,0.0,0.0
CCOS(=O)(=O)OCC,CCOS(=O)(=O)OCC,298.15,0.0,aux_only_sigma_profile_stream,,,No,False,0.0,False,0.0,False,0.0,0.0,0.0,False,0.0,False,True,177.89822999999996,0.0,0.0,0.0,0.0,0.0,0.0,0.0,0.0,0.0,0.0,0.0,0.0,0.0,0.0,0.0,0.0,0.001169975304328475,0.017107109613971883,0.027687126024260055,0.06645786258376658,0.10559446869945421,0.10274422277634637,0.10179142882513674,0.06423616552765592,0.06995409592756657,0.07038981982519782,0.024962279313940693,0.01760509232361177,0.022728111520716427,0.04182688702720163,0.028081006200684256,0.051294548325476044,0.07797176772769747,0.08739484651529418,0.021003185937692976,0.0,0.0,0.0,0.0,0.0,0.0,0.0,0.0,0.0,0.0,0.0,0.0,0.0,0.0,0.0,0.0
C(CC(=O)O)[C@@H](C(=O)O)N,C(CC(=O)O)[C@@H](C(=O)O)N,298.15,0.0,aux_only_sigma_profile_stream,,,No,False,0.0,False,0.0,False,0.0,0.0,0.0,False,0.0,False,True,176.4577299999999,0.0,0.0,0.0,0.0,0.0,0.0,0.0,0.006117324303809566,0.013256100041803106,0.0015031823652690258,0.015410050088217997,0.015764777547524676,0.00974956849837206,0.0027401028664503007,0.009593566775240895,0.015527813164734066,0.025395170293640138,0.023720120381850666,0.039983058941408765,0.04994285345523222,0.05595653150062717,0.058787209812228715,0.06189472549172601,0.06691229900266146,0.04978532073775524,0.028593063595977422,0.02401357772151666,0.031690330884899316,0.04203881259798975,0.037929240557313094,0.035496296609677416,0.0183544487260922,0.04404419112248171,0.048752212725959206,0.030127647988202853,0.06196407918766665,0.04845634174203931,0.01458295396455328,0.005307385269861618,0.0027911529493530947,0.0030284586103430113,0.0007900304775212515,0.0,0.0,0.0,0.0,0.0,0.0,0.0,0.0,0.0
C(CCC(=O)O)CCO,C(CCC(=O)O)CCO,298.15,0.0,aux_only_sigma_profile_stream,,,No,False,0.0,False,0.0,False,0.0,0.0,0.0,False,0.0,False,True,181.96551000000005,0.0,0.0,0.0,0.0,0.0,0.0,0.0,0.0011493358671185393,0.007023942293360207,0.002333071374442744,0.007128305000478816,0.01906974837749129,0.009658343986925007,0.004179337060133856,0.005611343895541519,0.007836763785123175,0.011451370038807517,0.008170080502660144,0.012557546980992491,0.031401050374882625,0.028212046444305233,0.05589764757126995,0.14076602478465447,0.13854943261407446,0.10795188035246675,0.05277681064280268,0.040459271378057736,0.021822890972475768,0.03139443430310276,0.022721439511510226,0.02261986318163678,0.018410682686237897,0.01577439969027894,0.031990784086985156,0.01699412190517054,0.035515584568098425,0.04242836484682724,0.015517954588717917,0.012061101519959748,0.014623949583884925,0.005941075229524593,0.0,0.0,0.0,0.0,0.0,0.0,0.0,0.0,0.0,0.0
C(C(=O)O)C(CC(=O)O)(C(=O)O)O,C(C(=O)O)C(CC(=O)O)(C(=O)O)O,298.15,0.0,aux_only_sigma_profile_stream,,,No,False,0.0,False,0.0,False,0.0,0.0,0.0,False,0.0,False,True,193.07537,0.0,0.0,0.0,0.0,0.0,0.0,0.002141899656221021,0.020279680698360687,0.005624060058464681,0.013912436268448585,0.023669997327520214,0.018077500174928533,0.0036186660855426957,0.003465257300540706,0.008095321314758885,0.021274481975570084,0.032615228102029686,0.04754599891089785,0.04008275990004582,0.033858161103478654,0.03292755430389365,0.04286380080955121,0.046350567802152486,0.035138776940167246,0.02758193607432765,0.012610827550988404,0.0231784189815313,0.04668955414597103,0.06001191253165952,0.04118204005155152,0.021861723218811663,0.04866021208757279,0.05608101865037627,0.04701943405420328,0.05815532216397668,0.0854430348605168,0.03399024721391543,0.005992169682024789,1.0039205194144239e-17,0.0,0.0,0.0,0.0,0.0,0.0,0.0,0.0,0.0,0.0,0.0,0.0
C(C(C(=O)O)O)(C(=O)O)O,C(C(C(=O)O)O)(C(=O)O)O,298.15,0.0,aux_only_sigma_profile_stream,,,No,False,0.0,False,0.0,False,0.0,0.0,0.0,False,0.0,False,True,158.37632000000002,0.0,0.0,0.0,0.0,0.0,0.001143110759310527,0.015876809844503906,0.006686876526741022,0.010887813444805132,0.02010951996214377,0.015971152520812586,0.0019479474852390109,0.003547942235844452,0.014203670898964944,0.027639081707171727,0.010063865415449322,0.028941375523277215,0.034784771480328304,0.027790694082118525,0.043046025060604384,0.030586368219693193,0.03379030358375292,0.03981583951545956,0.021533484885832295,0.015135232770467584,0.026713858015327538,0.0619992296670458,0.06348068159353304,0.053894038771523725,0.02742770702367506,0.04015943527690438,0.07638100118950295,0.04295929490134333,0.06289179961537614,0.062011101951219214,0.05286435004231774,0.013543714921045885,0.010594480627122737,0.0015774204815419582,2.672871559758122e-18,0.0,0.0,0.0,0.0,0.0,0.0,0.0,0.0,0.0,0.0,0.0
CCOC(=O)C(C)O,CCOC(=O)C(C)O,298.15,0.0,aux_only_sigma_profile_stream,,,No,False,0.0,False,0.0,False,0.0,0.0,0.0,False,0.0,False,True,161.59613,0.0,0.0,0.0,0.0,0.0,0.0,0.0,0.0,0.0,0.0,0.0,0.0037356283734986664,0.005026015304756053,0.002000366622301444,0.003847899784012969,0.0029815789617124327,0.007147279420009069,0.00626529658104894,0.014737351518167732,0.043757296463039434,0.09183693331060529,0.10472189601537735,0.10823052475993146,0.1134303044421373,0.07807714244633458,0.09383858875047936,0.04787732641823205,0.03066555690630858,0.02286942739590781,0.01602618592518998,0.010780717545333609,0.01962452179901988,0.016941776778211643,0.022880421730300908,0.017151306459045463,0.02600636610512309,0.040590182953270555,0.02698475431560755,0.015878793276643155,0.006088559638393599,0.0,0.0,0.0,0.0,0.0,0.0,0.0,0.0,0.0,0.0,0.0
CCOCCOC(=O)C,CCOCCOC(=O)C,298.15,0.0,aux_only_sigma_profile_stream,,,No,False,0.0,False,0.0,False,0.0,0.0,0.0,False,0.0,False,True,186.49236999999997,0.0,0.0,0.0,0.0,0.0,0.0,0.0,0.0,0.0,0.0,0.0,0.0,0.0,0.0,0.0,0.0,0.0,0.002476207682383623,0.0184218945530881,0.03865603554315697,0.07533502742296912,0.12481254356637864,0.11920570027003413,0.1376860800046018,0.11063532253918754,0.0570499293758297,0.06001746745627343,0.027736255578730003,0.01945210456490746,0.01824033154627522,0.01466293405966368,0.02250820097387899,0.016151617414189603,0.019184042110186816,0.027469236024667075,0.017520813731878016,0.034404575609614366,0.028553112916559348,0.009633422806033009,0.00018714424951342144,0.0,0.0,0.0,0.0,0.0,0.0,0.0,0.0,0.0,0.0,0.0
CCOCCOCCOC(=O)C,CCOCCOCCOC(=O)C,298.15,0.0,aux_only_sigma_profile_stream,,,No,False,0.0,False,0.0,False,0.0,0.0,0.0,False,0.0,False,True,239.43124,0.0,0.0,0.0,0.0,0.0,0.0,0.0,0.0,0.0,0.0,0.0,0.0,0.0,0.0,0.0,0.0,0.0,0.0017585189544371443,0.015075830493988921,0.033054757618761026,0.07998488735149015,0.13236094173374577,0.12443099781130022,0.1346901642308272,0.10093281938082263,0.06175639437789697,0.05802322176226001,0.028794801309214867,0.020008977771461108,0.019496948572218564,0.01283860650578768,0.018558563762001025,0.016125295849448468,0.025385955485678853,0.029388006662869722,0.0212170687057355,0.03519872031122041,0.02183036752645954,0.009088153822374118,1.6418356582935156e-17,0.0,0.0,0.0,0.0,0.0,0.0,0.0,0.0,0.0,0.0,0.0
CC(=O)CC(=O)OC,CC(=O)CC(=O)OC,298.15,0.0,aux_only_sigma_profile_stream,,,No,False,0.0,False,0.0,False,0.0,0.0,0.0,False,0.0,False,True,155.46003999999994,0.0,0.0,0.0,0.0,0.0,0.0,0.0,0.0,0.0,0.0,0.0,0.0,0.0,0.0,0.0,0.00020323283590276326,0.007122975362111965,0.03118143109266312,0.05393734829900965,0.08187316898132539,0.08301690603974246,0.0985549484034991,0.09970074957538996,0.0901436583067945,0.07048345366969352,0.043047523425293874,0.013219064709190431,0.018281756078898804,0.02107595093386012,0.019221922062418427,0.026684065379146117,0.026554298130002225,0.03348339671335452,0.03364955522309567,0.02879096297443293,0.044946116640876166,0.04999382181061106,0.02031944886130807,0.004514244491379312,7.500829220851666e-18,0.0,0.0,0.0,0.0,0.0,0.0,0.0,0.0,0.0,0.0,0.0
CCOC(=O)CC(=O)C,CCOC(=O)CC(=O)C,298.15,0.0,aux_only_sigma_profile_stream,,,No,False,0.0,False,0.0,False,0.0,0.0,0.0,False,0.0,False,True,176.57022000000006,0.0,0.0,0.0,0.0,0.0,0.0,0.0,0.0,0.0,0.0,0.0,0.0,0.0,0.0,0.0,0.0,0.011071285669405857,0.03690965861269606,0.053996825531100925,0.05013815576512295,0.09522697403157505,0.10475598206660894,0.08979380908529702,0.0897903504550297,0.0650347363382483,0.06956602230085229,0.03801774519908073,0.015201589911939335,0.01344433969156531,0.012848015427314126,0.014349551271726164,0.021175307042812872,0.02808586100174434,0.03272816401990833,0.038473274735469534,0.03935913363845443,0.047275891393240455,0.025153290268311906,0.007604036542495472,1.3087045751487909e-17,0.0,0.0,0.0,0.0,0.0,0.0,0.0,0.0,0.0,0.0,0.0
COC(=O)CC#N,COC(=O)CC#N,298.15,0.0,aux_only_sigma_profile_stream,,,No,False,0.0,False,0.0,False,0.0,0.0,0.0,False,0.0,False,True,138.1159199999999,0.0,0.0,0.0,0.0,0.0,0.0,0.0,0.0,0.0,0.0,0.0,0.0,5.4950033364289976e-05,0.023233807294376362,0.03756147005449676,0.02752763408726427,0.018288143249409278,0.031011396707776504,0.06857857417153582,0.06341656162234105,0.05263344252448599,0.05988717112263666,0.08336329720309509,0.036506405725894975,0.021729080546657998,0.024523768676051844,0.0389026586899042,0.024661776644084855,0.025570695993474342,0.03027712471003504,0.025397833261585654,0.03502984746984514,0.043679664643317975,0.04912297650823319,0.06726222776629752,0.07155381893256882,0.03152242833930905,0.008703244021957223,1.4478513138398716e-17,0.0,0.0,0.0,0.0,0.0,0.0,0.0,0.0,0.0,0.0,0.0,0.0
CCOC(=O)CC#N,CCOC(=O)CC#N,298.15,0.0,aux_only_sigma_profile_stream,,,No,False,0.0,False,0.0,False,0.0,0.0,0.0,False,0.0,False,True,158.46093999999994,0.0,0.0,0.0,0.0,0.0,0.0,0.0,0.0,0.0,0.0,0.0,0.0,0.0,0.017093487164987858,0.03183275284842566,0.025894108979582817,0.015260397537948096,0.02164138365373045,0.03164856340312882,0.05253012064016611,0.07071175940132189,0.07807352521047398,0.08901601797405849,0.056215193547716376,0.04216141563848374,0.05994595048623272,0.044639566575436405,0.01992493602515157,0.022862065386940286,0.028201921368047934,0.024271780276959684,0.026537142822862604,0.038370473147843955,0.04408510155547356,0.05446454756325984,0.06356156187611593,0.03298815267728816,0.008068074238363122,1.368505714612519e-17,0.0,0.0,0.0,0.0,0.0,0.0,0.0,0.0,0.0,0.0,0.0,0.0
COCCC#N,COCCC#N,298.15,0.0,aux_only_sigma_profile_stream,,,No,False,0.0,False,0.0,False,0.0,0.0,0.0,False,0.0,False,True,135.10757999999984,0.0,0.0,0.0,0.0,0.0,0.0,0.0,0.0,0.0,0.0,0.0,0.0,0.0,0.0,0.0,0.003381155364229,0.03206172365386542,0.034478364309486746,0.03293048783220775,0.07265012482268908,0.1142090592709078,0.09226594109813464,0.08559629558222502,0.08559904715936599,0.052139120883352714,0.021235123864536125,0.03634878361777055,0.030531752829737562,0.0163823732075863,0.015098537287468199,0.016562377728032082,0.023017869126651838,0.028717489241266735,0.04287448229113501,0.03926566827606006,0.04630668110493355,0.05006172613151843,0.027208007717734156,0.0010778075991051729,1.793310037629946e-18,0.0,0.0,0.0,0.0,0.0,0.0,0.0,0.0,0.0,0.0,0.0
CCS(=O)(=O)Cl,CCS(=O)(=O)Cl,298.15,0.0,aux_only_sigma_profile_stream,,,No,False,0.0,False,0.0,False,0.0,0.0,0.0,False,0.0,False,True,135.88385000000002,0.0,0.0,0.0,0.0,0.0,0.0,0.0,0.0,0.0,0.0,0.0,0.0,0.0,0.0011373173680135423,0.013753152685008459,0.024999893687148892,0.024735395323822143,0.026388473378510025,0.02999585395789904,0.055108041046629516,0.06876793027761348,0.054430415543409966,0.05738221005701972,0.047323067365673994,0.07228186840854338,0.04815301009186183,0.03337078951305221,0.06631574022709018,0.051945854902462126,0.05981502156720713,0.04408615445798158,0.07547342739420466,0.09924459990195154,0.04273533727901269,0.0025564455658838776,0.0,0.0,0.0,0.0,0.0,0.0,0.0,0.0,0.0,0.0,0.0,0.0,0.0,0.0,0.0,0.0
CC(C)(C)NC=O,CC(C)(C)NC=O,298.15,0.0,aux_only_sigma_profile_stream,,,No,False,0.0,False,0.0,False,0.0,0.0,0.0,False,0.0,False,True,149.60804999999996,0.0,0.0,0.0,0.0,0.0,0.0,0.0,0.0,0.0,0.0,0.0,0.003416256791387564,0.006213800549593497,0.003075532830286339,0.010362178926485763,0.0077244326982383715,0.004048798602704241,0.0027508378985266375,0.017955715165664285,0.030776046948155136,0.08605042153787114,0.12282036802701128,0.11820715645437328,0.08290757854992431,0.07196849824833224,0.0933358016629433,0.11480412327049115,0.03422113636768263,0.015333301699252618,0.014939282461306599,0.0034919946164131454,0.0027784046058452008,0.00781801594921156,0.01249105551394474,0.007590655191466503,0.005541960565011288,0.008437157474272495,0.01419112774338605,0.032048543654539095,0.03616514432878111,0.023457344720115802,0.005077326946782684,0.0,0.0,0.0,0.0,0.0,0.0,0.0,0.0,0.0
C(CSCCO)O,C(CSCCO)O,298.15,0.0,aux_only_sigma_profile_stream,,,No,False,0.0,False,0.0,False,0.0,0.0,0.0,False,0.0,False,True,163.23327999999995,0.0,0.0,0.0,0.0,0.0,0.0,0.0,0.0,0.0005633162554879074,0.006478832979747637,0.015591784459458746,0.011162215783881152,0.009939211684312789,0.005582436442626273,0.01587555996234186,0.011738466003119778,0.013933715774900993,0.011789643375324324,0.02065188224205855,0.05181842952088368,0.10610624372917951,0.0878837885263563,0.07269194755565718,0.07203654920844574,0.051378937718924864,0.032142501756633704,0.026468184503501684,0.024640007907404986,0.03805863475913767,0.029148372794335634,0.04918207050399851,0.023086160131000805,0.017225198038354685,0.02533321922001911,0.031177389900834695,0.032318079295244995,0.023803762240755578,0.026128526373413254,0.026773652798991184,0.024921369150462894,0.004369909403203258,0.0,0.0,0.0,0.0,0.0,0.0,0.0,0.0,0.0,0.0
C(CS)O,C(CS)O,298.15,0.0,aux_only_sigma_profile_stream,,,No,False,0.0,False,0.0,False,0.0,0.0,0.0,False,0.0,False,True,113.81864,0.0,0.0,0.0,0.0,0.0,0.0,0.0,0.0,0.0007260427854262536,0.005059054618849541,0.010679852846220698,0.009480962015878159,0.005583035287741339,0.0037968881596948537,0.01005725072701008,0.011654297706016607,0.0230395818491885,0.024715637679501794,0.0456993406536078,0.05597501468509816,0.08274069040148081,0.07792031884401607,0.054293272522198295,0.04423307471888578,0.058661863509577174,0.0450480194566043,0.040183812755157686,0.0381934334956501,0.03815614994864673,0.043636656341748424,0.031276738269077384,0.037170891094110516,0.03076063018774737,0.031578511886313616,0.02939643298394762,0.03334746787294065,0.018702612000389567,0.017106872946033188,0.01875052680199403,0.01815975857894076,0.004215306370306209,0.0,0.0,0.0,0.0,0.0,0.0,0.0,0.0,0.0,0.0
CCSCCO,CCSCCO,298.15,0.0,aux_only_sigma_profile_stream,,,No,False,0.0,False,0.0,False,0.0,0.0,0.0,False,0.0,False,True,152.38305999999994,0.0,0.0,0.0,0.0,0.0,0.0,0.0,0.0,1.6405059547471357e-05,0.003813307790900158,0.007225761297373668,0.007688125561815206,0.004336407471360833,0.003322608363263194,0.005724911803037712,0.008176283270821769,0.005822524758200349,0.01023141548688831,0.00730221166176326,0.026645286140601073,0.07654354160392635,0.11708889228325385,0.10070737886765435,0.08831750614778511,0.10866422850232701,0.0569272896850381,0.05861257436115119,0.02521422403004213,0.022940810011810572,0.033061636167022186,0.030903689895859367,0.034516198583581875,0.017281840995632854,0.019924499190190573,0.020460118992654902,0.02846536239216885,0.02033489251665008,0.018478319505381518,0.01392140106106461,0.013609601672937732,0.003720744868293747,0.0,0.0,0.0,0.0,0.0,0.0,0.0,0.0,0.0,0.0
C(CS)S,C(CS)S,298.15,0.0,aux_only_sigma_profile_stream,,,No,False,0.0,False,0.0,False,0.0,0.0,0.0,False,0.0,False,True,128.88271000000003,0.0,0.0,0.0,0.0,0.0,0.0,0.0,0.0,0.0,0.0,0.0,0.0,0.0,0.0,0.0,0.003562653270174658,0.023165622549995334,0.03265869305887003,0.06043683047177707,0.08953956348582132,0.0681695068298663,0.06862092485939618,0.05112333308164018,0.03994833855318017,0.056628024605099456,0.03988999849206351,0.06470064317514505,0.05002560847243605,0.044257292258664864,0.0588179698018745,0.03981326912187283,0.050577966421252535,0.04445164090488343,0.03259072623948223,0.03483456898619046,0.03972871240150771,0.006458112958806173,2.2431308938763186e-17,0.0,0.0,0.0,0.0,0.0,0.0,0.0,0.0,0.0,0.0,0.0,0.0,0.0
CCN(CC)CCO,CCN(CC)CCO,298.15,0.0,aux_only_sigma_profile_stream,,,No,False,0.0,False,0.0,False,0.0,0.0,0.0,False,0.0,False,True,174.06852000000015,0.0,0.0,0.0,0.0,0.0,0.0,0.0,0.0,0.0,0.0019484574429913962,0.0042125642634249245,0.00933116080488785,0.0018615192583085213,0.004500678264212474,0.0037467381499766855,0.007443811339443788,0.004929940203959862,0.0037328092876598965,0.008243420756632439,0.00796128180237207,0.03041112570792924,0.06813802726651373,0.10212068304798413,0.13858377071753053,0.13069909826012815,0.12271767605393198,0.10662917255571705,0.07194057496877888,0.029317651924279046,0.016538326300405824,0.014109320938455662,0.00900387627466258,0.006073566978415277,0.008437768901005241,0.005701312915572897,0.015635704173234972,0.008700499415701014,0.011151261657909063,0.02214008287667709,0.012640104073668928,0.010802887035275755,0.0005951263823530407,0.0,0.0,0.0,0.0,0.0,0.0,0.0,0.0,0.0
CNCCO,CNCCO,298.15,0.0,aux_only_sigma_profile_stream,,,No,False,0.0,False,0.0,False,0.0,0.0,0.0,False,0.0,False,True,124.11660999999988,0.0,0.0,0.0,0.0,0.0,0.0,0.0,0.0,0.0,0.002972260700751369,0.0059687313319607745,0.013776377748079004,0.0018250458368324006,0.006487188343279588,0.008199314784452544,0.02523473334887385,0.013368246297801008,0.014472027097959023,0.0219626819721608,0.025805856421095962,0.0461542885056347,0.08459623851907097,0.09514844867321957,0.11105285250605229,0.09382626311763599,0.09113368327204241,0.06964838721067228,0.02195852139222569,0.02905597989287939,0.021656958541363663,0.018078303502375326,0.015998185513585426,0.0053241867431888575,0.009450287931321046,0.011883860876207556,0.020084555937071126,0.014992324750189466,0.018702341466084356,0.0279936139472646,0.02311549384840283,0.012609654178250692,0.0030815495955600495,0.00808059329926229,0.00045078909019420166,0.004524444629016372,0.001325729177982476,4.522297958057816e-18,0.0,0.0,0.0,0.0
CN(C)CCO,CN(C)CCO,298.15,0.0,aux_only_sigma_profile_stream,,,No,False,0.0,False,0.0,False,0.0,0.0,0.0,False,0.0,False,True,139.98743,0.0,0.0,0.0,0.0,0.0,0.0,0.0,0.0,0.0,0.001737104951046755,0.004832397574436321,0.012594050948463506,0.0011233456696057554,0.005091103267117798,0.00555793178447422,0.010209341877289118,0.004943961478807691,0.0063451056053447875,0.004149116173621603,0.009997862804321432,0.06537354788114519,0.0887093172108653,0.10589605026058913,0.10817422813425964,0.12598591123608957,0.12189349750317725,0.09516839606372803,0.026234527844012773,0.013944596152198023,0.013216958833601633,0.015939736604994818,0.018017394214361677,0.010236239838964328,0.008213189673190515,0.01052327145130052,0.013639538082451469,0.00984178823380919,0.025016920411639054,0.021639028053542817,0.015488928089398822,0.013917885479592919,0.004440576561332114,0.0019071500512263708,0.0,0.0,0.0,0.0,0.0,0.0,0.0,0.0
CC(CNCC(C)O)O,CC(CNCC(C)O)O,298.15,0.0,aux_only_sigma_profile_stream,,,No,False,0.0,False,0.0,False,0.0,0.0,0.0,False,0.0,False,True,189.26621999999992,0.0,0.0,0.0,0.0,0.0,0.0,0.0,0.0,0.0,0.0018429107895124928,0.004109476140271822,0.007382073654041379,0.002739670341386407,0.0030122027402022943,0.004564250732406421,0.007167209645761139,0.005814353188987557,0.009685275419261192,0.00859396646709524,0.017022995625391744,0.03772837199793546,0.10874869916214056,0.14123894980678176,0.12865651722673918,0.08614541709290705,0.0834727026189259,0.08592179781187423,0.0515030816608789,0.022215150109064215,0.01671051168466138,0.015782911754802474,0.010861817858679963,0.014847334137852974,0.01774767447472767,0.01486609198407984,0.0118099211797223,0.011063569791797088,0.012478802239188696,0.014960552549612765,0.017069293188608038,0.015634382816630994,0.008196323302639587,0.0004057408054312858,0.0,0.0,0.0,0.0,0.0,0.0,0.0,0.0
CC(COC)N,CC(COC)N,298.15,0.0,aux_only_sigma_profile_stream,,,No,False,0.0,False,0.0,False,0.0,0.0,0.0,False,0.0,False,True,142.23735,0.0,0.0,0.0,0.0,0.0,0.0,0.0,0.0,0.0,0.0,0.0,0.0,0.0,0.0,0.0008281872539400214,0.005079448418758855,0.011585954066599386,0.010253792463701271,0.014938585660522924,0.024871393311024358,0.03800115257783536,0.11029673497651848,0.132723771520692,0.14388845122855423,0.12378178011560748,0.08449895257641118,0.06088647450224263,0.04444920141115859,0.019375765861754032,0.01917101795170755,0.01324726596519199,0.017372120137617512,0.020353956934793287,0.01394144293116597,0.008649556021051715,0.020107765507921347,0.005062918751256509,0.006891220876718874,0.011967394316557281,0.012295388837151916,0.005792228113998567,0.00014558206431042973,0.002588861455622978,0.004478782081552353,0.0035961782541382237,0.00619776676942118,0.0026809070845015513,0.0,0.0,0.0,0.0
CCCCOCCOC(=O)C,CCCCOCCOC(=O)C,298.15,0.0,aux_only_sigma_profile_stream,,,No,False,0.0,False,0.0,False,0.0,0.0,0.0,False,0.0,False,True,226.46679000000012,0.0,0.0,0.0,0.0,0.0,0.0,0.0,0.0,0.0,0.0,0.0,0.0,0.0,0.0,0.0,0.0,0.0,0.0020349894821297455,0.0150481630523648,0.03198767578202145,0.054421051765613376,0.08782264819277294,0.12539743185068056,0.15418133831288677,0.1373000599001345,0.07577973886950484,0.05882014538718146,0.061239741324739444,0.02351065771873102,0.015849955815421715,0.012077370810201528,0.018409763810386007,0.013146936843539656,0.016012993411390772,0.02230206585463704,0.01509972760949587,0.02908481724749705,0.023405321611676536,0.006949124078340957,0.00011828126865201908,0.0,0.0,0.0,0.0,0.0,0.0,0.0,0.0,0.0,0.0,0.0
CCOC1=C(C=CC(=C1)C=O)O,CCOC1=C(C=CC(=C1)C=O)O,298.15,0.0,aux_only_sigma_profile_stream,,,No,False,0.0,False,0.0,False,0.0,0.0,0.0,False,0.0,False,True,202.48202000000015,0.0,0.0,0.0,0.0,0.0,0.0,0.0,0.0,0.0,0.0,0.00018529069021236882,0.004261093554552106,0.0032373034478181658,0.002793152409438658,0.0018094207879731196,0.0033990994116498974,0.004817482129126414,0.012482644257059456,0.026855950607376673,0.06669390134370987,0.07542612631801277,0.07950967267480089,0.07473527681650888,0.0652481551152329,0.06618585514699868,0.08556671086220784,0.08652521033895791,0.07139055981943625,0.07279824445243724,0.04012848791349159,0.015399392652912845,0.012755834941686415,0.011384488271533433,0.02165648274312488,0.025111584411598404,0.013821030533875905,0.025581952225373444,0.018131012199411642,0.009107625380878913,0.0030009585426024974,0.0,0.0,0.0,0.0,0.0,0.0,0.0,0.0,0.0,0.0,0.0
C=CC(=O)OCCO,C=CC(=O)OCCO,298.15,0.0,aux_only_sigma_profile_stream,,,No,False,0.0,False,0.0,False,0.0,0.0,0.0,False,0.0,False,True,159.15319000000002,0.0,0.0,0.0,0.0,0.0,0.0,0.0,0.0,0.0011227504595650076,0.003947058928188438,0.009908092407595777,0.004325047545750421,0.004218778820671913,0.006913216260421861,0.006651894186082539,0.004385160697771402,0.010294926017028057,0.020732522982953465,0.049657730858630726,0.07139808673735473,0.07761335745781281,0.06169030494368827,0.05980818991210493,0.0685412769952415,0.07588680914944022,0.05609629614485916,0.03994284277667221,0.0426222313882007,0.04996844143534659,0.04572922224739956,0.024695846820046476,0.017393559442638064,0.02050602010514096,0.023303268400601013,0.028675701941712126,0.017676824012531234,0.04099757385987723,0.031039682404562573,0.014492786927005199,0.00924197700751522,0.0005225207255895969,0.0,0.0,0.0,0.0,0.0,0.0,0.0,0.0,0.0,0.0
CC(COC(=O)C(=C)C)O,CC(COC(=O)C(=C)C)O,298.15,0.0,aux_only_sigma_profile_stream,,,No,False,0.0,False,0.0,False,0.0,0.0,0.0,False,0.0,False,True,194.3654999999999,0.0,0.0,0.0,0.0,0.0,0.0,0.0,0.0,0.0,0.0019102292772704937,0.0045957455554899735,0.007018623942745394,0.0033341523684745824,0.002149937675105835,0.00363325295881819,0.007523163169875619,0.0037549126378919272,0.006645683744975166,0.015824317233404238,0.04490664795389724,0.09196448633054431,0.09309239865001818,0.08175332697659207,0.0822726111254791,0.09025928793385302,0.09413295860366273,0.07330611537954938,0.03378712607383771,0.037001262644921255,0.04176242549032047,0.017003876976383954,0.010953054526398774,0.012215551893380775,0.012829218425444542,0.026362628363595045,0.01545200642157397,0.027196074815443793,0.0389233056175233,0.011199844785211317,0.006301906435047023,0.0009338660132706734,0.0,0.0,0.0,0.0,0.0,0.0,0.0,0.0,0.0,0.0
CCOCCC(=O)OCC,CCOCCC(=O)OCC,298.15,0.0,aux_only_sigma_profile_stream,,,No,False,0.0,False,0.0,False,0.0,0.0,0.0,False,0.0,False,True,205.14523,0.0,0.0,0.0,0.0,0.0,0.0,0.0,0.0,0.0,0.0,0.0,0.0,0.0,0.0,0.0,0.0,0.0,2.499337015898103e-05,0.011467685960532058,0.02696809007374361,0.06531662191866708,0.12837519749052365,0.1425697579669827,0.11963452425073398,0.10416196055661396,0.08567734866408348,0.07144339656665476,0.03474302834520173,0.017558460348400643,0.019286652419653043,0.012488762955629099,0.01713622468536904,0.01792495646919073,0.01719554754169307,0.027176999809024903,0.020898033210883595,0.03102986218163329,0.020836192668600224,0.007818516615995674,0.000267185930030709,0.0,0.0,0.0,0.0,0.0,0.0,0.0,0.0,0.0,0.0,0.0
C1=CC(=CC=C1C(=O)OCCO)C(=O)OCCO,C1=CC(=CC=C1C(=O)OCCO)C(=O)OCCO,298.15,0.0,aux_only_sigma_profile_stream,,,No,False,0.0,False,0.0,False,0.0,0.0,0.0,False,0.0,False,True,288.78842999999995,0.0,0.0,0.0,0.0,0.0,0.0,0.0,0.0,0.001431884539325267,0.004996058181956771,0.011465742046316044,0.004647687050010708,0.004494893056900134,0.00457772086143427,0.008096521139192934,0.010494184558128417,0.008030173447330145,0.011130224309397613,0.036391323219554544,0.06986447971594742,0.07097430577722695,0.06344314288970927,0.05310122049115232,0.0796370267400408,0.0711388591967954,0.05626088810784249,0.07842529721670985,0.06231004645937513,0.05655262545296501,0.020221795119596382,0.012731864136115332,0.01794423657185688,0.0179615034813251,0.025995238828746953,0.02100403774816883,0.031378139286352635,0.042612864477149855,0.017064865354612706,0.014250470888434319,0.01137067965032949,0.0,0.0,0.0,0.0,0.0,0.0,0.0,0.0,0.0,0.0,0.0
CCCC(C)C(C)(C)C,CCCC(C)C(C)(C)C,298.15,0.0,aux_only_sigma_profile_stream,,,No,False,0.0,False,0.0,False,0.0,0.0,0.0,False,0.0,False,True,196.5779900000001,0.0,0.0,0.0,0.0,0.0,0.0,0.0,0.0,0.0,0.0,0.0,0.0,0.0,0.0,0.0,0.0,0.0,0.0,0.0,0.0,0.0,0.008108881011300141,0.10013738148467839,0.15899107659178877,0.19558318654339216,0.1288095097134526,0.13754637127674255,0.14847223920916722,0.10940411170110595,0.012947242468372366,1.0196768223271488e-17,0.0,0.0,0.0,0.0,0.0,0.0,0.0,0.0,0.0,0.0,0.0,0.0,0.0,0.0,0.0,0.0,0.0,0.0,0.0,0.0
CCCCNC1=CC=CC=C1,CCCCNC1=CC=CC=C1,298.15,0.0,aux_only_sigma_profile_stream,,,No,False,0.0,False,0.0,False,0.0,0.0,0.0,False,0.0,False,True,213.85982999999993,0.0,0.0,0.0,0.0,0.0,0.0,0.0,0.0,0.0,0.0,0.0,0.0005887146211947832,0.0026127500827318175,0.005710593290899606,0.003454631411869729,0.0035925927903390936,0.004935149005119617,0.0053582925391810155,0.00949825573978012,0.017989342360020866,0.04261811976477833,0.08591937541568889,0.12585565098116186,0.12359567810225652,0.09664511391439153,0.07653840637156359,0.07150631378965093,0.07122392955383487,0.033210909308301104,0.03740523640910466,0.030670219473344446,0.050188903744235194,0.046811076079641994,0.032067506492513165,0.020763027067661616,0.0012402116907346305,0.0,0.0,0.0,0.0,0.0,0.0,0.0,0.0,0.0,0.0,0.0,0.0,0.0,0.0,0.0
CCCCCCCCCC#N,CCCCCCCCCC#N,298.15,0.0,aux_only_sigma_profile_stream,,,No,False,0.0,False,0.0,False,0.0,0.0,0.0,False,0.0,False,True,241.98125000000005,0.0,0.0,0.0,0.0,0.0,0.0,0.0,0.0,0.0,0.0,0.0,0.0,0.0,0.0,0.0,0.0,0.004769289212991997,0.019514990334181092,0.01788139178644176,0.01715247971875056,0.03253394543935251,0.053976605029318586,0.08157834326178662,0.14574426447797875,0.16447752171020147,0.11878576460416497,0.09539465934908384,0.08466939440798447,0.04559250983106294,0.004707989751136998,0.007942582350162994,0.004052953425445814,0.010339313105194719,0.010971058520176623,0.019653898979997454,0.022387605747787143,0.018914405361926206,0.01447408537459763,0.004484948220274894,8.215924287220244e-18,0.0,0.0,0.0,0.0,0.0,0.0,0.0,0.0,0.0,0.0,0.0
CC(C)CC1CCCCC1,CC(C)CC1CCCCC1,298.15,0.0,aux_only_sigma_profile_stream,,,No,False,0.0,False,0.0,False,0.0,0.0,0.0,False,0.0,False,True,203.1856700000001,0.0,0.0,0.0,0.0,0.0,0.0,0.0,0.0,0.0,0.0,0.0,0.0,0.0,0.0,0.0,0.0,0.0,0.0,0.0,0.0,0.0,0.0014785682069630693,0.04603683625464972,0.1657589531459226,0.2311257677974617,0.18864014404712637,0.15048652593584325,0.13232752730135047,0.07902517192382756,0.005120505386855232,4.448641716566026e-18,0.0,0.0,0.0,0.0,0.0,0.0,0.0,0.0,0.0,0.0,0.0,0.0,0.0,0.0,0.0,0.0,0.0,0.0,0.0,0.0
CC(C)(C)C1CCCCC1,CC(C)(C)C1CCCCC1,298.15,0.0,aux_only_sigma_profile_stream,,,No,False,0.0,False,0.0,False,0.0,0.0,0.0,False,0.0,False,True,194.71291000000005,0.0,0.0,0.0,0.0,0.0,0.0,0.0,0.0,0.0,0.0,0.0,0.0,0.0,0.0,0.0,0.0,0.0,0.0,0.0,0.0,0.0,0.0026724384466859687,0.07387594475280045,0.16688039156006554,0.2117917249404782,0.154691197587502,0.15209030873907792,0.13368038751039513,0.09429692478922787,0.010020681673767032,8.258769866392616e-18,0.0,0.0,0.0,0.0,0.0,0.0,0.0,0.0,0.0,0.0,0.0,0.0,0.0,0.0,0.0,0.0,0.0,0.0,0.0,0.0
CCC(C)C1CCCCC1,CCC(C)C1CCCCC1,298.15,0.0,aux_only_sigma_profile_stream,,,No,False,0.0,False,0.0,False,0.0,0.0,0.0,False,0.0,False,True,199.6615400000001,0.0,0.0,0.0,0.0,0.0,0.0,0.0,0.0,0.0,0.0,0.0,0.0,0.0,0.0,0.0,0.0,0.0,0.0,0.0,0.0,0.0,0.005261754447895874,0.05291063808391395,0.14671047579384994,0.22404029319198177,0.19552476484896286,0.16511261536799623,0.1361408783701928,0.07090226067371963,0.0033963192214869872,2.886000480474949e-18,0.0,0.0,0.0,0.0,0.0,0.0,0.0,0.0,0.0,0.0,0.0,0.0,0.0,0.0,0.0,0.0,0.0,0.0,0.0,0.0
