solute_smiles,has_hansen,delta_d,delta_p,delta_h,pseudo_delta_d,pseudo_delta_p,pseudo_delta_h,MolWt,TPSA,NumHDonors,MolLogP
Cc1ccc(S(=O)(=O)n2ccc3ccccc32)cc1,False,,,,16.51387957894737,16.213928,18.2745,271.34100341796875,39.06999969482422,0.0,3.1867198944091797
C=CC1(C)OC(=O)N(c2cc(Cl)cc(Cl)c2)C1=O,False,,,,16.52797222222222,17.54767,20.9135,286.114013671875,46.61000061035156,0.0,3.421299934387207
COC(=O)c1ccccc1S(=O)(=O)NC(=O)Nc1nc(C)cc(C)n1,False,,,,16.05801176,30.0,45.0,364.38299560546875,127.3499984741211,2.0,1.3904399871826172
CCOC(=O)c1c(-c2ccc(C)cc2)csc1N,False,,,,16.611450555555557,21.069358,34.111999999999995,261.34600830078125,52.31999969482422,1.0,3.482419967651367
CNC1=CC2=NC(OC)=CC2=CC1,False,,,,16.15869646153846,15.41538,26.367000000000004,176.218994140625,33.619998931884766,1.0,1.3622000217437744
C=CCC1(C(C)(C)CC)C(=O)NC(=O)NC1=O,False,,,,16.08551929411765,22.91349,45.0,238.28700256347656,75.2699966430664,2.0,1.351099967956543
CCC1(CC)C(=O)NC(=S)NC1=O,False,,,,15.943020615384617,19.94363,44.970000000000006,200.26300048828125,58.20000076293945,2.0,0.3237000107765198
Cc1ccccc1N1C(=O)C2ON=C(C(=O)c3ccco3)C2C1=O,False,,,,16.099351916666667,30.0,39.413,324.2919921875,89.18000030517578,0.0,1.7151199579238892
CC12Cc3nonc3CC1CCC1C2CCC2(C)C1CCC2(C)O,False,,,,16.5824865,22.269199999999998,36.5025,330.47198486328125,59.150001525878906,1.0,3.7780001163482666
Clc1ccc(CSC(Cn2cncn2)=Nc2ccc(Cl)cc2Cl)cc1,False,,,,17.116048799999998,21.66241,22.0745,411.7449951171875,43.06999969482422,0.0,5.901899814605713
CC(C)(C)N(NC(=O)c1ccccc1)C(=O)c1ccccc1I,False,,,,16.722238,15.50611,30.6935,422.2659912109375,49.40999984741211,1.0,3.8768999576568604
CC1=CC(=O)C(C(=O)OC2CC(C)CCC2C(C)C)C(C)C1C(=O)OC1CC(C)CCC1C(C)C,False,,,,17.141748000000003,26.40141,31.3845,488.7090148925781,69.66999816894531,0.0,6.391900062561035
COc1ccc2c(c1)N(CC(C)CN1CCC(O)CC1)c1ccccc1S2,False,,,,16.785923555555556,20.53013,29.579,384.5450134277344,35.939998626708984,1.0,4.390699863433838
COC(=O)c1ccccc1S(=O)(=O)NC(=O)Nc1nc(OC(F)F)cc(OC(F)F)n1,False,,,,16.051147548387096,30.0,45.0,468.34100341796875,145.80999755859375,2.0,1.9764000177383423
Cc1ccc(-c2nnc(-c3ccccc3)c3c(C)onc23)cc1,False,,,,16.774071478260872,20.868936,23.9335,301.3489990234375,51.810001373291016,0.0,4.568640232086182
COc1ccc(-c2csc(C(C#N)=NNc3ccc(O)cc3)n2)cc1,False,,,,16.6350532,30.0,45.0,350.40301513671875,90.52999877929688,2.0,3.8640799522399902
C1=CC2C(C1)[C@@H]1C=C[C@H]2C1,False,,,,16.389348,1.7615399999999999,1.0,132.20599365234375,0.0,0.0,2.3845999240875244
O=C(c1ccccc1)C1CNc2cc3c(cc2C1)CC(C(=O)c1ccccc1)CN3,False,,,,16.7994256,22.01392,45.0,396.489990234375,58.20000076293945,2.0,4.620800018310547
CCOC(=O)Nc1ccc2nn(C)nc2c1,False,,,,16.120703375,26.77353,41.163999999999994,220.23199462890625,69.04000091552734,1.0,1.5367000102996826
Cc1c(NN=C2C(=O)N(c3ccccc3)N=C2C(F)(F)F)c(=O)n(-c2ccccc2)n1C,False,,,,16.428765062500002,30.0,45.0,442.4010009765625,83.98999786376953,1.0,3.2174201011657715
COc1c2occc2cc2ccc(=O)oc12,False,,,,16.318170000000002,21.209619999999997,24.203,216.19200134277344,52.58000183105469,0.0,2.547800064086914
c1ccc(Nc2ccc(-c3ccc(Nc4ccccc4)cc3)cc2)cc1,False,,,,17.310161076923077,10.64672,31.820999999999998,336.43798828125,24.059999465942383,2.0,6.840799808502197
ClC1=C(Cl)[C@]2(Cl)[C@H]3C[C@H](Cl)[C@H](Cl)[C@H]3[C@@]1(Cl)C2(Cl)Cl,False,,,,17.1292,1.4317199999999999,1.0,409.7820129394531,0.0,0.0,5.682799816131592
Clc1cccc(O[Si]23OCCN(CCO2)CCO3)c1,False,,,,16.14186947368421,21.57546,21.056,301.802001953125,40.15999984741211,0.0,1.533400058746338
CCCC1COC(c2ccc(C#N)cc2)OC1,False,,,,16.434819529411765,16.803002,19.3875,231.2949981689453,42.25,0.0,3.019979953765869
O=C(C1=NOC2C(=O)N(c3ccc(O)cc3)C(=O)C12)c1ccccc1,False,,,,16.07095864,30.0,45.0,336.3030090332031,96.2699966430664,1.0,1.5192999839782715
Cc1nc2cc(-c3ccccc3)ccc2o1,False,,,,16.6431465,11.305078000000002,12.5105,209.2480010986328,26.030000686645508,0.0,3.80322003364563
CC(CC(=O)O)n1nc2ccccc2n1,False,,,,16.09261306666667,24.0951,39.6035,205.2169952392578,68.01000213623047,1.0,1.4670000076293945
O=C(CCc1ccc(O)cc1)c1c(O)cc(O)cc1OC1OC(CO)C(O)C(O)C1O,False,,,,15.704149741935483,30.0,45.0,436.4129943847656,177.13999938964844,7.0,-0.20239999890327454
CN1CCN(C2=Nc3ccccc3Oc3ccc(Cl)cc32)CC1,False,,,,16.646093043478263,16.675459999999998,15.624499999999998,327.81500244140625,28.06999969482422,0.0,3.771399974822998
C1=C(CCC2=CCc3ccccc32)c2ccccc2C1,False,,,,16.94948,1.4953999999999996,1.0,258.364013671875,0.0,0.0,5.046000003814697
Cc1ccc(OC(=O)C(C)(c2ccccc2)c2ccccc2)cc1,False,,,,16.862717333333336,11.243338,12.605,316.3999938964844,26.299999237060547,0.0,4.906620025634766
Oc1ccc(Cl)cc1C=Nc1ccccn1,False,,,,16.52659725,17.367279999999997,30.518,232.6699981689453,45.47999954223633,1.0,3.191200017929077
c1ccc(N(c2ccccc2)c2ccccc2)cc1,False,,,,16.97062210526316,4.567559999999999,3.3339999999999996,245.3249969482422,3.240000009536743,0.0,5.156400203704834
OC(c1ccc(Cl)cc1)(c1cncnc1)c1ccccc1Cl,False,,,,16.683888,17.375040000000002,30.7035,331.2019958496094,46.0099983215332,1.0,4.067599773406982
ClC1=C(Cl)C2(Cl)C3C(Cl)C=CC3C1(Cl)C2(Cl)Cl,False,,,,17.033097647058824,1.4758499999999999,1.0,373.3210144042969,0.0,0.0,5.241499900817871
CC1=NN(c2ccccc2)C(=O)C1C(c1ccc(O)cc1)C1C(=O)N(c2ccccc2)N=C1C,False,,,,16.764202235294118,29.44724,45.0,452.5140075683594,85.56999969482422,1.0,4.553599834442139
Cc1cccc(NN=C(C#N)c2nc(-c3ccc(Cl)cc3)cs2)c1,False,,,,16.934530583333334,24.98143,38.3745,352.8500061035156,61.06999969482422,1.0,5.111700057983398
N#CC(=NNc1ccccc1[N+](=O)[O-])c1nc(-c2ccccc2)cs1,False,,,,16.66010408,30.0,45.0,349.375,104.20999908447266,1.0,4.058080196380615
[O-][N+](=Nc1cccc(O)c1)c1cccc(O)c1,False,,,,16.40173411764706,25.89785,45.0,230.22300720214844,78.88999938964844,2.0,3.0234999656677246
CCOc1cccc2cc(C(=O)O)oc12,False,,,,16.3029604,19.98763,35.4845,206.19700622558594,59.66999816894531,1.0,2.5297000408172607
O=C(C=Cc1ccccc1)c1cccc(C(=O)C=Cc2ccccc2)c1,False,,,,16.993148461538464,12.597319999999998,15.349,338.406005859375,34.13999938964844,0.0,5.478799819946289
Brc1cnc(OCc2ccccc2)nc1,False,,,,16.451041333333333,15.51999,16.8535,265.1099853515625,35.0099983215332,0.0,2.8180999755859375
N#CC1=C(N)OC2(C(=O)Nc3ccccc32)C2=C1CCCC2,False,,,,16.287287,27.622332,45.0,293.32598876953125,88.13999938964844,2.0,2.428679943084717
CO/N=C(\C(=O)N[C@@H]1C(=O)N2C(C(=O)O)=C(CSC(=O)c3ccco3)CS[C@H]12)c1csc(N)n1.Cl,False,,,,16.11342594285714,30.0,45.0,560.0349731445312,177.4199981689453,3.0,1.4027999639511108
Cc1ccccc1C=C1C(=O)OC(C)(C)OC1=O,False,,,,16.242469555555555,21.246548,24.21,246.26199340820312,52.599998474121094,0.0,2.21451997756958
COc1ccc2c3c1OC1C(=O)CCC4(O)C(C2)N(C)CCC314,False,,,,16.003723304347826,25.01518,37.650000000000006,315.3689880371094,59.0,1.0,1.048200011253357
O=C(C(=O)c1cccs1)c1cccs1,False,,,,16.47545285714286,17.85768,17.749,222.2899932861328,34.13999938964844,0.0,2.875200033187866
Cc1ccc(C(=O)c2csc(S(N)(=O)=O)c2)cc1,False,,,,16.246251444444443,25.707908000000003,42.8305,281.3580017089844,77.2300033569336,1.0,1.9349199533462524
O=C1NN(c2ccccc2)C(=O)C1c1ccccc1,False,,,,16.194682842105266,15.70898,30.6935,252.2729949951172,49.40999984741211,1.0,1.8481999635696411
CCCCCCCCc1ccc(NC(=O)Oc2ccc(OC)cc2)cc1,False,,,,17.140119769230772,17.43989,31.246000000000002,355.4779968261719,47.560001373291016,1.0,6.209099769592285
CC(=O)c1nn2c(C(F)(F)F)nnc2s1,False,,,,15.921867333333333,27.686279999999996,29.2525,236.17799377441406,60.150001525878906,0.0,1.4071999788284302
CCC1C2CC3CC4(CO)c5ccccc5N(C)C4C(C2)N3C1O,False,,,,16.250362166666665,20.254579999999997,42.229,328.45599365234375,46.939998626708984,2.0,1.9462000131607056
CO/N=C1\C[C@]2(C[C@@H]3C[C@@H](C/C=C(\C)C[C@@H](C)/C=C/C=C4\CO[C@@H]5[C@H](O)C(C)=C[C@@H](C(=O)O3)[C@]45O)O2)O[C@H](/C(C)=C/C(C)C)[C@H]1C,False,,,,16.986240260869565,30.0,45.0,639.8300170898438,116.04000091552734,2.0,5.728899955749512
CC1=CC(=O)OC(C)(C)O1,False,,,,16.010226,15.775429999999998,17.0355,142.1540069580078,35.529998779296875,0.0,1.1996999979019165
COc1ccc2c(c1)CCCC2=O,False,,,,16.293436153846155,11.51258,12.605,176.21499633789062,26.299999237060547,0.0,2.214200019836426
CCOC(=O)C1=C(C)NC(=O)NC1c1ccco1,False,,,,16.057390444444444,26.355539999999998,45.0,250.25399780273438,80.56999969482422,2.0,1.4706000089645386
Nc1nc(=O)c2nc(CNc3ccc(C(=O)N[C@@H](CCC(=O)O)C(=O)O)cc3)cnc2[nH]1,False,,,,15.760315375000001,30.0,45.0,441.40399169921875,213.27999877929688,6.0,-0.04479999840259552
O=c1c2ccccc2cc2ccccn12,False,,,,16.387743999999998,10.62113,10.918000000000001,195.2209930419922,21.479999542236328,0.0,2.452699899673462
CC(CC1CC(=O)c2c3c(c4ccccc4c2O1)OC1CC(=O)OC31)O[Si](C)(C)C(C)(C)C,False,,,,16.994856666666667,29.218499999999995,33.071,468.62200927734375,71.05999755859375,0.0,5.7230000495910645
N#CC(C(=O)O)=C1CCCCC1,False,,,,16.165985666666668,17.810672,34.7815,165.19200134277344,61.09000015258789,1.0,1.8552800416946411
CC=C(C)C(=O)OC1CC(OC(C)=O)C2(C(=O)OC)COC3C2C12COC(O)(C(=O)OC)C2C(C)(C12OC1(C)C1CC2OC2OC=CC21O)C3O,False,,,,15.668036235294117,30.0,45.0,720.7210083007812,215.33999633789062,3.0,-0.20309999585151672
O=c1oc(=O)c2ccccc2c2ccccc12,False,,,,16.318762352941178,17.77976,21.147999999999996,224.21499633789062,47.279998779296875,0.0,2.3064000606536865
CC(=O)CC(c1ccc(Cl)cc1)c1c(O)c2ccccc2oc1=O,False,,,,16.70273316666667,23.725499999999997,39.42849999999999,342.77801513671875,67.51000213623047,1.0,4.263000011444092
CC(CN(C)C)CN1c2ccccc2S(=O)(=O)c2ccccc21,False,,,,16.523857217391306,18.99474,20.017,330.4530029296875,40.619998931884766,0.0,3.168600082397461
CC(=O)OC1CCC2(C)C(C1)CC1(OCCO1)C1C3CCC(=O)C3(C)CCC12,False,,,,16.580412857142857,25.24111,28.6405,390.5199890136719,61.83000183105469,0.0,3.8828999996185303
CC(=O)Oc1cccc(N=[N+]([O-])c2cccc(OC(C)=O)c2)c1,False,,,,16.46618991304348,30.0,40.060500000000005,314.2969970703125,91.02999877929688,0.0,3.462899923324585
CO[C@]12CC[C@@]3(C[C@@H]1[C@](C)(O)C(C)(C)C)[C@H]1Cc4ccc(O)c5c4[C@@]3(CCN1CC1CC1)[C@H]2O5,False,,,,16.725228,25.24742,45.0,467.6499938964844,62.15999984741211,2.0,4.41379976272583
CC[C@H]1OC(=O)[C@H](C)[C@@H](O[C@@H]2C[C@](C)(OC)[C@H](O)[C@@H](C)O2)[C@H](C)[C@@H](O[C@@H]2O[C@H](C)C[C@H](N(C)C)[C@H]2O)[C@](C)(OC)C[C@@H](C)C(=O)[C@H](C)[C@@H](O)[C@]1(C)O,False,,,,16.296220846153844,30.0,45.0,747.9639892578125,182.91000366210938,4.0,2.43969988822937
O=[N+]([O-])c1cccc2cn[nH]c12,False,,,,16.077935166666666,22.280489999999997,39.737,163.13600158691406,71.81999969482422,1.0,1.4710999727249146
N#CC1=C(N)N2C(=C(C#N)C1c1ccccc1)Sc1ccccc12,False,,,,16.621440666666665,27.948684000000004,43.894,328.3999938964844,76.83999633789062,1.0,3.825160026550293
Cc1ccccc1NN=C1C(=O)NC(=S)NC1=O,False,,,,15.928009666666666,29.336818,45.0,262.29400634765625,82.58999633789062,3.0,0.29381999373435974
O=C(O)c1cc2ccccc2o1,False,,,,16.2177105,15.8661,31.053999999999995,162.1439971923828,50.439998626708984,1.0,2.13100004196167
C#C[C@]1(O)CC[C@H]2[C@@H]3CCC4=Cc5oncc5C[C@]4(C)[C@H]3CC[C@@]21C,False,,,,16.69210464,17.4047,30.791000000000004,337.4630126953125,46.2599983215332,1.0,4.2210001945495605
N#CC(=Cc1ccc(Cl)cc1)c1nc2ccccc2s1,False,,,,16.932892000000002,15.601011999999999,17.438,296.7820129394531,36.68000030517578,0.0,5.013879776000977
COc1nn(CSP(=S)(OC)OC)c(=O)s1,False,,,,16.250555000000002,30.0,33.703,302.3389892578125,62.58000183105469,0.0,1.521399974822998
COc1cc2c(cc1OCc1ccccc1)C(C)N(C)CC2,False,,,,16.649790000000003,13.02369,12.195,297.39801025390625,21.700000762939453,0.0,3.8231000900268555
O=C1CCC(C(=O)O)=NN1,False,,,,15.581245,23.7431,45.0,142.11399841308594,78.76000213623047,2.0,-0.6629999876022339
CC1(C)OC(CP(c2ccccc2)c2ccccc2)C(CP(c2ccccc2)c2ccccc2)O1,False,,,,17.108021714285712,9.74557,9.861,498.5429992675781,18.459999084472656,0.0,5.772299766540527
CC12CCC3C(CCC4CC=CCC43C)C1CC=C2CCc1ccccc1,False,,,,17.405651851851854,1.2635699999999992,1.0,360.5849914550781,0.0,0.0,7.364299774169922
CCOC(=O)c1cc2cccc(OC)c2o1,False,,,,16.331054375,20.49879,22.8345,220.2239990234375,48.66999816894531,0.0,2.6180999279022217
O=C(Nc1ccccc1)OC1C=CC=CC(OC(=O)Nc2ccccc2)C1,False,,,,16.791278074074075,25.32509,45.0,364.4010009765625,76.66000366210938,2.0,4.737100124359131
C1CCSC1,False,,,,16.471276,4.34866,2.2,88.17500305175781,0.0,0.0,1.5133999586105347
Cc1ccccc1C(=O)Cc1ccccc1C(=O)N(C)c1ccccc1,False,,,,16.82643553846154,13.258698,16.483,343.4259948730469,37.380001068115234,0.0,4.697020053863525
Cc1cccc2cc3c(ccc4ccccc43)cc12,False,,,,17.06004715789474,1.4545379999999994,1.0,242.3209991455078,0.0,0.0,5.454619884490967
O=C1CCCCC1Cl,False,,,,16.25807,7.39891,8.1745,132.58999633789062,17.06999969482422,0.0,1.736899971961975
C1O[C@@H]1[C@H]1CO1,False,,,,15.671066666666666,11.532399999999999,12.171,86.08999633789062,25.059999465942383,0.0,-0.2160000056028366
O=C1CCCCCCCN1,False,,,,16.1870174,9.592319999999999,22.385,141.21400451660156,29.100000381469727,1.0,1.4567999839782715
Cc1cc(C)c2c(-c3ccccc3)nn(-c3ccccc3)c2n1,False,,,,16.837846260869565,14.557365999999998,15.3485,299.37701416015625,30.709999084472656,0.0,4.704339981079102
COc1cccc(C(=O)N(NC(=O)c2ccccc2)C(C)(C)C)c1,False,,,,16.507073083333335,19.72711,35.123999999999995,326.39599609375,58.63999938964844,1.0,3.280900001525879
N#CCc1coc2ccccc12,False,,,,16.334511000000003,13.397511999999999,16.325499999999998,157.1719970703125,36.93000030517578,0.0,2.498879909515381
Cc1cn(C2CC(N=[N+]=[N-])C(CO)O2)c(=O)[nH]c1=O,False,,,,15.708819263157896,30.0,45.0,267.2449951171875,133.0800018310547,2.0,-0.19628000259399414
CCOC(=O)c1c(-c2ccccc2)csc1N,False,,,,16.542285764705884,21.1002,34.111999999999995,247.31900024414062,52.31999969482422,1.0,3.1740000247955322
CC(OCCc1ccc([N+](=O)[O-])cc1)=C(C#N)c1ccccc1,False,,,,16.65774939130435,25.297931999999996,32.455999999999996,308.3370056152344,76.16000366210938,0.0,4.10867977142334
COC(=O)C1=C(C(=O)OC)Cc2cc3c(cc2C1)CC3,False,,,,16.100756,21.315360000000002,24.21,272.29998779296875,52.599998474121094,0.0,1.5263999700546265
COc1ccc(CNC2=CC(=O)c3ccccc3C2=O)cc1,False,,,,16.379777,21.697210000000002,35.19,293.3219909667969,55.400001525878906,1.0,2.7479000091552734
Oc1cc(O)c2cc(O)c(-c3cc(O)c(O)c(O)c3)[o+]c2c1.[Cl-],False,,,,15.651094608695653,30.0,45.0,338.6990051269531,132.67999267578125,6.0,-0.3815000057220459
O=C(O)CCCCC1CCSS1,False,,,,16.55724633333333,15.935489999999998,27.655,206.33200073242188,37.29999923706055,1.0,2.785099983215332
O=C1OC(C=Cc2ccc([N+](=O)[O-])cc2)Cc2ccccc21,False,,,,16.492739,24.16023,30.104,295.29400634765625,69.44000244140625,0.0,3.389699935913086
CSc1nnc(S)s1,False,,,,16.380645,18.98553,26.023,164.27999877929688,25.780000686645508,1.0,1.548699975013733
Cc1nc(=O)c2cc(CN(C)c3ccc(C(=O)N[C@@H](CCC(=O)O)C(=O)O)s3)ccc2[nH]1,False,,,,16.2155386875,30.0,45.0,458.4960021972656,152.69000244140625,4.0,1.977220058441162
O=C1CC(c2ccccc2)c2ccccc21,False,,,,16.556504375,7.23211,8.1745,208.25999450683594,17.06999969482422,0.0,3.404900074005127
O=C(Cc1ccccc1)C(Cc1ccccc1)=NNc1ccccc1,False,,,,16.80642856,16.5119,29.110999999999997,328.4150085449219,41.459999084472656,1.0,4.508999824523926
O=C1CN2CCOC2(c2ccccc2Cl)c2cc(Cl)ccc2N1,False,,,,16.555086695652175,16.634719999999998,29.149499999999996,349.2170104980469,41.56999969482422,1.0,3.478800058364868
CCCC(C)C1(CC)C(=O)NC(=O)NC1=O,False,,,,16.04106425,22.9301,45.0,226.2760009765625,75.2699966430664,2.0,1.184999942779541
c1cnc2c(c1)ccc1ncccc12,False,,,,16.453005714285716,11.3621,12.423,180.2100067138672,25.780000686645508,0.0,2.7829999923706055
CCC1(C2=CCCCCC2)C(=O)NC(=O)NC1=O,False,,,,16.129312666666667,22.88467,45.0,250.29800415039062,75.2699966430664,2.0,1.639299988746643
O=C(NC1CCC(O)CC1)OCc1ccccc1,False,,,,16.27468277777778,19.81917,45.0,249.30999755859375,58.560001373291016,2.0,2.2163000106811523
OC[C@@H]1O[C@H](O[C@@]2(CO)O[C@@H](CO)[C@H](O)[C@H]2O)[C@@H](O)[C@H](O)[C@H]1O,False,,,,14.57744991304348,30.0,45.0,342.2969970703125,189.52999877929688,8.0,-5.395599842071533
c1coc(P(c2ccco2)c2ccco2)c1,False,,,,16.2965175,16.37322,18.397,232.1750030517578,39.41999816894531,0.0,2.22379994392395
CCCCS(=O)(=O)NC(Cc1ccc(OCCCCC2CCNCC2)cc1)C(=O)O,False,,,,16.457926666666665,30.0,45.0,440.6059875488281,104.7300033569336,3.0,2.950500011444092
O=C(/C=C/C=C/c1ccc2c(c1)OCO2)N1CCCCC1,False,,,,16.44979238095238,16.17888,18.1695,285.3429870605469,38.77000045776367,0.0,2.9972000122070312
COc1cc2c(c3oc(=O)c4c(c13)CCOC4=O)C1C=COC1O2,False,,,,16.10914125,30.0,38.870000000000005,328.2760009765625,84.19999694824219,0.0,1.8604999780654907
Cc1nc2nc(C(F)(F)F)[nH]n2c(=O)c1Cl,False,,,,15.944548625,23.209178,37.86749999999999,252.58299255371094,63.04999923706055,1.0,1.3982199430465698
O=[N+]([O-])c1ccccc1C#Cc1ccccn1,False,,,,16.297269882352943,19.34644,24.210499999999996,224.218994140625,56.029998779296875,0.0,2.3896000385284424
C=C1C(=CC=C2CCCC3(C)C2CCC3C(C)CCCC(C)C)CC(O)CC1O,False,,,,17.24786662068966,13.623819999999998,37.561,400.6470031738281,40.459999084472656,2.0,6.589799880981445
c1ccc(CN2CCNCCNCCNCC2)cc1,False,,,,15.984314842105263,19.0523,45.0,262.4010009765625,39.33000183105469,3.0,0.2709999978542328
CCOC(=O)c1cc(C)n(-c2ccc(C(F)(F)F)cc2)c1C,False,,,,16.619943000000003,14.692435999999999,15.5305,311.3030090332031,31.229999542236328,0.0,4.289639949798584
O=P(OCc1ccccc1)(OCc1ccccc1)OP(=O)(OCc1ccccc1)OCc1ccccc1,False,,,,17.456978378378377,30.0,37.5015,538.4730224609375,80.29000091552734,0.0,8.086400032043457
OCC1CCC(n2cnc3c(O)ncnc32)O1,False,,,,15.780823058823529,30.0,45.0,236.2310028076172,93.29000091552734,2.0,0.20180000364780426
Oc1ccc(Cl)cc1-c1ccno1,False,,,,16.362815076923077,17.556739999999998,30.791000000000004,195.60499572753906,46.2599983215332,1.0,2.7005999088287354
O=C(c1ccc(-c2ccccc2)cc1)c1ccc(-c2ccccc2)cc1,False,,,,17.157299615384616,6.947439999999999,8.1745,334.4179992675781,17.06999969482422,0.0,6.2515997886657715
Cc1c(C(=O)O)oc2ccccc12,False,,,,16.29867369230769,15.835258,31.053999999999995,176.17100524902344,50.439998626708984,1.0,2.439419984817505
COc1ccc(N2C(=O)C3ON=C(C(=O)c4ccccc4)C3C2=O)cc1,False,,,,16.143408076923077,30.0,38.04449999999999,350.3299865722656,85.2699966430664,0.0,1.8222999572753906
CC(=O)[C@@]12O[C@@H]1C[C@H]1[C@@H]3CCC4=CC(=O)CC[C@]4(C)[C@H]3[C@H](O)C[C@@]12C,False,,,,16.37267664,23.75944,39.214999999999996,344.45098876953125,66.9000015258789,1.0,2.8255999088287354
C1=CC2c3ccccc3C1C21CC1,False,,,,16.53585076923077,1.6782599999999999,1.0,168.23899841308594,0.0,0.0,3.217400074005127
CC(C)(C)N(NC(=O)c1ccccc1)C(=O)c1cccc(Cl)c1,False,,,,16.65827886956522,15.50123,30.6935,330.81500244140625,49.40999984741211,1.0,3.9256999492645264
CC12CCC(=O)C=C1CCC1C2CCC2(C)C1CCC2(O)C(O)CO,False,,,,16.35434112,25.73654,45.0,348.4830017089844,77.76000213623047,3.0,2.60260009765625
CC1SC(C)SC(C)S1,False,,,,16.898073333333333,9.17624,4.6,180.36300659179688,0.0,0.0,3.237600088119507
O=C(Nc1ccc(Cl)cc1)Nc1ccc(Cl)c(C(F)(F)F)c1,False,,,,16.936714000000002,11.33778,36.5955,349.1390075683594,41.130001068115234,2.0,5.656199932098389
Cc1c(F)cc2c(=O)c(C(=O)O)cn3c2c1CCC3C,False,,,,16.3327213,19.908558,35.355,275.27899169921875,59.29999923706055,1.0,2.6544198989868164
O=Cc1c[nH]c2ccc(OCc3ccccc3)cc12,False,,,,16.574050736842107,14.22026,28.1315,251.28500366210938,42.09000015258789,1.0,3.5594000816345215
Cc1nn2c(C)nnc2s1,False,,,,15.999454,22.174136,22.077999999999996,154.197998046875,43.08000183105469,0.0,0.8026400208473206
C=CCC1=C(O)C2=CC=C3C(C)=C(C)C(=O)CC3(C)C2=C(O)C1=O,False,,,,16.628108,25.032869999999996,45.0,324.3760070800781,74.5999984741211,2.0,3.9512999057769775
c1ccc2c(c1)OCCOCCOc1ccccc1OCCOCCO2,False,,,,16.406315384615386,26.673520000000003,27.583000000000002,360.406005859375,55.380001068115234,0.0,2.9488000869750977
C#CC1(O)CCC2C3CCC4=CC(=O)CCC4C3CCC21CC,False,,,,16.642103304347827,13.325739999999998,26.455,312.4530029296875,37.29999923706055,1.0,3.8826000690460205
NS(=O)(=O)c1cc2c(s1)C(O)CCS2(=O)=O,False,,,,15.70943475,30.0,45.0,283.35198974609375,114.52999877929688,2.0,-0.3937000036239624
CN1C(C(=O)Nc2ccccn2)=C(O)c2sccc2S1(=O)=O,False,,,,16.145333,30.0,45.0,337.3819885253906,99.5999984741211,2.0,1.6425000429153442
O=c1[nH]nc2ccccn12,False,,,,15.792399399999999,18.526539999999997,32.156,135.12600708007812,50.15999984741211,1.0,0.022600000724196434
CCCCC(=O)OCC(=O)C1(O)Cc2c(O)c3c(c(O)c2C(OC2CC(NC(=O)C(F)(F)F)C(O)C(C)O2)C1)C(=O)c1c(OC)cccc1C3=O,False,,,,16.204907411764705,30.0,45.0,723.6500244140625,215.22000122070312,5.0,2.4621999263763428
CSc1nc2ccncc2o1,False,,,,16.26064,18.811130000000002,19.422,166.2050018310547,38.91999816894531,0.0,1.944700002670288
S=C1NCCS1,False,,,,16.33369233333333,9.10463,17.6105,119.21399688720703,12.029999732971191,1.0,0.607699990272522
CC#CC1(O)CCC2C3CC(C)C4=CC(=O)CCC4(C)C3CCC21C,False,,,,16.78071984,13.262129999999999,26.455,340.5069885253906,37.29999923706055,1.0,4.518700122833252
CCCCc1nc(Cl)c(CO)n1Cc1ccc(-c2ccccc2-c2nnn[n-]2)cc1.[K+],False,,,,15.995348258064517,30.0,45.0,461.010009765625,90.81999969482422,1.0,0.8999000191688538
CC(=O)c1cc2ccccc2o1,False,,,,16.374419166666666,12.174259999999999,13.9735,160.1719970703125,30.209999084472656,0.0,2.6354000568389893
CC1=CCCC1C,False,,,,16.483105714285713,1.7637399999999999,1.0,96.1729965209961,0.0,0.0,2.362600088119507
CC(CCC(=O)O)n1nc2ccccc2n1,False,,,,16.184166,24.056089999999998,39.6035,219.24400329589844,68.01000213623047,1.0,1.857100009918213
CC(C=CC=C(C)C=CC1=C(C)CC(O)CC1(C)C)=CC=CC=C(C)/C=C/C=C(C)/C=C/C1=C(C)CC(O)CC1(C)C,False,,,,18.074188380952375,13.228060000000001,37.561,568.885986328125,40.459999084472656,2.0,10.54740047454834
Cc1cc(/C=C2\S/C(=N\c3ccccc3)N(C3CCCC3)C2=O)c(C)n1-c1ccc(C(F)(F)F)cc1,False,,,,17.378003555555555,18.002046,18.96,509.59698486328125,37.599998474121094,0.0,7.659540176391602
Nc1ccccc1-n1cccc1,False,,,,16.331892333333332,12.36505,24.232499999999998,158.20399475097656,30.950000762939453,1.0,2.059499979019165
c1ccc(C2=NN(c3ccccc3)C2)cc1,False,,,,16.50022625,9.51691,8.86,208.26400756835938,15.600000381469727,0.0,2.910900115966797
C=C1CCCCC1,False,,,,16.514125714285715,1.74933,1.0,96.1729965209961,0.0,0.0,2.506700038909912
CC1=CC=C(C)C2=C(C)C=CC(C)=C1C2,False,,,,16.874941333333332,1.5514499999999996,1.0,198.3090057373047,0.0,0.0,4.485499858856201
Nc1nnc(C2CC2)s1,False,,,,16.086785333333335,21.22423,33.93,141.19900512695312,51.79999923706055,1.0,0.9976999759674072
CC1(C)O[C@@H]2C[C@H]3[C@@H]4C[C@H](F)C5=CC(=O)CC[C@]5(C)[C@H]4[C@@H](O)C[C@]3(C)[C@]2(C(=O)CO)O1,False,,,,16.27061006451613,30.0,45.0,436.5199890136719,93.05999755859375,2.0,2.498699903488159
Cc1ncc2n1-c1ccc(Cl)cc1C(c1ccccc1F)=NC2,False,,,,16.716664869565218,14.499977999999999,15.162999999999998,325.77398681640625,30.18000030517578,0.0,4.324220180511475
CC1=C(C)CCC1,False,,,,16.514125714285715,1.74933,1.0,96.1729965209961,0.0,0.0,2.506700038909912
CCOC(=O)C1=C2c3ncccc3ON2C(Cl)C(Cl)C1Cl,False,,,,16.381204761904762,23.52295,25.081,349.60101318359375,51.65999984741211,0.0,2.758500099182129
CC(=O)C=P(c1ccccc1)(c1ccccc1)c1ccccc1,False,,,,16.648968695652176,7.235429999999999,8.1745,318.3559875488281,17.06999969482422,0.0,3.3717000484466553
COC(=O)[C@H](CSSC[C@@H](C(=O)OC)N1C(=O)[C@@H]2[C@H](C1=O)[C@@H]1C=C[C@H]2C1)N1C(=O)[C@@H]2[C@H](C1=O)[C@@H]1C=C[C@H]2C1,False,,,,15.998463157894736,30.0,45.0,560.6500244140625,127.36000061035156,0.0,1.0651999711990356
O=[N+]([O-])C=C1NCCS1,False,,,,15.94838911111111,21.890759999999997,35.1095,146.17100524902344,55.16999816894531,1.0,0.3984000086784363
Cc1ccccc1C1(C#N)Cc2ccccc2C(=O)O1,False,,,,16.439746500000002,18.2035,22.131500000000003,263.2959899902344,50.09000015258789,0.0,3.127000093460083
COc1ccc(C=C(Oc2ccc(Cl)cc2)c2nc3ccccc3s2)cc1,False,,,,17.2242762962963,16.98946,16.7725,393.8949890136719,31.350000381469727,0.0,6.535399913787842
c1ccc(-c2sc(-c3ccccc3)c(-c3ccccc3)c2-c2ccccc2)cc1,False,,,,17.639560000000003,3.65839,2.2,388.5350036621094,0.0,0.0,8.416099548339844
Cc1ccc(C(=O)C2=NOC3C(=O)N(c4ccc(O)cc4)C(=O)C23)cc1,False,,,,16.143221153846152,30.0,45.0,350.3299865722656,96.2699966430664,1.0,1.827720046043396
CCOc1cc(C(=S)N2CCCCC2)ccc1OCc1ccccc1,False,,,,16.893619200000003,12.92343,12.195,355.50299072265625,21.700000762939453,0.0,4.825699806213379
NS(=O)(=O)c1cc2c(cc1C(F)(F)F)NC(Cc1ccccc1)NS2(=O)=O,False,,,,16.064079555555555,30.0,45.0,421.4219970703125,118.36000061035156,3.0,1.6253999471664429
Clc1ccc2c(c1)C(N1CCNCC1)=Nc1ccccc1O2,False,,,,16.571917000000003,18.29188,28.701,313.7879943847656,36.86000061035156,1.0,3.4291999340057373
CCOC(=O)C=Cc1ccc(N=[N+]([O-])c2ccc(C=CC(=O)OCC)cc2)cc1,False,,,,16.78437820689655,30.0,40.06049999999999,394.427001953125,91.02999877929688,0.0,4.764900207519531
N#CC(C(=O)OCc1ccccc1)c1cc(C(F)(F)F)ccc1[N+](=O)[O-],False,,,,16.492524000000003,30.0,39.6305,364.27899169921875,93.2300033569336,0.0,3.9641799926757812
ClC(=Cc1ccccc1)c1cccc2ccccc12,False,,,,17.089291578947368,1.4423299999999997,1.0,264.7550048828125,0.0,0.0,5.576700210571289
CCS(=O)(=O)c1nnc(N(C)C(=O)NC)s1,False,,,,15.853259375,30.0,45.0,264.3320007324219,92.26000213623047,1.0,0.10729999840259552
c1ccc(-c2cc(-c3ccccc3)cc(-c3ccccc3)c2)cc1,False,,,,17.279395,1.3312399999999993,1.0,306.4079895019531,0.0,0.0,6.687600135803223
CC1CS1,False,,,,16.42994,4.38783,2.2,74.14800262451172,0.0,0.0,1.1217000484466553
COc1cc(OC)nc(NC(=O)NS(=O)(=O)c2c(-c3nnn(C)n3)cnn2C)n1,False,,,,15.509942206896552,30.0,45.0,424.40301513671875,180.92999267578125,2.0,-1.0717999935150146
c1ccc(COc2cccc(-c3nnn[nH]3)c2)cc1,False,,,,16.30415547368421,23.21963,38.091499999999996,252.27699279785156,63.689998626708984,1.0,2.44569993019104
O=C1CSC(=S)N1c1ccccc1,False,,,,16.408450769230768,12.950669999999999,11.708499999999999,209.2949981689453,20.309999465942383,0.0,2.051300048828125
Cc1cccc(C)c1OP(=O)(Oc1c(C)cccc1C)Oc1c(C)cccc1C,False,,,,17.325799517241382,19.338598,21.466,410.45001220703125,44.7599983215332,0.0,7.18202018737793
Nc1ccccc1NNc1ccccc1,False,,,,16.48817306666667,18.243620000000004,45.0,199.2570037841797,50.08000183105469,3.0,2.7077999114990234
CC1CCCC1=O,False,,,,16.15579142857143,7.4350499999999995,8.1745,98.1449966430664,17.06999969482422,0.0,1.375499963760376
CCCCC[C@H](O)/C=C/[C@H]1[C@H](O)CC(=O)[C@@H]1CCCCCCC(=O)O,False,,,,16.55070912,28.72189,45.0,354.48699951171875,94.83000183105469,3.0,3.475100040435791
c1ccc2c(c1)OCCOCCOCCOCCOCCO2,False,,,,16.11192,26.815980000000003,27.583000000000002,312.36199951171875,55.380001068115234,0.0,1.5241999626159668
Cc1ccc(C(=O)COc2c(C(=O)c3ccc(Cl)c(C)c3Cl)c(C)nn2C)cc1,False,,,,16.89062096551724,24.999714,28.4165,431.3190002441406,61.189998626708984,0.0,5.144859790802002
COc1ccccc1C1CNCCN1,False,,,,16.07536485714286,15.39929,36.2515,192.26199340820312,33.290000915527344,2.0,0.929099977016449
CN1C(=O)CC(c2ccccc2)C1=O,False,,,,16.042275714285715,13.61251,16.483,189.21400451660156,37.380001068115234,0.0,1.1589000225067139
Cn1c(=O)c(C2=NNC(=O)C2=NNc2c(Br)cc([N+](=O)[O-])cc2[N+](=O)[O-])c(O)c2ccccc21,False,,,,16.227624705882352,30.0,45.0,530.2509765625,194.36000061035156,3.0,2.125
CC(=O)Nc1nn(C(C)=O)c2ncccc12,False,,,,16.009277750000003,28.23342,43.908,218.21600341796875,76.87999725341797,1.0,1.0498000383377075
c1ccc(Cc2ccccn2)cc1,False,,,,16.43961076923077,6.55296,6.7115,169.2270050048828,12.890000343322754,0.0,2.6723999977111816
CCN(CC)CN1C(=O)C(=Cc2ccc(Cl)cc2)SC1=S,False,,,,16.755501904761907,15.85495,14.0425,340.9010009765625,23.549999237060547,0.0,3.8405001163482666
CCOC(=O)c1ccc(-n2cccc2)cc1,False,,,,16.379525625,14.856,15.5305,215.2519989013672,31.229999542236328,0.0,2.6540000438690186
C=C(C)[C@@H]1CC[C@]2(C(=O)O)CC[C@]3(C)[C@H](CC[C@@H]4[C@@]5(C)CCC(=O)C(C)(C)[C@@H]5CC[C@]43C)[C@@H]12,False,,,,17.336952,16.056829999999998,32.4295,454.69500732421875,54.369998931884766,1.0,7.297699928283691
N#CC(=NNc1cc(Cl)ccc1Cl)c1nc(-c2ccccc2)cs1,False,,,,17.006029083333335,24.946932,38.3745,373.26800537109375,61.06999969482422,1.0,5.456679821014404
Nc1ncnc2c1ncn2C1OC(CO)C(O)C1O,False,,,,15.330518736842105,30.0,45.0,267.2449951171875,139.5399932861328,4.0,-1.9800000190734863
Cc1ccc(NN=C2C(=O)NN=C2c2c(O)c3ccccc3n(C)c2=O)cc1,False,,,,16.217669857142855,30.0,45.0,375.38800048828125,108.08000183105469,3.0,1.8545199632644653
Oc1ccccc1C=Nc1ccccn1,False,,,,16.381661066666666,17.43262,30.518,198.22500610351562,45.47999954223633,1.0,2.5378000736236572
CCOC(=O)c1cc2c(=O)oc3ccccc3c2n(C)c1=O,False,,,,16.176195,30.0,35.6785,299.2820129394531,78.51000213623047,0.0,1.8215999603271484
NS(=O)(=O)c1cc2c(cc1Cl)NC(Cc1ccc(F)cc1)NS2(=O)=O,False,,,,16.07764032,30.0,45.0,405.8599853515625,118.36000061035156,3.0,1.3990999460220337
Cc1ccnc2c1NC(=O)c1cccnc1N2C1CC1,False,,,,16.3698212,22.196478,36.141999999999996,266.3039855957031,58.119998931884766,1.0,2.6512200832366943
COc1ccc(C(=O)C2CC2)cc1,False,,,,16.304554615384617,11.50521,12.605,176.21499633789062,26.299999237060547,0.0,2.287899971008301
CC1=C(CCC(=O)O)C2=CC3=NC(=CC4=NC(=CC5=NC(=CC1=N2)C(C(C)O)=C5C)C(C(C)O)=C4C)C(C)=C3CCC(=O)O,False,,,,16.872106,30.0,45.0,596.6840209960938,164.5,4.0,5.111199855804443
COc1ccc(NN=C2C(=O)OC(C)(C)OC2=O)cc1,False,,,,16.033301700000003,30.0,45.0,278.2640075683594,86.22000122070312,1.0,1.2992000579833984
CC1OC(C)OC(C)OC(C)O1,False,,,,16.063526666666668,18.50056,18.722,176.21200561523438,36.91999816894531,0.0,1.4503999948501587
COc1ccc2c(=O)c(=O)c2c1,False,,,,15.921433333333333,17.262159999999998,19.7795,162.1439971923828,43.369998931884766,0.0,0.44440001249313354
COc1ccc2c(c1OC)C(=O)OC2C1c2c(cc3c(c2OC)OCO3)CCN1C,False,,,,16.35291966666667,30.0,37.0915,413.4259948730469,75.69000244140625,0.0,2.8817999362945557
O=C1C(=Cc2ccc(Cl)cc2)SC(=S)N1CN1CCCCC1,False,,,,16.76447,15.84054,14.0425,352.9119873046875,23.549999237060547,0.0,3.984600067138672
N#CC(C#N)=C1Sc2nc3ccccc3nc2S1,False,,,,16.466765333333335,29.896164,33.876,268.32598876953125,73.36000061035156,0.0,3.086359977722168
Cn1c(=O)c(C2=NNC(=O)C2=NNc2cccc(Cl)c2)c(O)c2ccccc21,False,,,,16.288810857142856,30.0,45.0,395.8059997558594,108.08000183105469,3.0,2.19950008392334
CC(C)=CCCC(C)C1CCC2(C)C3=C(CCC12C)C1(C)CCC(O)C(C)(C)C1CC3,False,,,,17.638837935483874,7.29349,19.2805,426.72900390625,20.229999542236328,1.0,8.479100227355957
Cc1cc[nH]c(=O)c1,False,,,,16.01115575,10.346468,23.700999999999997,109.12799835205078,32.86000061035156,1.0,0.6833199858665466
CC(C)(C)N(NC(=O)c1ccccc1)C(=O)c1ccccc1,False,,,,16.517187,15.56657,30.6935,296.3699951171875,49.40999984741211,1.0,3.2723000049591064
CC(C)(C)N(NC(=O)c1ccccc1)C(=O)c1cc(F)c(F)c(F)c1F,False,,,,16.49431823076923,15.51093,30.6935,368.3299865722656,49.40999984741211,1.0,3.828700065612793
CC(C)(C)N(NC(=O)c1ccccc1)C(=O)c1ccc(C#N)cc1,False,,,,16.46284991666667,22.361602,40.220000000000006,321.3800048828125,73.19999694824219,1.0,3.143980026245117
c1ccc2c(c1)ccc1c3ccccc3ccc21,False,,,,16.99430666666667,1.4853799999999997,1.0,228.29400634765625,0.0,0.0,5.146200180053711
O=S(=O)([O-])CCN1CC[NH+](CCO)CC1,False,,,,15.131800933333334,30.0,45.0,238.3090057373047,85.11000061035156,2.0,-3.275599956512451
CC1(C)OC(=O)C(=Cc2ccc(Cl)cc2)C(=O)O1,False,,,,16.314802222222223,21.212050000000005,24.21,266.67999267578125,52.599998474121094,0.0,2.559499979019165
CC1=NN(c2ccccc2)C(=O)C1=Cc1c(O)c2cccc(C)c2[nH]c1=O,False,,,,16.533221407407407,27.101978,45.0,359.385009765625,85.76000213623047,2.0,3.348220109939575
Cc1ccc(C2C(C#N)=C(N)Oc3c2c(C(F)(F)F)nn3-c2ccccc2)cc1,False,,,,16.634896137931033,27.89303,43.901,396.37200927734375,76.86000061035156,1.0,4.417699813842773
O=C(NCc1ccccn1)c1cc([N+](=O)[O-])cc([N+](=O)[O-])c1,False,,,,16.11718,30.0,45.0,302.2460021972656,128.27000427246094,1.0,1.8279999494552612
N#CC1(C#N)C2COC(C3=C2CCCC3)C1(C#N)C#N,False,,,,16.117006,30.0,43.53649999999999,264.2879943847656,104.38999938964844,0.0,1.952720046043396
CC1(C)[C@H]2CC[C@]1(CS(=O)(=O)Cl)C(=O)C2,False,,,,16.2437064,18.52276,22.5235,250.7469940185547,51.209999084472656,0.0,1.9503999948501587
O=[N+]([O-])c1ccc2[nH]ncc2c1,False,,,,16.077935166666666,22.280489999999997,39.737,163.13600158691406,71.81999969482422,1.0,1.4710999727249146
N#CC1=Cc2ccccc2C1,False,,,,16.304656,8.567231999999999,10.526499999999999,141.17300415039062,23.790000915527344,0.0,2.1496798992156982
c1cncc(C2CCCCN2)c1,False,,,,16.274487833333332,11.29598,22.122,162.23599243164062,24.920000076293945,1.0,1.8961999416351318
CC(=O)SC1CC2=CC(=O)CC(SC(C)=O)C2(C)C2CCC3(C)C(CCC3(C)O)C12,False,,,,16.853418533333336,29.38063,43.20399999999999,450.6659851074219,71.44000244140625,1.0,4.785699844360352
CC(C)NCC(O)COc1cccc2c1C=CC2,False,,,,16.30097055555556,16.76884,39.1215,247.33799743652344,41.4900016784668,2.0,1.9936000108718872
N#CC1=C(N)Oc2[nH]nc(C(F)(F)F)c2C1c1ccc(Cl)cc1,False,,,,16.371085652173914,27.459592,45.0,340.6919860839844,87.72000122070312,2.0,3.3000800609588623
C1CN2CCN1CC2,False,,,,15.82772,8.20464,5.667999999999999,112.1760025024414,6.480000019073486,0.0,-0.3824000060558319
Cc1ccc(-c2ccc(C=C3C=C(CC(C)C)OC3=O)o2)cc1,False,,,,16.890581391304348,16.086678,18.403999999999996,308.37701416015625,39.439998626708984,0.0,5.125219821929932
O=C(O)CCCC[C@@H]1CCSS1,False,,,,16.55724633333333,15.935489999999998,27.655,206.33200073242188,37.29999923706055,1.0,2.785099983215332
C1=CC2C3C=CC(C3)C2C1,False,,,,16.389348,1.7615399999999999,1.0,132.20599365234375,0.0,0.0,2.3845999240875244
CCOC(=O)N1CCC(=C2c3ccc(Cl)cc3CCc3cccnc32)CC1,False,,,,16.84898814814815,16.648619999999998,19.450499999999998,382.8909912109375,42.43000030517578,0.0,4.887800216674805
Cc1ccc(S(=O)(=O)OC2Cc3ccccc3C2)cc1,False,,,,16.4215098,17.019828,19.7795,288.3680114746094,43.369998931884766,0.0,2.867719888687134
CC(=NNc1ccccc1)C1=Cc2ccccc2C1,False,,,,16.764150210526317,10.97879,21.9365,248.32899475097656,24.389999389648438,1.0,4.114099979400635
O=C1CN=C(c2ccccc2)c2cc(Cl)ccc2N1,False,,,,16.517822842105264,14.149849999999999,27.910999999999998,270.718994140625,41.459999084472656,1.0,3.129499912261963
c1ccc(N(c2ccc(-c3ccc(N(c4ccccc4)c4cccc5ccccc45)cc3)cc2)c2cccc3ccccc23)cc1,False,,,,18.458535652173907,6.906440000000002,5.667999999999999,588.7540283203125,6.480000019073486,0.0,12.599599838256836
CCOC(=O)c1oc2ccccc2c1N,False,,,,16.268222533333333,23.56363,38.711,205.21299743652344,65.45999908447266,1.0,2.191699981689453
O=[N+]([O-])c1cccc2cccc(C=Nc3ccccc3)c12,False,,,,16.782846095238096,19.04014,24.025,276.2950134277344,55.5,0.0,4.498600006103516
CC1(C)S[C@@H]2[C@H](N3C(=O)[C@@H](c4ccccc4)NC3(C)C)C(=O)N2[C@H]1C(=O)O,False,,,,16.103223333333336,30.0,45.0,389.47698974609375,89.94999694824219,2.0,1.4111000299453735
CCON=C(OC(=O)c1ccccc1)c1c(OC)ccc(Cl)c1OC,False,,,,16.6147332,28.55177,31.4225,363.7969970703125,66.3499984741211,0.0,3.9123001098632812
c1ccc(-c2noc(-c3ccccc3)n2)cc1,False,,,,16.524096470588237,16.16524,18.222,222.2469940185547,38.91999816894531,0.0,3.403599977493286
O=C(Nc1ccccc1)OC1CCCCCC1OC(=O)Nc1ccccc1,False,,,,16.882409925925927,25.28029,45.0,368.4330139160156,76.66000366210938,2.0,5.185100078582764
CC1(C)CCC(Cc2ccc(Cl)cc2)C1(O)Cn1cncn1,False,,,,16.534628,20.83505,33.629,319.83599853515625,50.939998626708984,1.0,3.3415000438690186
[O-][N+](=Nc1ccccc1)c1ccc(N=Nc2ccccc2)cc1,False,,,,17.055671652173913,22.764229999999998,27.9025,302.3370056152344,63.150001525878906,0.0,6.027699947357178
c1ccc(C2(N3CCCCC3)CCCCC2)cc1,False,,,,16.80295666666667,4.650009999999999,3.3339999999999996,243.3939971923828,3.240000009536743,0.0,4.331900119781494
Cc1ccc(-c2csc(C(C#N)=NNc3ccc(Cl)cc3Cl)n2)cc1,False,,,,17.07281096,24.91609,38.3745,387.2950134277344,61.06999969482422,1.0,5.765100002288818
CC1(C)OC(=O)CC1C(=O)O,False,,,,15.800816,20.90673,36.86000000000001,158.1529998779297,63.599998474121094,1.0,0.41269999742507935
CC(=O)OC1CC2C(C)C(=O)C3(C(O)CC4C(C)(C)CCCC4(CO)C13)C2O,False,,,,16.131758857142856,30.0,45.0,394.50799560546875,104.05999755859375,3.0,1.6899000406265259
c1ccc(-n2cccc2)cc1,False,,,,16.41084,5.13967,3.9254999999999995,143.18899536132812,4.929999828338623,0.0,2.477299928665161
CN1C(=O)CN=C(C2=CCCCC2)c2cc(Cl)ccc21,False,,,,16.632167000000003,12.520010000000001,14.8345,288.77801513671875,32.66999816894531,0.0,3.6059000492095947
OCCN(CCO)c1nc(N2CCCCC2)c2nc(N(CCO)CCO)nc(N3CCCCC3)c2n1,False,,,,15.852189555555555,30.0,45.0,504.635986328125,145.44000244140625,4.0,-0.01759999990463257
ClC1=C(Cl)C2(Cl)C3C4CC(C5OC45)C3C1(Cl)C2(Cl)Cl,False,,,,16.794516842105264,6.307259999999999,6.5855,380.9129943847656,12.529999732971191,0.0,4.481400012969971
O=CC=P(c1ccccc1)(c1ccccc1)c1ccccc1,False,,,,16.56908,7.274439999999999,8.1745,304.3290100097656,17.06999969482422,0.0,2.981600046157837
CN1CN(C)CN(C)C1,False,,,,15.859779999999999,11.282810000000001,8.001999999999999,129.20700073242188,9.720000267028809,0.0,-0.3321000039577484
c1ccc(N=Nc2ccc(Nc3ccccc3)cc2)cc1,False,,,,17.07829304761905,15.530439999999999,27.4625,273.3389892578125,36.75,1.0,5.845600128173828
O=C1CC(C(=O)O)=CO1,False,,,,15.626372888888888,20.95782,36.86000000000001,128.08299255371094,63.599998474121094,1.0,-0.0982000008225441
CC1(C)COC(=O)C1O,False,,,,15.737648444444444,17.882369999999998,30.8855,130.14300537109375,46.529998779296875,1.0,-0.06970000267028809
C=C1CCC(O)CC1=CC=C1CCCC2(C)C1CCC2C(C)/C=C/C(C)C(C)C,False,,,,17.481344689655174,7.3773,19.2805,396.65899658203125,20.229999542236328,1.0,7.640999794006348
CCCCS(=O)(=O)N[C@@H](Cc1ccc(OCCCCC2CCNCC2)cc1)C(=O)O,False,,,,16.457926666666665,30.0,45.0,440.6059875488281,104.7300033569336,3.0,2.950500011444092
CC1(C)OC(=O)C(=Cc2ccc(Cl)cc2Cl)C(=O)O1,False,,,,16.461234736842105,21.146710000000002,24.21,301.125,52.599998474121094,0.0,3.212899923324585
C=CC1CN2C(OC)CC1CC2C(O)c1ccnc2ccccc12,False,,,,16.492797333333336,19.892490000000002,31.7565,324.42401123046875,45.59000015258789,1.0,3.1370999813079834
COc1ccc2c(c1O)-c1cccc3c1C(C2)N(C)CC3,False,,,,16.498781714285716,15.070709999999998,26.045,281.3550109863281,32.70000076293945,1.0,3.152899980545044
CCOC(=O)C1=NN(c2ccccc2)C(=O)C1C(Cl)C1C(=O)N(c2ccccc2)N=C1C(=O)OCC,False,,,,16.362012777777778,30.0,45.0,510.9339904785156,117.94000244140625,0.0,2.757999897003174
CC(C)(C)N(NC(=O)c1ccccc1)C(=O)c1cc(Cl)ccc1Cl,False,,,,16.798503083333333,15.43589,30.6935,365.260009765625,49.40999984741211,1.0,4.579100131988525
CC(=O)C(C(C)=O)=C1SCCS1,False,,,,16.34844,17.9596,17.749,202.3000030517578,34.13999938964844,0.0,1.8559999465942383
Cc1nn(C)c(Oc2ccccc2)c1/C=N/OCc1ccc(C(=O)OC(C)(C)C)cc1,False,,,,16.84600883870968,30.0,35.629000000000005,421.49700927734375,74.94000244140625,0.0,5.026820182800293
CC(C)=C1OC(=O)N(c2cc(OC3CCCC3)c(Cl)cc2F)C1=O,False,,,,16.70967416666667,21.59344,25.343999999999998,353.7770080566406,55.84000015258789,0.0,4.577600002288818
Cc1ccc(C=C(Oc2cccc(C)c2)c2nc3ccccc3s2)cc1,False,,,,17.232853384615385,12.832576,12.342,357.4779968261719,22.1200008392334,0.0,6.490240097045898
OC[C@@H]1N=C(c2ccccc2)O[C@H]1c1ccccc1,False,,,,16.371360842105265,16.77104,29.237000000000002,253.30099487304688,41.81999969482422,1.0,2.5655999183654785
Brc1cnc(N2CCCC2)nc1OCc1ccccc1,False,,,,16.585143,18.543169999999996,19.1875,334.2170104980469,38.25,0.0,3.418299913406372
CC(CN(C)C)CN1c2ccccc2CCc2ccccc21,False,,,,16.77436,7.754299999999999,5.667999999999999,294.4419860839844,6.480000019073486,0.0,4.120999813079834
CC(=O)N=c1sc(C(C)=O)nn1-c1ccc(F)cc1,False,,,,16.127826842105264,25.905329999999996,29.511999999999997,279.2959899902344,64.31999969482422,0.0,1.7226999998092651
O=S(=O)(c1ccccc1)n1ccc2ccccc21,False,,,,16.442995333333336,16.24477,18.2745,257.3139953613281,39.06999969482422,0.0,2.8782999515533447
CC1(C)OC(C)(C(O)C2CCCCC2)CCC1C(=O)O,False,,,,16.4368366,21.21919,45.0,284.39599609375,66.76000213623047,2.0,2.976099967956543
O=C1CN=C(c2ccccc2Cl)c2cc([N+](=O)[O-])ccc2N1,False,,,,16.444381,26.924229999999998,45.0,315.71600341796875,84.5999984741211,1.0,3.0376999378204346
CCCCOc1ccc(/N=N/c2ccc(N)nc2N)cn1,False,,,,16.504827428571428,30.0,45.0,286.3389892578125,111.7699966430664,2.0,3.235300064086914
CC1(C)SC2C(NC(=O)C3(N)CCCCC3)C(=O)N2C1C(=O)O,False,,,,15.875314695652174,30.0,45.0,341.4330139160156,112.7300033569336,3.0,0.27970001101493835
COC(=O)[C@H](c1ccccc1Cl)N1CCc2sccc2C1.O=S(=O)(O)O,False,,,,16.440384153846153,30.0,45.0,419.9079895019531,104.13999938964844,2.0,3.0211000442504883
Cc1ccc(Sc2ccccc2NS(=O)(=O)c2ccc(C)cc2)cc1,False,,,,16.9639252,17.285056,30.759500000000003,369.510986328125,46.16999816894531,1.0,5.2554402351379395
CN1CCN(C(=O)OC2c3nccnc3C(=O)N2c2ccc(Cl)cn2)CC1,False,,,,16.098922592592594,30.0,41.51599999999999,388.81500244140625,91.76000213623047,0.0,1.5679999589920044
N#Cc1ccc(C(Cl)C(Cl)c2cccc(C(Cl)C(Cl)c3ccc(C#N)cc3[N+](=O)[O-])c2)c([N+](=O)[O-])c1,False,,,,17.38707688888889,30.0,45.0,564.2119750976562,133.86000061035156,0.0,7.766359806060791
Cc1sc(-c2cccnc2)nc1-c1ccccc1,False,,,,16.75910177777778,13.722348,13.623,252.3419952392578,25.780000686645508,0.0,4.180520057678223
C1CCC(C(C2CCCCC2)C2CCCCC2)CC1,False,,,,17.23224210526316,1.3656499999999991,1.0,262.4809875488281,0.0,0.0,6.343500137329102
CCOC1Oc2ccc(C)cc2C(=O)C1=CNc1nc2ccc(Cl)cc2s1,False,,,,16.91744488888889,27.361818,39.3575,400.8869934082031,60.45000076293945,1.0,5.19182014465332
CCCC(CC)C1(CC)C(=O)NC(=O)NC1=O,False,,,,16.131535764705884,22.891090000000002,45.0,240.30299377441406,75.2699966430664,2.0,1.5750999450683594
C=CCOc1cccc(OCC=Cc2ccccc2)c1Br,False,,,,16.972510476190475,9.812190000000001,9.861,345.2359924316406,18.459999084472656,0.0,5.106100082397461
CC12CCC(=O)C=C1CCC1C2C(O)CC2(C)C1CCC2(O)C(=O)CO,False,,,,16.16137107692308,30.0,45.0,362.46600341796875,94.83000183105469,3.0,1.781599998474121
CC(=O)OCC1OC(n2cnc3c(N)ncnc32)C(OC(C)=O)C1OC(C)=O,False,,,,15.664515999999999,30.0,45.0,393.3559875488281,157.75,1.0,-0.26759999990463257
O=C(c1ccccc1)c1ccsc1C(=O)O,False,,,,16.376311,19.01887,33.6295,232.25999450683594,54.369998931884766,1.0,2.677299976348877
O=C(O)CC1C=CCC1,False,,,,16.119426222222224,11.071269999999998,25.255,126.15499877929688,37.29999923706055,1.0,1.427299976348877
Cc1cccc(C(=O)N(NC(=O)c2ccccc2)C(C)(C)C)c1,False,,,,16.58667156521739,15.535728,30.6935,310.3970031738281,49.40999984741211,1.0,3.5807199478149414
Cc1ccc(OP(=O)(Oc2ccc(C)cc2)Oc2ccc(C)cc2)cc1,False,,,,17.123123153846155,19.431124,21.466,368.3689880371094,44.7599983215332,0.0,6.256760120391846
Clc1ccc(COC(Cn2ccnc2)c2ccc(Cl)cc2Cl)cc1.O=[N+]([O-])O,False,,,,16.927147785714286,30.0,45.0,444.7019958496094,90.41999816894531,1.0,5.453700065612793
O=C(C(=S)N1CCOCC1)c1ccccc1,False,,,,16.210014375,14.66431,14.939,235.30799865722656,29.540000915527344,0.0,1.5289000272750854
CCC1=C(C)C2=CCC=CC2=N1,False,,,,16.560470000000002,6.4236699999999995,6.526,159.23199462890625,12.359999656677246,0.0,3.0113000869750977
O=C(O)Cc1nn(Cc2nc3cc(C(F)(F)F)ccc3s2)c(=O)c2ccccc12,False,,,,16.506793655172416,30.0,45.0,419.3840026855469,85.08000183105469,1.0,3.7004001140594482
Clc1c(Cl)c(Cl)c2c(c1Cl)OC(c1ccccc1)O2,False,,,,17.04470421052632,9.74578,9.861,336.0010070800781,18.459999084472656,0.0,5.770199775695801
Cc1ccc(S(=O)(=O)OI(O)c2ccccc2)cc1,False,,,,16.51566252631579,23.158118,38.06,392.2139892578125,63.599998474121094,1.0,2.898819923400879
C[C@]12CC[C@H](O)CC1=CC[C@@H]1[C@@H]2CC[C@]2(C)C(c3cccnc3)=CC[C@@H]12,False,,,,16.97077753846154,12.42174,24.991999999999997,349.51800537109375,33.119998931884766,1.0,5.398600101470947
Oc1ccc(Cl)cc1-c1cc[nH]n1,False,,,,16.345114615384617,15.560229999999999,40.518499999999996,194.62100219726562,48.90999984741211,2.0,2.435699939727783
N#CC(=CN(O)c1ccccc1)c1ccccc1,False,,,,16.55396988888889,17.662111999999997,31.141,236.2740020751953,47.2599983215332,1.0,3.4468801021575928
O=CC(O)C1OC(=O)C(O)C1O,False,,,,15.061360666666666,30.0,45.0,176.12399291992188,104.05999755859375,3.0,-2.8066000938415527
Cc1cc(C)c2cnn(-c3ccccc3)c2n1,False,,,,16.491855058823532,14.724065999999999,15.3485,223.2790069580078,30.709999084472656,0.0,3.037339925765991
O=c1ccc2cc3ccoc3cc2o1,False,,,,16.329005714285714,17.04908,19.7725,186.16600036621094,43.349998474121094,0.0,2.5392000675201416
O=C(O)C1=CCCC1,False,,,,16.0494295,11.095869999999998,25.255,112.12799835205078,37.29999923706055,1.0,1.1813000440597534
CC(c1c(O)c2ccccc2oc1=O)c1c(O)c2ccccc2oc1=O,False,,,,16.503218923076922,30.0,45.0,350.32598876953125,100.87999725341797,2.0,3.462399959564209
O=C(Cc1ccc(-c2ccccc2)cc1)Nc1ccccn1,False,,,,16.670447000000003,14.16522,28.0965,288.3500061035156,41.9900016784668,1.0,3.929800033569336
CCCc1nc(O)n(-c2ccccc2)n1,False,,,,16.221355733333333,20.97666,33.629,203.2449951171875,50.939998626708984,1.0,1.9254000186920166
O=P(N1CC1)(N1CC1)N1CC1,False,,,,15.85477,9.193869999999999,11.334999999999997,173.156005859375,26.100000381469727,0.0,0.04129999876022339
CC(=NCc1cccnc1)c1c(O)c2ccccc2n(-c2ccccc2)c1=O,False,,,,16.69508557142857,26.236349999999998,40.617999999999995,369.42401123046875,67.4800033569336,1.0,4.100500106811523
COC(=O)[C@H]1[C@@H](OC(=O)c2ccccc2)C[C@@H]2CC[C@H]1N2C,False,,,,16.176955,24.364430000000002,26.544,303.3580017089844,55.84000015258789,0.0,1.8676999807357788
CC(=O)Oc1cc(C)ccc1C1(C)CC(C)(C)c2ccc(C)cc2O1,False,,,,16.9146,15.374975999999998,17.0355,338.4469909667969,35.529998779296875,0.0,5.204239845275879
O=C(O)CC1CCCC1=O,False,,,,15.9272776,16.70357,32.4295,142.1540069580078,54.369998931884766,1.0,0.830299973487854
CC(=O)N(C1=NC(=O)/C(=C/c2cc(C)n(-c3ccccc3)c2C)S1)c1ccccc1,False,,,,16.924444666666666,21.328846000000002,24.9345,415.51800537109375,54.66999816894531,0.0,5.117539882659912
O=C1Cc2cc3c(cc21)C(=O)C3,False,,,,16.012208333333334,13.02878,15.349,158.156005859375,34.13999938964844,0.0,1.164199948310852
O=C(O)C1=Cc2cc(Cl)ccc2OC1,False,,,,16.266019714285715,15.155359999999998,29.685499999999998,210.61599731445312,46.529998779296875,1.0,2.2004001140594482
COc1ccccc1C=C(C(N)=O)c1nc2ccccc2s1,False,,,,16.562954,23.40472,38.6235,310.37799072265625,65.20999908447266,1.0,3.3308000564575195
Cc1c(-c2ccccc2)c2ccccc2n1C,False,,,,16.776640470588237,4.972027999999999,3.9254999999999995,221.30299377441406,4.929999828338623,0.0,4.153719902038574
NS(=O)(=O)c1cc(C(=O)c2ccc(O)cc2)cs1,False,,,,16.088138333333333,30.0,45.0,283.3299865722656,97.45999908447266,2.0,1.3321000337600708
CC1=C(C)C2=CC=C3C(O)=C(CC(C)O)C(=O)C(O)=C3C2(C)CC1=O,False,,,,16.44661152,30.0,45.0,342.3909912109375,94.83000183105469,3.0,3.1461000442504883
CC(=O)C1(O)CCC2C3CCC4=CC(=O)CCC4(C)C3CCC21C,False,,,,16.614137333333336,18.90276,33.6295,330.4679870605469,54.369998931884766,1.0,3.838399887084961
O=C(O)CSc1nnc(S)s1,False,,,,16.111116,28.25405,45.0,208.28900146484375,63.08000183105469,2.0,1.003499984741211
CCCCN(CCN(CCCC)C(=O)N1CCOCC1)C(=O)N1CCOCC1,False,,,,16.271798571428572,23.591300000000004,28.746,398.5480041503906,65.55999755859375,0.0,2.0950000286102295
CN(CCOc1ccc(NS(C)(=O)=O)cc1)CCc1ccc(NS(C)(=O)=O)cc1,False,,,,16.280471724137932,30.0,45.0,441.57501220703125,104.80999755859375,2.0,1.9829000234603882
CCc1nnc(NC(=O)CCCCCNC(C)=O)s1,False,,,,16.21631305263158,29.44285,45.0,284.385009765625,83.9800033569336,2.0,1.7354999780654907
BrC1(c2ccccc2)c2ccccc2-c2ccccc21,False,,,,17.029179,1.4646199999999996,1.0,321.2170104980469,0.0,0.0,5.353799819946289
Cc1c2ccccc2cc2ccc3ccccc3c12,False,,,,17.06004715789474,1.4545379999999994,1.0,242.3209991455078,0.0,0.0,5.454619884490967
CCCC(=O)OCC(=O)C1(O)CCC2C3CCC4=CC(=O)CCC4(C)C3C(O)CC21C,False,,,,16.43501006451613,30.0,45.0,432.5570068359375,100.9000015258789,2.0,3.1326000690460205
c1ccc(COCc2ccccc2)cc1,False,,,,16.580876,5.82106,5.4305,198.26499938964844,9.229999542236328,0.0,3.40339994430542
COc1cc2c(cc1OC)C(=O)C(CC1CCN(Cc3ccccc3)CC1)C2,False,,,,16.737531071428574,18.54249,19.3695,379.5,38.77000045776367,0.0,4.361100196838379
CN1CCCN(C)CCN(C)CCCN(C)CC1,False,,,,16.06974888888889,14.282060000000001,10.335999999999999,256.43798828125,12.960000038146973,0.0,0.5073999762535095
O=C1CCCCC1Cc1ccccc1,False,,,,16.495138571428573,7.273759999999999,8.1745,188.27000427246094,17.06999969482422,0.0,2.9883999824523926
c1ccc2c(c1)CCc1ccccc1N2C1CN2CCC1CC2,False,,,,16.715859130434783,7.76465,5.667999999999999,304.43701171875,6.480000019073486,0.0,4.017499923706055
CCOC(=O)C=C1SC(N2CCCCC2)C(=O)N1CC,False,,,,16.227606,23.29318,24.447499999999998,298.4079895019531,49.849998474121094,0.0,1.798200011253357
Cc1cc(=S)cc(C)o1,False,,,,16.478910444444445,9.102606999999999,7.9990000000000006,140.20700073242188,13.140000343322754,0.0,2.625930070877075
Cc1cccc(N2C(=O)C3ON=C(C(=O)c4ccco4)C3C2=O)c1,False,,,,16.099351916666667,30.0,39.413,324.2919921875,89.18000030517578,0.0,1.7151199579238892
Cc1ccc(-n2c(C)ccc2C)cc1,False,,,,16.623054857142858,5.047143999999999,3.9254999999999995,185.27000427246094,4.929999828338623,0.0,3.402559995651245
CN=C1CN(O)C(c2ccccc2)=c2cc(Cl)ccc2=N1,False,,,,16.23974619047619,17.989279999999997,31.466499999999996,299.760986328125,48.189998626708984,1.0,1.8492000102996826
Cc1ccccc1P(Cl)c1ccccc1C,False,,,,16.800974250000003,1.6110059999999997,1.0,248.6929931640625,0.0,0.0,3.889940023422241
CC1(C)[C@H]2CC[C@]1(C)C(=O)C2,False,,,,16.36506,7.33243,8.1745,152.23699951171875,17.06999969482422,0.0,2.401700019836426
Cc1ccn2c(=O)c3ccccc3cc2c1,False,,,,16.4584865,10.590288000000001,10.918000000000001,209.2480010986328,21.479999542236328,0.0,2.761120080947876
c1ccc(C2CNCCN2)cc1,False,,,,16.101782333333336,11.23875,31.820999999999998,162.23599243164062,24.059999465942383,2.0,0.9204999804496765
CCCC(C(=O)OCC)n1nc2ccccc2n1,False,,,,16.299526666666665,24.52824,26.953500000000002,247.29800415039062,57.0099983215332,0.0,2.335599899291992
CC(CC(N)=O)n1nc2ccccc2n1,False,,,,15.995612533333333,25.197229999999998,41.629999999999995,204.23300170898438,73.80000305175781,1.0,0.8676999807357788
COC(=O)C1(C)C(C(C)=O)=Nc2ccccc21,False,,,,16.181357647058825,21.852159999999998,25.305500000000002,231.25100708007812,55.72999954223633,0.0,1.7924000024795532
CCCOC1CCC2C3CCC4=CC(=O)CCC4(C)C3CCC12C,False,,,,16.9494925,11.20265,12.605,330.5119934082031,26.299999237060547,0.0,5.313499927520752
CC(C)(C)N(NC(=O)c1ccccc1)C(=O)c1ccccc1Br,False,,,,16.705829304347827,15.49032,30.6935,375.2659912109375,49.40999984741211,1.0,4.034800052642822
O=C(/C=C/C=C/c1ccccc1)/C=C/C=C/c1ccccc1,False,,,,16.96133,7.063129999999999,8.1745,286.3739929199219,17.06999969482422,0.0,5.094699859619141
CCCCCC(=O)OC1(C(C)=O)CCC2C3CCC4=CC(=O)CCC4C3CCC21C,False,,,,16.964652666666666,22.32125,26.954,414.58599853515625,60.439998626708984,0.0,5.579500198364258
CCCCC(=O)OC1(C(=O)CO)CCC2C3CCC4=CC(=O)CCC4(C)C3C(O)CC21C,False,,,,16.519506625,30.0,45.0,446.5840148925781,100.9000015258789,2.0,3.522700071334839
CC1=NNC(=N)Nc2c1c(=O)n(-c1ccccc1)c1ccccc21,False,,,,16.415124083333332,26.542143000000003,45.0,317.35198974609375,82.2699966430664,3.0,2.6645700931549072
OC1OCCOC1O,False,,,,15.391734,22.738599999999998,45.0,120.10399627685547,58.91999816894531,2.0,-1.3300000429153442
O=[N+]([O-])c1cccc(S(=O)(=O)NCCNS(=O)(=O)c2cccc([N+](=O)[O-])c2)c1,False,,,,15.910722714285713,30.0,45.0,430.4200134277344,178.6199951171875,2.0,0.7598000168800354
Cc1c(C)c2c(c(C)c1O)CCC(C)(COc1ccc(CC3SC(=O)NC3=O)cc1)O2,False,,,,16.72810070967742,30.0,45.0,441.54901123046875,84.86000061035156,2.0,4.374259948730469
N#CC1(OC(=O)c2ccccc2)Cc2ccccc21,False,,,,16.366073368421052,18.234341999999998,22.131499999999996,249.2689971923828,50.09000015258789,0.0,2.818579912185669
O=C1CCCCCCCCC1,False,,,,16.5472,7.2646,8.1745,154.2530059814453,17.06999969482422,0.0,3.0799999237060547
Cc1nnc(S)s1,False,,,,16.22955257142857,16.526878,24.823,132.21299743652344,25.780000686645508,1.0,1.1352200508117676
CC(=O)OC1CC2(O)C(C)C(=O)C3(C(O)CC4C(C)(C)CCC(OC(C)=O)C4(C)C13)C2O,False,,,,16.044878375,30.0,45.0,452.54400634765625,130.36000061035156,3.0,1.3739999532699585
CCCCCOC(=O)C1=C(C)NC(=O)NC1c1ccco1,False,,,,16.327517523809526,26.238509999999998,45.0,292.3349914550781,80.56999969482422,2.0,2.640899896621704
CC(=O)N(Nc1ccccc1)c1ccc(-c2ccc(N=Nc3ccccc3)cc2)cc1,False,,,,17.32201141935484,21.5559,35.771,406.489013671875,57.060001373291016,1.0,7.14900016784668
CC(C)OC(=O)c1cc(-c2nn(C)c(C(F)(F)F)c2Br)c(F)cc1Cl,False,,,,16.809636400000002,19.41899,21.242,443.62200927734375,44.119998931884766,0.0,5.226099967956543
O=c1c(=O)c2ccccc12,False,,,,15.94208,13.101619999999999,15.349,132.1179962158203,34.13999938964844,0.0,0.4357999861240387
CCSC(SCC)=C1CCCC(=C(SCC)SCC)C1=C(C#N)C#N,False,,,,17.434342400000002,24.869434,24.852999999999998,410.6990051269531,47.58000183105469,0.0,6.949659824371338
Cc1cccc2cc3ccc4ccccc4c3cc12,False,,,,17.06004715789474,1.4545379999999994,1.0,242.3209991455078,0.0,0.0,5.454619884490967
CC12CCC(CC1)C(C)(C)O2,False,,,,16.45936,5.88699,5.4305,154.2530059814453,9.229999542236328,0.0,2.7441000938415527
CN(C)c1ccc(CNC2=CC(=O)c3ccccc3C2=O)cc1,False,,,,16.42953104347826,20.61327,33.0935,306.364990234375,49.40999984741211,1.0,2.805299997329712
CC(C)C1=C(O)C(=O)C2=C(C1=O)C1OC1C1C(C)(C)CCCC21C,False,,,,16.523009000000002,23.69035,39.21499999999999,330.42401123046875,66.9000015258789,1.0,3.5164999961853027
O=C1NC(=S)NC(=O)C1=Cc1ccc(Br)o1,False,,,,16.0612205,24.74556,45.0,301.1210021972656,71.33999633789062,2.0,0.9563999772071838
CC1C(=O)C23C4CC5C(C)(C)CCC(O)C5(C)C2C(O)CC1C3OC(C)(C)O4,False,,,,16.394556142857144,27.88662,45.0,392.5360107421875,75.98999786376953,2.0,2.915800094604492
CCCCOC(=O)[C@@H](C)Oc1ccc(Oc2ccc(C(F)(F)F)cn2)cc1,False,,,,16.747942962962963,24.37667,27.177500000000002,383.3659973144531,57.650001525878906,0.0,5.003300189971924
C(=NC1CCCCC1)=NC1CCCCC1,False,,,,16.698072,11.067029999999999,12.052,206.33299255371094,24.719999313354492,0.0,3.825700044631958
O=[N+]([O-])c1ccc(N/N=C/c2cccs2)cc1,False,,,,16.508640117647058,26.34517,40.6355,247.2790069580078,67.52999877929688,1.0,3.102299928665161
CC12CCC3C4CCC(=O)C=C4CCC3C1CCC2OC(=O)CCc1ccccc1,False,,,,16.990624,16.73932,19.7795,406.5660095214844,43.369998931884766,0.0,5.672800064086914
O=C(Cc1ccccc1)C(Cc1ccccc1)=NNc1ccc([N+](=O)[O-])cc1,False,,,,16.743428642857143,29.286279999999998,45.0,373.4119873046875,84.5999984741211,1.0,4.417200088500977
C1=CC2=CC=Cc3c(c(c4cccc5cccc3c54)=C1)C2,False,,,,16.865940000000002,1.5442099999999996,1.0,266.3429870605469,0.0,0.0,4.5578999519348145
CCOC(=O)c1cc2cc(OCc3ccccc3)ccc2[nH]1,False,,,,16.635012,18.34524,32.562,295.3380126953125,51.31999969482422,1.0,3.9235999584198
C1CCC(C2CCCCC2)CC1,False,,,,16.80381666666667,1.5852999999999997,1.0,166.30799865722656,0.0,0.0,4.146999835968018
Cc1ccc(C(=O)C2=NOC3C(=O)N(c4ccc(F)cc4)C(=O)C23)cc1,False,,,,16.215479000000002,27.961077999999997,33.614,352.3210144042969,76.04000091552734,0.0,2.2612199783325195
CC1=Cc2ccccc2C1,False,,,,16.492734,1.7353999999999998,1.0,130.19000244140625,0.0,0.0,2.6459999084472656
Clc1cccc(Cl)c1N=C1NCCN1,False,,,,16.37072057142857,10.83823,34.947,230.09800720214844,36.41999816894531,2.0,2.1737000942230225
O=C(C1=NOC2C(=O)N(c3ccc(Cl)cc3)C(=O)C12)c1ccco1,False,,,,16.170850416666667,30.0,39.413,344.7099914550781,89.18000030517578,0.0,2.0601000785827637
c1cc(NNc2cccc(-n3cccn3)c2)cc(-n2cccn2)c1,False,,,,16.5644895,27.3963,45.0,316.3680114746094,59.70000076293945,2.0,3.496999979019165
COc1cc(C=C2SC(=S)N(CNc3ccc([N+](=O)[O-])cc3)C2=O)ccc1O,False,,,,16.59012135714286,30.0,45.0,417.4679870605469,104.94000244140625,2.0,3.5797998905181885
Oc1ccc(Br)cc1-c1ccno1,False,,,,16.430158153846154,17.54583,30.791000000000004,240.05599975585938,46.2599983215332,1.0,2.8097000122070312
O=C(O)c1nc(O)n(-c2ccccc2)n1,False,,,,15.867305466666666,30.0,45.0,205.17300415039062,88.23999786376953,2.0,0.6711000204086304
O=C(OOC(=O)c1ccc(Cl)cc1Cl)c1ccc(Cl)cc1Cl,False,,,,16.88335,20.9451,24.21,380.010009765625,52.599998474121094,0.0,5.229000091552734
CC1=C(C)S(=O)(=O)CCS1(=O)=O,False,,,,15.858572666666667,24.2823,29.698,210.2760009765625,68.27999877929688,0.0,0.08100000023841858
CC1(c2ccccc2)CCOCO1,False,,,,16.310724615384615,10.09318,9.861,178.2310028076172,18.459999084472656,0.0,2.2962000370025635
Cc1csc(NS(=O)(=O)c2ccc(N)cc2)n1,False,,,,16.253554470588234,29.630948,45.0,269.35101318359375,85.08000183105469,2.0,1.8345199823379517
COc1ccc2c(c1O)CN1CCC(=O)CC1C2O,False,,,,15.984295368421053,27.00187,45.0,263.2929992675781,70.0,2.0,0.9812999963760376
OC[C@@]1(O)CO[C@](O)(CO)CO1,False,,,,15.138545333333333,30.0,45.0,180.156005859375,99.37999725341797,4.0,-2.6050000190734863
C1COCCOCCOCCOCCOCCN1,False,,,,15.752977444444445,27.50514,38.563,263.3340148925781,58.18000030517578,1.0,-0.32739999890327454
CC(=O)OCC1OC(OC2OC=CC3C(OC(=O)c4ccc(OC(C)=O)cc4)C4OC4(COC(C)=O)C23)C(OC(C)=O)C(OC(C)=O)C1OC(C)=O,False,,,,15.90977096153846,30.0,45.0,734.6599731445312,224.32000732421875,0.0,1.0536999702453613
O=C(Nc1ccc(Cl)cc1)Nc1ccc(Cl)c(Cl)c1,False,,,,16.990906736842106,11.37432,36.5955,315.5870056152344,41.130001068115234,2.0,5.290800094604492
CCc1nnc(N)s1,False,,,,16.0632735,21.25573,33.93,129.18800354003906,51.79999923706055,1.0,0.682699978351593
CC(C)(C)c1ccc(CSc2cnn(C(C)(C)C)c(=O)c2Cl)cc1,False,,,,16.994355000000002,17.756050000000002,18.011499999999998,364.9419860839844,34.88999938964844,0.0,5.241499900817871
CCC(C(N)=O)n1nc2ccccc2n1,False,,,,15.995612533333333,25.197229999999998,41.629999999999995,204.23300170898438,73.80000305175781,1.0,0.8676999807357788
CN(C)c1ccc(C=C2C3=C(CCCC3)OC3=C2CCCC3)cc1,False,,,,17.088654166666668,8.66236,7.7645,321.4639892578125,12.470000267028809,0.0,5.822400093078613
CCOC(=O)C1=C(C)NC(=O)NC1C,False,,,,15.897940571428572,21.58492,45.0,198.2220001220703,67.43000030517578,2.0,0.5248000025749207
C1=CCC(c2ccccc2)(c2ccccc2)C=C1,False,,,,16.833505555555554,1.5511199999999996,1.0,232.3260040283203,0.0,0.0,4.488800048828125
CC(=O)Oc1ccc(C2(c3ccc(OC(C)=O)cc3)Oc3ccccc3NC2=O)cc1,False,,,,16.557088838709678,30.0,45.0,417.4169921875,90.93000030517578,1.0,3.8118999004364014
O=C1C(O)=C(c2ccccc2)S(=O)(=O)C1c1ccccc1,False,,,,16.359072952380952,24.594,40.803999999999995,300.3349914550781,71.44000244140625,1.0,2.6519999504089355
CC(=O)N1C(=O)[C@@](O)([C@H]2c3ccccc3O[C@@H]2Cl)c2ccccc21,False,,,,16.307959833333335,23.780359999999998,39.193999999999996,343.7659912109375,66.83999633789062,1.0,2.5083999633789062
c1ccc2c3c(ccc2c1)-c1cccc2cccc-3c12,False,,,,17.072804,1.4359599999999997,1.0,252.3159942626953,0.0,0.0,5.640399932861328
Brc1cnc(N2CCCCC2)nc1OCc1ccccc1,False,,,,16.66860380952381,18.50416,19.1875,348.2439880371094,38.25,0.0,3.8083999156951904
CC(=O)n1nc2oc3ccccc3cc-2c1=O,False,,,,16.14277,26.042559999999998,29.784999999999997,228.20700073242188,65.0999984741211,0.0,1.7544000148773193
ClC1=C(Cl)C2(Cl)C3C(Cl)C(Cl)CC3C1(Cl)C2(Cl)Cl,False,,,,17.1292,1.4317199999999999,1.0,409.7820129394531,0.0,0.0,5.682799816131592
CC12CCC(O)CC1CCC1C2CCC2(C)C1CCC2(O)C#Cc1ccccc1,False,,,,16.91458731034483,13.765519999999999,37.561,392.5830078125,40.459999084472656,2.0,5.172800064086914
CC=Cc1nc(O)n(-c2ccccc2)n1,False,,,,16.247933066666665,20.9686,33.629,201.22900390625,50.939998626708984,1.0,2.00600004196167
c1ccc(C2CCc3ccccc3O2)cc1,False,,,,16.638472500000002,5.78611,5.4305,210.2760009765625,9.229999542236328,0.0,3.7528998851776123
Cc1cccc2sc3nncn3c12,False,,,,16.349217846153845,17.208958,16.3665,189.2429962158203,30.190000534057617,0.0,2.252419948577881
CN(C)c1ccc(C=C2C(=O)OC(C)(C)OC2=O)cc1,False,,,,16.219519000000002,24.353990000000003,26.544,275.3039855957031,55.84000015258789,0.0,1.972100019454956
O=C(C=COC(=O)c1ccccc1)CCc1ccccc1,False,,,,16.557935714285716,16.950699999999998,19.7795,280.322998046875,43.369998931884766,0.0,3.559000015258789
N#Cc1cc(N=CC=Cc2ccccc2)n(-c2c(Cl)cc(C(F)(F)F)cc2Cl)n1,False,,,,17.10824151724138,21.066072,24.6895,435.2359924316406,53.970001220703125,0.0,6.4852800369262695
CC1=CC(c2ccccc2)OC(C)=C1,False,,,,16.629602857142856,5.8006,5.4305,186.25399780273438,9.229999542236328,0.0,3.6080000400543213
Nc1nnc(C(F)(F)F)s1,False,,,,15.8729348,21.210089999999997,33.93,169.13099670410156,51.79999923706055,1.0,1.1390999555587769
CC(=O)c1nn(-c2ccc(F)cc2)c(=N)s1,False,,,,16.13829425,24.897703,37.559,237.25900268554688,58.7400016784668,1.0,1.7549699544906616
Cc1ccc2[nH]ncc2c1,False,,,,16.2725394,9.475268,22.237999999999996,132.16600036621094,28.68000030517578,1.0,1.8713200092315674
CC1CCC2CC1C2(C)C,False,,,,16.578792,1.6921399999999998,1.0,138.25399780273438,0.0,0.0,3.0785999298095703
CN1CCNC(c2ccccc2)C1,False,,,,16.17793953846154,9.62233,18.7445,176.26300048828125,15.270000457763672,1.0,1.2626999616622925
Cc1ccc(-c2csc(C(C#N)=NNc3cccc(C)c3)n2)cc1,False,,,,16.863032083333334,25.015928,38.3745,332.4320068359375,61.06999969482422,1.0,4.766719818115234
c1coc(CSSCc2ccco2)c1,False,,,,16.73379142857143,16.334979999999998,14.998000000000001,226.32200622558594,26.280000686645508,0.0,3.954200029373169
C=CC=c1c(=CC)c(O)c(C2=NNC(=O)C2=CNc2ccncc2)c(=O)n1C,False,,,,15.865278,30.0,45.0,377.40399169921875,108.61000061035156,3.0,0.08269999921321869
O=C1CCCCCO1,False,,,,16.0299625,11.62364,12.605,114.14399719238281,26.299999237060547,0.0,1.103600025177002
Nc1ccc(S(=O)(=O)NC(=O)c2ccccc2)cc1,False,,,,16.110586736842105,27.928049999999995,45.0,276.3169860839844,89.26000213623047,2.0,1.3875000476837158
N#CC1=C(N)Oc2[nH]nc(C(F)(F)F)c2C1c1ccc(O)cc1,False,,,,16.149528086956522,30.0,45.0,322.2460021972656,107.94999694824219,3.0,2.3522799015045166
COC(=O)[C@@H]1C[C@@H]2CCCN2[C@@]12C(=O)c1cccc3cccc2c13,False,,,,16.400975416666668,20.10093,22.1135,321.3760070800781,46.61000061035156,0.0,2.888700008392334
O=C(c1ccccc1)C1CC1,False,,,,16.32579,7.34467,8.1745,146.18899536132812,17.06999969482422,0.0,2.2792999744415283
COc1cccc(C(=O)NN(C(=O)c2cc(C)cc(C)c2)C(C)(C)C)c1C,False,,,,16.713374740740743,19.634584,35.123999999999995,368.47698974609375,58.63999938964844,1.0,4.206160068511963
O=C1Nc2ccccc2C[C@H]1c1ccccc1F,False,,,,16.450913,9.427589999999999,22.385,241.26499938964844,29.100000381469727,1.0,3.104099988937378
Cn1sc(Cl)cc1=O,False,,,,16.170715,13.34998,12.299999999999999,149.6020050048828,22.0,0.0,1.1002000570297241
O=C1CC[C@@]2(O)[C@H]3Cc4ccc(O)c5c4[C@@]2(CCN3CC2CC2)[C@H]1O5,False,,,,16.09529888,26.947460000000003,45.0,341.4070129394531,70.0,2.0,1.5254000425338745
CCC(C)[C@@H]1NC(=O)OC1=O,False,,,,15.890834,19.405250000000002,33.989999999999995,157.16900634765625,55.400001525878906,1.0,0.6675000190734863
CN(C)c1ccc(CCC2CCc3ccccc3N2C(=O)c2ccccc2)cc1,False,,,,16.986515517241383,10.7043,11.6425,384.52301025390625,23.549999237060547,0.0,5.3470001220703125
CC12CCC(=O)C=C1CCC1C2CCC2(C)C(OC(=O)Cc3ccccc3)CCC12,False,,,,16.990624,16.73932,19.7795,406.5660095214844,43.369998931884766,0.0,5.672800064086914
CCN1C(=O)NC(c2ccccc2)C1=O,False,,,,16.06803826666667,15.763860000000001,30.6935,204.22900390625,49.40999984741211,1.0,1.299399971961975
O=C(OCCOCCOC(=O)c1ccccc1)c1ccccc1,False,,,,16.349441739130434,25.3577,28.6405,314.3370056152344,61.83000183105469,0.0,2.7170000076293945
Cc1onc2c(-c3ccc(Cl)cc3)nnc(-c3ccccc3)c12,False,,,,16.845678782608697,20.834438000000002,23.9335,321.7669982910156,51.810001373291016,0.0,4.9136199951171875
CC(=O)C(CC(=O)c1ccccc1)C(=O)c1ccccc1,False,,,,16.51108380952381,18.38305,22.5235,280.322998046875,51.209999084472656,0.0,3.3475000858306885
CC(Oc1ccc(Cl)cc1Cl)C(=O)Nc1ccc2nc(SCc3ccccc3)sc2c1,False,,,,17.38857141935484,22.98946,34.927,489.4490051269531,51.220001220703125,1.0,7.301400184631348
O=C1SS(=O)(=O)c2ccccc21,False,,,,16.0875305,21.09157,23.7235,200.24000549316406,51.209999084472656,0.0,1.2623000144958496
C=C1CCOC2(C(O)C(C)(O)CO)NC(=O)C1(O)NC2=O,False,,,,15.04560723809524,30.0,45.0,302.2829895019531,148.35000610351562,6.0,-3.302000045776367
O=c1[nH]cnc2ccccc12,False,,,,16.031894,15.14269,29.412499999999998,146.1490020751953,45.75,1.0,0.9230999946594238
CC1OC(OCC2OC(Oc3c(-c4ccc(O)cc4)oc4cc(OC5OC(C)C(O)C(O)C5O)cc(O)c4c3=O)C(O)C(O)C2O)C(O)C(O)C1O,False,,,,15.140195307692307,30.0,45.0,740.6640014648438,308.1199951171875,11.0,-2.8919999599456787
CC1(C)OC(=O)C(=Cc2ccc(-c3ccccc3)o2)C(=O)O1,False,,,,16.41706,26.016589999999997,30.008999999999997,298.29400634765625,65.73999786376953,0.0,3.166100025177002
CC(CC(C(N)=O)(c1ccccc1)c1ccccn1)N(C)C,False,,,,16.322834,19.94028,35.327,297.4020080566406,59.220001220703125,1.0,2.19320011138916
c1ccc(N=Nc2ccc(-c3ccc(NNc4ccccc4)cc3)cc2)cc1,False,,,,17.354469571428574,20.0596,42.873,364.4519958496094,48.779998779296875,2.0,7.208000183105469
Sc1nncs1,False,,,,16.161263333333334,16.55772,24.823,118.18599700927734,25.780000686645508,1.0,0.8267999887466431
O=C1C(=Cc2ccc([N+](=O)[O-])cc2)SC(=S)N1CNc1ccc([N+](=O)[O-])cc1,False,,,,16.616645357142858,30.0,45.0,416.44000244140625,118.62000274658203,1.0,3.7737998962402344
c1ccc(N2CCN(c3ccccc3)C2c2ccco2)cc1,False,,,,16.751250000000002,12.6011,11.466999999999999,290.3659973144531,19.6200008392334,0.0,4.304999828338623
OC[C@H]1O[C@H](O[C@]2(CCl)O[C@H](CCl)[C@@H](O)[C@@H]2O)[C@H](O)[C@@H](O)[C@H]1Cl,False,,,,15.429635652173914,30.0,45.0,397.635009765625,128.83999633789062,5.0,-1.6561000347137451
c1ccc2cc3c(cc2c1)-c1cccc2cccc-3c12,False,,,,17.072804,1.4359599999999997,1.0,252.3159942626953,0.0,0.0,5.640399932861328
N#Cc1c(N)sc2c1CCC2,False,,,,16.247564,18.296732000000002,32.0335,164.23300170898438,49.810001373291016,1.0,1.6906800270080566
O=c1oc2c(o1)=C(c1ccccc1)S(=O)(=O)C=2c1ccccc1,False,,,,15.991792869565217,28.35078,34.1215,326.3290100097656,77.48999786376953,0.0,0.9742000102996826
CCN(C(=O)n1nnn(-c2ccccc2Cl)c1=O)C1CCCCC1,False,,,,16.372216666666667,29.873089999999998,33.757000000000005,349.8219909667969,73.0199966430664,0.0,2.7051000595092773
Cc1oc(-c2ccccc2)cc1-c1ccccc1,False,,,,16.89272288888889,6.372997999999999,6.799,234.29800415039062,13.140000343322754,0.0,4.922019958496094
O=C1C2=C(O)CCCC2Cc2ccccc21,False,,,,16.452764125,13.410239999999998,26.455,214.26400756835938,37.29999923706055,1.0,3.037600040435791
C=CC1CN2CCC1CC2C12Nc3ccccc3C1(O)CCO2,False,,,,16.314164782608696,19.820130000000002,41.4555,312.4129943847656,44.72999954223633,2.0,2.312700033187866
COC1=CC(C)C2CC3OC(O)CC4C(C)=C(OC)C(=O)C(C2(C)C1=O)C34C,False,,,,16.313977714285713,30.0,45.0,390.47601318359375,82.05999755859375,1.0,2.61080002784729
O=c1c2ccccc2cc2ccc3ccccc3n12,False,,,,16.6322,10.50581,10.918000000000001,245.281005859375,21.479999542236328,0.0,3.6059000492095947
CCC1(O)CCC2C3CCC4=CC(=O)CCC4C3CCC21C,False,,,,16.727198,13.287069999999998,26.455,302.4580078125,37.29999923706055,1.0,4.2692999839782715
O=C1c2ccccc2N(C(=O)CN2CCOCC2)CN1c1ccccc1,False,,,,16.234217307692308,21.359230000000004,24.381500000000003,351.406005859375,53.09000015258789,0.0,1.9696999788284302
Cc1ccc(NS(=O)(=O)c2ccc([N+](=O)[O-])cc2)nc1,False,,,,16.2214719,30.0,45.0,293.3039855957031,102.19999694824219,1.0,2.099020004272461
COc1cc2c(cc1OC)C(=O)NCC2,False,,,,16.013160266666667,17.96183,31.246000000000002,207.22900390625,47.560001373291016,1.0,0.9897000193595886
C1COCCO1,True,19.0,1.7999999523162842,7.400000095367432,15.800033333333333,10.31948,9.861,88.10600280761719,18.459999084472656,0.0,0.03319999948143959
CCOc1nc(F)cc2nc(S(=O)(=O)Nc3c(Cl)cccc3C(=O)OC)nn12,False,,,,16.13100785714286,30.0,45.0,429.8169860839844,124.77999877929688,1.0,1.902899980545044
CN(C)c1ccc(C2CNCCN2)cc1,False,,,,16.141575200000002,14.31535,34.155,205.30499267578125,27.299999237060547,2.0,0.9865000247955322
CCOC(=O)c1cc(C)n(-c2ccc(F)cc2)c1C,False,,,,16.505916947368423,14.780406,15.5305,261.2959899902344,31.229999542236328,0.0,3.409940004348755
O=C(NC1Cc2ccccc21)c1ccccc1,False,,,,16.407168470588235,9.466619999999999,22.385,223.27499389648438,29.100000381469727,1.0,2.7137999534606934
CCCCCCCCCCOc1ccc(C=Nc2ccc(C=CC(=O)OCC)cc2)cc1,False,,,,17.427231250000002,19.8669,22.5615,435.6080017089844,47.88999938964844,0.0,7.5329999923706055
CCN1CCN(C(=O)NC(C(=O)N[C@@H]2C(=O)N3C(C(=O)O)=C(CSc4nnnn4C)CS[C@H]23)c2ccc(O)cc2)C(=O)C1=O,False,,,,15.540365000000001,30.0,45.0,645.6799926757812,220.25999450683594,4.0,-1.1119999885559082
CC1(C)C2CC3C(c4ccccc4)(C2=C(c2ccccc2)c2ccccc2)C31C,False,,,,17.338681379310348,1.2877699999999992,1.0,376.5429992675781,0.0,0.0,7.122300148010254
CC(=O)C(C(=O)OC1CC(C)CCC1C(C)C)C(C)C(C(C)=O)C(=NNC(N)=O)OC1CC(C)CCC1C(C)C,False,,,,16.95226505,30.0,45.0,563.780029296875,137.14999389648438,2.0,5.496099948883057
COC(=O)c1cc(OC)c2c(c1-c1c(C(=O)OC)cc(OC)c3c1OCO3)OCO2,False,,,,16.212931333333334,30.0,45.0,418.35400390625,107.9800033569336,0.0,2.401400089263916
CCSc1nnc(NC(=O)C(F)(F)C(F)(F)C(F)(F)C(F)(F)C(F)(F)C(F)(F)C(F)(F)C(F)(F)F)s1,False,,,,16.84283761111111,23.7186,36.208,607.3109741210938,54.880001068115234,1.0,6.5980000495910645
O=c1cc(-c2ccccc2)cc(-c2ccccc2)o1,False,,,,16.673023157894736,12.04042,13.9735,248.281005859375,30.209999084472656,0.0,3.97379994392395
O=C(C1=NOC2C(=O)N(c3ccc(Cl)cc3)C(=O)C12)c1ccc(Cl)cc1,False,,,,16.432392692307694,27.875149999999998,33.614,389.1940002441406,76.04000091552734,0.0,3.120500087738037
CC1CCCS1,False,,,,16.522693333333333,4.30981,2.2,102.2020034790039,0.0,0.0,1.901900053024292
CC(=O)Nc1ccccc1NNc1ccccc1,False,,,,16.52653788888889,18.7604,45.0,241.29400634765625,53.15999984741211,3.0,3.0840001106262207
CC(=O)OC1(C(C)=O)CCC2C3C=C(Cl)C4=CC(=O)C=CC4(C)C3CCC21C,False,,,,16.742294285714287,22.42643,26.954,402.9179992675781,60.439998626708984,0.0,4.527699947357178
c1ccc(CC2CCCCN2)cc1,False,,,,16.418339538461538,6.42828,16.4105,175.27499389648438,12.029999732971191,1.0,2.3712000846862793
CC(=O)c1c2c(c(C(C)=O)c3c1CCCN3)NCCC2,False,,,,16.4423964,22.1952,45.0,272.3479919433594,58.20000076293945,2.0,2.808000087738037
N#Cc1cccc2c(NC(=O)c3ccccc3)cccc12,False,,,,16.662889523809525,16.123822,31.911499999999997,272.3070068359375,52.88999938964844,1.0,3.963779926300049
CCOC(=O)[C@@H](C)Oc1ccc(Oc2nc3ccc(Cl)cc3o2)cc1,False,,,,16.7326504,29.28181,32.9765,361.781005859375,70.79000091552734,0.0,4.603899955749512
O=C(NC(=O)c1c(F)cccc1F)Nc1cc(Cl)c(OC(F)(F)C(F)F)c(Cl)c1,False,,,,16.783504068965517,21.09038,45.0,461.1449890136719,67.43000030517578,2.0,5.470200061798096
Cc1ccc(OP(=O)(Oc2ccc(C)c(C)c2)Oc2ccc(C)c(C)c2)cc1C,False,,,,17.325799517241382,19.338598,21.466,410.45001220703125,44.7599983215332,0.0,7.18202018737793
O=[N+]([O-])c1cc([N+](=O)[O-])c(C(Br)C(Br)c2ccccc2)cc1C=Cc1ccccc1,False,,,,17.365044533333332,26.80584,35.998,532.18798828125,86.27999877929688,0.0,7.24560022354126
ClC1OCCOC1Cl,False,,,,16.090215,10.2065,9.861,156.99600219726562,18.459999084472656,0.0,1.1629999876022339
CC(C)OC(=O)C1=C2c3ncccc3ON2C(Cl)C(Cl)C1Cl,False,,,,16.46715,23.484099999999998,25.081,363.62799072265625,51.65999984741211,0.0,3.1470000743865967
OC1(C#Cc2ccccc2)CCCCC1,False,,,,16.4465304,7.868070000000001,19.2805,200.281005859375,20.229999542236328,1.0,2.733299970626831
O=c1c2ccccc2cc2c3ccccc3ccn12,False,,,,16.6322,10.50581,10.918000000000001,245.281005859375,21.479999542236328,0.0,3.6059000492095947
O=C(NC(=O)c1ccccc1)c1ccccc1,False,,,,16.288404352941175,15.08492,29.5595,225.2469940185547,46.16999816894531,1.0,2.2567999362945557
CC(CCC(N)=O)n1nc2ccccc2n1,False,,,,16.08573675,25.15822,41.629999999999995,218.25999450683594,73.80000305175781,1.0,1.2577999830245972
O=C1NS(=O)(=O)c2ccccc21,False,,,,15.77713,20.871330000000004,36.734,183.18800354003906,63.2400016784668,1.0,0.11869999766349792
Nc1nccc(-c2ccncc2)n1,False,,,,16.064820615384615,23.53212,38.44149999999999,172.1909942626953,64.69000244140625,1.0,1.1208000183105469
CCN(CC)CC#CCOC(=O)C(O)(c1ccccc1)C1CCCCC1,False,,,,16.543814461538464,20.624309999999998,33.2195,357.4939880371094,49.77000045776367,1.0,3.342900037765503
CCC1C(=O)OCC1Cc1cncn1C,False,,,,16.041109333333335,19.82542,21.242,208.26100158691406,44.119998931884766,0.0,1.1618000268936157
Sc1nnc2ccccn12,False,,,,16.088858,17.3324,26.3665,151.19400024414062,30.190000534057617,1.0,1.0180000066757202
OC1(C2(O)CCCCC2)CCCCC1,False,,,,16.356453714285717,14.04512,37.561,198.30599975585938,40.459999084472656,2.0,2.376800060272217
CC1C(=O)C23C4CC5C(C)(CO)CCCC56COC(CC1C2OC(C)(C)O4)C63,False,,,,16.38339985714286,25.90466,39.7465,390.5199890136719,64.98999786376953,1.0,2.9354000091552734
CCCCC(C(=O)O)C(=O)N(Nc1ccccc1)c1ccccc1,False,,,,16.655105416666668,21.64143,45.0,326.39599609375,69.63999938964844,2.0,3.937700033187866
CC12CCC(=O)C=C1CCC1C2CCC2(C)C1CCC2(C)O,False,,,,16.727198,13.287069999999998,26.455,302.4580078125,37.29999923706055,1.0,4.2692999839782715
CN(C(=O)CN(CCO)CC(=O)N(C)C(C)(C)Cc1ccccc1)C(C)(C)Cc1ccccc1,False,,,,16.53782811764706,23.21219,38.2315,467.65399169921875,64.08999633789062,1.0,3.2400999069213867
CCC(C)C(=O)NC1CCC(=O)N(CCc2ccccc2)C1=O,False,,,,16.218619739130435,21.2755,37.868,316.4010009765625,66.4800033569336,1.0,1.909000039100647
CC1CCC(O)CC1=CC=C1CCCC2(C)C1CCC2C(C)/C=C/C(C)C(C)C,False,,,,17.49750675862069,7.3693100000000005,19.2805,398.67498779296875,20.229999542236328,1.0,7.720900058746338
O=S(Cc1ccccc1)Cc1ccccc1,False,,,,16.568073000000002,7.259049999999999,8.1745,230.33200073242188,17.06999969482422,0.0,3.135499954223633
Cc1cc(/C=C2\S/C(=N\c3ccccc3)N(c3ccccc3)C2=O)c(C)n1-c1ccc(C(F)(F)F)cc1,False,,,,17.436231243243242,17.975846,18.96,517.5759887695312,37.599998474121094,0.0,7.921539783477783
CCC(C(C)O)n1ncn(-c2ccc(N3CCN(c4ccc(OCC5COC(Cn6cncn6)(c6ccc(F)cc6F)C5)cc4)CC3)cc2)c1=O,False,,,,16.722655999999997,30.0,45.0,700.791015625,115.69999694824219,1.0,4.573200225830078
S=C1SCN(Cc2ccccc2)CN1Cc1ccccc1,False,,,,16.771140952380954,10.272649999999999,6.867999999999999,314.47900390625,6.480000019073486,0.0,3.9375
Cc1nc(C(F)(F)F)c(C(=O)Nc2c(Br)cc(OC(F)(F)F)cc2Br)s1,False,,,,16.97666184615385,20.604978,33.727,528.0659790039062,51.220001220703125,1.0,6.1462202072143555
CCCOC(=O)Cn1cc(I)c(=O)c(I)c1,False,,,,16.4661975,20.492929999999998,22.705,447.010009765625,48.29999923706055,0.0,2.010699987411499
O=C1CCCO1,False,,,,15.80509,11.70166,12.605,86.08999633789062,26.299999237060547,0.0,0.32339999079704285
Cc1cc(C)cc(C2Oc3c(Cl)c(Cl)c(Cl)c(Cl)c3O2)c1,False,,,,17.182498476190478,9.684096,9.861,364.05499267578125,18.459999084472656,0.0,6.387040138244629
COC(=O)c1c2c(c(C)c3c1CC3=O)C(=O)C2,False,,,,16.010035176470588,22.753278,26.954,230.218994140625,60.439998626708984,0.0,1.259220004081726
COc1ccc(C2Cc3ccccc3C(=O)O2)cc1,False,,,,16.45541842105263,15.580459999999999,17.0355,254.28500366210938,35.529998779296875,0.0,3.149399995803833
c1cc(SSc2ccncc2)ccn1,False,,,,16.60101142857143,16.3128,14.823,220.32200622558594,25.780000686645508,0.0,3.2760000228881836
O=C1c2ccccc2C(=O)c2cc(-c3ccccc3)ccc21,False,,,,16.67765,12.732299999999999,15.349,284.3139953613281,34.13999938964844,0.0,4.129000186920166
CCC1CN2CCC1CC2C(O)c1ccnc2ccc(OC)cc12,False,,,,16.551380666666667,19.866480000000003,31.7565,326.44000244140625,45.59000015258789,1.0,3.397200107574463
COc1cc(C=NNC(=O)CCn2c(C)nc3ccccc32)ccc1O,False,,,,16.361639,30.0,45.0,352.3940124511719,88.73999786376953,2.0,2.5993199348449707
Cc1ccc(-c2csc(C(C#N)=NNc3ccc(Cl)cc3)n2)cc1,False,,,,16.934530583333334,24.98143,38.3745,352.8500061035156,61.06999969482422,1.0,5.111700057983398
Cc1ccc(-c2ccc3c(c2)C=CC(=C2C(=O)c4ccccc4C2=O)N3)cc1,False,,,,16.962095214285714,17.267198,30.759500000000003,363.4159851074219,46.16999816894531,1.0,5.434020042419434
CC(C(O)c1ccc(O)cc1)N1CCC(Cc2ccccc2)CC1,False,,,,16.642666333333334,16.98912,39.895,325.4519958496094,43.70000076293945,2.0,3.7688000202178955
CC=CC1Nn2c(nnc2-c2cccnc2)S1,False,,,,16.246299647058823,26.82425,37.670500000000004,245.31100463867188,55.630001068115234,1.0,1.8914999961853027
CC12CCCCC1CCC1C2CCC2(C)C(OCc3ccccc3)CCC12,False,,,,17.308322222222227,5.46094,5.4305,366.5889892578125,9.229999542236328,0.0,7.0046000480651855
Cc1ccc(C=C2N=C(c3ccccc3)OC2=O)o1,False,,,,16.402738736842107,21.030748,23.93,253.2570037841797,51.79999923706055,0.0,2.9325199127197266
COc1cc(C(c2ccc(C)s2)c2ccc(C)s2)c([N+](=O)[O-])cc1OC,False,,,,16.99704753846154,27.534796,29.76,389.49798583984375,61.599998474121094,0.0,5.532040119171143
C=C1CCC2OC2(C)CCC2C1CC2(C)C,False,,,,16.698410000000003,6.361759999999999,6.5855,220.3560028076172,12.529999732971191,0.0,3.9363999366760254
CC(C)c1nc(N(C)S(C)(=O)=O)nc(-c2ccc(F)cc2)c1/C=C/[C@@H](O)C[C@@H](O)CC(=O)[O-].CC(C)c1nc(N(C)S(C)(=O)=O)nc(-c2ccc(F)cc2)c1/C=C/[C@@H](O)C[C@@H](O)CC(=O)[O-].[Ca+2],False,,,,16.157924417910447,30.0,45.0,1001.1539916992188,287.5,4.0,1.7532000541687012
CCCCCCC(=O)OC1CCC2C3CCC4=CC(=O)CCC4(C)C3CCC12C,False,,,,17.155161379310346,16.666549999999997,19.7795,400.6029968261719,43.369998931884766,0.0,6.4004998207092285
O=C(O)[C@H]1CCCN1C(=O)OCc1ccccc1,False,,,,16.156549777777776,21.34398,37.994,249.26600646972656,66.83999633789062,1.0,1.8722000122070312
CCCCCCSc1nnc(S)s1,False,,,,16.749527692307694,18.79048,26.023,234.4149932861328,25.780000686645508,1.0,3.4992001056671143
Oc1c(-c2ccccn2)n(N2CCCCC2)c2ccccc12,False,,,,16.592518000000002,19.079120000000003,30.251500000000004,293.3699951171875,41.290000915527344,1.0,3.5308001041412354
CC12CCC(O)CC1CCC1C2CCC2(C)C(C3=CC(=O)OC3)CCC12O,False,,,,16.54973525925926,23.65637,45.0,374.52099609375,66.76000213623047,2.0,3.604300022125244
Nc1ccc2c3c(cccc13)-c1ccccc1-2,False,,,,16.755873411764707,8.776659999999998,21.307,217.27099609375,26.020000457763672,1.0,4.069399833679199
Nc1ccc(-c2ccc(NNc3ccccc3)cc2)cc1,False,,,,16.817584571428572,18.07692,45.0,275.3550109863281,50.08000183105469,3.0,4.374800205230713
Cc1cc(C=O)c(C)n1-c1cc(C(F)(F)F)cc(C(F)(F)F)c1,False,,,,16.664482347826088,10.465576,11.1,335.24700927734375,22.0,0.0,4.944240093231201
Clc1ccc(O[Si]23OCCN(CCO2)CCO3)cc1,False,,,,16.14186947368421,21.57546,21.056,301.802001953125,40.15999984741211,0.0,1.533400058746338
CN1CCC23c4c5ccc(O)c4OC2C(=O)CCC3(O)C1C5,False,,,,15.930346,27.02548,45.0,301.3420104980469,70.0,2.0,0.745199978351593
Cc1ccc(-c2nc(-c3ccccc3)cs2)cc1,False,,,,16.90705177777778,8.841648,7.9115,251.35400390625,12.890000343322754,0.0,4.785520076751709
N#CC(=NNc1ccccc1)c1nc(-c2ccc(Cl)cc2)cs1,False,,,,16.867196608695654,25.012272,38.3745,338.822998046875,61.06999969482422,1.0,4.803279876708984
CC(=O)C1=C2C=CCC=C2N=C1,False,,,,16.240755,12.117379999999999,13.7005,159.18800354003906,29.43000030517578,0.0,1.8001999855041504
COc1cc2c(Cc3ccccc3)cncc2cc1O,False,,,,16.5792458,16.76902,29.4225,265.31201171875,42.349998474121094,1.0,3.539799928665161
c1ccc(CNc2ccccc2-n2c(-c3ccccc3)nc3ccccc32)cc1,False,,,,17.17334875862069,14.24254,25.0475,375.4750061035156,29.850000381469727,1.0,6.304599761962891
CC1CCCNC1=O,False,,,,15.97021175,9.68475,22.385,113.16000366210938,29.100000381469727,1.0,0.5325000286102295
Nc1ncnc2c1ncn2C1OC(CO)CC1O,False,,,,15.559734444444445,30.0,45.0,251.24600219726562,119.30999755859375,3.0,-0.9508000016212463
CC1(C(=O)Nc2ccc(O)c(Cl)c2Cl)CCCCC1,False,,,,16.82414157894737,15.41861,40.6655,302.20098876953125,49.33000183105469,2.0,4.607900142669678
CC(=O)Oc1ccccc1C(=O)OCN1C(=O)CCC1=O,False,,,,15.899159523809523,30.0,39.69300000000001,291.2590026855469,89.9800033569336,0.0,0.8751999735832214
O=C(CCN1CCCCC1)c1ccccc1,False,,,,16.452166875000003,10.381269999999999,10.5085,217.31199645996094,20.309999465942383,0.0,2.745300054550171
C=CCC1(C(C)C)C(=O)NC(=O)N(C)C1=O,False,,,,15.985533375000001,21.37509,37.868,224.25999450683594,66.4800033569336,1.0,0.913100004196167
ClC1=C(Cl)[C@]2(Cl)[C@@H]3[C@@H]4C[C@@H]([C@H]5O[C@@H]45)[C@@H]3[C@@]1(Cl)C2(Cl)Cl,False,,,,16.794516842105264,6.307259999999999,6.5855,380.9129943847656,12.529999732971191,0.0,4.481400012969971
O=P(Oc1ccccc1)(Oc1ccccc1)Oc1ccc(OP(=O)(Oc2ccccc2)Oc2ccccc2)cc1,False,,,,17.626830499999997,30.0,41.932,574.4619750976562,89.5199966430664,0.0,8.976400375366211
COc1ccc(-c2ccc(S(=O)(=O)Nc3cccc(C(=O)O)c3)cc2)cc1,False,,,,16.608564296296297,28.299879999999998,45.0,383.42498779296875,92.69999694824219,2.0,3.8612000942230225
CC12CC(O)C3C(CCC4(O)CC(O)CC(O)C34CO)C1(O)CCC2C1=CC(=O)OC1,False,,,,15.688668903225807,30.0,45.0,438.5169982910156,147.67999267578125,6.0,-0.3668000102043152
O=C(O)C=C1c2ccccc2-c2ccccc21,False,,,,16.49844917647059,10.895669999999999,25.255,222.2429962158203,37.29999923706055,1.0,3.183300018310547
COC(=O)Nc1nc2ccc(S(=O)c3ccccc3)cc2[nH]1,False,,,,16.413958,26.843609999999995,45.0,315.35400390625,84.08000183105469,2.0,2.907900094985962
O=C1OC(c2ccccc2)=NC1=Cc1ccc(Br)o1,False,,,,16.527863157894735,20.985339999999997,23.93,318.1260070800781,51.79999923706055,0.0,3.3866000175476074
C/C=C/C[C@@H](C)[C@@H](O)[C@H]1C(=O)N[C@@H](CC)C(=O)N(C)CC(=O)N(C)[C@@H](CC(C)C)C(=O)N[C@@H](C(C)C)C(=O)N(C)[C@@H](CC(C)C)C(=O)N[C@@H](C)C(=O)N[C@H](C)C(=O)N(C)[C@@H](CC(C)C)C(=O)N(C)[C@@H](CC(C)C)C(=O)N(C)[C@@H](C(C)C)C(=O)N1C,False,,,,16.503891905882355,30.0,45.0,1202.635009765625,278.79998779296875,5.0,3.2690000534057617
N=C1NCCS1,False,,,,16.085051999999997,13.432643,35.958,102.16200256347656,35.880001068115234,2.0,0.2575699985027313
O=C1C(=NNc2ccncc2)C(C(F)(F)F)=NN1c1ccccc1,False,,,,16.32111975,26.809540000000002,41.4825,333.27301025390625,69.94999694824219,1.0,2.8145999908447266
C=CCC1(C(C)CC)C(=O)N(C)C(=O)N(C)C1=O,False,,,,16.155766666666665,19.71966,24.7915,252.31399536132812,57.689998626708984,0.0,1.645400047302246
CC(=O)Oc1ccccc1C(=O)OCC(=O)N1CCOCC1,False,,,,15.879825,30.0,36.949,307.302001953125,82.13999938964844,0.0,0.6274999976158142
c1cc2c3c(cccc3c1)CC2,False,,,,16.529206666666667,1.70616,1.0,154.21200561523438,0.0,0.0,2.9384000301361084
Cc1ccc(C(=O)N(NC(=O)c2ccccc2)C(C)(C)C)c(C)c1,False,,,,16.655506083333336,15.504886,30.6935,324.42401123046875,49.40999984741211,1.0,3.8891398906707764
CC(C)(C)N(NC(=O)c1ccccc1)C(=O)c1ccc(Cl)c(Cl)c1,False,,,,16.798503083333333,15.43589,30.6935,365.260009765625,49.40999984741211,1.0,4.579100131988525
O=C1CN=C(c2ccccc2)c2cc([N+](=O)[O-])ccc2N1,False,,,,16.30106485714286,26.989569999999997,45.0,281.27099609375,84.5999984741211,1.0,2.3842999935150146
Cn1c(C(C#N)=Cc2ccc(F)cc2)nc2ccccc21,False,,,,16.599676000000002,16.612142,19.1635,277.302001953125,41.61000061035156,0.0,3.7765800952911377
CC12CCC(c3cn(-c4ccccc4)nc31)C2(C)C,False,,,,16.69722105263158,9.802879999999998,9.637,252.36099243164062,17.81999969482422,0.0,4.0472002029418945
O=S1OCCO1,False,,,,15.657414666666668,15.934209999999998,17.0355,108.11799621582031,35.529998779296875,0.0,-0.3880999982357025
CC(C)(C)N(NC(=O)c1ccccc1)C(=O)c1ccc(Cl)cc1,False,,,,16.65827886956522,15.50123,30.6935,330.81500244140625,49.40999984741211,1.0,3.9256999492645264
S=P(N1CC1)(N1CC1)N1CC1,False,,,,16.01162,6.10963,5.360499999999999,189.2239990234375,9.029999732971191,0.0,0.15770000219345093
N#CC(=CNc1ccc(O)cc1)c1ccccc1,False,,,,16.550841000000002,19.252122,44.217499999999994,236.2740020751953,56.04999923706055,2.0,3.3687798976898193
CC(=NNC(=O)c1ccncc1)c1ccco1,False,,,,16.17612494117647,23.96534,39.421499999999995,229.23899841308594,67.48999786376953,1.0,1.8286000490188599
COc1ccc([C@@H]2CC(=O)c3c(O)cc(O[C@@H]4O[C@H](CO[C@@H]5O[C@@H](C)[C@H](O)[C@@H](O)[C@H]5O)[C@@H](O)[C@H](O)[C@H]4O)cc3O2)cc1O,False,,,,15.488534837209302,30.0,45.0,610.5650024414062,234.2899932861328,8.0,-1.156599998474121
O=C(NC(=O)c1c(F)cccc1F)Nc1ccc(OC(F)(F)C(F)OC(F)(F)F)c(Cl)c1,False,,,,16.7085930625,25.26043,45.0,492.70599365234375,76.66000366210938,2.0,5.383699893951416
O=C1N(c2ccccc2)C(=O)[C@]2(Cl)C=C(c3ccccc3)[C@]12Cl,False,,,,16.588302608695653,13.367180000000001,16.483,344.1969909667969,37.380001068115234,0.0,3.6122000217437744
O=c1[nH]cccc1[N+](=O)[O-],False,,,,15.798396200000001,23.15169,41.199999999999996,140.09800720214844,76.0,1.0,0.2831000089645386
CC=C(/C(=C/C)c1ccc(O)cc1)c1ccc(O)cc1,False,,,,16.839591600000002,13.822339999999999,37.561,266.3399963378906,40.459999084472656,2.0,4.604599952697754
CCc1cc2c(s1)N(C)C(=O)CN=C2c1ccccc1Cl,False,,,,16.688601904761907,15.002830000000001,16.0345,318.8290100097656,32.66999816894531,0.0,3.7776999473571777
N#CC(=Cc1ccc(Cl)cc1)c1nc(-c2ccccc2)cs1,False,,,,17.030396,15.549631999999999,17.438,322.82000732421875,36.68000030517578,0.0,5.527679920196533
C=CCC1(CC(C)C)C(=O)NC(=O)NC1=O,False,,,,15.99497175,22.9525,45.0,224.25999450683594,75.2699966430664,2.0,0.9610000252723694
Cc1ccc(S(=O)(=O)Nc2ccc3nn(C4CCCC4)nc3c2)cc1,False,,,,16.584904400000003,27.972838,43.908,356.45098876953125,76.87999725341797,1.0,3.6556200981140137
C(=NC(N=Cc1ccccc1)c1ccccc1)c1ccccc1,False,,,,16.914945217391306,10.95726,12.052,298.3890075683594,24.719999313354492,0.0,4.923399925231934
Cc1cc(Cn2nc(C)cc2C)c(O)c(Cn2nc(C)cc2C)c1,False,,,,16.550569833333334,24.214209999999998,36.5545,324.4280090332031,55.869998931884766,1.0,3.4238998889923096
CCCC(=O)OCN1C(=O)NC(c2ccccc2)(c2ccccc2)C1=O,False,,,,16.359633615384617,25.349520000000002,42.2985,352.3900146484375,75.70999908447266,1.0,2.7827999591827393
CC12CCC3C(C(=O)CC4CC(=O)CCC43C)C1CCC2=O,False,,,,16.49057,18.38317,22.5235,302.41400146484375,51.209999084472656,0.0,3.346299886703491
Cc1ccc(S(=O)(=O)N(C)Cc2ccc(N)cc2)cc1,False,,,,16.3671322,20.672207999999998,36.79,290.38800048828125,63.400001525878906,1.0,2.3979198932647705
CCCCC1C(=O)N(c2ccccc2)N(c2ccccc2)C1=O,False,,,,16.626760869565217,13.93282,17.617,308.3810119628906,40.619998931884766,0.0,3.7878000736236572
CC1CCc2cc(F)cc3c(=O)c(C(=O)O)cn1c23,False,,,,16.258389789473686,19.9394,35.355,261.25201416015625,59.29999923706055,1.0,2.3459999561309814
Cc1ccc(-c2csc(C(C#N)=NNc3cccc([N+](=O)[O-])c3)n2)cc1,False,,,,16.72923623076923,30.0,45.0,363.4020080566406,104.20999908447266,1.0,4.366499900817871
COC(=O)c1ccc2c(c1)CC1(CCC(c3ccc(C(C)(C)C)cc3)CC1)C2,False,,,,17.138206071428574,11.112649999999999,12.605,376.5400085449219,26.299999237060547,0.0,6.213500022888184
CCC(C(=O)Nc1ccc(C)cc1)c1ccc(C)cc1,False,,,,16.8113647,9.294426,22.385,267.37200927734375,29.100000381469727,1.0,4.435739994049072
CN(C)c1ccc(N=C(C#N)c2ccc(C(C#N)=Nc3ccc(N(C)C)cc3)cc2)cc1,False,,,,16.926222,30.0,35.772999999999996,420.5199890136719,78.77999877929688,0.0,5.107359886169434
CC12CCC(C(C(=O)c3ccccc3)C1=O)C2(C)C,False,,,,16.55761,12.79413,15.349,256.3450012207031,34.13999938964844,0.0,3.510699987411499
c1ccc(-c2nc3ccccc3nc2-c2cccc3ccccc23)cc1,False,,,,17.136535384615385,11.028699999999999,12.423,332.406005859375,25.780000686645508,0.0,6.117000102996826
CCOC(=O)c1ccc(-n2c(C)ccc2C)cc1,False,,,,16.52438411111111,14.794315999999998,15.5305,243.30599975585938,31.229999542236328,0.0,3.2708399295806885
Cc1ccc(-c2ccc(C=C3C(=O)OC(C)(C)OC3=O)o2)cc1,False,,,,16.48997443478261,25.985748,30.009,312.3210144042969,65.73999786376953,0.0,3.474519968032837
O=C1C=CC=C2CC1=CC=CC2=O,False,,,,16.131953846153845,12.994489999999999,15.349,172.18299865722656,34.13999938964844,0.0,1.507099986076355
N#CC(=NNc1ccc(Cl)cc1)c1nc(-c2ccccc2)cs1,False,,,,16.867196608695654,25.012272,38.3745,338.822998046875,61.06999969482422,1.0,4.803279876708984
c1cc(CCCc2ccncc2)ccn1,False,,,,16.417698666666666,11.37521,12.423,198.2689971923828,25.780000686645508,0.0,2.651900053024292
CC1CCC(C(C)C)C(OC(=O)C2=CCC(C(=O)OC3CC(C)CCC3C(C)C)=CC2)C1,False,,,,17.207141250000003,20.803900000000002,24.21,444.656005859375,52.599998474121094,0.0,6.640999794006348
Cc1[nH]nc(-c2ccccc2)c1C,False,,,,16.444053692307694,9.393046,22.237999999999996,172.2310028076172,28.68000030517578,1.0,2.693540096282959
CC(Oc1c(Cl)cccc1Cl)C1=NCCN1,False,,,,16.471759625,15.275360000000001,26.366999999999997,259.135986328125,33.619998931884766,1.0,2.762399911880493
CC1CCC(=O)CC1,False,,,,16.2506925,7.396039999999999,8.1745,112.1719970703125,17.06999969482422,0.0,1.7655999660491943
NC(=O)C1c2ccccc2Oc2ccccc21,False,,,,16.310075764705882,16.17665,31.712,225.2469940185547,52.31999969482422,1.0,2.4094998836517334
Cc1ccc(C=C(Oc2ccccc2)c2nc3ccccc3s2)cc1,False,,,,17.166876000000002,12.863418,12.342,343.45098876953125,22.1200008392334,0.0,6.181819915771484
O=C1N(c2ccccc2)N(c2ccccc2N=Nc2ccccc2)C1(c1ccccc1)c1ccccc1,False,,,,17.437632972972974,19.9072,22.6945,480.5710144042969,48.27000045776367,0.0,7.814000129699707
CC(CC(=O)c1ccccc1)c1ccccc1,False,,,,16.72169235294118,7.166289999999999,8.1745,224.30299377441406,17.06999969482422,0.0,4.0630998611450195
Cc1c(CN2CCOC(c3ccccc3)C2C)c(=O)n(-c2ccccc2)n1C,False,,,,16.559494,21.247358,20.79,377.4880065917969,39.400001525878906,0.0,3.4464199542999268
COC(=O)C1=C(C(=O)OC)Cc2cc3c(cc2C1)CC(C(=O)OC)=C(C(=O)OC)C3,False,,,,15.991876000000001,30.0,45.0,414.4100036621094,105.19999694824219,0.0,1.1690000295639038
CCOC(=O)Nc1ccc2c(c1)N(C(=O)CCN1CCOCC1)c1ccccc1S2,False,,,,16.676927133333333,29.389139999999998,43.088499999999996,427.5260009765625,71.11000061035156,1.0,4.106599807739258
c1ccc(-c2ccccc2-c2ccccc2)cc1,False,,,,16.94906888888889,1.4979399999999996,1.0,230.30999755859375,0.0,0.0,5.020599842071533
Oc1cccc(C2CNCCN2)c1,False,,,,16.000484923076925,17.40959,45.0,178.23500061035156,44.290000915527344,3.0,0.6261000037193298
CC(C)Oc1ccc(C(=O)NS(=O)(=O)c2ccc(N)cc2)cc1,False,,,,16.273928173913045,30.0,45.0,334.3970031738281,98.48999786376953,2.0,2.1747000217437744
CCC1=Nc2ccccc2C1(C)C(=O)OC,False,,,,16.391625,16.19746,18.131,217.26800537109375,38.65999984741211,0.0,2.6133999824523926
O=c1[nH]nc([N+](=O)[O-])[nH]1,False,,,,15.433441777777778,30.0,45.0,130.06300354003906,104.68000030517578,2.0,-0.9937999844551086
CN(C)c1ccc(C=Cc2nc3ccccc3s2)cc1,False,,,,16.889027,11.950130000000001,10.2455,280.39599609375,16.1299991607666,0.0,4.532700061798096
Cc1cc(C(F)(F)F)n2nc(-c3ccccc3)cc2n1,False,,,,16.494486000000002,14.561848000000001,15.1665,277.2489929199219,30.190000534057617,0.0,3.723520040512085
C1=CCCCCC=C1,False,,,,16.54513,1.7327199999999998,1.0,108.18399810791016,0.0,0.0,2.672800064086914
COc1ccc(C(=O)NCc2cccnc2)cc1C(=O)NCc1cccnc1,False,,,,16.284677428571428,30.0,45.0,376.4159851074219,93.20999908447266,2.0,2.3452000617980957
CC(C)(C)N(NC(=O)c1ccccc1)C(=O)c1c(F)cccc1Cl,False,,,,16.649333083333335,15.48732,30.6935,348.80499267578125,49.40999984741211,1.0,4.064799785614014
C=CC[C@@H]1C=C(C)C[C@H](C)C[C@H](OC)[C@H]2O[C@@](O)(C(=O)C(=O)N3CCCC[C@H]3C(=O)O[C@H](C(C)=C[C@@H]3CC[C@@H](O)[C@H](OC)C3)[C@H](C)[C@@H](O)CC1=O)[C@H](C)C[C@@H]2OC,False,,,,16.748332070175437,30.0,45.0,804.031005859375,178.36000061035156,3.0,4.638999938964844
Cn1ncc2cc([N+](=O)[O-])ccc21,False,,,,16.097919076923077,22.82465,27.135999999999996,177.16299438476562,60.959999084472656,0.0,1.4815000295639038
COc1ccc(C=CC(=O)OCCOc2ccc(C=CC(=O)c3ccccc3)cc2)cc1,False,,,,16.9028621875,25.10673,28.6405,428.4840087890625,61.83000183105469,0.0,5.2266998291015625
S=c1sc2ccccc2n1CSc1nc2ccccc2s1,False,,,,17.165392285714287,19.628421,14.437,346.5270080566406,17.81999969482422,0.0,5.791790008544922
N#CC(=NNc1ccccc1Cl)c1nc(-c2ccccc2)cs1,False,,,,16.867196608695654,25.012272,38.3745,338.822998046875,61.06999969482422,1.0,4.803279876708984
C1CSC(CCC2SCCCS2)SC1,False,,,,17.024137142857146,11.5841,5.8,266.5220031738281,0.0,0.0,4.158999919891357
COc1ccc(C(=O)C2=NOC3C(=O)N(c4ccc(F)cc4)C(=O)C23)cc1,False,,,,16.142035925925924,30.0,38.0445,368.32000732421875,85.2699966430664,0.0,1.961400032043457
ClC1=C(Cl)C2(Cl)C3C(Cl)OC(Cl)C3C1(Cl)C2(Cl)Cl,False,,,,16.994331111111112,5.6389700000000005,5.4305,411.7539978027344,9.229999542236328,0.0,5.224299907684326
CCOC(=O)c1cnn(C)c1S(=O)(=O)NC(=O)Nc1nc(OC)cc(OC)n1,False,,,,15.718628357142856,30.0,45.0,414.3999938964844,163.6300048828125,2.0,-0.08560000360012054
NN=C(C(=NN)c1ccc2ccccc2c1)c1ccccc1,False,,,,16.491508,25.530239999999996,45.0,288.35400390625,76.76000213623047,2.0,2.865600109100342
CC1(C)CON(Cc2ccccc2Cl)C1=O,False,,,,16.37685625,12.0532,13.738999999999999,239.70199584960938,29.540000915527344,0.0,2.640000104904175
NC(=NCCCCCCN=C(N)/N=C(\N)Nc1ccc(Cl)cc1)/N=C(\N)Nc1ccc(Cl)cc1,False,,,,16.604526470588237,30.0,45.0,505.4580078125,177.5800018310547,6.0,3.3366000652313232
Cc1cccc(C(=O)N(NC(=O)c2ccccc2)C(C)(C)C)c1C,False,,,,16.655506083333336,15.504886,30.6935,324.42401123046875,49.40999984741211,1.0,3.8891398906707764
Oc1ccc(C(O)C2CCCCN2)cc1O,False,,,,16.084790125,24.962269999999997,45.0,223.27200317382812,72.72000122070312,4.0,1.273300051689148
Cc1cccc(-c2nc(-c3ccccc3)cs2)c1,False,,,,16.90705177777778,8.841648,7.9115,251.35400390625,12.890000343322754,0.0,4.785520076751709
NC1=NCC(c2ccccc2)O1,False,,,,16.071739,17.96254,31.2635,162.19200134277344,47.61000061035156,1.0,1.07260000705719
C1CN(SSN2CCOCC2)CCO1,False,,,,16.114762857142857,21.40298,16.929,236.36199951171875,24.940000534057617,0.0,0.8622000217437744
CC(C)(C(N)=O)n1nc2ccccc2n1,False,,,,15.952324533333334,25.21883,41.629999999999995,204.23300170898438,73.80000305175781,1.0,0.6517000198364258
CN1C(=O)CN=C(c2ccccc2)c2cc(Cl)ccc21,False,,,,16.53067,12.56522,14.8345,284.7460021972656,32.66999816894531,0.0,3.1538000106811523
O=C1OC(c2ccccc2)(c2ccccc2)C=C1O,False,,,,16.40172294736842,17.58251,30.8855,252.2689971923828,46.529998779296875,1.0,2.9289000034332275
COc1ccc(C=C2C3=C(CCCC3)OC3=C2CCCC3)cc1,False,,,,17.042986086956525,9.7463,9.861,308.4209899902344,18.459999084472656,0.0,5.764999866485596
CC(=O)OC1CCC2(C)C(CCC3C2CCC2(C)C3CCC2(C#Cc2ccccc2)OC(C)=O)C1,False,,,,17.112067428571432,20.83656,24.21,476.6570129394531,52.599998474121094,0.0,6.3144001960754395
c1ccc2c(-c3nnc(-c4cccc5ccccc45)o3)cccc2c1,False,,,,17.0236016,15.934600000000001,18.222,322.36700439453125,38.91999816894531,0.0,5.710000038146973
Cc1c(CSC2OCC(O)C(O)C2O)c(C)c(CSC2OCC(O)C(O)C2O)c(C)c1CSC1OCC(O)C(O)C1O,False,,,,15.552363999999999,30.0,45.0,654.822021484375,209.75999450683594,9.0,-1.3715399503707886
CC(C)(C)C(=O)OCOC(=O)C1N2C(=O)C(/N=C/N3CCCCCC3)C2SC1(C)C,False,,,,16.325059333333332,30.0,40.378499999999995,439.5780029296875,88.51000213623047,0.0,2.411600112915039
CCCN(CCOc1c(Cl)cc(Cl)cc1Cl)C(=O)n1ccnc1,False,,,,16.79906434782609,20.06456,22.376,376.6709899902344,47.36000061035156,0.0,4.602399826049805
O=C(O)CC1CC(=O)OC1C(=O)O,False,,,,15.536451692307692,30.0,45.0,188.13499450683594,100.9000015258789,2.0,-0.522599995136261
O=C1CCCCCCN1,False,,,,16.095654888888888,9.63133,22.385,127.18699645996094,29.100000381469727,1.0,1.0666999816894531
CC(Br)C(Br)c1nc(O)n(-c2ccccc2)n1,False,,,,16.584211529411764,20.84997,33.629,361.0369873046875,50.939998626708984,1.0,3.1923000812530518
N#CC(c1ccccc1)C1CCCCC1,False,,,,16.674924,8.394791999999999,10.526499999999999,199.2969970703125,23.790000915527344,0.0,3.874079942703247
O=C(C(=O)c1cccc2ccccc12)c1ccccc1,False,,,,16.650641,12.75466,15.349,260.2919921875,34.13999938964844,0.0,3.905400037765503
Nc1ccc(S(=O)(=O)Nc2ccnn2-c2ccccc2)cc1,False,,,,16.303329,30.0,45.0,314.3699951171875,90.01000213623047,2.0,2.2553000450134277
C=CC1(C)CCC2C(=CCC3C(C)(C(=O)O)CCCC23C)C1,False,,,,16.936598000000004,10.693379999999998,25.255,302.4580078125,37.29999923706055,1.0,5.206200122833252
ON=C1CCCCCCC1,False,,,,16.426071,12.610109999999999,24.8065,141.21400451660156,32.59000015258789,1.0,2.5608999729156494
CC(C(=O)O)c1ccc2c(c1)CC(=O)c1ccccc1S2,False,,,,16.60247838095238,18.91013,33.6295,298.3630065917969,54.369998931884766,1.0,3.764699935913086
O=C1OC(=O)C2=C1CC1=C(CC=CC1)C2,False,,,,16.135158666666666,17.12592,19.7795,202.20899963378906,43.369998931884766,0.0,1.8068000078201294
Nc1ccc(S(=O)(=O)Nc2ccccn2)cc1,False,,,,16.14574223529412,27.167939999999998,45.0,249.2949981689453,85.08000183105469,2.0,1.4645999670028687
COc1ccc(OC)c2c(=O)c(=O)c12,False,,,,15.907177142857144,21.4227,24.21,192.1699981689453,52.599998474121094,0.0,0.453000009059906
c1ccc2c(c1)Cc1ccccc1O2,False,,,,16.552911428571427,5.8230900000000005,5.4305,182.2220001220703,9.229999542236328,0.0,3.3831000328063965
C(=Cc1ccccn1)c1ccccn1,False,,,,16.43143142857143,11.3757,12.423,182.2259979248047,25.780000686645508,0.0,2.6470000743865967
c1ccc(-c2csc(-c3cccnc3)n2)cc1,False,,,,16.69040941176471,13.75319,13.623,238.31500244140625,25.780000686645508,0.0,3.8721001148223877
C(#Cc1ccc(CCc2ccccc2)cc1)c1ccccc1,False,,,,16.90146,1.5128399999999995,1.0,282.385986328125,0.0,0.0,4.871600151062012
CSc1ccccc1N=Cc1cc(C(C)(C)C)cc(C(C)(C)C)c1O,False,,,,17.26859744,14.720229999999999,26.006500000000003,355.5469970703125,32.59000015258789,1.0,6.459700107574463
O=C1NC(=O)C(=Cc2ccccc2)N1,False,,,,15.976276285714286,17.38931,43.77,188.18600463867188,58.20000076293945,2.0,0.8669000267982483
O=C(O)c1cccnc1Oc1ccccc1,False,,,,16.307964124999998,19.93839,35.397,215.20799255371094,59.41999816894531,1.0,2.5720999240875244
O=C(CCC(=O)c1ccccc1)c1ccccc1,False,,,,16.57155666666667,12.79196,15.349,238.28599548339844,34.13999938964844,0.0,3.532399892807007
Cc1ccccc1C=C(C#N)c1nc2ccccc2[nH]1,False,,,,16.6754237,16.05105,31.764499999999998,259.31201171875,52.470001220703125,1.0,3.935499906539917
CC1(C)C2CC3C(C2)C31C(=O)O,False,,,,16.149126333333335,11.03868,25.255,166.22000122070312,37.29999923706055,1.0,1.7532000541687012
Cc1ccc(C)n1-c1ccc(C(F)(F)F)cc1,False,,,,16.602229176470587,4.976106,3.9254999999999995,239.24000549316406,4.929999828338623,0.0,4.112939834594727
O=C1Cc2ccc3ccccc3c21,False,,,,16.395423846153847,7.31474,8.1745,168.19500732421875,17.06999969482422,0.0,2.5785999298095703
CC(=O)N1CCN(CCN2C3=C(C(=O)CC(C)(C)C3)C(c3ccc(Cl)cc3)C3=C2CC(C)(C)CC3=O)CC1,False,,,,16.90456052631579,24.948430000000002,28.3255,538.1320190429688,60.93000030517578,0.0,5.189700126647949
CCC(C(=O)C=Cc1ccccc1)C(=O)OC1CC(C)CCC1C(C)C,False,,,,16.95240230769231,16.77669,19.7795,356.5060119628906,43.369998931884766,0.0,5.299099922180176
Cc1cc(CC(C)CC(C)(C)C)n(O)c(=O)c1,False,,,,16.501997529411764,16.800518,29.380499999999998,237.34300231933594,42.22999954223633,1.0,3.008820056915283
COc1ccc(Br)cc1C=c1sc2nc3ccccc3n2c1=O,False,,,,16.56696,22.025199999999998,22.259999999999998,387.25799560546875,43.599998474121094,0.0,3.2279999256134033
C[C@]1(O)C#CCCCCCC#C[C@@](C)(O)CC1,False,,,,16.342376,14.05885,37.561,234.33900451660156,40.459999084472656,2.0,2.239500045776367
CCOC(=O)c1c(C)oc2c(F)c(F)c(F)c(F)c12,False,,,,16.351847684210526,16.251768,18.403999999999996,276.18499755859375,39.439998626708984,0.0,3.4743199348449707
CC1=C(C(=O)OC(C)C)C(c2ccco2)NC(=O)N1,False,,,,16.14812357894737,26.316689999999998,45.0,264.281005859375,80.56999969482422,2.0,1.8590999841690063
CC(=O)c1cc2cc([N+](=O)[O-])ccc2o1,False,,,,16.2841892,24.948639999999997,31.472499999999997,205.16900634765625,73.3499984741211,0.0,2.543600082397461
N#CC(=NNc1ccc(Cl)cc1Cl)c1nc(-c2ccc(Cl)cc2)cs1,False,,,,17.14420936,24.881591999999998,38.3745,407.7130126953125,61.06999969482422,1.0,6.110079765319824
O=C(C=Cc1cccs1)c1ccc([N+](=O)[O-])cc1,False,,,,16.575567666666668,22.48256,26.873499999999996,259.2860107421875,60.209999084472656,0.0,3.5524001121520996
CCNc1nc2c(cc1C(=O)OC)c(=O)oc1ccccc12,False,,,,16.344802,30.0,45.0,298.2980041503906,81.43000030517578,1.0,2.5596001148223877
Nc1c2c(nc3ccccc13)CCCC2O,False,,,,16.318071500000002,19.92653,45.0,214.26800537109375,59.13999938964844,2.0,2.1867001056671143
Sc1nnc(-c2ccccc2)o1,False,,,,16.26647,18.80307,29.422,178.21600341796875,38.91999816894531,1.0,2.0253000259399414
CC12CCC(C(=CC(Cc3ccccc3)C(=O)O)C1=O)C2(C)C,False,,,,16.627353739130434,16.39845,32.4295,312.40899658203125,54.369998931884766,1.0,3.881500005722046
Cn1c(C(C#N)=NNc2ccc([N+](=O)[O-])cc2)nc2ccccc21,False,,,,16.385434416666666,30.0,45.0,320.31201171875,109.13999938964844,1.0,2.821280002593994
OC1COC2C(O)COC12,False,,,,15.394019199999999,22.75502,45.0,146.14199829101562,58.91999816894531,2.0,-1.4941999912261963
c1ccc(Cc2cc3ccccc3cn2)cc1,False,,,,16.68382705882353,6.43764,6.7115,219.28700256347656,12.890000343322754,0.0,3.8255999088287354
CC12CCC(=O)C=C1CCC1C2CCC2(C)C1CCC2(O)C(=O)CO,False,,,,16.38718288,25.146919999999998,45.0,346.4670104980469,74.5999984741211,2.0,2.810800075531006
CCOC(=O)C(CC)n1nc2ccccc2n1,False,,,,16.210722352941175,24.56725,26.953500000000002,233.27099609375,57.0099983215332,0.0,1.9455000162124634
CC1=C(Cl)CC[P+]([O-])(c2ccccc2)C1,False,,,,16.470793333333333,8.398670000000001,10.270999999999999,240.6699981689453,23.059999465942383,0.0,2.5213000774383545
FC(F)(F)c1nn(CN2CCOCC2)c(=S)n1N=Cc1ccc2c(c1)OCO2,False,,,,16.205285142857143,30.0,34.914,415.3970031738281,66.04000091552734,0.0,2.3334898948669434
Oc1ccc(C2CCCC2)cc1,False,,,,16.514083000000003,7.83642,19.2805,162.23199462890625,20.229999542236328,1.0,3.049799919128418
COc1ccccc1P(Cl)c1ccccc1OC,False,,,,16.61174777777778,9.993770000000001,9.861,280.6910095214844,18.459999084472656,0.0,3.290299892425537
CC1CC2CCC(O2)C(C)C(=O)OC(C)CC2CCC(O2)C(C)C(=O)OC(C)CC2CCC(O2)C(C)C(=O)OC(C)CC2CCC(O2)C(C)C(=O)O1,False,,,,17.00367692307692,30.0,45.0,736.9400024414062,142.1199951171875,0.0,6.021999835968018
CC(C)(C)NC[C@H](O)COc1cccc2c1CCCC2=O,False,,,,16.335868571428573,22.30746,45.0,291.3909912109375,58.560001373291016,2.0,2.333400011062622
O=C(N=c1sc(C(=O)c2cccs2)nn1-c1ccccc1[N+](=O)[O-])c1ccccc1,False,,,,16.597790933333336,30.0,45.0,436.4739990234375,107.45999908447266,0.0,3.8756000995635986
CCC1=CCCC1,False,,,,16.514125714285715,1.74933,1.0,96.1729965209961,0.0,0.0,2.506700038909912
COc1ccc(S(=O)(=O)c2csc(S(N)(=O)=O)c2)cc1,False,,,,16.062898,30.0,45.0,333.4119873046875,103.52999877929688,1.0,1.236899971961975
c1ccn2cccc2c1,False,,,,16.30200888888889,5.09987,3.7435,117.1510009765625,4.409999847412109,0.0,1.9392999410629272
COc1c(N2C[C@@H]3CCCN[C@@H]3C2)c(F)cc2c(=O)c(C(=O)O)cn(C3CC3)c12,False,,,,16.283366206896552,30.0,45.0,401.43798828125,83.80000305175781,2.0,2.370500087738037
C#CC1(OC(C)=O)CCC2C3CCC4=CC(=O)CCC4C3CCC21C,False,,,,16.6523824,16.90027,19.7795,340.4630126953125,43.369998931884766,0.0,4.063300132751465
C(=C(c1ccccc1)c1nc2ccccc2s1)c1ccccc1,False,,,,17.128559130434784,8.731679999999999,7.9115,313.42498779296875,12.890000343322754,0.0,5.885200023651123
O=C(O)c1c(P(c2ccccc2)c2ccccc2)ccc2ccccc12,False,,,,16.786737153846154,10.784379999999999,25.255,356.3609924316406,37.29999923706055,1.0,4.296199798583984
O=C(Cc1ccccc1)OCc1c([N+](=O)[O-])cccc1[N+](=O)[O-],False,,,,16.32005895652174,30.0,45.0,316.2690124511719,112.58000183105469,0.0,2.7888998985290527
CCC1(c2ccccc2)NC(=O)N(C)C1=O,False,,,,16.115749625,15.746450000000001,30.6935,218.25599670410156,49.40999984741211,1.0,1.4735000133514404
Clc1ccccc1-c1nnc(-c2ccccc2Cl)nn1,False,,,,16.645134,20.89006,23.846,303.1520080566406,51.560001373291016,0.0,3.907399892807007
CCOC(=O)c1cc2ccccc2o1,False,,,,16.341722142857144,16.33825,18.403999999999996,190.197998046875,39.439998626708984,0.0,2.609499931335449
CCN(C(=O)Oc1cccc(NC(=O)OC(C)C)c1)c1ccccc1,False,,,,16.78883576,23.74972,39.5545,342.3949890136719,67.87000274658203,1.0,4.668799877166748
CC(C)C1=CC2=CCC3C(C)(C(=O)O)CCCC3(C)C2CC1,False,,,,16.936598000000004,10.693379999999998,25.255,302.4580078125,37.29999923706055,1.0,5.206200122833252
Cc1ccc(N=C2NCCN2)c(Cl)c1,False,,,,16.29743457142857,10.872728,34.947,209.67999267578125,36.41999816894531,2.0,1.828719973564148
Nc1nc(N)nc(-c2ccccc2)n1,False,,,,15.990551142857143,30.0,45.0,187.20599365234375,90.70999908447266,2.0,0.703000009059906
COc1ccc2c(c1OC)C(=O)OC2C1c2cc3c(cc2CCN1C)OCO3,False,,,,16.355188214285715,30.0,32.661,383.3999938964844,66.45999908447266,0.0,2.873199939727783
CC(C)NC(=O)N1CC(=O)N(c2cc(Cl)cc(Cl)c2)C1=O,False,,,,16.41113780952381,21.761599999999998,39.002,330.1709899902344,69.72000122070312,1.0,2.880000114440918
CCc1nnc(-c2ccccn2)nc1CC,False,,,,16.2616225,21.07496,23.846,214.27200317382812,51.560001373291016,0.0,2.0583999156951904
C=C1CC(=O)OC1=O,False,,,,15.68676,17.30499,19.7795,112.08399963378906,43.369998931884766,0.0,0.016100000590085983
O=c1cccccc1O,False,,,,15.990801777777778,13.638759999999998,26.455,122.12300109863281,37.29999923706055,1.0,0.7523999810218811
CCC(C)n1ncn(-c2ccc(N3CCN(c4ccc(OC[C@H]5CO[C@](Cn6cncn6)(c6ccc(Cl)cc6Cl)O5)cc4)CC3)cc2)c1=O,False,,,,16.960331836734692,30.0,45.0,705.64697265625,104.69999694824219,0.0,5.577300071716309
N#CC(=Cc1ccc(Cl)cc1Cl)c1nc(-c2ccc([N+](=O)[O-])cc2)cs1,False,,,,17.09912861538462,28.258671999999997,34.937,402.2619934082031,79.81999969482422,0.0,6.089280128479004
C=CCC1(C(C)CCC)C(=O)NC(=S)NC1=O,False,,,,16.211701647058824,19.8244,44.970000000000006,254.35499572753906,58.20000076293945,2.0,1.5160000324249268
COC(=O)C1=Nc2ccccc2C1(C)C,False,,,,16.30381866666667,16.23647,18.131,203.24099731445312,38.65999984741211,0.0,2.223299980163574
OC1(C#Cc2ccccc2)Cc2ccccc21,False,,,,16.368153882352942,7.893200000000001,19.2805,220.27099609375,20.229999542236328,1.0,2.4820001125335693
COc1ccccc1-c1ccc(C=C2C=C(CC(C)C)OC2=O)o1,False,,,,16.811190833333335,20.27806,22.8345,324.3760070800781,48.66999816894531,0.0,4.825399875640869
CC(C)n1c(/C=C/[C@H](O)C[C@H](O)CC(=O)O)c(-c2ccc(F)cc2)c2ccccc21,False,,,,16.7736056,26.42139,45.0,411.4729919433594,82.69000244140625,3.0,4.6280999183654785
CCOC(=O)c1nc(C(Cl)(Cl)Cl)n(-c2ccc(Cl)cc2Cl)n1,False,,,,16.781225,24.30405,26.9535,403.4800109863281,57.0099983215332,0.0,4.577499866485596
C(#Cc1ccc2ccccc2c1)c1ccccc1,False,,,,16.78133111111111,1.5760399999999997,1.0,228.29400634765625,0.0,0.0,4.23960018157959
COc1ccc2c3c1O[C@H]1C(=O)CC[C@@]4(O)[C@@H](C2)N(C)CC[C@]314,False,,,,16.003723304347826,25.01518,37.650000000000006,315.3689880371094,59.0,1.0,1.048200011253357
CC1=C(O)C(=O)CC1,False,,,,16.0494295,13.595869999999998,26.455,112.12799835205078,37.29999923706055,1.0,1.1813000440597534
CC(C)(C)c1ccc2c(c1)OCCOCCOc1cc(C(C)(C)C)ccc1OCCOCCO2,False,,,,16.975184705882352,26.41402,27.583000000000002,472.62200927734375,55.380001068115234,0.0,5.543799877166748
CC(COc1ccccc1)NC(C)C(O)c1ccc(O)cc1,False,,,,16.444873,22.82248,45.0,301.385986328125,61.720001220703125,3.0,2.8712000846862793
Cc1cc([N+]([O-])=Nc2ccccc2)ccc1N=Nc1ccccc1,False,,,,17.125356000000004,22.733387999999998,27.9025,316.364013671875,63.150001525878906,0.0,6.336120128631592
CC(C)C=C1NC(c2ccccc2)OC1=O,False,,,,16.317610875,16.16225,28.015499999999996,217.26800537109375,38.33000183105469,1.0,2.371500015258789
c1ccc(-c2coc(-c3ccccc3)n2)cc1,False,,,,16.673631764705885,11.284540000000002,12.5105,221.25900268554688,26.030000686645508,0.0,4.008600234985352
O=S1(=O)OCCO1,False,,,,15.510062285714286,21.540200000000002,24.21,124.11699676513672,52.599998474121094,0.0,-0.722000002861023
CC1(C)c2cccc(P(C(C)(C)C)C(C)(C)C)c2Oc2c(P(C(C)(C)C)C(C)(C)C)cccc21,False,,,,17.922535294117644,5.208740000000001,5.4305,498.6719970703125,9.229999542236328,0.0,9.526599884033203
C1=Cc2nc1c(-c1ccccc1)c1ccc([nH]1)c(-c1ccccc1)c1nc(c(-c3ccccc3)c3ccc([nH]3)c2-c2ccccc2)C=C1,False,,,,18.18414308333333,16.19244,43.47599999999999,614.7520141601562,57.36000061035156,2.0,11.323599815368652
CCCC(=O)c1c(C)cc(C)c(C2CC(=O)C(C(CC)=NOCC)=C(O)C2)c1C,False,,,,17.010243931034484,27.607224000000002,43.586,399.531005859375,75.95999908447266,1.0,5.655759811401367
C1=CCCC=CCCC=CCC1,False,,,,16.81241,1.5990799999999996,1.0,162.2760009765625,0.0,0.0,4.009200096130371
CC1=Nc2ccccc2C1(C)C#N,False,,,,16.39775446153846,13.249611999999999,16.0525,170.21499633789062,36.150001525878906,0.0,2.5738799571990967
O=C(OC(=O)C(c1ccccc1)c1ccccc1)C(c1ccccc1)c1ccccc1,False,,,,16.99961741935484,16.73456,19.7795,406.4809875488281,43.369998931884766,0.0,5.720399856567383
c1ccc2c(c1)CNCCN2,False,,,,16.173108,11.21063,31.820999999999998,148.20899963378906,24.059999465942383,2.0,1.20169997215271
Cn1ncnc2c(=O)n(C)c(=O)nc1-2,False,,,,15.412247142857142,30.0,38.3345,193.16600036621094,82.66999816894531,0.0,-1.6261999607086182
CC(C)CC1=CC(=Cc2ccc(-c3cccc([N+](=O)[O-])c3)o2)C(=O)O1,False,,,,16.75816752,28.8919,35.903,339.34698486328125,82.58000183105469,0.0,4.724999904632568
CCCCc1ccc(NC(=O)Oc2ccc(OC)cc2)cc1,False,,,,16.806687,17.59593,31.246000000000002,299.3699951171875,47.560001373291016,1.0,4.64870023727417
OC(CCN1CCCCC1)(c1ccccc1)c1ccccc1,False,,,,16.667608,10.844749999999998,21.6145,295.4259948730469,23.469999313354492,1.0,3.7985000610351562
N#Cc1c(-c2ccccc2)nn(-c2ccccc2)c1N,False,,,,16.4580374,23.874082,39.470499999999994,260.29998779296875,67.62999725341797,1.0,2.9931800365448
O=C(CCCN1CCN(c2ccccn2)CC1)c1ccc(F)cc1,False,,,,16.45232625,18.25862,18.554000000000002,327.40301513671875,36.439998626708984,0.0,3.0058000087738037
C[Si]1(C)N[Si](C)(C)N[Si](C)(C)N1,False,,,,16.3088135,15.908779999999998,45.0,219.51300048828125,36.09000015258789,3.0,0.8741999864578247
CCC(C)C1C=C(C(O)CC(=O)CC(=O)O)C(C(C)CC)C1,False,,,,16.551916,22.58441,45.0,310.4339904785156,74.5999984741211,2.0,3.4358999729156494
CC12CCC(=O)C=C1CCC1C2C(O)CC2(C)C1CC[C@]2(O)C(=O)CO,False,,,,16.16137107692308,30.0,45.0,362.46600341796875,94.83000183105469,3.0,1.781599998474121
O=c1c(I)cn(CC(O)CO)cc1I,False,,,,16.170018,23.20173,45.0,420.97198486328125,62.459999084472656,2.0,0.4106999933719635
CC1CCCCC1=O,False,,,,16.2506925,7.396039999999999,8.1745,112.1719970703125,17.06999969482422,0.0,1.7655999660491943
N#CC(=NNc1cccc([N+](=O)[O-])c1)c1nc(-c2ccccc2)cs1,False,,,,16.66010408,30.0,45.0,349.375,104.20999908447266,1.0,4.058080196380615
O=C1C=CC(c2ccccc2)(c2ccccc2)C[C@@H]1[C@@H](O)C(c1ccccc1)c1ccccc1,False,,,,17.146397529411765,13.082909999999998,26.455,444.5740051269531,37.29999923706055,1.0,6.3109002113342285
O=C1Cc2cc3c(cc21)CC3=O,False,,,,16.012208333333334,13.02878,15.349,158.156005859375,34.13999938964844,0.0,1.164199948310852
COC(=O)C(C(=O)OC)=C1SC2=C(C(=O)c3ccccc3C2=O)N1c1ccccc1,False,,,,16.422099333333332,30.0,42.092999999999996,421.42999267578125,89.9800033569336,0.0,3.088200092315674
CC(C)(CO)C1OCC2(CO1)COC(C(C)(C)CO)OC2,False,,,,15.942602476190478,30.0,45.0,304.38299560546875,77.37999725341797,2.0,0.7555999755859375
O=C(NC(=O)c1c(F)cccc1F)Nc1ccc(Cl)cc1,False,,,,16.494347523809523,17.11799,43.77,310.68701171875,58.20000076293945,2.0,3.5801000595092773
O=C1CCC1,False,,,,15.977632,7.498659999999999,8.1745,70.09100341796875,17.06999969482422,0.0,0.7394000291824341
COC(=O)C1C(O)CCC2CN3CCc4c([nH]c5ccccc45)C3CC21,False,,,,16.364239615384616,23.53609,45.0,354.45001220703125,65.55999755859375,2.0,2.6470999717712402
NC(=O)N1c2ccccc2CCc2ccccc21,False,,,,16.480576,12.539200000000001,28.4155,238.2899932861328,46.33000183105469,1.0,3.002000093460083
Cc1ccc2cc3c(ccc4ccccc43)cc2c1,False,,,,17.06004715789474,1.4545379999999994,1.0,242.3209991455078,0.0,0.0,5.454619884490967
Cc1cc(Cl)ccc1OC(C)C(=O)Nc1ccc2nc(SCc3ccccc3)sc2c1,False,,,,17.317638000000002,23.023958,34.927,469.031005859375,51.220001220703125,1.0,6.956419944763184
C=C1CC[C@H](O)C/C1=C/C=C1\CCC[C@]2(C)[C@@H]([C@H](C)CCCC(C)C)CC[C@@H]12,False,,,,17.475997714285718,7.3795,19.2805,384.64801025390625,20.229999542236328,1.0,7.61899995803833
CCOC(=O)c1ccc(NS(=O)(=O)c2ccccc2)nc1,False,,,,16.223138095238095,29.65889,45.0,306.3429870605469,85.36000061035156,1.0,2.0590999126434326
CC1=CCC(C(=O)O)C1(C)C,False,,,,16.278296,11.007659999999998,25.255,154.20899963378906,37.29999923706055,1.0,2.0634000301361084
Cc1cc2nsnc2cc1C,False,,,,16.399408,13.909586,13.623,164.23300170898438,25.780000686645508,0.0,2.3081400394439697
O=C1OC2(Cc3ccccc31)C(=O)c1ccccc1C2=O,False,,,,16.21240523809524,22.65745,26.954,278.26300048828125,60.439998626708984,0.0,2.2174999713897705
N#CC1=C(N)N2C(=C(C#N)C1c1ccc(Cl)cc1)Sc1ccccc12,False,,,,16.76195232,27.883344,43.894,362.8450012207031,76.83999633789062,1.0,4.478559970855713
CC(C)(C)c1cc(CCC(=O)NCCCCCCNC(=O)CCc2cc(C(C)(C)C)c(O)c(C(C)(C)C)c2)cc(C(C)(C)C)c1O,False,,,,17.648144782608696,28.8942,45.0,636.9619750976562,98.66000366210938,4.0,8.645999908447266
O=C1CCCCN1,False,,,,15.901493428571428,9.709349999999999,22.385,99.13300323486328,29.100000381469727,1.0,0.2865000069141388
CN(C)c1ccc(C=C2C(=O)C3CCC(C)(C2=O)C3(C)C)cc1,False,,,,16.63918347826087,15.85537,17.683,311.42498779296875,37.380001068115234,0.0,3.730299949645996
O=c1oc2ccccc2c(O)c1C(CC(O)c1ccc(Cl)cc1)c1ccc(Cl)s1,False,,,,17.10715213793104,26.608349999999998,45.0,447.3389892578125,70.66999816894531,2.0,6.122499942779541
Cc1ccc2c(ccc3ccccc32)n1,False,,,,16.677745333333334,6.450557999999999,6.7115,193.24899291992188,12.890000343322754,0.0,3.6964199542999268
C=CC1(C)C=C2CCC3C(C)(C(=O)O)CCCC3(C)C2CC1,False,,,,16.936598000000004,10.693379999999998,25.255,302.4580078125,37.29999923706055,1.0,5.206200122833252
C1CN2CCN3CCCN(CCN(C1)C2)C3,False,,,,15.883405000000002,14.33976,10.335999999999999,224.3520050048828,12.960000038146973,0.0,-0.06960000097751617
CCOC(=O)C(c1c(O)c2ccccc2oc1=O)c1c(O)c2ccccc2oc1=O,False,,,,16.3841264,30.0,45.0,408.36199951171875,127.18000030517578,2.0,3.0055999755859375
CC12CCC(OC3CCCC3)=CC1=CCC1C2CCC2(C)C1CCC2(C)O,False,,,,17.119878370370373,11.687479999999999,23.711,370.5769958496094,29.459999084472656,1.0,6.153200149536133
O=C1C(=NO)C(c2ccc([N+](=O)[O-])cc2)=NN1c1ccccc1,False,,,,16.22701643478261,30.0,45.0,310.2690124511719,108.4000015258789,1.0,2.1758999824523926
N#Cc1cccnc1Oc1ccccc1,False,,,,16.362646666666667,17.489242,20.668499999999995,196.20899963378906,45.90999984741211,0.0,2.745579957962036
O=c1ccc2cc3ccoc3c(O)c2o1,False,,,,16.2397984,23.219920000000002,38.053,202.1649932861328,63.58000183105469,1.0,2.244800090789795
Nc1c(-c2ccccc2)cc(-c2ccccc2)cc1-c1ccccc1,False,,,,17.196989119999998,8.556619999999999,21.307,321.4230041503906,26.020000457763672,1.0,6.269800186157227
c1ccc2c(c1)CCc1ccccc1C1(OCCO1)C21OCCO1,False,,,,16.3786,18.35714,18.722,324.3760070800781,36.91999816894531,0.0,2.8845999240875244
COc1cc(OC)n2nc(S(=O)(=O)Nc3c(Cl)ccc(C)c3Cl)nc2n1,False,,,,16.32291053846154,30.0,45.0,418.2619934082031,107.70999908447266,1.0,2.5575199127197266
Cc1ccc(S(=O)(=O)NC(=O)NC2C3CCC(C)(C2O)C3(C)C)cc1,False,,,,16.2647672,28.973148,45.0,366.4830017089844,95.5,3.0,2.168519973754883
CN1C(=O)CC(C)(c2ccccc2)C1=O,False,,,,16.090690666666667,13.5951,16.483,203.24099731445312,37.380001068115234,0.0,1.3329999446868896
CCOC(=O)c1cc2c(oc1=O)-c1ccc(OC)cc1CC2,False,,,,16.321445,26.074129999999997,30.008999999999997,300.30999755859375,65.73999786376953,0.0,2.5906999111175537
CCCCCOC(=O)Nc1nc(=O)n(C2OC(C)C(O)C2O)cc1F,False,,,,15.89606504,30.0,45.0,359.35400390625,122.91000366210938,3.0,0.760200023651123
CC1(C)OC(=O)C(=Cc2ccc(-c3ccccc3[N+](=O)[O-])o2)C(=O)O1,False,,,,16.36319792,30.0,45.0,343.2909851074219,108.87999725341797,0.0,3.0743000507354736
CC(C)(C)N(NC(=O)c1ccccc1)C(=O)c1c(F)c(F)c(F)c(F)c1F,False,,,,16.49481162962963,15.497020000000001,30.6935,386.32000732421875,49.40999984741211,1.0,3.9677999019622803
C=C(C)c1cc(=O)c(O)ccc1CC=C(C)C,False,,,,16.59344917647059,13.384579999999998,26.455,230.3070068359375,37.29999923706055,1.0,3.2941999435424805
CC12CCC(=O)C=C1CCC1C2CCC2(C)C(OCc3ccccc3)CCC12,False,,,,17.09861071428572,11.123629999999999,12.605,378.5559997558594,26.299999237060547,0.0,6.103700160980225
O=C(C1=NOC2C(=O)N(c3ccc(O)cc3)C(=O)C12)c1ccc([N+](=O)[O-])cc1,False,,,,16.02269407142857,30.0,45.0,381.29998779296875,139.41000366210938,1.0,1.4275000095367432
COc1ccc(-c2nnc3n2NC(c2ccco2)S3)cc1,False,,,,16.403172095238094,30.0,42.1885,300.3429870605469,65.11000061035156,1.0,2.894700050354004
c1ccc2c(c1)Cc1c-2ccc2ccccc12,False,,,,16.816423529411765,1.5588999999999997,1.0,216.2830047607422,0.0,0.0,4.410999774932861
Cc1cccc2c(=O)c(=O)c12,False,,,,16.020784,13.070777999999999,15.349,146.14500427246094,34.13999938964844,0.0,0.7442200183868408
O=C(c1ccccc1)N(C(=O)c1ccccc1)c1ccc(Cl)cc1,False,,,,16.84063666666667,13.24568,16.483,335.7900085449219,37.380001068115234,0.0,4.827199935913086
N#CC(C(=O)N1CCOCC1)=C(SCc1ccccc1)SCc1ccccc1,False,,,,16.797030285714285,23.654681999999998,25.665499999999998,410.5639953613281,53.33000183105469,0.0,4.447179794311523
C=CC1(C(C)CCC)C(=O)NC(=O)NC1=O,False,,,,15.99497175,22.9525,45.0,224.25999450683594,75.2699966430664,2.0,0.9610000252723694
O=[N+]([O-])c1ccccc1C=Cc1nc2ccccc2[nH]1,False,,,,16.587599100000002,22.06345,39.737,265.2720031738281,71.81999969482422,1.0,3.6414999961853027
Cc1cccc(O[Si]23OCCN(CCO2)CCO3)c1,False,,,,16.069712421052632,21.609958,21.056,281.3840026855469,40.15999984741211,0.0,1.188420057296753
O=C(OCC(=O)N1CCOCC1)c1ccccc1,False,,,,15.924171666666666,21.980980000000002,25.344,249.26600646972656,55.84000015258789,0.0,0.7021999955177307
COc1ccc2c(=O)n3ccccc3cc2c1,False,,,,16.368701176470587,14.781669999999998,15.3485,225.2469940185547,30.709999084472656,0.0,2.4612998962402344
O=C(Nc1ccccc1)OC1C=CC=CCC1OC(=O)Nc1ccccc1,False,,,,16.791278074074075,25.32509,45.0,364.4010009765625,76.66000366210938,2.0,4.737100124359131
COc1ccc2c(c1)CC1(CCC(O)(c3ccc(C(C)(C)C)cc3)CC1)C2O,False,,,,16.882918285714286,17.941159999999996,41.991499999999995,380.52801513671875,49.689998626708984,2.0,5.030399799346924
Cc1ccc(N=NC2C(=O)NN(c3ccccc3)C2=O)cc1,False,,,,16.320601,25.090868,41.74549999999999,294.3139953613281,74.12999725341797,1.0,2.525320053100586
Cl.N[C@@H](Cc1ccccc1)C(=O)OCc1ccccc1,False,,,,16.442001400000002,18.64544,32.912,291.77801513671875,52.31999969482422,1.0,2.72160005569458
N#CC(=Cc1ccc(Cl)cc1Cl)c1nc(-c2cccc3ccccc23)cs1,False,,,,17.403909333333335,15.368972,17.438,407.32501220703125,36.68000030517578,0.0,7.334280014038086
CC1=C(C(=O)OCC(C)C)C(c2ccco2)NC(=O)N1,False,,,,16.2090874,26.291929999999997,45.0,278.3080139160156,80.56999969482422,2.0,2.1066999435424805
O=C(O)C1CCCN1C(=O)OCc1ccccc1,False,,,,16.156549777777776,21.34398,37.994,249.26600646972656,66.83999633789062,1.0,1.8722000122070312
COc1cc2c(cc1OCc1ccccc1)C(C)NCC2,False,,,,16.575024476190478,14.640109999999998,25.271500000000003,283.3710021972656,30.489999771118164,1.0,3.4809000492095947
c1ccc(N=C(Nc2ccccc2)Nc2ccccc2)cc1,False,,,,16.916324,10.56577,34.947,287.3659973144531,36.41999816894531,2.0,4.8983001708984375
Cc1c(NN=C(C#N)c2nc(-c3ccccc3)cs2)c(=O)n(-c2ccccc2)n1C,False,,,,16.6627178,30.0,45.0,414.4939880371094,88.0,1.0,3.947700023651123
Cc1cc(N=Nc2ccc(N=Nc3ccccc3)cc2)ccc1N=Nc1ccc(N=Nc2ccccc2)cc1,False,,,,18.198073230769225,30.0,45.0,508.5889892578125,98.87999725341797,0.0,11.656620025634766
C=CCC1(CC(=C)Br)C(=O)NC(=O)NC1=O,False,,,,16.0898905,22.92724,45.0,287.1130065917969,75.2699966430664,2.0,1.2136000394821167
c1ccc(Nc2cccc3ccccc23)cc1,False,,,,16.870091411764708,6.207059999999999,16.4105,219.28700256347656,12.029999732971191,1.0,4.583399772644043
Cc1ccc(OP(=O)(Oc2cccc(C)c2)Oc2ccccc2C)cc1,False,,,,17.123123153846155,19.431124,21.466,368.3689880371094,44.7599983215332,0.0,6.256760120391846
Oc1ccc(Br)cc1-c1cc[nH]n1,False,,,,16.412457692307694,15.549319999999998,40.518499999999996,239.07200622558594,48.90999984741211,2.0,2.544800043106079
O=[N+]([O-])c1ccc(-n2cc([N+](=O)[O-])c(-c3ccccc3)n2)cc1,False,,,,16.45844156521739,30.0,44.635000000000005,310.2690124511719,104.0999984741211,0.0,3.3557000160217285
FC1(F)C2=CC=CC=C1C=CC=C2,False,,,,16.455387692307692,1.6829699999999999,1.0,178.18099975585938,0.0,0.0,3.170300006866455
Cc1ccc(C(=O)C=Cc2cccs2)cc1,False,,,,16.737383375,9.677337999999999,9.3745,228.3159942626953,17.06999969482422,0.0,3.952620029449463
