pair_id,solute_smiles,solvent_smiles,solute_ud_key,solvent_ud_key,match_rule_solute,match_rule_solvent,T_K,m_ln_gamma_inf,g_2002_full,g_2002_res,g_2010_dsp_off_full,g_2010_dsp_off_res,method,source_doi,journal,in_corner_57
1,C=CC1CC=CCC1,CN=CO,BBDKZWKEPDTENS-MRVPVSSYSA-N,ATHHXGZTWNVVOU-UHFFFAOYSA-N,first_block,exact,298.15,2.8094026953624978,1.8825008942650774,1.9680131015349362,1.8149012488135,1.9004134560833568,Chromatography,10.1016/j.tca.2015.11.010,Thermochim. Acta,False
2,CCCO,CCCCCOC(C)=O,BDERNNFJNOPAEC-UHFFFAOYSA-N,PGMYKACGEOXYJE-UHFFFAOYSA-N,exact,exact,298.15,0.8878912573524571,0.8797703457573738,1.0309107414442933,1.3622182939789291,1.5133586896658475,Chromatography,10.1016/j.jct.2018.05.003,J. Chem. Thermodyn.,False
3,CCCO,ClCCl,BDERNNFJNOPAEC-UHFFFAOYSA-N,YMWUJEATGCHHMB-UHFFFAOYSA-N,exact,exact,293.15,2.125847914493992,0.437882827070027,0.44347099683408303,2.588247977253384,2.5938361470174396,unreported,10.1016/j.fluid.2015.11.037,Fluid Phase Equilib.,False
3,CCCO,ClCCl,BDERNNFJNOPAEC-UHFFFAOYSA-N,YMWUJEATGCHHMB-UHFFFAOYSA-N,exact,exact,303.15,1.944480556245719,0.44159980296339785,0.4471879727274538,2.4899448918828844,2.49553306164694,unreported,10.1016/j.fluid.2015.11.037,Fluid Phase Equilib.,False
3,CCCO,ClCCl,BDERNNFJNOPAEC-UHFFFAOYSA-N,YMWUJEATGCHHMB-UHFFFAOYSA-N,exact,exact,311.15,1.7884205679625405,0.44322422184942456,0.4488123916134806,2.413902001373591,2.4194901711376464,unreported,10.1016/j.fluid.2015.11.037,Fluid Phase Equilib.,False
4,CCC(C)N,CO,BHRZNVHARXXAHW-BYPYZUCNSA-N,OKKJLVBELUTLKV-UHFFFAOYSA-N,first_block,exact,298.15,-0.2876820724517809,-1.9609490757888097,-1.6864274666311307,-0.4564554567154917,-0.18193384755781372,Chromatography,10.1016/j.tca.2012.02.005,Thermochim. Acta,True
5,CCC(C)N,c1ccccc1,BHRZNVHARXXAHW-BYPYZUCNSA-N,UHOVQNZJYSORNB-UHFFFAOYSA-N,first_block,exact,298.15,0.1397619423751586,0.41810610210303056,0.4197193247267038,0.48611093545634176,0.4877241580800153,Chromatography,10.1016/j.tca.2012.02.005,Thermochim. Acta,True
6,CCCCCCCCC,CN=CO,BKIMMITUMNQMOS-UHFFFAOYSA-N,ATHHXGZTWNVVOU-UHFFFAOYSA-N,exact,exact,298.15,4.805659046737495,3.51054110788822,3.9414950547331555,3.6168780533118117,4.047832000156746,Chromatography,10.1016/j.tca.2015.11.010,Thermochim. Acta,False
7,CCCCCCCCC,c1ccncc1,BKIMMITUMNQMOS-UHFFFAOYSA-N,JUJWROOIHBZHMG-UHFFFAOYSA-N,exact,exact,298.15,2.169053700369523,1.856861326945928,2.115958407739292,1.94839580682675,2.2074928876201123,Chromatography,10.1016/j.fluid.2016.10.009,Fluid Phase Equilib.,True
8,CCCCCCCCC,OCCO,BKIMMITUMNQMOS-UHFFFAOYSA-N,LYCAIKOWRPUZTN-UHFFFAOYSA-N,exact,exact,303.15,7.992944547318106,5.822427443323468,6.257329018447073,6.389307771298617,6.824209346422222,Chromatography,10.1016/j.jct.2016.10.013,J. Chem. Thermodyn.,False
8,CCCCCCCCC,OCCO,BKIMMITUMNQMOS-UHFFFAOYSA-N,LYCAIKOWRPUZTN-UHFFFAOYSA-N,exact,exact,313.15,7.749322464660356,5.723002804643001,6.157904379766606,6.266961079688328,6.701862654811934,Chromatography,10.1016/j.jct.2016.10.013,J. Chem. Thermodyn.,False
8,CCCCCCCCC,OCCO,BKIMMITUMNQMOS-UHFFFAOYSA-N,LYCAIKOWRPUZTN-UHFFFAOYSA-N,exact,exact,323.15,7.585788821732034,5.625608692052553,6.0605102671761575,6.147945017160597,6.582846592284203,Chromatography,10.1016/j.jct.2016.10.013,J. Chem. Thermodyn.,False
9,CCCCCCCCC,OCCOCCO,BKIMMITUMNQMOS-UHFFFAOYSA-N,MTHSVFCYNBDYFN-UHFFFAOYSA-N,exact,exact,304.15,5.916202062607435,4.149194751000904,4.213649502160409,4.500638748388823,4.565093499548328,Chromatography,10.1016/j.jct.2016.10.013,J. Chem. Thermodyn.,False
9,CCCCCCCCC,OCCOCCO,BKIMMITUMNQMOS-UHFFFAOYSA-N,MTHSVFCYNBDYFN-UHFFFAOYSA-N,exact,exact,313.15,5.796057750765372,4.082147375928688,4.146602127088193,4.417845676850199,4.482300428009704,Chromatography,10.1016/j.jct.2016.10.013,J. Chem. Thermodyn.,False
9,CCCCCCCCC,OCCOCCO,BKIMMITUMNQMOS-UHFFFAOYSA-N,MTHSVFCYNBDYFN-UHFFFAOYSA-N,exact,exact,323.15,5.68697535633982,4.009165969160054,4.073620720319559,4.328408966813824,4.392863717973329,Chromatography,10.1016/j.jct.2016.10.013,J. Chem. Thermodyn.,False
10,CCCCCCCCC,CCCCCOC(C)=O,BKIMMITUMNQMOS-UHFFFAOYSA-N,PGMYKACGEOXYJE-UHFFFAOYSA-N,exact,exact,298.15,0.7747271675523681,0.7222678438696375,0.7277784948660458,0.7741137829106521,0.779624433907059,Chromatography,10.1016/j.jct.2018.05.003,J. Chem. Thermodyn.,False
11,CCCCCCCCC,OCCOCCOCCOCCO,BKIMMITUMNQMOS-UHFFFAOYSA-N,UWHCKJMYHZGTIT-UHFFFAOYSA-N,exact,exact,333.15,4.525401607404409,2.618107496238056,2.6256694226581305,2.8124864520110684,2.8200483784311414,Chromatography,10.1021/je020196d,J. Chem. Eng. Data,False
11,CCCCCCCCC,OCCOCCOCCOCCO,BKIMMITUMNQMOS-UHFFFAOYSA-N,UWHCKJMYHZGTIT-UHFFFAOYSA-N,exact,exact,353.15,4.169544794785036,2.5147804109461176,2.522342337366192,2.687722002754313,2.695283929174386,Chromatography,10.1021/je020196d,J. Chem. Eng. Data,False
11,CCCCCCCCC,OCCOCCOCCOCCO,BKIMMITUMNQMOS-UHFFFAOYSA-N,UWHCKJMYHZGTIT-UHFFFAOYSA-N,exact,exact,363.15,4.050401382422334,2.4650081566648727,2.472570083084947,2.6283771502390803,2.6359390766591533,Chromatography,10.1021/je020196d,J. Chem. Eng. Data,False
11,CCCCCCCCC,OCCOCCOCCOCCO,BKIMMITUMNQMOS-UHFFFAOYSA-N,UWHCKJMYHZGTIT-UHFFFAOYSA-N,exact,exact,373.1,3.8970657005751295,2.416703748426655,2.4242656748467293,2.571260023851819,2.578821950271892,Chromatography,10.1021/je020196d,J. Chem. Eng. Data,False
11,CCCCCCCCC,OCCOCCOCCOCCO,BKIMMITUMNQMOS-UHFFFAOYSA-N,UWHCKJMYHZGTIT-UHFFFAOYSA-N,exact,exact,383.15,3.7599272128731456,2.3691193184021744,2.3766812448222487,2.5154508298891027,2.5230127563091758,Chromatography,10.1021/je020196d,J. Chem. Eng. Data,False
11,CCCCCCCCC,OCCOCCOCCOCCO,BKIMMITUMNQMOS-UHFFFAOYSA-N,UWHCKJMYHZGTIT-UHFFFAOYSA-N,exact,exact,393.15,3.681774271983889,2.3229432577696714,2.3305051841897457,2.461718497227454,2.469280423647527,Chromatography,10.1021/je020196d,J. Chem. Eng. Data,False
11,CCCCCCCCC,OCCOCCOCCOCCO,BKIMMITUMNQMOS-UHFFFAOYSA-N,UWHCKJMYHZGTIT-UHFFFAOYSA-N,exact,exact,403.15,3.530381840042981,2.2779039235069005,2.285465849926975,2.409701100625249,2.417263027045322,Chromatography,10.1021/je020196d,J. Chem. Eng. Data,False
12,CCCCCCCCC,OCCOCCOCCO,BKIMMITUMNQMOS-UHFFFAOYSA-N,ZIBGPFATKBEMQZ-UHFFFAOYSA-N,exact,exact,323.15,5.207524667544767,3.219467294368276,3.212856575760198,3.456217347651558,3.449606629043482,Chromatography,10.1021/je020196d,J. Chem. Eng. Data,False
12,CCCCCCCCC,OCCOCCOCCO,BKIMMITUMNQMOS-UHFFFAOYSA-N,ZIBGPFATKBEMQZ-UHFFFAOYSA-N,exact,exact,333.15,5.049787415153563,3.158399603602401,3.1517888849943234,3.3821051343764603,3.3754944157683844,Chromatography,10.1021/je020196d,J. Chem. Eng. Data,False
12,CCCCCCCCC,OCCOCCOCCO,BKIMMITUMNQMOS-UHFFFAOYSA-N,ZIBGPFATKBEMQZ-UHFFFAOYSA-N,exact,exact,343.15,4.9404488534460835,3.098751661751352,3.0921409431432743,3.3102989324246765,3.3036882138166006,Chromatography,10.1021/je020196d,J. Chem. Eng. Data,False
12,CCCCCCCCC,OCCOCCOCCO,BKIMMITUMNQMOS-UHFFFAOYSA-N,ZIBGPFATKBEMQZ-UHFFFAOYSA-N,exact,exact,353.15,4.779488972534275,3.040509998788705,3.0338992801806275,3.240766650434127,3.234155931826051,Chromatography,10.1021/je020196d,J. Chem. Eng. Data,False
12,CCCCCCCCC,OCCOCCOCCO,BKIMMITUMNQMOS-UHFFFAOYSA-N,ZIBGPFATKBEMQZ-UHFFFAOYSA-N,exact,exact,363.15,4.635186165261687,2.98365393069654,2.9770432120884625,3.173451143565652,3.166840424957576,Chromatography,10.1021/je020196d,J. Chem. Eng. Data,False
12,CCCCCCCCC,OCCOCCOCCO,BKIMMITUMNQMOS-UHFFFAOYSA-N,ZIBGPFATKBEMQZ-UHFFFAOYSA-N,exact,exact,373.1,4.532541426951318,2.92843161885703,2.921820900248952,3.108600026334261,3.101989307726185,Chromatography,10.1021/je020196d,J. Chem. Eng. Data,False
12,CCCCCCCCC,OCCOCCOCCO,BKIMMITUMNQMOS-UHFFFAOYSA-N,ZIBGPFATKBEMQZ-UHFFFAOYSA-N,exact,exact,383.15,4.399410898909511,2.873990844444449,2.8673801258363714,3.045168953139692,3.038558234531616,Chromatography,10.1021/je020196d,J. Chem. Eng. Data,False
12,CCCCCCCCC,OCCOCCOCCO,BKIMMITUMNQMOS-UHFFFAOYSA-N,ZIBGPFATKBEMQZ-UHFFFAOYSA-N,exact,exact,393.15,4.302910372716953,2.8211216902700484,2.8145109716619707,2.984032905241239,2.977422186633163,Chromatography,10.1021/je020196d,J. Chem. Eng. Data,False
13,CCCCCCN,CO,BMVXCPBXGZKUPN-UHFFFAOYSA-N,OKKJLVBELUTLKV-UHFFFAOYSA-N,exact,exact,298.15,2.617395832834079,-2.3181274084455987,-1.6280326267280127,-0.47666301595322835,0.21343176576435474,Chromatography,10.1016/j.tca.2012.02.005,Thermochim. Acta,True
14,CCCCCCN,c1ccccc1,BMVXCPBXGZKUPN-UHFFFAOYSA-N,UHOVQNZJYSORNB-UHFFFAOYSA-N,exact,exact,298.15,2.785011242238338,0.51378713109957,0.590963189851954,0.5542753229573739,0.6314513817097577,Chromatography,10.1016/j.tca.2012.02.005,Thermochim. Acta,True
15,Cc1ccccn1,CO,BSKHPKMHTQYZBB-UHFFFAOYSA-N,OKKJLVBELUTLKV-UHFFFAOYSA-N,exact,exact,298.15,-0.2876820724517809,-0.1976435573814119,0.13997500034594593,0.74668723512663,1.084305792853988,Chromatography,10.1016/j.tca.2012.02.005,Thermochim. Acta,True
16,CC(C)=O,c1ccncc1,CSCPPACGZOOCGX-UHFFFAOYSA-N,JUJWROOIHBZHMG-UHFFFAOYSA-N,exact,exact,298.15,0.1655144384775733,-0.1295287642088072,-0.12340315066238026,-0.1401524374310135,-0.1340268238845848,Chromatography,10.1016/j.fluid.2016.10.009,Fluid Phase Equilib.,True
17,CC(C)=O,CCCCCOC(C)=O,CSCPPACGZOOCGX-UHFFFAOYSA-N,PGMYKACGEOXYJE-UHFFFAOYSA-N,exact,exact,298.15,0.1739533071234379,0.04926919997619447,0.2287832783478826,0.04720380842242056,0.22671788679410854,Chromatography,10.1016/j.jct.2018.05.003,J. Chem. Thermodyn.,False
18,Cc1ccccc1C,CN=CO,CTQNGGLPUBDAKN-UHFFFAOYSA-N,ATHHXGZTWNVVOU-UHFFFAOYSA-N,exact,exact,298.15,2.2823823856765264,1.5284533321640552,1.619549280127395,1.4330833653141837,1.5241793132775223,Chromatography,10.1016/j.tca.2015.11.010,Thermochim. Acta,False
19,Cc1ccccc1C,c1ccncc1,CTQNGGLPUBDAKN-UHFFFAOYSA-N,JUJWROOIHBZHMG-UHFFFAOYSA-N,exact,exact,298.15,0.3435897043900768,0.32620668533399366,0.36946139751544926,0.3361552861018483,0.3794099982833026,Chromatography,10.1016/j.fluid.2016.10.009,Fluid Phase Equilib.,True
20,CCCCCCCCCC,CN=CO,DIOQZVSQGTUSAI-UHFFFAOYSA-N,ATHHXGZTWNVVOU-UHFFFAOYSA-N,exact,exact,298.15,5.268888555857225,3.758427024296397,4.311512049192631,3.876337090771166,4.4294221156674,Chromatography,10.1016/j.tca.2015.11.010,Thermochim. Acta,False
21,CCCCCCCCCC,c1ccncc1,DIOQZVSQGTUSAI-UHFFFAOYSA-N,JUJWROOIHBZHMG-UHFFFAOYSA-N,exact,exact,298.15,2.26176309847379,1.9684222343742128,2.3177104384391387,2.0699849390018454,2.4192731430667713,Chromatography,10.1016/j.fluid.2016.10.009,Fluid Phase Equilib.,True
22,CCCCCCCCCC,CCCCCOC(C)=O,DIOQZVSQGTUSAI-UHFFFAOYSA-N,PGMYKACGEOXYJE-UHFFFAOYSA-N,exact,exact,298.15,0.9162907318741552,0.7785011224013563,0.7994736395380547,0.8362455000566991,0.8572180171933942,Chromatography,10.1016/j.jct.2018.05.003,J. Chem. Thermodyn.,False
23,CCCCCCCCCC,OCCOCCOCCOCCO,DIOQZVSQGTUSAI-UHFFFAOYSA-N,UWHCKJMYHZGTIT-UHFFFAOYSA-N,exact,exact,333.15,4.812032311293978,2.879398830170489,2.873329071777163,3.092552009506252,3.086482251112925,Chromatography,10.1021/je020196d,J. Chem. Eng. Data,False
23,CCCCCCCCCC,OCCOCCOCCOCCO,DIOQZVSQGTUSAI-UHFFFAOYSA-N,UWHCKJMYHZGTIT-UHFFFAOYSA-N,exact,exact,353.15,4.475043277240402,2.7661209345050937,2.7600511761117676,2.955647198228361,2.949577439835034,Chromatography,10.1021/je020196d,J. Chem. Eng. Data,False
23,CCCCCCCCCC,OCCOCCOCCOCCO,DIOQZVSQGTUSAI-UHFFFAOYSA-N,UWHCKJMYHZGTIT-UHFFFAOYSA-N,exact,exact,363.15,4.319191994439771,2.711566009276889,2.7054962508835634,2.8905482969153207,2.8844785385219933,Chromatography,10.1021/je020196d,J. Chem. Eng. Data,False
23,CCCCCCCCCC,OCCOCCOCCOCCO,DIOQZVSQGTUSAI-UHFFFAOYSA-N,UWHCKJMYHZGTIT-UHFFFAOYSA-N,exact,exact,373.1,4.164717591963446,2.6586261894984453,2.6525564311051193,2.827904838080493,2.821835079687166,Chromatography,10.1021/je020196d,J. Chem. Eng. Data,False
23,CCCCCCCCCC,OCCOCCOCCOCCO,DIOQZVSQGTUSAI-UHFFFAOYSA-N,UWHCKJMYHZGTIT-UHFFFAOYSA-N,exact,exact,383.15,4.011576895216909,2.6064811852721794,2.600411426878854,2.766706482167789,2.7606367237744616,Chromatography,10.1021/je020196d,J. Chem. Eng. Data,False
23,CCCCCCCCCC,OCCOCCOCCOCCO,DIOQZVSQGTUSAI-UHFFFAOYSA-N,UWHCKJMYHZGTIT-UHFFFAOYSA-N,exact,exact,393.15,3.937850583457605,2.5558847785214835,2.549815020128158,2.7077950606824124,2.701725302289085,Chromatography,10.1021/je020196d,J. Chem. Eng. Data,False
23,CCCCCCCCCC,OCCOCCOCCOCCO,DIOQZVSQGTUSAI-UHFFFAOYSA-N,UWHCKJMYHZGTIT-UHFFFAOYSA-N,exact,exact,403.15,3.759985424766783,2.5065387150279665,2.5004689566346405,2.650772436366029,2.6447026779727016,Chromatography,10.1021/je020196d,J. Chem. Eng. Data,False
24,CCCCCCCCCC,OCCOCCOCCO,DIOQZVSQGTUSAI-UHFFFAOYSA-N,ZIBGPFATKBEMQZ-UHFFFAOYSA-N,exact,exact,323.15,5.5297508611335635,3.513841257676608,3.5151679111748213,3.7734176482543806,3.774744301752594,Chromatography,10.1021/je020196d,J. Chem. Eng. Data,False
24,CCCCCCCCCC,OCCOCCOCCO,DIOQZVSQGTUSAI-UHFFFAOYSA-N,ZIBGPFATKBEMQZ-UHFFFAOYSA-N,exact,exact,333.15,5.391283893050297,3.4469077577342846,3.448234411232498,3.6921072270566473,3.6934338805548608,Chromatography,10.1021/je020196d,J. Chem. Eng. Data,False
24,CCCCCCCCCC,OCCOCCOCCO,DIOQZVSQGTUSAI-UHFFFAOYSA-N,ZIBGPFATKBEMQZ-UHFFFAOYSA-N,exact,exact,343.15,5.280124882275566,3.3815385769012773,3.382865230399491,3.6133435508128335,3.614670204311047,Chromatography,10.1021/je020196d,J. Chem. Eng. Data,False
24,CCCCCCCCCC,OCCOCCOCCO,DIOQZVSQGTUSAI-UHFFFAOYSA-N,ZIBGPFATKBEMQZ-UHFFFAOYSA-N,exact,exact,353.15,5.087052977763904,3.317718007448426,3.3190446609466395,3.537088988908084,3.5384156424062976,Chromatography,10.1021/je020196d,J. Chem. Eng. Data,False
24,CCCCCCCCCC,OCCOCCOCCO,DIOQZVSQGTUSAI-UHFFFAOYSA-N,ZIBGPFATKBEMQZ-UHFFFAOYSA-N,exact,exact,363.15,4.945441625062828,3.2554225421728455,3.256749195671059,3.4632787774784117,3.464605430976625,Chromatography,10.1021/je020196d,J. Chem. Eng. Data,False
24,CCCCCCCCCC,OCCOCCOCCO,DIOQZVSQGTUSAI-UHFFFAOYSA-N,ZIBGPFATKBEMQZ-UHFFFAOYSA-N,exact,exact,373.1,4.829952393970809,3.194923286408652,3.1962499399068656,3.392182517698681,3.3935091711968943,Chromatography,10.1021/je020196d,J. Chem. Eng. Data,False
24,CCCCCCCCCC,OCCOCCOCCO,DIOQZVSQGTUSAI-UHFFFAOYSA-N,ZIBGPFATKBEMQZ-UHFFFAOYSA-N,exact,exact,383.15,4.675924971059971,3.135285954434323,3.1366126079325363,3.322653791271256,3.3239804447694694,Chromatography,10.1021/je020196d,J. Chem. Eng. Data,False
24,CCCCCCCCCC,OCCOCCOCCO,DIOQZVSQGTUSAI-UHFFFAOYSA-N,ZIBGPFATKBEMQZ-UHFFFAOYSA-N,exact,exact,393.15,4.5600378737140135,3.077375480294383,3.0787021337925964,3.2556503785182653,3.256977032016479,Chromatography,10.1021/je020196d,J. Chem. Eng. Data,False
25,CCCCOC(C)=O,c1ccncc1,DKPFZGUDAPQIHT-UHFFFAOYSA-N,JUJWROOIHBZHMG-UHFFFAOYSA-N,exact,exact,298.15,0.1397619423751586,0.09236420040913854,0.18665315818742567,0.08196083737190829,0.1762497951501964,Chromatography,10.1016/j.fluid.2016.10.009,Fluid Phase Equilib.,True
26,CCC(=O)CC,O,FDPIMTJIUBPUKL-UHFFFAOYSA-N,XLYOFNOQVPJJNP-UHFFFAOYSA-N,exact,exact,273.35,4.21803603456465,4.1397414098385505,5.557486061556569,5.340162776895667,6.757907428613682,unreported,10.1021/acs.jced.9b00726,J. Chem. Eng. Data,False
26,CCC(=O)CC,O,FDPIMTJIUBPUKL-UHFFFAOYSA-N,XLYOFNOQVPJJNP-UHFFFAOYSA-N,exact,exact,283.15,4.464758032271346,4.151205414515797,5.568950066233815,5.37140326655828,6.789147918276296,unreported,10.1021/acs.jced.9b00726,J. Chem. Eng. Data,False
26,CCC(=O)CC,O,FDPIMTJIUBPUKL-UHFFFAOYSA-N,XLYOFNOQVPJJNP-UHFFFAOYSA-N,exact,exact,288.15,4.530446639792155,4.154929383303131,5.572674035021149,5.382829769915547,6.800574421633563,unreported,10.1021/acs.jced.9b00726,J. Chem. Eng. Data,False
26,CCC(=O)CC,O,FDPIMTJIUBPUKL-UHFFFAOYSA-N,XLYOFNOQVPJJNP-UHFFFAOYSA-N,exact,exact,293.15,4.613138355637268,4.157334283461139,5.575078935179157,5.3915202095121195,6.809264861230135,unreported,10.1021/acs.jced.9b00726,J. Chem. Eng. Data,False
26,CCC(=O)CC,O,FDPIMTJIUBPUKL-UHFFFAOYSA-N,XLYOFNOQVPJJNP-UHFFFAOYSA-N,exact,exact,298.15,4.724690053415823,4.158500462315252,5.57624511403327,5.39768555282223,6.815430204540244,unreported,10.1021/acs.jced.9b00726,J. Chem. Eng. Data,False
26,CCC(=O)CC,O,FDPIMTJIUBPUKL-UHFFFAOYSA-N,XLYOFNOQVPJJNP-UHFFFAOYSA-N,exact,exact,303.15,4.773223770984341,4.15850242542887,5.576247077146888,5.401518251147305,6.81926290286532,unreported,10.1021/acs.jced.9b00726,J. Chem. Eng. Data,False
26,CCC(=O)CC,O,FDPIMTJIUBPUKL-UHFFFAOYSA-N,XLYOFNOQVPJJNP-UHFFFAOYSA-N,exact,exact,308.15,4.856706811803519,4.1574093486985335,5.575154000416552,5.403194092488924,6.82093874420694,unreported,10.1021/acs.jced.9b00726,J. Chem. Eng. Data,False
26,CCC(=O)CC,O,FDPIMTJIUBPUKL-UHFFFAOYSA-N,XLYOFNOQVPJJNP-UHFFFAOYSA-N,exact,exact,313.15,4.865224091322398,4.155285539605886,5.573030191323904,5.402873849986449,6.820618501704463,unreported,10.1021/acs.jced.9b00726,J. Chem. Eng. Data,False
26,CCC(=O)CC,O,FDPIMTJIUBPUKL-UHFFFAOYSA-N,XLYOFNOQVPJJNP-UHFFFAOYSA-N,exact,exact,318.15,4.906270220346425,4.152190853198513,5.569935504916531,5.4007047506810295,6.818449402399045,unreported,10.1021/acs.jced.9b00726,J. Chem. Eng. Data,False
26,CCC(=O)CC,O,FDPIMTJIUBPUKL-UHFFFAOYSA-N,XLYOFNOQVPJJNP-UHFFFAOYSA-N,exact,exact,323.15,4.953006181259619,4.148181067698151,5.565925719416169,5.396821786014295,6.814566437732309,unreported,10.1021/acs.jced.9b00726,J. Chem. Eng. Data,False
26,CCC(=O)CC,O,FDPIMTJIUBPUKL-UHFFFAOYSA-N,XLYOFNOQVPJJNP-UHFFFAOYSA-N,exact,exact,333.15,4.997212273764115,4.137620933231306,5.555365584949324,5.3843999497034485,6.802144601421463,unreported,10.1021/acs.jced.9b00726,J. Chem. Eng. Data,False
27,Cc1ccncc1,CO,FKNQCJSGGFJEIZ-UHFFFAOYSA-N,OKKJLVBELUTLKV-UHFFFAOYSA-N,exact,exact,298.15,0.0,-0.395334351903505,-0.05640879032247378,0.684804066942338,1.0237296285233657,Chromatography,10.1016/j.tca.2012.02.005,Thermochim. Acta,True
28,ClC(Cl)Cl,CCCCCOC(C)=O,HEDRZPFGACZZDS-UHFFFAOYSA-N,PGMYKACGEOXYJE-UHFFFAOYSA-N,exact,exact,298.15,-1.3093333199837622,-2.076946062118519,-1.959279218145067,-0.9769178789630927,-0.8592510349896415,Chromatography,10.1016/j.jct.2018.05.003,J. Chem. Thermodyn.,False
29,Cc1ccc(C(C)C)cc1,CN=CO,HFPZCAJZSCWRBC-UHFFFAOYSA-N,ATHHXGZTWNVVOU-UHFFFAOYSA-N,exact,exact,298.15,3.104586678466073,2.0718055387776695,2.3071517631480023,1.9991929815364033,2.234539205906734,Chromatography,10.1016/j.tca.2015.11.010,Thermochim. Acta,False
30,CCCCC=O,O,HGBOYTHUEUWSSQ-UHFFFAOYSA-N,XLYOFNOQVPJJNP-UHFFFAOYSA-N,exact,exact,298.15,5.393627546352362,4.6394906229793555,6.118894010687467,5.639279730794572,7.118683118502684,Chromatography,10.1016/j.fluid.2015.01.010,Fluid Phase Equilib.,False
30,CCCCC=O,O,HGBOYTHUEUWSSQ-UHFFFAOYSA-N,XLYOFNOQVPJJNP-UHFFFAOYSA-N,exact,exact,303.15,5.560681631015528,4.632662755971113,6.1120661436792245,5.639382291440207,7.11878567914832,Chromatography,10.1016/j.fluid.2015.01.010,Fluid Phase Equilib.,False
30,CCCCC=O,O,HGBOYTHUEUWSSQ-UHFFFAOYSA-N,XLYOFNOQVPJJNP-UHFFFAOYSA-N,exact,exact,308.15,5.62040086571715,4.624906428684978,6.10430981639309,5.637407569890915,7.116810957599028,Chromatography,10.1016/j.fluid.2015.01.010,Fluid Phase Equilib.,False
30,CCCCC=O,O,HGBOYTHUEUWSSQ-UHFFFAOYSA-N,XLYOFNOQVPJJNP-UHFFFAOYSA-N,exact,exact,313.15,5.71042701737487,4.6162794351558665,6.095682822863978,5.633514914792953,7.112918302501066,Chromatography,10.1016/j.fluid.2015.01.010,Fluid Phase Equilib.,False
30,CCCCC=O,O,HGBOYTHUEUWSSQ-UHFFFAOYSA-N,XLYOFNOQVPJJNP-UHFFFAOYSA-N,exact,exact,318.15,5.780743515792329,4.6068354886716305,6.086238876379742,5.627850030967786,7.107253418675898,Chromatography,10.1016/j.fluid.2015.01.010,Fluid Phase Equilib.,False
30,CCCCC=O,O,HGBOYTHUEUWSSQ-UHFFFAOYSA-N,XLYOFNOQVPJJNP-UHFFFAOYSA-N,exact,exact,323.15,5.82600010738045,4.5966245687395,6.076027956447612,5.620546312315227,7.099949700023339,Chromatography,10.1016/j.fluid.2015.01.010,Fluid Phase Equilib.,False
30,CCCCC=O,O,HGBOYTHUEUWSSQ-UHFFFAOYSA-N,XLYOFNOQVPJJNP-UHFFFAOYSA-N,exact,exact,328.15,5.857933154483459,4.585693234714045,6.065096622422156,5.61172603191826,7.091129419626372,Chromatography,10.1016/j.fluid.2015.01.010,Fluid Phase Equilib.,False
31,C1=CCCCC1,c1ccncc1,HGCIXCUEYOPUTN-UHFFFAOYSA-N,JUJWROOIHBZHMG-UHFFFAOYSA-N,exact,exact,298.15,0.9082585601768908,0.7515848555018473,0.7537022367073406,0.7668926496635217,0.7690100308690159,Chromatography,10.1016/j.fluid.2016.10.009,Fluid Phase Equilib.,True
32,C1=CCCCC1,CCCCCOC(C)=O,HGCIXCUEYOPUTN-UHFFFAOYSA-N,PGMYKACGEOXYJE-UHFFFAOYSA-N,exact,exact,298.15,0.1484200051182732,0.09310739925672382,0.16654189087260643,0.10065036083173326,0.1740848524476168,Chromatography,10.1016/j.jct.2018.05.003,J. Chem. Thermodyn.,False
33,C=CC=O,O,HGINCPLSRVDWNT-UHFFFAOYSA-N,XLYOFNOQVPJJNP-UHFFFAOYSA-N,exact,exact,298.15,3.039749158970765,2.203616033542745,2.8350942808824677,2.6429456082871656,3.274423855626888,Chromatography,10.1016/j.fluid.2015.01.010,Fluid Phase Equilib.,False
33,C=CC=O,O,HGINCPLSRVDWNT-UHFFFAOYSA-N,XLYOFNOQVPJJNP-UHFFFAOYSA-N,exact,exact,301.15,3.068052935133617,2.208712711157222,2.8401909584969447,2.6551389857171275,3.28661723305685,Chromatography,10.1016/j.fluid.2015.01.010,Fluid Phase Equilib.,False
33,C=CC=O,O,HGINCPLSRVDWNT-UHFFFAOYSA-N,XLYOFNOQVPJJNP-UHFFFAOYSA-N,exact,exact,303.15,3.0633909220278057,2.2119334892566247,2.8434117365963476,2.6629023890746035,3.294380636414326,Chromatography,10.1016/j.fluid.2015.01.010,Fluid Phase Equilib.,False
33,C=CC=O,O,HGINCPLSRVDWNT-UHFFFAOYSA-N,XLYOFNOQVPJJNP-UHFFFAOYSA-N,exact,exact,305.15,3.077312260546414,2.21501629738955,2.846494544729273,2.6703820215821317,3.301860268921854,Chromatography,10.1016/j.fluid.2015.01.010,Fluid Phase Equilib.,False
33,C=CC=O,O,HGINCPLSRVDWNT-UHFFFAOYSA-N,XLYOFNOQVPJJNP-UHFFFAOYSA-N,exact,exact,308.15,3.109060958860994,2.219388400956999,2.850866648296722,2.681084981491113,3.3125632288308355,Chromatography,10.1016/j.fluid.2015.01.010,Fluid Phase Equilib.,False
33,C=CC=O,O,HGINCPLSRVDWNT-UHFFFAOYSA-N,XLYOFNOQVPJJNP-UHFFFAOYSA-N,exact,exact,310.15,3.1179499062782403,2.2221393209239397,2.8536175682636626,2.6878859941586586,3.319364241498381,Chromatography,10.1016/j.fluid.2015.01.010,Fluid Phase Equilib.,False
33,C=CC=O,O,HGINCPLSRVDWNT-UHFFFAOYSA-N,XLYOFNOQVPJJNP-UHFFFAOYSA-N,exact,exact,313.15,3.139832617527748,2.2260270306659535,2.8575052780056764,2.697602622350992,3.3290808696907144,Chromatography,10.1016/j.fluid.2015.01.010,Fluid Phase Equilib.,False
33,C=CC=O,O,HGINCPLSRVDWNT-UHFFFAOYSA-N,XLYOFNOQVPJJNP-UHFFFAOYSA-N,exact,exact,315.15,3.1570004211501135,2.228463701701088,2.859941949040811,2.7037664070252116,3.335244654364934,Chromatography,10.1016/j.fluid.2015.01.010,Fluid Phase Equilib.,False
33,C=CC=O,O,HGINCPLSRVDWNT-UHFFFAOYSA-N,XLYOFNOQVPJJNP-UHFFFAOYSA-N,exact,exact,318.15,3.1780538303479458,2.231892600644102,2.863370847983825,2.712556473944963,3.3440347212846855,Chromatography,10.1016/j.fluid.2015.01.010,Fluid Phase Equilib.,False
33,C=CC=O,O,HGINCPLSRVDWNT-UHFFFAOYSA-N,XLYOFNOQVPJJNP-UHFFFAOYSA-N,exact,exact,320.15,3.1822118404966093,2.2340315168625904,2.8655097642023133,2.718121398228488,3.3495996455682104,Chromatography,10.1016/j.fluid.2015.01.010,Fluid Phase Equilib.,False
33,C=CC=O,O,HGINCPLSRVDWNT-UHFFFAOYSA-N,XLYOFNOQVPJJNP-UHFFFAOYSA-N,exact,exact,323.15,3.1822118404966093,2.237025541254357,2.86850378859408,2.7260403426154545,3.357518589955177,Chromatography,10.1016/j.fluid.2015.01.010,Fluid Phase Equilib.,False
33,C=CC=O,O,HGINCPLSRVDWNT-UHFFFAOYSA-N,XLYOFNOQVPJJNP-UHFFFAOYSA-N,exact,exact,325.15,3.190476350346503,2.2388821440328908,2.8703603913726137,2.7310420160100675,3.36252026334979,Chromatography,10.1016/j.fluid.2015.01.010,Fluid Phase Equilib.,False
33,C=CC=O,O,HGINCPLSRVDWNT-UHFFFAOYSA-N,XLYOFNOQVPJJNP-UHFFFAOYSA-N,exact,exact,328.15,3.190476350346503,2.241463715197526,2.872941962537249,2.738141323152482,3.3696195704922043,Chromatography,10.1016/j.fluid.2015.01.010,Fluid Phase Equilib.,False
33,C=CC=O,O,HGINCPLSRVDWNT-UHFFFAOYSA-N,XLYOFNOQVPJJNP-UHFFFAOYSA-N,exact,exact,330.15,3.1986731175506815,2.243052476830594,2.874530724170317,2.742612836041839,3.3740910833815616,Chromatography,10.1016/j.fluid.2015.01.010,Fluid Phase Equilib.,False
33,C=CC=O,O,HGINCPLSRVDWNT-UHFFFAOYSA-N,XLYOFNOQVPJJNP-UHFFFAOYSA-N,exact,exact,333.15,3.194583132299156,2.245242620652675,2.876720867992398,2.7489403777310537,3.380418625070776,Chromatography,10.1016/j.fluid.2015.01.010,Fluid Phase Equilib.,False
34,CCNCC,CO,HPNMFZURTQLUMO-UHFFFAOYSA-N,OKKJLVBELUTLKV-UHFFFAOYSA-N,exact,exact,298.15,-1.1086626245216111,-0.6088460536507325,-0.2719028149721617,0.4647856685825541,0.801728907261125,Chromatography,10.1016/j.tca.2012.02.005,Thermochim. Acta,True
35,CCCCN,CO,HQABUPZFAYXKJW-UHFFFAOYSA-N,OKKJLVBELUTLKV-UHFFFAOYSA-N,exact,exact,298.15,-0.7765287894989963,-2.14648586910036,-1.8194627687763354,-0.6602357934937111,-0.33321269316968555,Chromatography,10.1016/j.tca.2012.02.005,Thermochim. Acta,True
36,CCC(=O)C(C)C,O,HYTRYEXINDDXJK-UHFFFAOYSA-N,XLYOFNOQVPJJNP-UHFFFAOYSA-N,exact,exact,278.15,5.594711379601839,5.276164005400499,7.005872754002977,6.63621982977471,8.365928578377183,unreported,10.1021/acs.jced.9b00726,J. Chem. Eng. Data,False
36,CCC(=O)C(C)C,O,HYTRYEXINDDXJK-UHFFFAOYSA-N,XLYOFNOQVPJJNP-UHFFFAOYSA-N,exact,exact,288.15,5.796057750765372,5.2635962787759,6.993305027378377,6.636957651077292,8.366666399679765,unreported,10.1021/acs.jced.9b00726,J. Chem. Eng. Data,False
36,CCC(=O)C(C)C,O,HYTRYEXINDDXJK-UHFFFAOYSA-N,XLYOFNOQVPJJNP-UHFFFAOYSA-N,exact,exact,298.15,5.968707559985366,5.246335535727816,6.976044284330293,6.627196929159867,8.35690567776234,unreported,10.1021/acs.jced.9b00726,J. Chem. Eng. Data,False
36,CCC(=O)C(C)C,O,HYTRYEXINDDXJK-UHFFFAOYSA-N,XLYOFNOQVPJJNP-UHFFFAOYSA-N,exact,exact,308.15,6.091309882077698,5.224976483838379,6.954685232440856,6.608603491990975,8.338312240593448,unreported,10.1021/acs.jced.9b00726,J. Chem. Eng. Data,False
36,CCC(=O)C(C)C,O,HYTRYEXINDDXJK-UHFFFAOYSA-N,XLYOFNOQVPJJNP-UHFFFAOYSA-N,exact,exact,318.15,6.1463292576688975,5.200028500776081,6.929737249378558,6.582555184554968,8.31226393315744,unreported,10.1021/acs.jced.9b00726,J. Chem. Eng. Data,False
36,CCC(=O)C(C)C,O,HYTRYEXINDDXJK-UHFFFAOYSA-N,XLYOFNOQVPJJNP-UHFFFAOYSA-N,exact,exact,328.15,6.19644412779452,5.171930055574519,6.901638804176996,6.550197286265574,8.279906034868047,unreported,10.1021/acs.jced.9b00726,J. Chem. Eng. Data,False
37,CCCCCCC,CN=CO,IMNFDUFMRHMDMM-UHFFFAOYSA-N,ATHHXGZTWNVVOU-UHFFFAOYSA-N,exact,exact,298.15,4.102643365036796,2.979512178769353,3.1963285713806933,3.062929626705875,3.2797460193172125,Chromatography,10.1016/j.tca.2015.11.010,Thermochim. Acta,False
38,CCCCCCC,c1ccncc1,IMNFDUFMRHMDMM-UHFFFAOYSA-N,JUJWROOIHBZHMG-UHFFFAOYSA-N,exact,exact,298.15,1.913977101952304,1.6010256876815037,1.7091120590444138,1.6731968281739513,1.7812831995368597,Chromatography,10.1016/j.fluid.2016.10.009,Fluid Phase Equilib.,True
39,CCCCCCC,OCCO,IMNFDUFMRHMDMM-UHFFFAOYSA-N,LYCAIKOWRPUZTN-UHFFFAOYSA-N,exact,exact,303.15,7.090076835776092,4.863913121450018,5.083759214439047,5.3243366826235645,5.54418277561259,Chromatography,10.1016/j.jct.2016.10.013,J. Chem. Thermodyn.,False
39,CCCCCCC,OCCO,IMNFDUFMRHMDMM-UHFFFAOYSA-N,LYCAIKOWRPUZTN-UHFFFAOYSA-N,exact,exact,313.15,6.937314081223682,4.7835815373872155,5.003427630376244,5.225695634864356,5.4455417278533815,Chromatography,10.1016/j.jct.2016.10.013,J. Chem. Thermodyn.,False
39,CCCCCCC,OCCO,IMNFDUFMRHMDMM-UHFFFAOYSA-N,LYCAIKOWRPUZTN-UHFFFAOYSA-N,exact,exact,323.15,6.756932389247553,4.704861326393303,4.924707419382331,5.12968000032931,5.349526093318336,Chromatography,10.1016/j.jct.2016.10.013,J. Chem. Thermodyn.,False
40,CCCCCCC,OCCOCCO,IMNFDUFMRHMDMM-UHFFFAOYSA-N,MTHSVFCYNBDYFN-UHFFFAOYSA-N,exact,exact,304.15,5.159055299214529,3.413218795491201,3.4193128579351817,3.697834437716647,3.703928500160629,Chromatography,10.1016/j.jct.2016.10.013,J. Chem. Thermodyn.,False
40,CCCCCCC,OCCOCCO,IMNFDUFMRHMDMM-UHFFFAOYSA-N,MTHSVFCYNBDYFN-UHFFFAOYSA-N,exact,exact,313.15,5.017279836814924,3.359175095563233,3.3652691580072136,3.6312926755669306,3.637386738010912,Chromatography,10.1016/j.jct.2016.10.013,J. Chem. Thermodyn.,False
40,CCCCCCC,OCCOCCO,IMNFDUFMRHMDMM-UHFFFAOYSA-N,MTHSVFCYNBDYFN-UHFFFAOYSA-N,exact,exact,323.15,4.941642422609304,3.3003208395754573,3.306414902019438,3.5593549529895148,3.5654490154334963,Chromatography,10.1016/j.jct.2016.10.013,J. Chem. Thermodyn.,False
41,CCCCCCC,CCCCCOC(C)=O,IMNFDUFMRHMDMM-UHFFFAOYSA-N,PGMYKACGEOXYJE-UHFFFAOYSA-N,exact,exact,298.15,0.6418538861723947,0.5782295152295185,0.5821384760636372,0.6185965695744464,0.6225055304085675,Chromatography,10.1016/j.jct.2018.05.003,J. Chem. Thermodyn.,False
42,CCCCCCC,OCCOCCOCCOCCO,IMNFDUFMRHMDMM-UHFFFAOYSA-N,UWHCKJMYHZGTIT-UHFFFAOYSA-N,exact,exact,333.15,3.9159552639557513,2.063280633053879,2.1275772480096204,2.2207165101184403,2.2850131250741827,Chromatography,10.1021/je020196d,J. Chem. Eng. Data,False
42,CCCCCCC,OCCOCCOCCOCCO,IMNFDUFMRHMDMM-UHFFFAOYSA-N,UWHCKJMYHZGTIT-UHFFFAOYSA-N,exact,exact,353.15,3.627737823671571,1.980116345383606,2.0444129603393475,2.12053580493433,2.1848324198900726,Chromatography,10.1021/je020196d,J. Chem. Eng. Data,False
42,CCCCCCC,OCCOCCOCCOCCO,IMNFDUFMRHMDMM-UHFFFAOYSA-N,UWHCKJMYHZGTIT-UHFFFAOYSA-N,exact,exact,363.15,3.4703689038567855,1.9400266884840751,2.0043233034398167,2.072828503784005,2.1371251187397475,Chromatography,10.1021/je020196d,J. Chem. Eng. Data,False
42,CCCCCCC,OCCOCCOCCOCCO,IMNFDUFMRHMDMM-UHFFFAOYSA-N,UWHCKJMYHZGTIT-UHFFFAOYSA-N,exact,exact,373.1,3.3941660530403515,1.9011019591494704,1.965398574105212,2.0268805973325863,2.091177212288329,Chromatography,10.1021/je020196d,J. Chem. Eng. Data,False
42,CCCCCCC,OCCOCCOCCOCCO,IMNFDUFMRHMDMM-UHFFFAOYSA-N,UWHCKJMYHZGTIT-UHFFFAOYSA-N,exact,exact,383.15,3.2613719372707863,1.8627413852308,1.9270380001865415,1.9819565141678421,2.046253129123585,Chromatography,10.1021/je020196d,J. Chem. Eng. Data,False
42,CCCCCCC,OCCOCCOCCOCCO,IMNFDUFMRHMDMM-UHFFFAOYSA-N,UWHCKJMYHZGTIT-UHFFFAOYSA-N,exact,exact,393.15,3.13801711769094,1.8255015904580676,1.8897982054138092,1.9386789616980498,2.0029755766537924,Chromatography,10.1021/je020196d,J. Chem. Eng. Data,False
42,CCCCCCC,OCCOCCOCCOCCO,IMNFDUFMRHMDMM-UHFFFAOYSA-N,UWHCKJMYHZGTIT-UHFFFAOYSA-N,exact,exact,403.15,3.0355441580848805,1.7891652231471316,1.8534618381028731,1.8967600813109242,1.961056696266667,Chromatography,10.1021/je020196d,J. Chem. Eng. Data,False
43,CCCCCCC,OCCOCCOCCO,IMNFDUFMRHMDMM-UHFFFAOYSA-N,ZIBGPFATKBEMQZ-UHFFFAOYSA-N,exact,exact,323.15,4.535343038017844,2.5981300408431807,2.6051629714466817,2.7898592680110217,2.7968921986145223,Chromatography,10.1021/je020196d,J. Chem. Eng. Data,False
43,CCCCCCC,OCCOCCOCCO,IMNFDUFMRHMDMM-UHFFFAOYSA-N,ZIBGPFATKBEMQZ-UHFFFAOYSA-N,exact,exact,333.15,4.4155230626313635,2.54894487624624,2.555977806849741,2.73032741015057,2.7373603407540705,Chromatography,10.1021/je020196d,J. Chem. Eng. Data,False
43,CCCCCCC,OCCOCCOCCO,IMNFDUFMRHMDMM-UHFFFAOYSA-N,ZIBGPFATKBEMQZ-UHFFFAOYSA-N,exact,exact,343.15,4.275487647112961,2.5008797742170943,2.5079127048205954,2.6726013235659556,2.679634254169456,Chromatography,10.1021/je020196d,J. Chem. Eng. Data,False
43,CCCCCCC,OCCOCCOCCO,IMNFDUFMRHMDMM-UHFFFAOYSA-N,ZIBGPFATKBEMQZ-UHFFFAOYSA-N,exact,exact,353.15,4.138712263288851,2.4539266664153625,2.4609595970188636,2.6166623543482075,2.623695284951708,Chromatography,10.1021/je020196d,J. Chem. Eng. Data,False
43,CCCCCCC,OCCOCCOCCO,IMNFDUFMRHMDMM-UHFFFAOYSA-N,ZIBGPFATKBEMQZ-UHFFFAOYSA-N,exact,exact,363.15,4.0135321139298075,2.408071344674786,2.415104275278287,2.562470608682323,2.5695035392858236,Chromatography,10.1021/je020196d,J. Chem. Eng. Data,False
43,CCCCCCC,OCCOCCOCCO,IMNFDUFMRHMDMM-UHFFFAOYSA-N,ZIBGPFATKBEMQZ-UHFFFAOYSA-N,exact,exact,373.1,3.91576997675508,2.363516276248824,2.370549206852325,2.5102308724282905,2.517263803031791,Chromatography,10.1021/je020196d,J. Chem. Eng. Data,False
43,CCCCCCC,OCCOCCOCCO,IMNFDUFMRHMDMM-UHFFFAOYSA-N,ZIBGPFATKBEMQZ-UHFFFAOYSA-N,exact,exact,383.15,3.7912194124782577,2.3195756975621284,2.3266086281656295,2.4591061654411455,2.466139096044646,Chromatography,10.1021/je020196d,J. Chem. Eng. Data,False
43,CCCCCCC,OCCOCCOCCO,IMNFDUFMRHMDMM-UHFFFAOYSA-N,ZIBGPFATKBEMQZ-UHFFFAOYSA-N,exact,exact,393.15,3.704959474825575,2.276888940314278,2.283921870917779,2.409805410947045,2.4168383415505454,Chromatography,10.1021/je020196d,J. Chem. Eng. Data,False
44,Cc1cccnc1,CO,ITQTTZVARXURQS-UHFFFAOYSA-N,OKKJLVBELUTLKV-UHFFFAOYSA-N,exact,exact,298.15,-0.1984509387238383,-0.3415410010497299,-0.008532572841035202,0.7068479464162449,1.0398563746249396,Chromatography,10.1016/j.tca.2012.02.005,Thermochim. Acta,True
45,Cc1cccnc1,c1ccccc1,ITQTTZVARXURQS-UHFFFAOYSA-N,UHOVQNZJYSORNB-UHFFFAOYSA-N,exact,exact,298.15,-0.0408219945202551,-0.014422704594057494,-0.0074733761665329735,-0.016696751396485757,-0.009747422968961564,Chromatography,10.1016/j.tca.2012.02.005,Thermochim. Acta,True
46,Cc1cccc(C)c1,CN=CO,IVSZLXZYQVIEFR-UHFFFAOYSA-N,ATHHXGZTWNVVOU-UHFFFAOYSA-N,exact,exact,298.15,2.379546134130174,1.595876279638776,1.715331997344126,1.506008805559054,1.6254645232644016,Chromatography,10.1016/j.tca.2015.11.010,Thermochim. Acta,False
47,Cc1cccc(C)c1,c1ccncc1,IVSZLXZYQVIEFR-UHFFFAOYSA-N,JUJWROOIHBZHMG-UHFFFAOYSA-N,exact,exact,298.15,0.4317824164255378,0.3741574151512532,0.42982261562909824,0.3838083817216542,0.43947358219949817,Chromatography,10.1016/j.fluid.2016.10.009,Fluid Phase Equilib.,True
48,Cc1cccc(C)c1,CCCCCOC(C)=O,IVSZLXZYQVIEFR-UHFFFAOYSA-N,PGMYKACGEOXYJE-UHFFFAOYSA-N,exact,exact,298.15,-0.1053605156578262,-0.04068654344430668,-0.026417278561347624,-0.04635396376334198,-0.03208469888038389,Chromatography,10.1016/j.jct.2018.05.003,J. Chem. Thermodyn.,False
49,C=CCCCCCCC,OCCO,JRZJOMJEPLMPRA-UHFFFAOYSA-N,LYCAIKOWRPUZTN-UHFFFAOYSA-N,exact,exact,303.15,7.383989457978509,4.957987038005516,5.366437948486578,5.508155802777139,5.916606713258198,Chromatography,10.1016/j.jct.2016.10.013,J. Chem. Thermodyn.,False
49,C=CCCCCCCC,OCCO,JRZJOMJEPLMPRA-UHFFFAOYSA-N,LYCAIKOWRPUZTN-UHFFFAOYSA-N,exact,exact,313.15,7.170119543449628,4.884159639841219,5.29261055032228,5.421934434102001,5.8303853445830605,Chromatography,10.1016/j.jct.2016.10.013,J. Chem. Thermodyn.,False
49,C=CCCCCCCC,OCCO,JRZJOMJEPLMPRA-UHFFFAOYSA-N,LYCAIKOWRPUZTN-UHFFFAOYSA-N,exact,exact,323.15,7.064759027791802,4.811211488354956,5.219662398836017,5.336795689593428,5.745246600074488,Chromatography,10.1016/j.jct.2016.10.013,J. Chem. Thermodyn.,False
50,C=CCCCCCCC,OCCOCCO,JRZJOMJEPLMPRA-UHFFFAOYSA-N,MTHSVFCYNBDYFN-UHFFFAOYSA-N,exact,exact,304.15,5.236441962829949,3.4268315803470304,3.4820077246974037,3.760154732004037,3.815330876354411,Chromatography,10.1016/j.jct.2016.10.013,J. Chem. Thermodyn.,False
50,C=CCCCCCCC,OCCOCCO,JRZJOMJEPLMPRA-UHFFFAOYSA-N,MTHSVFCYNBDYFN-UHFFFAOYSA-N,exact,exact,313.15,5.159055299214529,3.379850765287058,3.4350269096374313,3.706031890102748,3.761208034453122,Chromatography,10.1016/j.jct.2016.10.013,J. Chem. Thermodyn.,False
50,C=CCCCCCCC,OCCOCCO,JRZJOMJEPLMPRA-UHFFFAOYSA-N,MTHSVFCYNBDYFN-UHFFFAOYSA-N,exact,exact,323.15,5.0689042022202315,3.328194612263166,3.383370756613539,3.6465254551244857,3.70170159947486,Chromatography,10.1016/j.jct.2016.10.013,J. Chem. Thermodyn.,False
51,c1ccncc1,CO,JUJWROOIHBZHMG-UHFFFAOYSA-N,OKKJLVBELUTLKV-UHFFFAOYSA-N,exact,exact,298.15,0.1823215567939546,-0.2668682256141357,-0.07110824306033815,0.651188666079887,0.8469486486336855,Chromatography,10.1016/j.tca.2012.02.005,Thermochim. Acta,True
52,CC(C)O,CCCCCOC(C)=O,KFZMGEQAYNKOFK-UHFFFAOYSA-N,PGMYKACGEOXYJE-UHFFFAOYSA-N,exact,exact,298.15,1.0508216248317612,0.9095574521499945,1.0690638237160741,1.3847518644402905,1.5442582360063695,Chromatography,10.1016/j.jct.2018.05.003,J. Chem. Thermodyn.,False
53,CC(Cl)CCl,c1ccncc1,KNKRKFALVUDBJE-GSVOUGTGSA-N,JUJWROOIHBZHMG-UHFFFAOYSA-N,first_block,exact,298.15,-0.0725706928348353,-0.051362688119429685,-0.05274775735271949,-0.046454749659435135,-0.0478398188927249,Chromatography,10.1016/j.fluid.2016.10.009,Fluid Phase Equilib.,True
54,CC(Cl)CCl,CCCCCOC(C)=O,KNKRKFALVUDBJE-GSVOUGTGSA-N,PGMYKACGEOXYJE-UHFFFAOYSA-N,first_block,exact,298.15,-0.4942963218147801,-0.20435357795840126,-0.1500623726562843,-0.19914945204509107,-0.14485824674297498,Chromatography,10.1016/j.jct.2018.05.003,J. Chem. Thermodyn.,False
55,C=CCCCCCC,OCCO,KWKAKUADMBZCLK-UHFFFAOYSA-N,LYCAIKOWRPUZTN-UHFFFAOYSA-N,exact,exact,303.15,6.8690144506657065,4.48691618073309,4.785964921401132,4.983982264873125,5.283031005541166,Chromatography,10.1016/j.jct.2016.10.013,J. Chem. Thermodyn.,False
55,C=CCCCCCC,OCCO,KWKAKUADMBZCLK-UHFFFAOYSA-N,LYCAIKOWRPUZTN-UHFFFAOYSA-N,exact,exact,313.15,6.70808408385307,4.4222424301648005,4.721291170832843,4.909037675269847,5.2080864159378875,Chromatography,10.1016/j.jct.2016.10.013,J. Chem. Thermodyn.,False
55,C=CCCCCCC,OCCO,KWKAKUADMBZCLK-UHFFFAOYSA-N,LYCAIKOWRPUZTN-UHFFFAOYSA-N,exact,exact,323.15,6.601230118728877,4.358272075317159,4.6573208159852015,4.834892770035548,5.133941510703588,Chromatography,10.1016/j.jct.2016.10.013,J. Chem. Thermodyn.,False
56,C=CCCCCCC,OCCOCCO,KWKAKUADMBZCLK-UHFFFAOYSA-N,MTHSVFCYNBDYFN-UHFFFAOYSA-N,exact,exact,304.15,4.836281906951478,3.0680822029555337,3.0917164327736497,3.3681995550679757,3.39183378488609,Chromatography,10.1016/j.jct.2016.10.013,J. Chem. Thermodyn.,False
56,C=CCCCCCC,OCCOCCO,KWKAKUADMBZCLK-UHFFFAOYSA-N,MTHSVFCYNBDYFN-UHFFFAOYSA-N,exact,exact,313.15,4.7535901911063645,3.027233769214854,3.05086799903297,3.321661495249316,3.3452957250674302,Chromatography,10.1016/j.jct.2016.10.013,J. Chem. Thermodyn.,False
56,C=CCCCCCC,OCCOCCO,KWKAKUADMBZCLK-UHFFFAOYSA-N,MTHSVFCYNBDYFN-UHFFFAOYSA-N,exact,exact,323.15,4.68213122712422,2.982263386265272,3.005897616083388,3.2703710181926935,3.2940052480108077,Chromatography,10.1016/j.jct.2016.10.013,J. Chem. Thermodyn.,False
57,CCO,CCCCCOC(C)=O,LFQSCWFLJHTTHZ-UHFFFAOYSA-N,PGMYKACGEOXYJE-UHFFFAOYSA-N,exact,exact,298.15,1.0885619528146082,0.9255244218770451,1.1856350948391619,1.4275077195027128,1.6876183924648298,Chromatography,10.1016/j.jct.2018.05.003,J. Chem. Thermodyn.,False
58,CCO,O,LFQSCWFLJHTTHZ-UHFFFAOYSA-N,XLYOFNOQVPJJNP-UHFFFAOYSA-N,exact,exact,323.15,1.6428726885203375,1.7254699069000645,2.19360696382316,1.9710581948497818,2.439195251772878,unreported,10.1016/j.fluid.2016.08.030,Fluid Phase Equilib.,False
58,CCO,O,LFQSCWFLJHTTHZ-UHFFFAOYSA-N,XLYOFNOQVPJJNP-UHFFFAOYSA-N,exact,exact,333.15,1.5623463049002495,1.7200480720357796,2.188185128958875,1.971719800302644,2.43985685722574,unreported,10.1016/j.fluid.2016.08.030,Fluid Phase Equilib.,False
58,CCO,O,LFQSCWFLJHTTHZ-UHFFFAOYSA-N,XLYOFNOQVPJJNP-UHFFFAOYSA-N,exact,exact,343.15,1.4747630091074988,1.7135045567683467,2.181641613691442,1.9697891145151796,2.4379261714382756,unreported,10.1016/j.fluid.2016.08.030,Fluid Phase Equilib.,False
58,CCO,O,LFQSCWFLJHTTHZ-UHFFFAOYSA-N,XLYOFNOQVPJJNP-UHFFFAOYSA-N,exact,exact,353.15,1.4134230285081433,1.7059663680241706,2.174103424947266,1.965619129196051,2.433756186119147,unreported,10.1016/j.fluid.2016.08.030,Fluid Phase Equilib.,False
59,CCO,ClCCl,LFQSCWFLJHTTHZ-UHFFFAOYSA-N,YMWUJEATGCHHMB-UHFFFAOYSA-N,exact,exact,293.15,2.25758772706331,0.5342235736878722,0.5380156276088698,2.7005358219156617,2.7043278758366576,unreported,10.1016/j.fluid.2015.11.037,Fluid Phase Equilib.,False
59,CCO,ClCCl,LFQSCWFLJHTTHZ-UHFFFAOYSA-N,YMWUJEATGCHHMB-UHFFFAOYSA-N,exact,exact,303.15,2.0769384114617173,0.5386776775822653,0.5424697315032628,2.604252599146223,2.608044653067219,unreported,10.1016/j.fluid.2015.11.037,Fluid Phase Equilib.,False
59,CCO,ClCCl,LFQSCWFLJHTTHZ-UHFFFAOYSA-N,YMWUJEATGCHHMB-UHFFFAOYSA-N,exact,exact,311.15,1.958685340544036,0.5408522628527629,0.5446443167737605,2.529714617587451,2.533506671508447,unreported,10.1016/j.fluid.2015.11.037,Fluid Phase Equilib.,False
60,C=CCCCC,OCCO,LIKMAJRDDDTEIG-UHFFFAOYSA-N,LYCAIKOWRPUZTN-UHFFFAOYSA-N,exact,exact,303.15,5.799092654460526,3.528931892223347,3.6471195807059735,3.921761963845629,4.039949652328256,Chromatography,10.1016/j.jct.2016.10.013,J. Chem. Thermodyn.,False
60,C=CCCCC,OCCO,LIKMAJRDDDTEIG-UHFFFAOYSA-N,LYCAIKOWRPUZTN-UHFFFAOYSA-N,exact,exact,313.15,5.697093486505405,3.4818266675900187,3.6000143560726454,3.8683214381865203,3.9865091266691475,Chromatography,10.1016/j.jct.2016.10.013,J. Chem. Thermodyn.,False
60,C=CCCCC,OCCO,LIKMAJRDDDTEIG-UHFFFAOYSA-N,LYCAIKOWRPUZTN-UHFFFAOYSA-N,exact,exact,323.15,5.605802066295998,3.4351178040460644,3.553305492528691,3.8152027843104808,3.933390472793108,Chromatography,10.1016/j.jct.2016.10.013,J. Chem. Thermodyn.,False
61,C=CCCCC,OCCOCCO,LIKMAJRDDDTEIG-UHFFFAOYSA-N,MTHSVFCYNBDYFN-UHFFFAOYSA-N,exact,exact,304.15,4.030694535145645,2.3317012741469707,2.3288761813237997,2.5669525152272903,2.5641274224041184,Chromatography,10.1016/j.jct.2016.10.013,J. Chem. Thermodyn.,False
61,C=CCCCC,OCCOCCO,LIKMAJRDDDTEIG-UHFFFAOYSA-N,MTHSVFCYNBDYFN-UHFFFAOYSA-N,exact,exact,313.15,3.958906591326997,2.3025219065547127,2.2996968137315412,2.5347337955680658,2.531908702744894,Chromatography,10.1016/j.jct.2016.10.013,J. Chem. Thermodyn.,False
61,C=CCCCC,OCCOCCO,LIKMAJRDDDTEIG-UHFFFAOYSA-N,MTHSVFCYNBDYFN-UHFFFAOYSA-N,exact,exact,323.15,3.9160150266976834,2.2703009249285353,2.267475832105364,2.499008578092447,2.4961834852692752,Chromatography,10.1016/j.jct.2016.10.013,J. Chem. Thermodyn.,False
62,C=CCCCC,CCCCCOC(C)=O,LIKMAJRDDDTEIG-UHFFFAOYSA-N,PGMYKACGEOXYJE-UHFFFAOYSA-N,exact,exact,298.15,0.1988508587451651,0.12829633354896586,0.1561025125366047,0.13532552759454153,0.16313170658217982,Chromatography,10.1016/j.jct.2018.05.003,J. Chem. Thermodyn.,False
63,CCCCO,O,LRHPLDYGYMQRHN-UHFFFAOYSA-N,XLYOFNOQVPJJNP-UHFFFAOYSA-N,exact,exact,303.15,3.951243718581427,3.6963241774045126,4.887417169608017,4.408167721606745,5.599260713810243,Chromatography,10.1016/j.fluid.2015.01.010,Fluid Phase Equilib.,False
63,CCCCO,O,LRHPLDYGYMQRHN-UHFFFAOYSA-N,XLYOFNOQVPJJNP-UHFFFAOYSA-N,exact,exact,308.15,4.04305126783455,3.676099841040276,4.86719283324378,4.384948412709352,5.57604140491285,Chromatography,10.1016/j.fluid.2015.01.010,Fluid Phase Equilib.,False
63,CCCCO,O,LRHPLDYGYMQRHN-UHFFFAOYSA-N,XLYOFNOQVPJJNP-UHFFFAOYSA-N,exact,exact,313.15,4.060443010546419,3.6557907395311067,4.846883731734611,4.361304868711077,5.552397860914575,Chromatography,10.1016/j.fluid.2015.01.010,Fluid Phase Equilib.,False
63,CCCCO,O,LRHPLDYGYMQRHN-UHFFFAOYSA-N,XLYOFNOQVPJJNP-UHFFFAOYSA-N,exact,exact,318.15,4.1588830833596715,3.635410647614893,4.826503639818397,4.3372905953002885,5.528383587503787,Chromatography,10.1016/j.fluid.2015.01.010,Fluid Phase Equilib.,False
63,CCCCO,O,LRHPLDYGYMQRHN-UHFFFAOYSA-N,XLYOFNOQVPJJNP-UHFFFAOYSA-N,exact,exact,323.15,4.23410650459726,3.614972051881558,4.806065044085062,4.312953786318248,5.504046778521746,Chromatography,10.1016/j.fluid.2015.01.010,Fluid Phase Equilib.,False
63,CCCCO,O,LRHPLDYGYMQRHN-UHFFFAOYSA-N,XLYOFNOQVPJJNP-UHFFFAOYSA-N,exact,exact,328.15,4.276666119016055,3.5944862844280654,4.7855792766315695,4.288337876071473,5.479430868274972,Chromatography,10.1016/j.fluid.2015.01.010,Fluid Phase Equilib.,False
63,CCCCO,O,LRHPLDYGYMQRHN-UHFFFAOYSA-N,XLYOFNOQVPJJNP-UHFFFAOYSA-N,exact,exact,333.15,4.382026634673881,3.573963642102085,4.765056634305589,4.263482031521109,5.454575023724607,Chromatography,10.1016/j.fluid.2015.01.010,Fluid Phase Equilib.,False
63,CCCCO,O,LRHPLDYGYMQRHN-UHFFFAOYSA-N,XLYOFNOQVPJJNP-UHFFFAOYSA-N,exact,exact,338.15,4.356708826689592,3.553413492916206,4.74450648511971,4.238421591190101,5.429514583393599,Chromatography,10.1016/j.fluid.2015.01.010,Fluid Phase Equilib.,False
64,CCCCO,ClCCl,LRHPLDYGYMQRHN-UHFFFAOYSA-N,YMWUJEATGCHHMB-UHFFFAOYSA-N,exact,exact,293.15,2.038619547159581,0.31608685277397813,0.36043299615117114,2.4961047378245262,2.5404508812017186,unreported,10.1016/j.fluid.2015.11.037,Fluid Phase Equilib.,False
64,CCCCO,ClCCl,LRHPLDYGYMQRHN-UHFFFAOYSA-N,YMWUJEATGCHHMB-UHFFFAOYSA-N,exact,exact,303.15,1.8213182714695997,0.31992148027939077,0.36426762365658377,2.394588990795068,2.4389351341722603,unreported,10.1016/j.fluid.2015.11.037,Fluid Phase Equilib.,False
64,CCCCO,ClCCl,LRHPLDYGYMQRHN-UHFFFAOYSA-N,YMWUJEATGCHHMB-UHFFFAOYSA-N,exact,exact,311.15,1.691939133945844,0.3216509713297414,0.3659971147069344,2.316145308904796,2.3604914522819884,unreported,10.1016/j.fluid.2015.11.037,Fluid Phase Equilib.,False
65,C[N+](=O)[O-],CCCCCOC(C)=O,LYGJENNIWJXYER-UHFFFAOYSA-N,PGMYKACGEOXYJE-UHFFFAOYSA-N,exact,exact,298.15,0.2468600779315258,0.2493403203452222,0.5075950373205994,0.4945572162562652,0.752811933231643,Chromatography,10.1016/j.jct.2018.05.003,J. Chem. Thermodyn.,False
66,C/C=C/C=O,O,MLUCVPSAIODCQM-NSCUHMNNSA-N,XLYOFNOQVPJJNP-UHFFFAOYSA-N,exact,exact,298.15,3.6635616461296463,2.7365493870660735,3.738496566364575,3.551361960360071,4.553309139658567,Chromatography,10.1016/j.fluid.2015.01.010,Fluid Phase Equilib.,False
66,C/C=C/C=O,O,MLUCVPSAIODCQM-NSCUHMNNSA-N,XLYOFNOQVPJJNP-UHFFFAOYSA-N,exact,exact,308.15,3.756538102587751,2.760385201454726,3.7623323807532274,3.5948717938420596,4.5968189731405555,Chromatography,10.1016/j.fluid.2015.01.010,Fluid Phase Equilib.,False
66,C/C=C/C=O,O,MLUCVPSAIODCQM-NSCUHMNNSA-N,XLYOFNOQVPJJNP-UHFFFAOYSA-N,exact,exact,313.15,3.7932394694381792,2.770460957343124,3.772408136641625,3.6130939190285614,4.615041098327057,Chromatography,10.1016/j.fluid.2015.01.010,Fluid Phase Equilib.,False
66,C/C=C/C=O,O,MLUCVPSAIODCQM-NSCUHMNNSA-N,XLYOFNOQVPJJNP-UHFFFAOYSA-N,exact,exact,318.15,3.832979798087693,2.7793978371738612,3.7813450164723625,3.629170999224159,4.631118178522655,Chromatography,10.1016/j.fluid.2015.01.010,Fluid Phase Equilib.,False
66,C/C=C/C=O,O,MLUCVPSAIODCQM-NSCUHMNNSA-N,XLYOFNOQVPJJNP-UHFFFAOYSA-N,exact,exact,323.15,3.8501476017100584,2.7872572452389104,3.7892044245374117,3.6432450382502526,4.645192217548749,Chromatography,10.1016/j.fluid.2015.01.010,Fluid Phase Equilib.,False
66,C/C=C/C=O,O,MLUCVPSAIODCQM-NSCUHMNNSA-N,XLYOFNOQVPJJNP-UHFFFAOYSA-N,exact,exact,328.15,3.856510295497887,2.7940966013197466,3.7960437806182474,3.6554469555866462,4.657394134885142,Chromatography,10.1016/j.fluid.2015.01.010,Fluid Phase Equilib.,False
66,C/C=C/C=O,O,MLUCVPSAIODCQM-NSCUHMNNSA-N,XLYOFNOQVPJJNP-UHFFFAOYSA-N,exact,exact,333.15,3.871201010907891,2.7999696577662148,3.801916837064716,3.665897609988907,4.667844789287403,Chromatography,10.1016/j.fluid.2015.01.010,Fluid Phase Equilib.,False
67,Clc1ccccc1,CN=CO,MVPPADPHJFYWMZ-UHFFFAOYSA-N,ATHHXGZTWNVVOU-UHFFFAOYSA-N,exact,exact,298.15,1.6486586255873816,0.7837558916676419,0.8365875910344147,0.6221600740633385,0.6749917734301097,Chromatography,10.1016/j.tca.2015.11.010,Thermochim. Acta,False
68,Clc1ccccc1,OCCO,MVPPADPHJFYWMZ-UHFFFAOYSA-N,LYCAIKOWRPUZTN-UHFFFAOYSA-N,exact,exact,298.0,3.688879454113936,2.2982272744510244,2.3562418518614137,2.6204943968944243,2.678508974304812,Chromatography,10.1016/j.fluid.2013.06.028,Fluid Phase Equilib.,True
69,Clc1ccccc1,N=CO,MVPPADPHJFYWMZ-UHFFFAOYSA-N,ZHNUHDYFZUAESO-UHFFFAOYSA-N,exact,exact,298.0,4.543294782270004,4.303174468282291,4.523808260399801,3.9048886380352728,4.12552243015278,Chromatography,10.1016/j.jct.2013.05.006,J. Chem. Thermodyn.,False
70,CC(=O)CC(C)C,O,NTIZESTWPVYFNL-UHFFFAOYSA-N,XLYOFNOQVPJJNP-UHFFFAOYSA-N,exact,exact,278.15,5.476463551931511,5.136582206051306,6.876114078127827,6.564031160279514,8.303563032356028,unreported,10.1021/acs.jced.9b00726,J. Chem. Eng. Data,False
70,CC(=O)CC(C)C,O,NTIZESTWPVYFNL-UHFFFAOYSA-N,XLYOFNOQVPJJNP-UHFFFAOYSA-N,exact,exact,288.15,5.64174986097348,5.126064555369771,6.865596427446292,6.5617591605018095,8.301291032578323,unreported,10.1021/acs.jced.9b00726,J. Chem. Eng. Data,False
70,CC(=O)CC(C)C,O,NTIZESTWPVYFNL-UHFFFAOYSA-N,XLYOFNOQVPJJNP-UHFFFAOYSA-N,exact,exact,298.15,5.7899601708972535,5.1109563519993575,6.850488224075878,6.5499341152346435,8.289465987311157,unreported,10.1021/acs.jced.9b00726,J. Chem. Eng. Data,False
70,CC(=O)CC(C)C,O,NTIZESTWPVYFNL-UHFFFAOYSA-N,XLYOFNOQVPJJNP-UHFFFAOYSA-N,exact,exact,308.15,5.91350300563827,5.0918210536168536,6.831352925693374,6.530023234018321,8.269555106094835,unreported,10.1021/acs.jced.9b00726,J. Chem. Eng. Data,False
70,CC(=O)CC(C)C,O,NTIZESTWPVYFNL-UHFFFAOYSA-N,XLYOFNOQVPJJNP-UHFFFAOYSA-N,exact,exact,318.15,6.003887067106539,5.0691428592626435,6.808674731339164,6.503247503895034,8.242779375971548,unreported,10.1021/acs.jced.9b00726,J. Chem. Eng. Data,False
70,CC(=O)CC(C)C,O,NTIZESTWPVYFNL-UHFFFAOYSA-N,XLYOFNOQVPJJNP-UHFFFAOYSA-N,exact,exact,328.15,6.016157159698354,5.0433399887752035,6.782871860851724,6.4706279036164425,8.210159775692956,unreported,10.1021/acs.jced.9b00726,J. Chem. Eng. Data,False
71,CCCc1ccccc1,CCCCCOC(C)=O,ODLMAHJVESYWTB-UHFFFAOYSA-N,PGMYKACGEOXYJE-UHFFFAOYSA-N,exact,exact,298.15,0.0198026272961797,-0.010336618061141318,-0.015288557499452028,-0.014089684007740258,-0.01904162344605133,Chromatography,10.1016/j.jct.2018.05.003,J. Chem. Thermodyn.,False
72,CCCCC,OCCO,OFBQJSOFQDEBGM-UHFFFAOYSA-N,LYCAIKOWRPUZTN-UHFFFAOYSA-N,exact,exact,303.15,6.077642243349034,3.857181014582072,3.9200251274030093,4.2109242150137645,4.273768327834702,Chromatography,10.1016/j.jct.2016.10.013,J. Chem. Thermodyn.,False
72,CCCCC,OCCO,OFBQJSOFQDEBGM-UHFFFAOYSA-N,LYCAIKOWRPUZTN-UHFFFAOYSA-N,exact,exact,313.15,5.963579343618446,3.79577676158652,3.8586208744074573,4.135823772206032,4.198667885026969,Chromatography,10.1016/j.jct.2016.10.013,J. Chem. Thermodyn.,False
72,CCCCC,OCCO,OFBQJSOFQDEBGM-UHFFFAOYSA-N,LYCAIKOWRPUZTN-UHFFFAOYSA-N,exact,exact,323.15,5.823045895483019,3.735568545720298,3.798412658541235,4.06264772066221,4.125491833483148,Chromatography,10.1016/j.jct.2016.10.013,J. Chem. Thermodyn.,False
73,CCCCC,OCCOCCO,OFBQJSOFQDEBGM-UHFFFAOYSA-N,MTHSVFCYNBDYFN-UHFFFAOYSA-N,exact,exact,304.15,4.3054155323020415,2.6277089495421695,2.631812058400462,2.8451477345063356,2.849250843364627,Chromatography,10.1016/j.jct.2016.10.013,J. Chem. Thermodyn.,False
73,CCCCC,OCCOCCO,OFBQJSOFQDEBGM-UHFFFAOYSA-N,MTHSVFCYNBDYFN-UHFFFAOYSA-N,exact,exact,313.15,4.255612709818223,2.586550386115044,2.590653494973336,2.794738533635089,2.7988416424933806,Chromatography,10.1016/j.jct.2016.10.013,J. Chem. Thermodyn.,False
73,CCCCC,OCCOCCO,OFBQJSOFQDEBGM-UHFFFAOYSA-N,MTHSVFCYNBDYFN-UHFFFAOYSA-N,exact,exact,323.15,4.1956970564823886,2.541694846124331,2.5457979549826235,2.740172071558832,2.7442751804171235,Chromatography,10.1016/j.jct.2016.10.013,J. Chem. Thermodyn.,False
74,Cc1cccc(C)n1,CO,OISVCGZHLKNMSJ-UHFFFAOYSA-N,OKKJLVBELUTLKV-UHFFFAOYSA-N,exact,exact,298.15,-0.0618754037180875,0.15394268749122786,0.6601275422790248,0.9727476561073436,1.4789325108951403,Chromatography,10.1016/j.tca.2012.02.005,Thermochim. Acta,True
75,CO,CCC(C)N,OKKJLVBELUTLKV-UHFFFAOYSA-N,BHRZNVHARXXAHW-BYPYZUCNSA-N,exact,first_block,298.15,-0.9675840262617056,-3.200184963093876,-3.0203960415379427,-1.5384224053022677,-1.358633483746335,Chromatography,10.1016/j.tca.2012.02.005,Thermochim. Acta,True
76,CO,CCCCCCN,OKKJLVBELUTLKV-UHFFFAOYSA-N,BMVXCPBXGZKUPN-UHFFFAOYSA-N,exact,exact,298.15,-0.9675840262617056,-3.2249240600015057,-2.865103801170561,-1.5298413430389035,-1.1700210842079592,Chromatography,10.1016/j.tca.2012.02.005,Thermochim. Acta,True
77,CO,Cc1ccccn1,OKKJLVBELUTLKV-UHFFFAOYSA-N,BSKHPKMHTQYZBB-UHFFFAOYSA-N,exact,exact,298.15,-0.2357223335210698,-1.068963939852523,-0.8573881665700385,0.5748037484630988,0.786379521745583,Chromatography,10.1016/j.tca.2012.02.005,Thermochim. Acta,True
78,CO,Cc1ccncc1,OKKJLVBELUTLKV-UHFFFAOYSA-N,FKNQCJSGGFJEIZ-UHFFFAOYSA-N,exact,exact,298.15,-0.3856624808119846,-1.1133638244216562,-0.9007057381951991,0.536280096098127,0.748938182324584,Chromatography,10.1016/j.tca.2012.02.005,Thermochim. Acta,True
79,CO,CCNCC,OKKJLVBELUTLKV-UHFFFAOYSA-N,HPNMFZURTQLUMO-UHFFFAOYSA-N,exact,exact,298.15,-0.6733445532637656,-2.3490878398215354,-2.1404033924709367,-0.6850522333974542,-0.47636778604685587,Chromatography,10.1016/j.tca.2012.02.005,Thermochim. Acta,True
80,CO,CCCCN,OKKJLVBELUTLKV-UHFFFAOYSA-N,HQABUPZFAYXKJW-UHFFFAOYSA-N,exact,exact,298.15,-1.0498221244986778,-2.9956456777085574,-2.791504126226613,-1.586020901397315,-1.38187934991537,Chromatography,10.1016/j.tca.2012.02.005,Thermochim. Acta,True
81,CO,Cc1cccnc1,OKKJLVBELUTLKV-UHFFFAOYSA-N,ITQTTZVARXURQS-UHFFFAOYSA-N,exact,exact,298.15,-0.0618754037180875,-1.0619925534788972,-0.8521565212712509,0.5719761221744365,0.7818121543820822,Chromatography,10.1016/j.tca.2012.02.005,Thermochim. Acta,True
82,CO,C1CCNCC1,OKKJLVBELUTLKV-UHFFFAOYSA-N,NQRYJNQNLNOLGT-UHFFFAOYSA-N,exact,exact,298.15,-0.843970070294529,-2.3832409831186387,-2.2124628584517363,-0.9753791586455047,-0.8046010339786035,Chromatography,10.1016/j.tca.2012.02.005,Thermochim. Acta,True
83,CO,Cc1cccc(C)n1,OKKJLVBELUTLKV-UHFFFAOYSA-N,OISVCGZHLKNMSJ-UHFFFAOYSA-N,exact,exact,298.15,-0.4942963218147801,-0.7792552196088307,-0.49090814476415556,0.7145849850401155,1.0029320598847908,Chromatography,10.1016/j.tca.2012.02.005,Thermochim. Acta,True
84,CO,NC1CCCCC1,OKKJLVBELUTLKV-UHFFFAOYSA-N,PAFZNILMFXTMIY-UHFFFAOYSA-N,exact,exact,298.15,-1.1086626245216111,-3.2073801203133123,-2.979990580153876,-1.5068087667297958,-1.2794192265703592,Chromatography,10.1016/j.tca.2012.02.005,Thermochim. Acta,True
85,CO,CCCNCCC,OKKJLVBELUTLKV-UHFFFAOYSA-N,WEHWNAOGRSTTBQ-UHFFFAOYSA-N,exact,exact,298.15,-0.371063681390832,-2.33203933044384,-1.966547784036722,-0.6270639735352073,-0.26157242712809003,Chromatography,10.1016/j.tca.2012.02.005,Thermochim. Acta,True
86,CO,CC(C)(C)N,OKKJLVBELUTLKV-UHFFFAOYSA-N,YBRBMKDOPFTVDT-UHFFFAOYSA-N,exact,exact,298.15,-1.2378743560016174,-3.1465898070794207,-2.9895131704397055,-1.5213964022676245,-1.3643197656279096,Chromatography,10.1016/j.tca.2012.02.005,Thermochim. Acta,True
87,CO,ClCCl,OKKJLVBELUTLKV-UHFFFAOYSA-N,YMWUJEATGCHHMB-UHFFFAOYSA-N,exact,exact,293.15,2.5952547069568657,1.4276768750380047,1.4952486406215726,3.5173215023293043,3.5848932679128724,unreported,10.1016/j.fluid.2015.11.037,Fluid Phase Equilib.,False
87,CO,ClCCl,OKKJLVBELUTLKV-UHFFFAOYSA-N,YMWUJEATGCHHMB-UHFFFAOYSA-N,exact,exact,303.15,2.451005098112319,1.3967165140054476,1.4642882795890155,3.385248839367062,3.45282060495063,unreported,10.1016/j.fluid.2015.11.037,Fluid Phase Equilib.,False
87,CO,ClCCl,OKKJLVBELUTLKV-UHFFFAOYSA-N,YMWUJEATGCHHMB-UHFFFAOYSA-N,exact,exact,311.15,2.288486168614544,1.3722573674175333,1.4398291330011013,3.2842687445964907,3.351840510180059,unreported,10.1016/j.fluid.2015.11.037,Fluid Phase Equilib.,False
88,NC1CCCCC1,CO,PAFZNILMFXTMIY-UHFFFAOYSA-N,OKKJLVBELUTLKV-UHFFFAOYSA-N,exact,exact,298.15,1.5706970841176695,-2.1351270847544557,-1.7813870699312757,-0.39351226855002286,-0.03977225372684225,Chromatography,10.1016/j.tca.2012.02.005,Thermochim. Acta,True
89,NC1CCCCC1,c1ccccc1,PAFZNILMFXTMIY-UHFFFAOYSA-N,UHOVQNZJYSORNB-UHFFFAOYSA-N,exact,exact,298.15,1.860974538249528,0.45482644289017754,0.45716779345466185,0.529807638782671,0.5321489893471559,Chromatography,10.1016/j.tca.2012.02.005,Thermochim. Acta,True
90,CCCC(=O)CC,O,PFCHFHIRKBAQGU-UHFFFAOYSA-N,XLYOFNOQVPJJNP-UHFFFAOYSA-N,exact,exact,278.15,5.560681631015528,5.244829193315885,7.079125225899433,6.7180111286080875,8.55230716119163,unreported,10.1021/acs.jced.9b00726,J. Chem. Eng. Data,False
90,CCCC(=O)CC,O,PFCHFHIRKBAQGU-UHFFFAOYSA-N,XLYOFNOQVPJJNP-UHFFFAOYSA-N,exact,exact,288.15,5.8289456176102075,5.232829102037087,7.0671251346206345,6.715861676265679,8.550157708849222,unreported,10.1021/acs.jced.9b00726,J. Chem. Eng. Data,False
90,CCCC(=O)CC,O,PFCHFHIRKBAQGU-UHFFFAOYSA-N,XLYOFNOQVPJJNP-UHFFFAOYSA-N,exact,exact,298.15,6.035481432524756,5.216123293589169,7.050419326172716,6.7035503811170125,8.537846413700555,unreported,10.1021/acs.jced.9b00726,J. Chem. Eng. Data,False
90,CCCC(=O)CC,O,PFCHFHIRKBAQGU-UHFFFAOYSA-N,XLYOFNOQVPJJNP-UHFFFAOYSA-N,exact,exact,308.15,6.126869184114185,5.195298551644097,7.029594584227644,6.682669721346662,8.516965753930204,unreported,10.1021/acs.jced.9b00726,J. Chem. Eng. Data,False
90,CCCC(=O)CC,O,PFCHFHIRKBAQGU-UHFFFAOYSA-N,XLYOFNOQVPJJNP-UHFFFAOYSA-N,exact,exact,319.15,6.244166900663736,5.168232657207111,7.002528689790658,6.651373297534952,8.485669330118494,unreported,10.1021/acs.jced.9b00726,J. Chem. Eng. Data,False
90,CCCC(=O)CC,O,PFCHFHIRKBAQGU-UHFFFAOYSA-N,XLYOFNOQVPJJNP-UHFFFAOYSA-N,exact,exact,328.15,6.261491684321042,5.143236579798917,6.977532612382465,6.620264725736766,8.454560758320309,unreported,10.1021/acs.jced.9b00726,J. Chem. Eng. Data,False
91,CCCCCOC(C)=O,c1ccncc1,PGMYKACGEOXYJE-UHFFFAOYSA-N,JUJWROOIHBZHMG-UHFFFAOYSA-N,exact,exact,298.15,0.1133286853070032,0.09073353976642884,0.256266745515029,0.08161076312375004,0.24714396887234996,Chromatography,10.1016/j.fluid.2016.10.009,Fluid Phase Equilib.,True
92,CC(=O)C(C)(C)C,O,PJGSXYOJTGTZAV-UHFFFAOYSA-N,XLYOFNOQVPJJNP-UHFFFAOYSA-N,exact,exact,278.15,5.37989735354046,4.729670092184657,6.261911970382777,6.028382545292964,7.5606244234910855,unreported,10.1021/acs.jced.9b00726,J. Chem. Eng. Data,False
92,CC(=O)C(C)(C)C,O,PJGSXYOJTGTZAV-UHFFFAOYSA-N,XLYOFNOQVPJJNP-UHFFFAOYSA-N,exact,exact,288.15,5.605802066295998,4.731151793097897,6.263393671296018,6.045020898526548,7.57726277672467,unreported,10.1021/acs.jced.9b00726,J. Chem. Eng. Data,False
92,CC(=O)C(C)(C)C,O,PJGSXYOJTGTZAV-UHFFFAOYSA-N,XLYOFNOQVPJJNP-UHFFFAOYSA-N,exact,exact,298.15,5.771441123130016,4.727375015230157,6.259616893428277,6.050647890305187,7.582889768503308,unreported,10.1021/acs.jced.9b00726,J. Chem. Eng. Data,False
92,CC(=O)C(C)(C)C,O,PJGSXYOJTGTZAV-UHFFFAOYSA-N,XLYOFNOQVPJJNP-UHFFFAOYSA-N,exact,exact,308.15,5.84354441703136,4.718974235311953,6.251216113510074,6.046930055928545,7.579171934126666,unreported,10.1021/acs.jced.9b00726,J. Chem. Eng. Data,False
92,CC(=O)C(C)(C)C,O,PJGSXYOJTGTZAV-UHFFFAOYSA-N,XLYOFNOQVPJJNP-UHFFFAOYSA-N,exact,exact,318.15,5.91350300563827,4.7064950081967805,6.238736886394901,6.035253288745683,7.567495166943805,unreported,10.1021/acs.jced.9b00726,J. Chem. Eng. Data,False
92,CC(=O)C(C)(C)C,O,PJGSXYOJTGTZAV-UHFFFAOYSA-N,XLYOFNOQVPJJNP-UHFFFAOYSA-N,exact,exact,328.15,5.937536205082426,4.6904087724818435,6.222650650679964,6.016776000600851,7.549017878798972,unreported,10.1021/acs.jced.9b00726,J. Chem. Eng. Data,False
93,Fc1ccccc1,CN=CO,PYLWMHQQBFSUBP-UHFFFAOYSA-N,ATHHXGZTWNVVOU-UHFFFAOYSA-N,exact,exact,298.15,1.3862943611198906,0.6628911351368145,0.6887224039886902,0.4992109861891245,0.5250422550410001,Chromatography,10.1016/j.tca.2015.11.010,Thermochim. Acta,False
94,Fc1ccccc1,OCCO,PYLWMHQQBFSUBP-UHFFFAOYSA-N,LYCAIKOWRPUZTN-UHFFFAOYSA-N,exact,exact,298.0,3.4657359027997265,2.036052698033098,2.0659265617395652,2.3283221569647363,2.3581960206712043,Chromatography,10.1016/j.fluid.2013.06.028,Fluid Phase Equilib.,True
95,Fc1ccccc1,CCCCCOC(C)=O,PYLWMHQQBFSUBP-UHFFFAOYSA-N,PGMYKACGEOXYJE-UHFFFAOYSA-N,exact,exact,298.15,-0.4942963218147801,-0.3531016140900006,-0.27433862851981855,-0.3859934173931783,-0.30723043182299553,Chromatography,10.1016/j.jct.2018.05.003,J. Chem. Thermodyn.,False
96,Fc1ccccc1,N=CO,PYLWMHQQBFSUBP-UHFFFAOYSA-N,ZHNUHDYFZUAESO-UHFFFAOYSA-N,exact,exact,298.0,3.9889840465642745,3.8559836139057335,4.012623103045571,3.412773150387035,3.5694126395268726,Chromatography,10.1016/j.jct.2013.05.006,J. Chem. Thermodyn.,False
97,CCCCC(C)=O,O,QQZOPKMRPOGIEB-UHFFFAOYSA-N,XLYOFNOQVPJJNP-UHFFFAOYSA-N,exact,exact,278.15,5.54907608489522,4.573633127898997,6.437889533314353,6.117921793023076,7.982178198438427,unreported,10.1021/acs.jced.9b00726,J. Chem. Eng. Data,False
97,CCCCC(C)=O,O,QQZOPKMRPOGIEB-UHFFFAOYSA-N,XLYOFNOQVPJJNP-UHFFFAOYSA-N,exact,exact,288.15,5.802118375377063,4.583271639787095,6.447528045202451,6.139172155269002,8.003428560684354,unreported,10.1021/acs.jced.9b00726,J. Chem. Eng. Data,False
97,CCCCC(C)=O,O,QQZOPKMRPOGIEB-UHFFFAOYSA-N,XLYOFNOQVPJJNP-UHFFFAOYSA-N,exact,exact,298.15,5.950642552587727,4.586882898198818,6.451139303614173,6.148597741452012,8.012854146867364,unreported,10.1021/acs.jced.9b00726,J. Chem. Eng. Data,False
97,CCCCC(C)=O,O,QQZOPKMRPOGIEB-UHFFFAOYSA-N,XLYOFNOQVPJJNP-UHFFFAOYSA-N,exact,exact,308.15,6.045005314036012,4.585173027408443,6.449429432823798,6.147950502216097,8.012206907631448,unreported,10.1021/acs.jced.9b00726,J. Chem. Eng. Data,False
97,CCCCC(C)=O,O,QQZOPKMRPOGIEB-UHFFFAOYSA-N,XLYOFNOQVPJJNP-UHFFFAOYSA-N,exact,exact,318.15,6.154858094016418,4.578750610901647,6.443007016317003,6.138692945867308,8.002949351282659,unreported,10.1021/acs.jced.9b00726,J. Chem. Eng. Data,False
97,CCCCC(C)=O,O,QQZOPKMRPOGIEB-UHFFFAOYSA-N,XLYOFNOQVPJJNP-UHFFFAOYSA-N,exact,exact,328.15,6.1224928095143865,4.568142802249232,6.432399207664588,6.1220518779826705,7.986308283398022,unreported,10.1021/acs.jced.9b00726,J. Chem. Eng. Data,False
98,Clc1ccccc1Cl,N=CO,RFFLAFLAYFXFSW-UHFFFAOYSA-N,ZHNUHDYFZUAESO-UHFFFAOYSA-N,exact,exact,298.0,5.0689042022202315,4.915641447680432,5.218908144678772,4.563147663160237,4.866414360158568,Chromatography,10.1016/j.jct.2013.05.006,J. Chem. Thermodyn.,False
99,C1CCCC1,OCCO,RGSFGYAAUTVSQA-UHFFFAOYSA-N,LYCAIKOWRPUZTN-UHFFFAOYSA-N,exact,exact,303.15,5.093750200806762,3.4290000350651364,3.437056204867231,3.744318770861558,3.7523749406636537,Chromatography,10.1016/j.jct.2016.10.013,J. Chem. Thermodyn.,False
99,C1CCCC1,OCCO,RGSFGYAAUTVSQA-UHFFFAOYSA-N,LYCAIKOWRPUZTN-UHFFFAOYSA-N,exact,exact,313.15,5.003946305945459,3.374917361928151,3.3829735317302454,3.677829700930339,3.685885870732435,Chromatography,10.1016/j.jct.2016.10.013,J. Chem. Thermodyn.,False
99,C1CCCC1,OCCO,RGSFGYAAUTVSQA-UHFFFAOYSA-N,LYCAIKOWRPUZTN-UHFFFAOYSA-N,exact,exact,323.15,4.890349128221754,3.3219055163794153,3.32996168618151,3.6130894245410254,3.621145594343121,Chromatography,10.1016/j.jct.2016.10.013,J. Chem. Thermodyn.,False
100,C1CCCC1,OCCOCCO,RGSFGYAAUTVSQA-UHFFFAOYSA-N,MTHSVFCYNBDYFN-UHFFFAOYSA-N,exact,exact,304.15,3.520460802488973,2.2872590704482745,2.3097879478478904,2.482713444345592,2.5052423217452087,Chromatography,10.1016/j.jct.2016.10.013,J. Chem. Thermodyn.,False
100,C1CCCC1,OCCOCCO,RGSFGYAAUTVSQA-UHFFFAOYSA-N,MTHSVFCYNBDYFN-UHFFFAOYSA-N,exact,exact,313.15,3.4531571205928664,2.250925599272663,2.273454476672279,2.4379243421192314,2.460453219518848,Chromatography,10.1016/j.jct.2016.10.013,J. Chem. Thermodyn.,False
100,C1CCCC1,OCCOCCO,RGSFGYAAUTVSQA-UHFFFAOYSA-N,MTHSVFCYNBDYFN-UHFFFAOYSA-N,exact,exact,323.15,3.40452517175483,2.211346089394641,2.233874966794257,2.3894848418450754,2.412013719244692,Chromatography,10.1016/j.jct.2016.10.013,J. Chem. Thermodyn.,False
101,CCCCCCCCCCC,CN=CO,RSJKGSCJYJTIGS-UHFFFAOYSA-N,ATHHXGZTWNVVOU-UHFFFAOYSA-N,exact,exact,298.15,5.762994334288047,4.0031764134569245,4.682595384693157,4.132430853368663,4.811849824604897,Chromatography,10.1016/j.tca.2015.11.010,Thermochim. Acta,False
102,CCCCCCCCCCC,c1ccncc1,RSJKGSCJYJTIGS-UHFFFAOYSA-N,JUJWROOIHBZHMG-UHFFFAOYSA-N,exact,exact,298.15,2.322387720290225,2.075535273590596,2.521053203926835,2.1864767979244255,2.6319947282606675,Chromatography,10.1016/j.fluid.2016.10.009,Fluid Phase Equilib.,True
103,C1COCCO1,CCCCCOC(C)=O,RYHBNJHYFVUHQT-UHFFFAOYSA-N,PGMYKACGEOXYJE-UHFFFAOYSA-N,exact,exact,298.15,-0.0943106794712412,0.022892989992618684,0.12865501374572796,0.019073573351879355,0.12483559710498936,Chromatography,10.1016/j.jct.2018.05.003,J. Chem. Thermodyn.,False
104,CC(=O)C(C)C,O,SYBYTAAJFKOIEJ-UHFFFAOYSA-N,XLYOFNOQVPJJNP-UHFFFAOYSA-N,exact,exact,278.15,4.165113633110308,3.690211845040734,5.02136258970149,4.838108629931663,6.169259374592417,unreported,10.1021/acs.jced.9b00726,J. Chem. Eng. Data,False
104,CC(=O)C(C)C,O,SYBYTAAJFKOIEJ-UHFFFAOYSA-N,XLYOFNOQVPJJNP-UHFFFAOYSA-N,exact,exact,288.15,4.289088639014612,3.7139356294995425,5.045086374160299,4.88359202078037,6.214742765441123,unreported,10.1021/acs.jced.9b00726,J. Chem. Eng. Data,False
104,CC(=O)C(C)C,O,SYBYTAAJFKOIEJ-UHFFFAOYSA-N,XLYOFNOQVPJJNP-UHFFFAOYSA-N,exact,exact,298.15,4.51085950651685,3.731432850750875,5.062583595411631,4.916554057160664,6.247704801821418,unreported,10.1021/acs.jced.9b00726,J. Chem. Eng. Data,False
104,CC(=O)C(C)C,O,SYBYTAAJFKOIEJ-UHFFFAOYSA-N,XLYOFNOQVPJJNP-UHFFFAOYSA-N,exact,exact,308.15,4.626931677769604,3.74341977599357,5.074570520654326,4.938807602293485,6.269958346954239,unreported,10.1021/acs.jced.9b00726,J. Chem. Eng. Data,False
104,CC(=O)C(C)C,O,SYBYTAAJFKOIEJ-UHFFFAOYSA-N,XLYOFNOQVPJJNP-UHFFFAOYSA-N,exact,exact,318.15,4.720282993088596,3.7505146198410673,5.0816653645018235,4.951866178843157,6.283016923503911,unreported,10.1021/acs.jced.9b00726,J. Chem. Eng. Data,False
104,CC(=O)C(C)C,O,SYBYTAAJFKOIEJ-UHFFFAOYSA-N,XLYOFNOQVPJJNP-UHFFFAOYSA-N,exact,exact,328.15,4.776599301615622,3.753253558145798,5.084404302806554,4.957000102807949,6.288150847468702,unreported,10.1021/acs.jced.9b00726,J. Chem. Eng. Data,False
105,CCCCCCCC,CN=CO,TVMXDCGIABBOFY-UHFFFAOYSA-N,ATHHXGZTWNVVOU-UHFFFAOYSA-N,exact,exact,298.15,4.429625613473161,3.2514645399135635,3.571091447820155,3.3454643947917635,3.665091302698356,Chromatography,10.1016/j.tca.2015.11.010,Thermochim. Acta,False
106,CCCCCCCC,CC(C)=O,TVMXDCGIABBOFY-UHFFFAOYSA-N,CSCPPACGZOOCGX-UHFFFAOYSA-N,exact,exact,298.15,2.3702437414678603,1.4138249875011306,1.7057740298947797,1.4661869162427732,1.75813595863642,Chromatography,10.1016/j.jct.2015.12.034,J. Chem. Thermodyn.,False
107,CCCCCCCC,c1ccncc1,TVMXDCGIABBOFY-UHFFFAOYSA-N,JUJWROOIHBZHMG-UHFFFAOYSA-N,exact,exact,298.15,2.0706530356467567,1.736091271783331,1.9146308828433574,1.8169681982975385,1.995507809357565,Chromatography,10.1016/j.fluid.2016.10.009,Fluid Phase Equilib.,True
108,CCCCCCCC,OCCO,TVMXDCGIABBOFY-UHFFFAOYSA-N,LYCAIKOWRPUZTN-UHFFFAOYSA-N,exact,exact,303.15,7.580699752224563,5.35145526840335,5.674461096118827,5.864210465642664,6.187216293358141,Chromatography,10.1016/j.jct.2016.10.013,J. Chem. Thermodyn.,False
108,CCCCCCCC,OCCO,TVMXDCGIABBOFY-UHFFFAOYSA-N,LYCAIKOWRPUZTN-UHFFFAOYSA-N,exact,exact,313.15,7.377758908227872,5.261509878330982,5.584515706046459,5.753681394939804,6.076687222655281,Chromatography,10.1016/j.jct.2016.10.013,J. Chem. Thermodyn.,False
108,CCCCCCCC,OCCO,TVMXDCGIABBOFY-UHFFFAOYSA-N,LYCAIKOWRPUZTN-UHFFFAOYSA-N,exact,exact,323.15,7.200424892944957,5.173386455526228,5.496392283241705,5.646128572592216,5.969134400307694,Chromatography,10.1016/j.jct.2016.10.013,J. Chem. Thermodyn.,False
109,CCCCCCCC,OCCOCCO,TVMXDCGIABBOFY-UHFFFAOYSA-N,MTHSVFCYNBDYFN-UHFFFAOYSA-N,exact,exact,304.15,5.517452896464707,3.7890772941411077,3.819382326421232,4.106289008620896,4.136594040901017,Chromatography,10.1016/j.jct.2016.10.013,J. Chem. Thermodyn.,False
109,CCCCCCCC,OCCOCCO,TVMXDCGIABBOFY-UHFFFAOYSA-N,MTHSVFCYNBDYFN-UHFFFAOYSA-N,exact,exact,313.15,5.407171771460119,3.72848071116655,3.758785743446674,4.031595843699008,4.061900875979129,Chromatography,10.1016/j.jct.2016.10.013,J. Chem. Thermodyn.,False
109,CCCCCCCC,OCCOCCO,TVMXDCGIABBOFY-UHFFFAOYSA-N,MTHSVFCYNBDYFN-UHFFFAOYSA-N,exact,exact,323.15,5.313205979041787,3.662507086509671,3.6928121187897953,3.9508787326281096,3.981183764908231,Chromatography,10.1016/j.jct.2016.10.013,J. Chem. Thermodyn.,False
110,CCCCCCCC,CCCCCOC(C)=O,TVMXDCGIABBOFY-UHFFFAOYSA-N,PGMYKACGEOXYJE-UHFFFAOYSA-N,exact,exact,298.15,0.7030975114131134,0.6566886892319274,0.6560070783187355,0.7022317946619169,0.701550183748724,Chromatography,10.1016/j.jct.2018.05.003,J. Chem. Thermodyn.,False
111,CCCCCCCC,OCCOCCOCCOCCO,TVMXDCGIABBOFY-UHFFFAOYSA-N,UWHCKJMYHZGTIT-UHFFFAOYSA-N,exact,exact,333.15,4.220254485090092,2.3481005417536607,2.378655713660814,2.523324781653007,2.553879953560158,unreported,10.1021/je020196d,J. Chem. Eng. Data,False
111,CCCCCCCC,OCCOCCOCCOCCO,TVMXDCGIABBOFY-UHFFFAOYSA-N,UWHCKJMYHZGTIT-UHFFFAOYSA-N,exact,exact,353.15,3.9025846035169938,2.2547643317204007,2.285319503627554,2.410802837283015,2.441358009190166,unreported,10.1021/je020196d,J. Chem. Eng. Data,False
111,CCCCCCCC,OCCOCCOCCOCCO,TVMXDCGIABBOFY-UHFFFAOYSA-N,UWHCKJMYHZGTIT-UHFFFAOYSA-N,exact,exact,363.15,3.766978736096988,2.209789845244994,2.2403450171521477,2.3572520529191983,2.3878072248263496,unreported,10.1021/je020196d,J. Chem. Eng. Data,False
111,CCCCCCCC,OCCOCCOCCOCCO,TVMXDCGIABBOFY-UHFFFAOYSA-N,UWHCKJMYHZGTIT-UHFFFAOYSA-N,exact,exact,373.1,3.6255428770188023,2.1661331208729924,2.196688292780146,2.3056951433129345,2.3362503152200857,unreported,10.1021/je020196d,J. Chem. Eng. Data,False
111,CCCCCCCC,OCCOCCOCCOCCO,TVMXDCGIABBOFY-UHFFFAOYSA-N,UWHCKJMYHZGTIT-UHFFFAOYSA-N,exact,exact,383.15,3.4785904282359277,2.1231192067355296,2.153674378642683,2.2553041629948676,2.285859334902019,unreported,10.1021/je020196d,J. Chem. Eng. Data,False
111,CCCCCCCC,OCCOCCOCCOCCO,TVMXDCGIABBOFY-UHFFFAOYSA-N,UWHCKJMYHZGTIT-UHFFFAOYSA-N,exact,exact,393.15,3.4469798526505775,2.0813712237341653,2.111926395641319,2.206775368698953,2.2373305406061044,unreported,10.1021/je020196d,J. Chem. Eng. Data,False
111,CCCCCCCC,OCCOCCOCCOCCO,TVMXDCGIABBOFY-UHFFFAOYSA-N,UWHCKJMYHZGTIT-UHFFFAOYSA-N,exact,exact,403.15,3.2511764958178535,2.04064444612843,2.0711996180355836,2.159783797015596,2.1903389689227475,unreported,10.1021/je020196d,J. Chem. Eng. Data,False
112,CCCCCCCC,CC#N,TVMXDCGIABBOFY-UHFFFAOYSA-N,WEVYAHXRMPXWCK-UHFFFAOYSA-N,exact,exact,298.15,3.9569963710708778,4.288557862682088,4.837131669744341,4.349604530148241,4.898178337210496,Chromatography,10.1016/j.jct.2015.12.034,J. Chem. Thermodyn.,False
113,CCCCCCCC,OCCOCCOCCO,TVMXDCGIABBOFY-UHFFFAOYSA-N,ZIBGPFATKBEMQZ-UHFFFAOYSA-N,exact,exact,323.15,4.862443822862125,2.9163990158076434,2.9113630225038216,3.1298978323045317,3.12486183900071,Chromatography,10.1021/je020196d,J. Chem. Eng. Data,False
113,CCCCCCCC,OCCOCCOCCO,TVMXDCGIABBOFY-UHFFFAOYSA-N,ZIBGPFATKBEMQZ-UHFFFAOYSA-N,exact,exact,333.15,4.72811940944165,2.861222757313448,2.8561867640096263,3.0630494604398515,3.0580134671360297,Chromatography,10.1021/je020196d,J. Chem. Eng. Data,False
113,CCCCCCCC,OCCOCCOCCO,TVMXDCGIABBOFY-UHFFFAOYSA-N,ZIBGPFATKBEMQZ-UHFFFAOYSA-N,exact,exact,343.15,4.599675115706112,2.8073174600810162,2.8022814667771945,2.998256466034674,2.9932204727308522,Chromatography,10.1021/je020196d,J. Chem. Eng. Data,False
113,CCCCCCCC,OCCOCCOCCO,TVMXDCGIABBOFY-UHFFFAOYSA-N,ZIBGPFATKBEMQZ-UHFFFAOYSA-N,exact,exact,353.15,4.464343677163095,2.7546724064604686,2.749636413156647,2.935493767581535,2.930457774277713,Chromatography,10.1021/je020196d,J. Chem. Eng. Data,False
113,CCCCCCCC,OCCOCCOCCO,TVMXDCGIABBOFY-UHFFFAOYSA-N,ZIBGPFATKBEMQZ-UHFFFAOYSA-N,exact,exact,363.15,4.3285098174590555,2.7032701816440032,2.6982341883401815,2.8747130608207843,2.8696770675169625,Chromatography,10.1021/je020196d,J. Chem. Eng. Data,False
113,CCCCCCCC,OCCOCCOCCO,TVMXDCGIABBOFY-UHFFFAOYSA-N,ZIBGPFATKBEMQZ-UHFFFAOYSA-N,exact,exact,373.1,4.230203244605715,2.653336339421018,2.648300346117196,2.816140838032518,2.811104844728696,Chromatography,10.1021/je020196d,J. Chem. Eng. Data,False
113,CCCCCCCC,OCCOCCOCCO,TVMXDCGIABBOFY-UHFFFAOYSA-N,ZIBGPFATKBEMQZ-UHFFFAOYSA-N,exact,exact,383.15,4.103254748351857,2.6041012197801705,2.5990652264763487,2.7588361492922653,2.7538001559884435,Chromatography,10.1021/je020196d,J. Chem. Eng. Data,False
113,CCCCCCCC,OCCOCCOCCO,TVMXDCGIABBOFY-UHFFFAOYSA-N,ZIBGPFATKBEMQZ-UHFFFAOYSA-N,exact,exact,393.15,4.037580188385251,2.556280195708954,2.5512442024051323,2.70359143197805,2.6985554386742283,Chromatography,10.1021/je020196d,J. Chem. Eng. Data,False
114,CC1CCCCC1,OCCO,UAEPNZWRGJTJPN-UHFFFAOYSA-N,LYCAIKOWRPUZTN-UHFFFAOYSA-N,exact,exact,303.15,6.159095388491933,4.32511243350891,4.373135689243913,4.72043498573568,4.7684582414706815,Chromatography,10.1016/j.jct.2016.10.013,J. Chem. Thermodyn.,False
114,CC1CCCCC1,OCCO,UAEPNZWRGJTJPN-UHFFFAOYSA-N,LYCAIKOWRPUZTN-UHFFFAOYSA-N,exact,exact,313.15,6.008813185442595,4.255114485196369,4.303137740931372,4.634064650276249,4.682087906011251,Chromatography,10.1016/j.jct.2016.10.013,J. Chem. Thermodyn.,False
114,CC1CCCCC1,OCCO,UAEPNZWRGJTJPN-UHFFFAOYSA-N,LYCAIKOWRPUZTN-UHFFFAOYSA-N,exact,exact,323.15,5.91350300563827,4.186580944138908,4.23460419987391,4.5501221856711025,4.598145441406104,Chromatography,10.1016/j.jct.2016.10.013,J. Chem. Thermodyn.,False
115,CC1CCCCC1,OCCOCCO,UAEPNZWRGJTJPN-UHFFFAOYSA-N,MTHSVFCYNBDYFN-UHFFFAOYSA-N,exact,exact,304.15,4.3463994570307305,2.9965477438885433,2.948893554824459,3.2421432060519475,3.1944890169878626,Chromatography,10.1016/j.jct.2016.10.013,J. Chem. Thermodyn.,False
115,CC1CCCCC1,OCCOCCO,UAEPNZWRGJTJPN-UHFFFAOYSA-N,MTHSVFCYNBDYFN-UHFFFAOYSA-N,exact,exact,313.15,4.264087336809195,2.949216791459361,2.901562602395276,3.183491797149516,3.135837608085431,Chromatography,10.1016/j.jct.2016.10.013,J. Chem. Thermodyn.,False
115,CC1CCCCC1,OCCOCCO,UAEPNZWRGJTJPN-UHFFFAOYSA-N,MTHSVFCYNBDYFN-UHFFFAOYSA-N,exact,exact,323.15,4.189654742026425,2.897728465156587,2.8500742760925024,3.120203457653631,3.072549268589546,Chromatography,10.1016/j.jct.2016.10.013,J. Chem. Thermodyn.,False
116,c1ccc2ccccc2c1,CN=CO,UFWIBTONFRDIAS-UHFFFAOYSA-N,ATHHXGZTWNVVOU-UHFFFAOYSA-N,exact,exact,298.15,3.2846635654062037,1.3171478675828967,1.4418399375075475,1.203588629562443,1.3282806994870915,Chromatography,10.1016/j.tca.2015.11.010,Thermochim. Acta,False
117,c1ccc2ccccc2c1,OCCO,UFWIBTONFRDIAS-UHFFFAOYSA-N,LYCAIKOWRPUZTN-UHFFFAOYSA-N,exact,exact,298.0,5.472270673671475,3.022510259057649,3.1563394591294034,3.4530561445748726,3.586885344646625,Chromatography,10.1016/j.fluid.2013.06.028,Fluid Phase Equilib.,True
118,c1ccc2ccccc2c1,N=CO,UFWIBTONFRDIAS-UHFFFAOYSA-N,ZHNUHDYFZUAESO-UHFFFAOYSA-N,exact,exact,298.0,6.278521424165844,5.3247779937535675,5.697832809922526,5.0042834016085695,5.377338217777523,Chromatography,10.1016/j.jct.2013.05.006,J. Chem. Thermodyn.,False
119,c1ccccc1,CN=CO,UHOVQNZJYSORNB-UHFFFAOYSA-N,ATHHXGZTWNVVOU-UHFFFAOYSA-N,exact,exact,298.15,1.5686159179138452,0.9496064557859305,0.9622117566505455,0.829090929368084,0.8416962302326971,Chromatography,10.1016/j.tca.2015.11.010,Thermochim. Acta,False
120,c1ccccc1,OCCO,UHOVQNZJYSORNB-UHFFFAOYSA-N,LYCAIKOWRPUZTN-UHFFFAOYSA-N,exact,exact,298.0,3.4657359027997265,2.110337089515114,2.1264500171449265,2.4310093772620913,2.4471223048919044,Chromatography,10.1016/j.fluid.2013.06.028,Fluid Phase Equilib.,True
121,c1ccccc1,CCCCCOC(C)=O,UHOVQNZJYSORNB-UHFFFAOYSA-N,PGMYKACGEOXYJE-UHFFFAOYSA-N,exact,exact,298.15,-0.3147107448397002,-0.17073927382695586,-0.06903781403850702,-0.18145257658972402,-0.07975111680127533,Chromatography,10.1016/j.jct.2018.05.003,J. Chem. Thermodyn.,False
122,c1ccccc1,OCCOCCOCCOCCO,UHOVQNZJYSORNB-UHFFFAOYSA-N,UWHCKJMYHZGTIT-UHFFFAOYSA-N,exact,exact,333.15,1.0945707995083895,0.36448551097828796,0.6043632205313039,0.4801045739153715,0.719982283468388,Chromatography,10.1021/je020196d,J. Chem. Eng. Data,False
122,c1ccccc1,OCCOCCOCCOCCO,UHOVQNZJYSORNB-UHFFFAOYSA-N,UWHCKJMYHZGTIT-UHFFFAOYSA-N,exact,exact,353.15,1.0027619630112756,0.35802917304367754,0.5979068825966934,0.4808181412693549,0.7206958508223714,Chromatography,10.1021/je020196d,J. Chem. Eng. Data,False
122,c1ccccc1,OCCOCCOCCOCCO,UHOVQNZJYSORNB-UHFFFAOYSA-N,UWHCKJMYHZGTIT-UHFFFAOYSA-N,exact,exact,363.15,0.9762939842099648,0.3542159513873039,0.5940936609403198,0.4796752669276489,0.7195529764806654,Chromatography,10.1021/je020196d,J. Chem. Eng. Data,False
122,c1ccccc1,OCCOCCOCCOCCO,UHOVQNZJYSORNB-UHFFFAOYSA-N,UWHCKJMYHZGTIT-UHFFFAOYSA-N,exact,exact,373.1,0.9164507190755202,0.3500856483095326,0.5899633578625485,0.4776895061756489,0.7175672157286654,Chromatography,10.1021/je020196d,J. Chem. Eng. Data,False
122,c1ccccc1,OCCOCCOCCOCCO,UHOVQNZJYSORNB-UHFFFAOYSA-N,UWHCKJMYHZGTIT-UHFFFAOYSA-N,exact,exact,383.15,0.8815750557856608,0.3456081100861714,0.5854858196391873,0.4749190380968546,0.7147967476498711,Chromatography,10.1021/je020196d,J. Chem. Eng. Data,False
122,c1ccccc1,OCCOCCOCCOCCO,UHOVQNZJYSORNB-UHFFFAOYSA-N,UWHCKJMYHZGTIT-UHFFFAOYSA-N,exact,exact,393.15,0.8644920466402678,0.34087960094769487,0.5807573105007108,0.4714838989724058,0.7113616085254223,Chromatography,10.1021/je020196d,J. Chem. Eng. Data,False
122,c1ccccc1,OCCOCCOCCOCCO,UHOVQNZJYSORNB-UHFFFAOYSA-N,UWHCKJMYHZGTIT-UHFFFAOYSA-N,exact,exact,403.15,0.8219800524029137,0.33590766146015927,0.5757853710131752,0.4674476736727709,0.7073253832257874,Chromatography,10.1021/je020196d,J. Chem. Eng. Data,False
123,c1ccccc1,N=CO,UHOVQNZJYSORNB-UHFFFAOYSA-N,ZHNUHDYFZUAESO-UHFFFAOYSA-N,exact,exact,298.0,3.970291913552122,3.722001580822631,3.8428250657766734,3.327836198678508,3.448659683632548,Chromatography,10.1016/j.jct.2013.05.006,J. Chem. Thermodyn.,False
124,c1ccccc1,OCCOCCOCCO,UHOVQNZJYSORNB-UHFFFAOYSA-N,ZIBGPFATKBEMQZ-UHFFFAOYSA-N,exact,exact,323.15,1.5312168778395,0.7020615842826944,0.8250425889401507,0.8376370769229088,0.9606180815803631,Chromatography,10.1021/je020196d,J. Chem. Eng. Data,False
124,c1ccccc1,OCCOCCOCCO,UHOVQNZJYSORNB-UHFFFAOYSA-N,ZIBGPFATKBEMQZ-UHFFFAOYSA-N,exact,exact,333.15,1.4761122129390096,0.696714293154255,0.8196952978117114,0.8369103787622268,0.9598913834196812,Chromatography,10.1021/je020196d,J. Chem. Eng. Data,False
124,c1ccccc1,OCCOCCOCCO,UHOVQNZJYSORNB-UHFFFAOYSA-N,ZIBGPFATKBEMQZ-UHFFFAOYSA-N,exact,exact,343.15,1.450066964016957,0.6909904406321871,0.8139714452896434,0.8350588470160559,0.9580398516735102,Chromatography,10.1021/je020196d,J. Chem. Eng. Data,False
124,c1ccccc1,OCCOCCOCCO,UHOVQNZJYSORNB-UHFFFAOYSA-N,ZIBGPFATKBEMQZ-UHFFFAOYSA-N,exact,exact,353.15,1.4114990377050651,0.6849277993948872,0.8079088040523436,0.8322013933233594,0.9551823979808137,Chromatography,10.1021/je020196d,J. Chem. Eng. Data,False
124,c1ccccc1,OCCOCCOCCO,UHOVQNZJYSORNB-UHFFFAOYSA-N,ZIBGPFATKBEMQZ-UHFFFAOYSA-N,exact,exact,363.15,1.379093497016506,0.678560878558144,0.8015418832156003,0.8284446964720529,0.9514257011295072,Chromatography,10.1021/je020196d,J. Chem. Eng. Data,False
124,c1ccccc1,OCCOCCOCCO,UHOVQNZJYSORNB-UHFFFAOYSA-N,ZIBGPFATKBEMQZ-UHFFFAOYSA-N,exact,exact,373.1,1.3650451880807168,0.671955136635859,0.7949361412933154,0.823909412498824,0.9468904171562783,Chromatography,10.1021/je020196d,J. Chem. Eng. Data,False
124,c1ccccc1,OCCOCCOCCO,UHOVQNZJYSORNB-UHFFFAOYSA-N,ZIBGPFATKBEMQZ-UHFFFAOYSA-N,exact,exact,383.15,1.3409569792312843,0.6650381692329393,0.7880191738903957,0.8186082095084338,0.9415892141658881,Chromatography,10.1021/je020196d,J. Chem. Eng. Data,False
124,c1ccccc1,OCCOCCOCCO,UHOVQNZJYSORNB-UHFFFAOYSA-N,ZIBGPFATKBEMQZ-UHFFFAOYSA-N,exact,exact,393.15,1.323088285216098,0.6579382502695732,0.7809192549270295,0.8126933580102582,0.9356743626677125,Chromatography,10.1021/je020196d,J. Chem. Eng. Data,False
125,CCC(C)C(C)=O,O,UIHCLUNTQKBZGK-RXMQYKEDSA-N,XLYOFNOQVPJJNP-UHFFFAOYSA-N,first_block,exact,278.15,5.375278407684165,4.648150175769696,6.324356868298729,6.042810123049549,7.719016815578573,unreported,10.1021/acs.jced.9b00726,J. Chem. Eng. Data,False
125,CCC(C)C(C)=O,O,UIHCLUNTQKBZGK-RXMQYKEDSA-N,XLYOFNOQVPJJNP-UHFFFAOYSA-N,first_block,exact,288.15,5.5909869805108565,4.654714068796665,6.3309207613256975,6.064410157772148,7.740616850301173,unreported,10.1021/acs.jced.9b00726,J. Chem. Eng. Data,False
125,CCC(C)C(C)=O,O,UIHCLUNTQKBZGK-RXMQYKEDSA-N,XLYOFNOQVPJJNP-UHFFFAOYSA-N,first_block,exact,298.15,5.69035945432406,4.655491611580141,6.331698304109174,6.0741478566788585,7.750354549207883,unreported,10.1021/acs.jced.9b00726,J. Chem. Eng. Data,False
125,CCC(C)C(C)=O,O,UIHCLUNTQKBZGK-RXMQYKEDSA-N,XLYOFNOQVPJJNP-UHFFFAOYSA-N,first_block,exact,308.15,5.805134968916488,4.651174765209286,6.327381457738319,6.073816476819315,7.7500231693483395,unreported,10.1021/acs.jced.9b00726,J. Chem. Eng. Data,False
125,CCC(C)C(C)=O,O,UIHCLUNTQKBZGK-RXMQYKEDSA-N,XLYOFNOQVPJJNP-UHFFFAOYSA-N,first_block,exact,318.15,5.8805329864007,4.642358849487049,6.318565542016082,6.064907518706305,7.74111421123533,unreported,10.1021/acs.jced.9b00726,J. Chem. Eng. Data,False
125,CCC(C)C(C)=O,O,UIHCLUNTQKBZGK-RXMQYKEDSA-N,XLYOFNOQVPJJNP-UHFFFAOYSA-N,first_block,exact,328.15,5.940171252720432,4.629558574051373,6.305765266580406,6.048667687359561,7.724874379888586,unreported,10.1021/acs.jced.9b00726,J. Chem. Eng. Data,False
126,C#CCCCCCC,CCCCCOC(C)=O,UMIPWJGWASORKV-UHFFFAOYSA-N,PGMYKACGEOXYJE-UHFFFAOYSA-N,exact,exact,298.15,-0.1625189294977749,-0.4728671882527749,-0.47274380945287253,-0.17849836190682694,-0.17837498310692368,Chromatography,10.1016/j.jct.2018.05.003,J. Chem. Thermodyn.,False
127,Cc1ccc(C)cc1,CN=CO,URLKBWYHVLBVBO-UHFFFAOYSA-N,ATHHXGZTWNVVOU-UHFFFAOYSA-N,exact,exact,298.15,2.341805806147327,1.6113059226904858,1.7317241996377206,1.5225957308328923,1.6430140077801243,Chromatography,10.1016/j.tca.2015.11.010,Thermochim. Acta,False
128,Cc1ccc(C)cc1,c1ccncc1,URLKBWYHVLBVBO-UHFFFAOYSA-N,JUJWROOIHBZHMG-UHFFFAOYSA-N,exact,exact,298.15,0.4446858212614457,0.38932641120456885,0.4458992955838514,0.39776567332356866,0.45433855770284975,Chromatography,10.1016/j.fluid.2016.10.009,Fluid Phase Equilib.,True
129,Cc1ccc(C)cc1,CCCCCOC(C)=O,URLKBWYHVLBVBO-UHFFFAOYSA-N,PGMYKACGEOXYJE-UHFFFAOYSA-N,exact,exact,298.15,-0.083381608939051,-0.037319716298659024,-0.023976772821751598,-0.0434638525246558,-0.030120909047750596,Chromatography,10.1016/j.jct.2018.05.003,J. Chem. Thermodyn.,False
130,CCCCCl,c1ccncc1,VFWCMGCRMGJXDK-UHFFFAOYSA-N,JUJWROOIHBZHMG-UHFFFAOYSA-N,exact,exact,298.15,0.4317824164255378,0.3679817533996529,0.383141471550342,0.373877918646044,0.3890376367967326,Chromatography,10.1016/j.fluid.2016.10.009,Fluid Phase Equilib.,True
131,CCCCCl,CCCCCOC(C)=O,VFWCMGCRMGJXDK-UHFFFAOYSA-N,PGMYKACGEOXYJE-UHFFFAOYSA-N,exact,exact,298.15,-0.1743533871447778,-0.08171066581810149,-0.02536455290565292,-0.08250394985581302,-0.0261578369433639,Chromatography,10.1016/j.jct.2018.05.003,J. Chem. Thermodyn.,False
132,CCCCCC,CN=CO,VLKZOEOYAKHREP-UHFFFAOYSA-N,ATHHXGZTWNVVOU-UHFFFAOYSA-N,exact,exact,298.15,3.653252276470785,2.6967302971602596,2.827858028687245,2.767902637770782,2.8990303692977677,Chromatography,10.1016/j.tca.2015.11.010,Thermochim. Acta,False
133,CCCCCC,CCCCCCCCCCCCCCCC,VLKZOEOYAKHREP-UHFFFAOYSA-N,DCAYPVUWAIABOU-UHFFFAOYSA-N,exact,exact,298.15,-0.1346749033266016,-0.27181742207729376,0.0004669499176140977,-0.2716428253902158,0.0006415466046903865,Chromatography,10.1016/j.jct.2019.05.011,J. Chem. Thermodyn.,False
134,CCCCCC,OCCO,VLKZOEOYAKHREP-UHFFFAOYSA-N,LYCAIKOWRPUZTN-UHFFFAOYSA-N,exact,exact,303.15,6.573680166960646,4.370900210133629,4.504408669981631,4.777674677711627,4.911183137559627,Chromatography,10.1016/j.jct.2016.10.013,J. Chem. Thermodyn.,False
134,CCCCCC,OCCO,VLKZOEOYAKHREP-UHFFFAOYSA-N,LYCAIKOWRPUZTN-UHFFFAOYSA-N,exact,exact,313.15,6.429719478039138,4.300010450983805,4.433518910831807,4.690803380102261,4.824311839950261,Chromatography,10.1016/j.jct.2016.10.013,J. Chem. Thermodyn.,False
134,CCCCCC,OCCO,VLKZOEOYAKHREP-UHFFFAOYSA-N,LYCAIKOWRPUZTN-UHFFFAOYSA-N,exact,exact,323.15,6.297109319933935,4.23052317717717,4.364031637025171,4.6062030135300285,4.739711473378029,Chromatography,10.1016/j.jct.2016.10.013,J. Chem. Thermodyn.,False
135,CCCCCC,OCCOCCO,VLKZOEOYAKHREP-UHFFFAOYSA-N,MTHSVFCYNBDYFN-UHFFFAOYSA-N,exact,exact,304.15,4.718498871295094,3.0305143953200684,3.0272417856906033,3.281212950649829,3.277940341020367,Chromatography,10.1016/j.jct.2016.10.013,J. Chem. Thermodyn.,False
135,CCCCCC,OCCOCCO,VLKZOEOYAKHREP-UHFFFAOYSA-N,MTHSVFCYNBDYFN-UHFFFAOYSA-N,exact,exact,313.15,4.624972813284271,2.98290075667697,2.9796281470475043,3.222743290557551,3.219470680928089,Chromatography,10.1016/j.jct.2016.10.013,J. Chem. Thermodyn.,False
135,CCCCCC,OCCOCCO,VLKZOEOYAKHREP-UHFFFAOYSA-N,MTHSVFCYNBDYFN-UHFFFAOYSA-N,exact,exact,323.15,4.545420181582317,2.931030764987078,2.927758155357613,3.1594940416863246,3.1562214320568627,Chromatography,10.1016/j.jct.2016.10.013,J. Chem. Thermodyn.,False
136,CCCCCC,CCCCCOC(C)=O,VLKZOEOYAKHREP-UHFFFAOYSA-N,PGMYKACGEOXYJE-UHFFFAOYSA-N,exact,exact,298.15,0.5538851132264376,0.48832618216666707,0.5103922840416177,0.522466169572056,0.5445322714470069,Chromatography,10.1016/j.jct.2018.05.003,J. Chem. Thermodyn.,False
137,CCCNCCC,CO,WEHWNAOGRSTTBQ-UHFFFAOYSA-N,OKKJLVBELUTLKV-UHFFFAOYSA-N,exact,exact,298.15,-0.0943106794712412,-0.27934465208591797,0.42791324173795475,0.8418979622356264,1.5491558560595,Chromatography,10.1016/j.tca.2012.02.005,Thermochim. Acta,True
138,CCCNCCC,c1ccccc1,WEHWNAOGRSTTBQ-UHFFFAOYSA-N,UHOVQNZJYSORNB-UHFFFAOYSA-N,exact,exact,298.15,0.3920420877760237,0.27539764655213556,0.35402260520240836,0.3377896837905465,0.4164146424408198,Chromatography,10.1016/j.tca.2012.02.005,Thermochim. Acta,True
139,CC#N,c1ccncc1,WEVYAHXRMPXWCK-UHFFFAOYSA-N,JUJWROOIHBZHMG-UHFFFAOYSA-N,exact,exact,298.15,0.378436435720245,0.2508867216375543,0.3013716369501975,0.32592052724942977,0.37640544256207276,Chromatography,10.1016/j.fluid.2016.10.009,Fluid Phase Equilib.,True
140,CC#N,CCCCCOC(C)=O,WEVYAHXRMPXWCK-UHFFFAOYSA-N,PGMYKACGEOXYJE-UHFFFAOYSA-N,exact,exact,298.15,0.5247285289349821,0.7198201386586471,1.0169231073903406,0.7244332055720588,1.021536174303753,Chromatography,10.1016/j.jct.2018.05.003,J. Chem. Thermodyn.,False
141,C1CCCCCCC1,CN=CO,WJTCGQSWYFHTAC-UHFFFAOYSA-N,ATHHXGZTWNVVOU-UHFFFAOYSA-N,exact,exact,298.15,3.744787086052232,3.0204304258530335,3.0493895533348137,3.1150864884333833,3.144045615915161,Chromatography,10.1016/j.tca.2015.11.010,Thermochim. Acta,False
142,C1CCOC1,c1ccncc1,WYURNTSHIVDZCO-UHFFFAOYSA-N,JUJWROOIHBZHMG-UHFFFAOYSA-N,exact,exact,298.15,-0.0725706928348353,0.031119318501124593,0.032143686195361794,0.021355232300141167,0.022379599994377403,Chromatography,10.1016/j.fluid.2016.10.009,Fluid Phase Equilib.,True
143,C1CCOC1,CCCCCOC(C)=O,WYURNTSHIVDZCO-UHFFFAOYSA-N,PGMYKACGEOXYJE-UHFFFAOYSA-N,exact,exact,298.15,-0.2231435513142097,-0.1756230219518258,-0.03879579723017526,-0.18049431759144652,-0.04366709286979757,Chromatography,10.1016/j.jct.2018.05.003,J. Chem. Thermodyn.,False
144,C1CCCCC1,OCCO,XDTMQSROBMDMFD-UHFFFAOYSA-N,LYCAIKOWRPUZTN-UHFFFAOYSA-N,exact,exact,303.15,5.598421958998375,3.89843690285341,3.914534017912177,4.252141969828779,4.268239084887546,Chromatography,10.1016/j.jct.2016.10.013,J. Chem. Thermodyn.,False
144,C1CCCCC1,OCCO,XDTMQSROBMDMFD-UHFFFAOYSA-N,LYCAIKOWRPUZTN-UHFFFAOYSA-N,exact,exact,313.15,5.472270673671475,3.8355632629613527,3.85166037802012,4.174479526025307,4.190576641084074,Chromatography,10.1016/j.jct.2016.10.013,J. Chem. Thermodyn.,False
144,C1CCCCC1,OCCO,XDTMQSROBMDMFD-UHFFFAOYSA-N,LYCAIKOWRPUZTN-UHFFFAOYSA-N,exact,exact,323.15,5.356586274672012,3.7740160297075995,3.7901131447663667,4.099017636301237,4.115114751360005,Chromatography,10.1016/j.jct.2016.10.013,J. Chem. Thermodyn.,False
145,C1CCCCC1,OCCOCCO,XDTMQSROBMDMFD-UHFFFAOYSA-N,MTHSVFCYNBDYFN-UHFFFAOYSA-N,exact,exact,304.15,3.92395157629342,2.662430648260494,2.6426407425505203,2.8825499180064105,2.862760012296437,Chromatography,10.1016/j.jct.2016.10.013,J. Chem. Thermodyn.,False
145,C1CCCCC1,OCCOCCO,XDTMQSROBMDMFD-UHFFFAOYSA-N,MTHSVFCYNBDYFN-UHFFFAOYSA-N,exact,exact,313.15,3.843744164674851,2.61984187287921,2.6000519671692364,2.829706701537679,2.8099167958277054,Chromatography,10.1016/j.jct.2016.10.013,J. Chem. Thermodyn.,False
145,C1CCCCC1,OCCOCCO,XDTMQSROBMDMFD-UHFFFAOYSA-N,MTHSVFCYNBDYFN-UHFFFAOYSA-N,exact,exact,323.15,3.7727609380946383,2.5735223953527138,2.5537324896427402,2.7727008191296396,2.752910913419666,Chromatography,10.1016/j.jct.2016.10.013,J. Chem. Thermodyn.,False
146,C1CCCCC1,CCCCCOC(C)=O,XDTMQSROBMDMFD-UHFFFAOYSA-N,PGMYKACGEOXYJE-UHFFFAOYSA-N,exact,exact,298.15,0.412109650826833,0.41711571493133176,0.4703479814201617,0.4514687851206574,0.5047010516094877,Chromatography,10.1016/j.jct.2018.05.003,J. Chem. Thermodyn.,False
147,CCOC(C)=O,CCCCCOC(C)=O,XEKOWRVHYACXOJ-UHFFFAOYSA-N,PGMYKACGEOXYJE-UHFFFAOYSA-N,exact,exact,298.15,-0.0408219945202551,0.02829465351590016,0.09189010606311543,0.034631231579267036,0.09822668412648224,Chromatography,10.1016/j.jct.2018.05.003,J. Chem. Thermodyn.,False
148,O,CCOc1ccccc1,XLYOFNOQVPJJNP-UHFFFAOYSA-N,DLRJIFUOBPOJNS-UHFFFAOYSA-N,exact,exact,298.15,4.700480365792417,7.061361816768431,7.80421597727767,7.507174603146879,8.250028763656116,Chemical equilibration / Heterogeneous equilibration,10.1021/acs.jced.7b00114,J. Chem. Eng. Data,False
148,O,CCOc1ccccc1,XLYOFNOQVPJJNP-UHFFFAOYSA-N,DLRJIFUOBPOJNS-UHFFFAOYSA-N,exact,exact,303.15,4.574710978503383,6.941685029876419,7.6845391903856575,7.390834461634691,8.133688622143929,Chemical equilibration / Heterogeneous equilibration,10.1021/acs.jced.7b00114,J. Chem. Eng. Data,False
148,O,CCOc1ccccc1,XLYOFNOQVPJJNP-UHFFFAOYSA-N,DLRJIFUOBPOJNS-UHFFFAOYSA-N,exact,exact,308.15,4.469350462845557,6.825027417034909,7.5678815775441475,7.277163068773376,8.020017229282614,Chemical equilibration / Heterogeneous equilibration,10.1021/acs.jced.7b00114,J. Chem. Eng. Data,False
148,O,CCOc1ccccc1,XLYOFNOQVPJJNP-UHFFFAOYSA-N,DLRJIFUOBPOJNS-UHFFFAOYSA-N,exact,exact,313.15,4.3528552573736015,6.711278512854036,7.454132673363274,7.166042443452881,7.908896603962118,Chemical equilibration / Heterogeneous equilibration,10.1021/acs.jced.7b00114,J. Chem. Eng. Data,False
148,O,CCOc1ccccc1,XLYOFNOQVPJJNP-UHFFFAOYSA-N,DLRJIFUOBPOJNS-UHFFFAOYSA-N,exact,exact,318.15,4.247065649239764,6.600333452264203,7.343187612773441,7.05736433261975,7.8002184931289875,Chemical equilibration / Heterogeneous equilibration,10.1021/acs.jced.7b00114,J. Chem. Eng. Data,False
148,O,CCOc1ccccc1,XLYOFNOQVPJJNP-UHFFFAOYSA-N,DLRJIFUOBPOJNS-UHFFFAOYSA-N,exact,exact,323.15,4.138361447638875,6.4920925726589145,7.234946733168153,6.951029212436097,7.693883372945335,Chemical equilibration / Heterogeneous equilibration,10.1021/acs.jced.7b00114,J. Chem. Eng. Data,False
149,O,FC(F)(F)c1ccccc1,XLYOFNOQVPJJNP-UHFFFAOYSA-N,GETTZEONDQJALK-UHFFFAOYSA-N,exact,exact,298.15,5.8916442118257715,8.358762366702475,9.028552715170422,10.096127910403858,10.765918258871803,Chemical equilibration / Heterogeneous equilibration,10.1021/acs.jced.7b00114,J. Chem. Eng. Data,False
149,O,FC(F)(F)c1ccccc1,XLYOFNOQVPJJNP-UHFFFAOYSA-N,GETTZEONDQJALK-UHFFFAOYSA-N,exact,exact,303.15,5.71042701737487,8.200340343399116,8.870130691867063,9.884333691412191,10.554124039880136,Chemical equilibration / Heterogeneous equilibration,10.1021/acs.jced.7b00114,J. Chem. Eng. Data,False
149,O,FC(F)(F)c1ccccc1,XLYOFNOQVPJJNP-UHFFFAOYSA-N,GETTZEONDQJALK-UHFFFAOYSA-N,exact,exact,308.15,5.545177444479562,8.046798512735352,8.716588861203299,9.679832422392197,10.349622770860142,Chemical equilibration / Heterogeneous equilibration,10.1021/acs.jced.7b00114,J. Chem. Eng. Data,False
149,O,FC(F)(F)c1ccccc1,XLYOFNOQVPJJNP-UHFFFAOYSA-N,GETTZEONDQJALK-UHFFFAOYSA-N,exact,exact,313.15,5.384495062789089,7.89790979679792,8.567700145265867,9.482245042071764,10.152035390539709,Chemical equilibration / Heterogeneous equilibration,10.1021/acs.jced.7b00114,J. Chem. Eng. Data,False
149,O,FC(F)(F)c1ccccc1,XLYOFNOQVPJJNP-UHFFFAOYSA-N,GETTZEONDQJALK-UHFFFAOYSA-N,exact,exact,318.15,5.198497031265826,7.7534613630550915,8.423251711523038,9.291219551860808,9.961009900328753,Chemical equilibration / Heterogeneous equilibration,10.1021/acs.jced.7b00114,J. Chem. Eng. Data,False
149,O,FC(F)(F)c1ccccc1,XLYOFNOQVPJJNP-UHFFFAOYSA-N,GETTZEONDQJALK-UHFFFAOYSA-N,exact,exact,323.15,5.043425116919247,7.613253516130502,8.283043864598449,9.106428566119108,9.776218914587053,Chemical equilibration / Heterogeneous equilibration,10.1021/acs.jced.7b00114,J. Chem. Eng. Data,False
150,O,Clc1ccccc1,XLYOFNOQVPJJNP-UHFFFAOYSA-N,MVPPADPHJFYWMZ-UHFFFAOYSA-N,exact,exact,298.15,5.929589143389895,8.170026119388263,8.75721157954378,10.081605812759305,10.66879127291482,Chemical equilibration / Heterogeneous equilibration,10.1021/acs.jced.7b00114,J. Chem. Eng. Data,False
150,O,Clc1ccccc1,XLYOFNOQVPJJNP-UHFFFAOYSA-N,MVPPADPHJFYWMZ-UHFFFAOYSA-N,exact,exact,303.15,5.762051382780177,8.016489933209309,8.603675393364826,9.870382450393755,10.45756791054927,Chemical equilibration / Heterogeneous equilibration,10.1021/acs.jced.7b00114,J. Chem. Eng. Data,False
150,O,Clc1ccccc1,XLYOFNOQVPJJNP-UHFFFAOYSA-N,MVPPADPHJFYWMZ-UHFFFAOYSA-N,exact,exact,308.15,5.602118820879701,7.867728689561638,8.454914149717155,9.666595644813546,10.253781104969061,Chemical equilibration / Heterogeneous equilibration,10.1021/acs.jced.7b00114,J. Chem. Eng. Data,False
150,O,Clc1ccccc1,XLYOFNOQVPJJNP-UHFFFAOYSA-N,MVPPADPHJFYWMZ-UHFFFAOYSA-N,exact,exact,313.15,5.459585514144159,7.723517399650094,8.31070285980561,9.469847033980363,10.057032494135878,Chemical equilibration / Heterogeneous equilibration,10.1021/acs.jced.7b00114,J. Chem. Eng. Data,False
150,O,Clc1ccccc1,XLYOFNOQVPJJNP-UHFFFAOYSA-N,MVPPADPHJFYWMZ-UHFFFAOYSA-N,exact,exact,318.15,5.308267697401205,7.583645320743615,8.170830780899133,9.27976742051485,9.866952880670365,Chemical equilibration / Heterogeneous equilibration,10.1021/acs.jced.7b00114,J. Chem. Eng. Data,False
150,O,Clc1ccccc1,XLYOFNOQVPJJNP-UHFFFAOYSA-N,MVPPADPHJFYWMZ-UHFFFAOYSA-N,exact,exact,323.15,5.176149732573829,7.447914841530579,8.035100301686096,9.096014097363941,9.683199557519456,Chemical equilibration / Heterogeneous equilibration,10.1021/acs.jced.7b00114,J. Chem. Eng. Data,False
151,O,COc1ccccc1,XLYOFNOQVPJJNP-UHFFFAOYSA-N,RDOXTESZEPMUJZ-UHFFFAOYSA-N,exact,exact,298.15,4.557029810660157,7.036336628118505,7.67450325883515,7.419271708118931,8.057438338835576,Chemical equilibration / Heterogeneous equilibration,10.1021/acs.jced.7b00114,J. Chem. Eng. Data,False
151,O,COc1ccccc1,XLYOFNOQVPJJNP-UHFFFAOYSA-N,RDOXTESZEPMUJZ-UHFFFAOYSA-N,exact,exact,303.15,4.4355674016019115,6.912815473703429,7.550982104420075,7.302301823014924,7.940468453731569,Chemical equilibration / Heterogeneous equilibration,10.1021/acs.jced.7b00114,J. Chem. Eng. Data,False
151,O,COc1ccccc1,XLYOFNOQVPJJNP-UHFFFAOYSA-N,RDOXTESZEPMUJZ-UHFFFAOYSA-N,exact,exact,308.15,4.328098292648326,6.792753966944595,7.430920597661241,7.188234145559644,7.826400776276289,Chemical equilibration / Heterogeneous equilibration,10.1021/acs.jced.7b00114,J. Chem. Eng. Data,False
151,O,COc1ccccc1,XLYOFNOQVPJJNP-UHFFFAOYSA-N,RDOXTESZEPMUJZ-UHFFFAOYSA-N,exact,exact,313.15,4.231203744939298,6.676007662489361,7.314174293206007,7.076933795837624,7.715100426554269,Chemical equilibration / Heterogeneous equilibration,10.1021/acs.jced.7b00114,J. Chem. Eng. Data,False
151,O,COc1ccccc1,XLYOFNOQVPJJNP-UHFFFAOYSA-N,RDOXTESZEPMUJZ-UHFFFAOYSA-N,exact,exact,318.15,4.122283930911342,6.5624401331186295,7.200606763835275,6.968276614219453,7.606443244936099,Chemical equilibration / Heterogeneous equilibration,10.1021/acs.jced.7b00114,J. Chem. Eng. Data,False
151,O,COc1ccccc1,XLYOFNOQVPJJNP-UHFFFAOYSA-N,RDOXTESZEPMUJZ-UHFFFAOYSA-N,exact,exact,323.15,4.023564380161053,6.451922416282837,7.090089046999482,6.862148098268113,7.500314728984758,Chemical equilibration / Heterogeneous equilibration,10.1021/acs.jced.7b00114,J. Chem. Eng. Data,False
151,O,COc1ccccc1,XLYOFNOQVPJJNP-UHFFFAOYSA-N,RDOXTESZEPMUJZ-UHFFFAOYSA-N,exact,exact,328.15,3.912023005428146,6.3443325071259835,6.982499137842629,6.758442450911989,7.396609081628635,Chemical equilibration / Heterogeneous equilibration,10.1021/acs.jced.7b00114,J. Chem. Eng. Data,False
152,O,ClC=C(Cl)Cl,XLYOFNOQVPJJNP-UHFFFAOYSA-N,XSTXAVWGXDQKEL-UHFFFAOYSA-N,exact,exact,278.15,7.090076835776092,7.032231143313628,7.564439841408267,11.472321919992488,12.004530618087125,Chemical equilibration / Heterogeneous equilibration,10.1021/acs.jced.7b00114,J. Chem. Eng. Data,False
152,O,ClC=C(Cl)Cl,XLYOFNOQVPJJNP-UHFFFAOYSA-N,XSTXAVWGXDQKEL-UHFFFAOYSA-N,exact,exact,283.15,6.885509670034818,6.941916618534169,7.4741253166288075,11.23718377702091,11.769392475115547,Chemical equilibration / Heterogeneous equilibration,10.1021/acs.jced.7b00114,J. Chem. Eng. Data,False
152,O,ClC=C(Cl)Cl,XLYOFNOQVPJJNP-UHFFFAOYSA-N,XSTXAVWGXDQKEL-UHFFFAOYSA-N,exact,exact,288.15,6.692083742506628,6.8533780180480575,7.385586716142696,11.0094291341251,11.541637832219736,Chemical equilibration / Heterogeneous equilibration,10.1021/acs.jced.7b00114,J. Chem. Eng. Data,False
152,O,ClC=C(Cl)Cl,XLYOFNOQVPJJNP-UHFFFAOYSA-N,XSTXAVWGXDQKEL-UHFFFAOYSA-N,exact,exact,293.15,6.4967749901858625,6.7665361848543935,7.298744882949032,10.788731394984108,11.320940093078745,Chemical equilibration / Heterogeneous equilibration,10.1021/acs.jced.7b00114,J. Chem. Eng. Data,False
152,O,ClC=C(Cl)Cl,XLYOFNOQVPJJNP-UHFFFAOYSA-N,XSTXAVWGXDQKEL-UHFFFAOYSA-N,exact,exact,298.15,6.261491684321042,6.681317963987416,7.213526662082055,10.57478470300822,11.106993401102857,Chemical equilibration / Heterogeneous equilibration,10.1021/acs.jced.7b00114,J. Chem. Eng. Data,False
152,O,ClC=C(Cl)Cl,XLYOFNOQVPJJNP-UHFFFAOYSA-N,XSTXAVWGXDQKEL-UHFFFAOYSA-N,exact,exact,303.15,6.089044875446846,6.5976557158746925,7.129864413969331,10.367301984547248,10.899510682641885,Chemical equilibration / Heterogeneous equilibration,10.1021/acs.jced.7b00114,J. Chem. Eng. Data,False
153,O,Cc1ccccc1,XLYOFNOQVPJJNP-UHFFFAOYSA-N,YXFVVABEGXRONW-UHFFFAOYSA-N,exact,exact,283.15,6.429719478039138,8.726446135163487,9.313398770247435,10.858055670034757,11.445008305118705,Chemical equilibration / Heterogeneous equilibration,10.1021/acs.jced.7b00114,J. Chem. Eng. Data,False
153,O,Cc1ccccc1,XLYOFNOQVPJJNP-UHFFFAOYSA-N,YXFVVABEGXRONW-UHFFFAOYSA-N,exact,exact,293.15,6.0473721790462776,8.392868397268945,8.979821032352893,10.392741337746893,10.979693972830841,Chemical equilibration / Heterogeneous equilibration,10.1021/acs.jced.7b00114,J. Chem. Eng. Data,False
153,O,Cc1ccccc1,XLYOFNOQVPJJNP-UHFFFAOYSA-N,YXFVVABEGXRONW-UHFFFAOYSA-N,exact,exact,303.15,5.703782474656201,8.080156535962383,8.66710917104633,9.960352776932453,10.547305412016401,Chemical equilibration / Heterogeneous equilibration,10.1021/acs.jced.7b00114,J. Chem. Eng. Data,False
153,O,Cc1ccccc1,XLYOFNOQVPJJNP-UHFFFAOYSA-N,YXFVVABEGXRONW-UHFFFAOYSA-N,exact,exact,313.15,5.365976015021851,7.78636613632747,8.37331877141142,9.55743400710943,10.144386642193378,Chemical equilibration / Heterogeneous equilibration,10.1021/acs.jced.7b00114,J. Chem. Eng. Data,False
153,O,Cc1ccccc1,XLYOFNOQVPJJNP-UHFFFAOYSA-N,YXFVVABEGXRONW-UHFFFAOYSA-N,exact,exact,318.15,5.214935757608986,7.646025601373666,8.232978236457615,9.366081106385867,9.953033741469815,Chemical equilibration / Heterogeneous equilibration,10.1021/acs.jced.7b00114,J. Chem. Eng. Data,False
153,O,Cc1ccccc1,XLYOFNOQVPJJNP-UHFFFAOYSA-N,YXFVVABEGXRONW-UHFFFAOYSA-N,exact,exact,323.15,5.043425116919247,7.5097930800051325,8.096745715089082,9.181014952882418,9.767967587966366,Chemical equilibration / Heterogeneous equilibration,10.1021/acs.jced.7b00114,J. Chem. Eng. Data,False
154,CCCC(C)=O,O,XNLICIUVMPYHGG-UHFFFAOYSA-N,XLYOFNOQVPJJNP-UHFFFAOYSA-N,exact,exact,273.17,4.117409835153096,3.6250098706372595,5.071283958752926,4.854548859625275,6.300822947740939,unreported,10.1021/acs.jced.9b00726,J. Chem. Eng. Data,False
154,CCCC(C)=O,O,XNLICIUVMPYHGG-UHFFFAOYSA-N,XLYOFNOQVPJJNP-UHFFFAOYSA-N,exact,exact,278.15,4.207673247529104,3.6402362654222733,5.08651035353794,4.882319243970299,6.328593332085963,unreported,10.1021/acs.jced.9b00726,J. Chem. Eng. Data,False
154,CCCC(C)=O,O,XNLICIUVMPYHGG-UHFFFAOYSA-N,XLYOFNOQVPJJNP-UHFFFAOYSA-N,exact,exact,288.15,4.365643155423357,3.6655489738378506,5.111823061953517,4.927443062182016,6.37371715029768,unreported,10.1021/acs.jced.9b00726,J. Chem. Eng. Data,False
154,CCCC(C)=O,O,XNLICIUVMPYHGG-UHFFFAOYSA-N,XLYOFNOQVPJJNP-UHFFFAOYSA-N,exact,exact,298.15,4.563305981889393,3.6845207080185585,5.130794796134225,4.960099431654181,6.406373519769845,unreported,10.1021/acs.jced.9b00726,J. Chem. Eng. Data,False
154,CCCC(C)=O,O,XNLICIUVMPYHGG-UHFFFAOYSA-N,XLYOFNOQVPJJNP-UHFFFAOYSA-N,exact,exact,308.15,4.675628649636653,3.697872920390549,5.1441470085062155,4.9820696054453615,6.428343693561025,unreported,10.1021/acs.jced.9b00726,J. Chem. Eng. Data,False
154,CCCC(C)=O,O,XNLICIUVMPYHGG-UHFFFAOYSA-N,XLYOFNOQVPJJNP-UHFFFAOYSA-N,exact,exact,318.15,4.792479284293085,3.706228872333856,5.152502960449523,4.994844493164246,6.44111858127991,unreported,10.1021/acs.jced.9b00726,J. Chem. Eng. Data,False
154,CCCC(C)=O,O,XNLICIUVMPYHGG-UHFFFAOYSA-N,XLYOFNOQVPJJNP-UHFFFAOYSA-N,exact,exact,328.15,4.858260813670253,3.7101296406824424,5.156403728798109,4.999678450536541,6.445952538652205,unreported,10.1021/acs.jced.9b00726,J. Chem. Eng. Data,False
154,CCCC(C)=O,O,XNLICIUVMPYHGG-UHFFFAOYSA-N,XLYOFNOQVPJJNP-UHFFFAOYSA-N,exact,exact,333.15,4.866764923676554,3.710559209731115,5.156833297846782,4.999455612984854,6.445729701100518,unreported,10.1021/acs.jced.9b00726,J. Chem. Eng. Data,False
155,C=CCCCCC=C,CN=CO,XWJBRBSPAODJER-UHFFFAOYSA-N,ATHHXGZTWNVVOU-UHFFFAOYSA-N,exact,exact,298.15,3.1354942159291497,1.9936449396335236,2.266601408926641,1.9190463955568058,2.1920028648499224,Chromatography,10.1016/j.tca.2015.11.010,Thermochim. Acta,False
156,C=CCCCCC=C,CCCCCOC(C)=O,XWJBRBSPAODJER-UHFFFAOYSA-N,PGMYKACGEOXYJE-UHFFFAOYSA-N,exact,exact,298.15,0.131028262406404,0.05150909251477421,0.051307639612053736,0.05361424205804105,0.05341278915531983,Chromatography,10.1016/j.jct.2018.05.003,J. Chem. Thermodyn.,False
157,CC(C)(C)N,CO,YBRBMKDOPFTVDT-UHFFFAOYSA-N,OKKJLVBELUTLKV-UHFFFAOYSA-N,exact,exact,298.15,-1.3862943611198906,-2.041037235641289,-1.8166214933183233,-0.5251111203516905,-0.3006953780287275,Chromatography,10.1016/j.tca.2012.02.005,Thermochim. Acta,True
158,CC(C)(C)N,c1ccccc1,YBRBMKDOPFTVDT-UHFFFAOYSA-N,UHOVQNZJYSORNB-UHFFFAOYSA-N,exact,exact,298.15,0.2776317365982795,0.3866690643499716,0.3816033883769067,0.45721598181355266,0.4521503058404878,Chromatography,10.1016/j.tca.2012.02.005,Thermochim. Acta,True
159,CCCN(CCC)CCC,CCCCCCCCCCCCCCCC,YFTHZRPMJXBUME-UHFFFAOYSA-N,DCAYPVUWAIABOU-UHFFFAOYSA-N,exact,exact,298.15,0.009950330853168,-0.02760751255609073,0.06533602846039122,-0.018578925775354263,0.07436461524112763,Chromatography,10.1016/j.tca.2012.02.005,Thermochim. Acta,True
160,CCCN(CCC)CCC,CO,YFTHZRPMJXBUME-UHFFFAOYSA-N,OKKJLVBELUTLKV-UHFFFAOYSA-N,exact,exact,298.15,2.1736147116970854,1.9860769342504685,3.173410426656375,2.667751594417215,3.8550850868231183,Chromatography,10.1016/j.tca.2012.02.005,Thermochim. Acta,True
161,CCCN(CCC)CCC,c1ccccc1,YFTHZRPMJXBUME-UHFFFAOYSA-N,UHOVQNZJYSORNB-UHFFFAOYSA-N,exact,exact,298.15,1.0260415958332745,0.5410404642705553,0.7864668290977824,0.5782285310946967,0.8236548959219238,Chromatography,10.1016/j.tca.2012.02.005,Thermochim. Acta,True
162,c1ccoc1,O,YLQBMQCUIZJEEH-UHFFFAOYSA-N,XLYOFNOQVPJJNP-UHFFFAOYSA-N,exact,exact,298.15,6.028278520230698,4.517517438484662,5.206117472553276,5.527339087802663,6.2159391218712745,Chromatography,10.1016/j.fluid.2015.01.010,Fluid Phase Equilib.,False
162,c1ccoc1,O,YLQBMQCUIZJEEH-UHFFFAOYSA-N,XLYOFNOQVPJJNP-UHFFFAOYSA-N,exact,exact,299.15,6.021023349349527,4.51330172471844,5.201901758787055,5.521859684546425,6.210459718615036,Chromatography,10.1016/j.fluid.2015.01.010,Fluid Phase Equilib.,False
162,c1ccoc1,O,YLQBMQCUIZJEEH-UHFFFAOYSA-N,XLYOFNOQVPJJNP-UHFFFAOYSA-N,exact,exact,301.15,5.998936561946683,4.504871994106887,5.193472028175502,5.510907194673788,6.199507228742399,Chromatography,10.1016/j.fluid.2015.01.010,Fluid Phase Equilib.,False
162,c1ccoc1,O,YLQBMQCUIZJEEH-UHFFFAOYSA-N,XLYOFNOQVPJJNP-UHFFFAOYSA-N,exact,exact,303.15,5.983936280687191,4.496444582773454,5.1850446168420685,5.499962922963264,6.188562957031875,Chromatography,10.1016/j.fluid.2015.01.010,Fluid Phase Equilib.,False
162,c1ccoc1,O,YLQBMQCUIZJEEH-UHFFFAOYSA-N,XLYOFNOQVPJJNP-UHFFFAOYSA-N,exact,exact,305.15,5.976350909297934,4.488019559334276,5.176619593402891,5.489026640022548,6.177626674091159,Chromatography,10.1016/j.fluid.2015.01.010,Fluid Phase Equilib.,False
162,c1ccoc1,O,YLQBMQCUIZJEEH-UHFFFAOYSA-N,XLYOFNOQVPJJNP-UHFFFAOYSA-N,exact,exact,306.15,5.940171252720432,4.483807964694795,5.1724079987634095,5.483561427352147,6.1721614614207585,Chromatography,10.1016/j.fluid.2015.01.010,Fluid Phase Equilib.,False
162,c1ccoc1,O,YLQBMQCUIZJEEH-UHFFFAOYSA-N,XLYOFNOQVPJJNP-UHFFFAOYSA-N,exact,exact,308.15,5.918893854273146,4.4753866531762085,5.163986687244823,5.472636734741726,6.161236768810337,Chromatography,10.1016/j.fluid.2015.01.010,Fluid Phase Equilib.,False
162,c1ccoc1,O,YLQBMQCUIZJEEH-UHFFFAOYSA-N,XLYOFNOQVPJJNP-UHFFFAOYSA-N,exact,exact,311.15,5.902633333401366,4.462759512352463,5.1513595464210775,5.456263683198295,6.144863717266906,Chromatography,10.1016/j.fluid.2015.01.010,Fluid Phase Equilib.,False
162,c1ccoc1,O,YLQBMQCUIZJEEH-UHFFFAOYSA-N,XLYOFNOQVPJJNP-UHFFFAOYSA-N,exact,exact,313.15,5.87493073085203,4.454344739795799,5.142944773864413,5.445357395140102,6.133957429208714,Chromatography,10.1016/j.fluid.2015.01.010,Fluid Phase Equilib.,False
163,ClCCl,CCCO,YMWUJEATGCHHMB-UHFFFAOYSA-N,BDERNNFJNOPAEC-UHFFFAOYSA-N,exact,exact,283.15,0.688134638736401,-0.9686898836471719,-0.9634762528619814,0.006692522277038532,0.011906153062229302,unreported,10.1016/j.fluid.2015.11.037,Fluid Phase Equilib.,False
163,ClCCl,CCCO,YMWUJEATGCHHMB-UHFFFAOYSA-N,BDERNNFJNOPAEC-UHFFFAOYSA-N,exact,exact,293.15,0.6931471805599453,-0.8787461718146126,-0.873532541029422,0.07362850165970747,0.07884213244489824,unreported,10.1016/j.fluid.2015.11.037,Fluid Phase Equilib.,False
163,ClCCl,CCCO,YMWUJEATGCHHMB-UHFFFAOYSA-N,BDERNNFJNOPAEC-UHFFFAOYSA-N,exact,exact,303.15,0.7030975114131134,-0.7972801123919789,-0.7920664816067884,0.12995832618037992,0.1351719569655707,unreported,10.1016/j.fluid.2015.11.037,Fluid Phase Equilib.,False
163,ClCCl,CCCO,YMWUJEATGCHHMB-UHFFFAOYSA-N,BDERNNFJNOPAEC-UHFFFAOYSA-N,exact,exact,313.15,0.7178397931503168,-0.7233812011981418,-0.7181675704129512,0.17743836404807697,0.18265199483326774,unreported,10.1016/j.fluid.2015.11.037,Fluid Phase Equilib.,False
163,ClCCl,CCCO,YMWUJEATGCHHMB-UHFFFAOYSA-N,BDERNNFJNOPAEC-UHFFFAOYSA-N,exact,exact,323.15,0.712949807856125,-0.6562534316654705,-0.6510398008802799,0.21749744926979608,0.22271108005498685,unreported,10.1016/j.fluid.2015.11.037,Fluid Phase Equilib.,False
163,ClCCl,CCCO,YMWUJEATGCHHMB-UHFFFAOYSA-N,BDERNNFJNOPAEC-UHFFFAOYSA-N,exact,exact,333.15,0.7129017471073016,-0.5951984698930519,-0.5899848391078614,0.25130398140571836,0.25651761219090913,unreported,10.1016/j.fluid.2015.11.037,Fluid Phase Equilib.,False
164,ClCCl,CCO,YMWUJEATGCHHMB-UHFFFAOYSA-N,LFQSCWFLJHTTHZ-UHFFFAOYSA-N,exact,exact,303.15,0.8285518175661483,-0.8003821471789199,-0.7965156909202038,0.16250673102944505,0.1663731872881616,unreported,10.1016/j.fluid.2015.11.037,Fluid Phase Equilib.,False
164,ClCCl,CCO,YMWUJEATGCHHMB-UHFFFAOYSA-N,LFQSCWFLJHTTHZ-UHFFFAOYSA-N,exact,exact,313.15,0.8329091229351039,-0.7226545854549207,-0.7187881291962045,0.21865346331903354,0.2225199195777501,unreported,10.1016/j.fluid.2015.11.037,Fluid Phase Equilib.,False
164,ClCCl,CCO,YMWUJEATGCHHMB-UHFFFAOYSA-N,LFQSCWFLJHTTHZ-UHFFFAOYSA-N,exact,exact,323.15,0.8285518175661483,-0.651837595587551,-0.6479711393288349,0.26669049866065037,0.27055695491936693,unreported,10.1016/j.fluid.2015.11.037,Fluid Phase Equilib.,False
164,ClCCl,CCO,YMWUJEATGCHHMB-UHFFFAOYSA-N,LFQSCWFLJHTTHZ-UHFFFAOYSA-N,exact,exact,333.15,0.8197798314933114,-0.5872324147252062,-0.58336595846649,0.3078224941684051,0.3116889504271217,unreported,10.1016/j.fluid.2015.11.037,Fluid Phase Equilib.,False
164,ClCCl,CCO,YMWUJEATGCHHMB-UHFFFAOYSA-N,LFQSCWFLJHTTHZ-UHFFFAOYSA-N,exact,exact,343.15,0.7793248768009977,-0.528223869644995,-0.5243574133862788,0.3430480912261371,0.3469145474848537,unreported,10.1016/j.fluid.2015.11.037,Fluid Phase Equilib.,False
165,ClCCl,CCCCO,YMWUJEATGCHHMB-UHFFFAOYSA-N,LRHPLDYGYMQRHN-UHFFFAOYSA-N,exact,exact,283.15,0.6151856390902335,-0.9718320117008726,-0.9351397930166028,3.162198595745014e-05,0.03672384067022787,unreported,10.1016/j.fluid.2015.11.037,Fluid Phase Equilib.,False
165,ClCCl,CCCCO,YMWUJEATGCHHMB-UHFFFAOYSA-N,LRHPLDYGYMQRHN-UHFFFAOYSA-N,exact,exact,293.15,0.62057648772511,-0.8854880291217726,-0.8487958104375027,0.0579394712630102,0.09463168994728062,unreported,10.1016/j.fluid.2015.11.037,Fluid Phase Equilib.,False
165,ClCCl,CCCCO,YMWUJEATGCHHMB-UHFFFAOYSA-N,LRHPLDYGYMQRHN-UHFFFAOYSA-N,exact,exact,303.15,0.62057648772511,-0.8074991483855802,-0.7708069297013104,0.10599044346820205,0.14268266215247247,unreported,10.1016/j.fluid.2015.11.037,Fluid Phase Equilib.,False
165,ClCCl,CCCCO,YMWUJEATGCHHMB-UHFFFAOYSA-N,LRHPLDYGYMQRHN-UHFFFAOYSA-N,exact,exact,313.15,0.62057648772511,-0.7369504301596715,-0.7002582114754017,0.1458958450098183,0.18258806369408873,unreported,10.1016/j.fluid.2015.11.037,Fluid Phase Equilib.,False
165,ClCCl,CCCCO,YMWUJEATGCHHMB-UHFFFAOYSA-N,LRHPLDYGYMQRHN-UHFFFAOYSA-N,exact,exact,323.15,0.6043159668533296,-0.6730425997681152,-0.6363503810838453,0.17903714884449912,0.21572936752876953,unreported,10.1016/j.fluid.2015.11.037,Fluid Phase Equilib.,False
165,ClCCl,CCCCO,YMWUJEATGCHHMB-UHFFFAOYSA-N,LRHPLDYGYMQRHN-UHFFFAOYSA-N,exact,exact,333.15,0.5653138090500605,-0.6150751739005449,-0.578382955216275,0.2065350582428418,0.2432272769271122,unreported,10.1016/j.fluid.2015.11.037,Fluid Phase Equilib.,False
166,ClCCl,CO,YMWUJEATGCHHMB-UHFFFAOYSA-N,OKKJLVBELUTLKV-UHFFFAOYSA-N,exact,exact,293.15,1.043804052173115,-0.4738149903951137,-0.3870797885950313,0.4202030027799464,0.5069382045800286,unreported,10.1016/j.fluid.2015.11.037,Fluid Phase Equilib.,False
166,ClCCl,CO,YMWUJEATGCHHMB-UHFFFAOYSA-N,OKKJLVBELUTLKV-UHFFFAOYSA-N,exact,exact,303.15,1.0543120297715298,-0.39918874158895307,-0.31245353978887064,0.48454246287553837,0.5712776646756206,unreported,10.1016/j.fluid.2015.11.037,Fluid Phase Equilib.,False
166,ClCCl,CO,YMWUJEATGCHHMB-UHFFFAOYSA-N,OKKJLVBELUTLKV-UHFFFAOYSA-N,exact,exact,313.15,1.0543120297715298,-0.3314533215422019,-0.2447181197421195,0.5396498866402167,0.6263850884402989,unreported,10.1016/j.fluid.2015.11.037,Fluid Phase Equilib.,False
166,ClCCl,CO,YMWUJEATGCHHMB-UHFFFAOYSA-N,OKKJLVBELUTLKV-UHFFFAOYSA-N,exact,exact,323.15,1.0402767116551463,-0.26989935069548665,-0.1831641488954042,0.5868682980180443,0.6736034998181265,unreported,10.1016/j.fluid.2015.11.037,Fluid Phase Equilib.,False
166,ClCCl,CO,YMWUJEATGCHHMB-UHFFFAOYSA-N,OKKJLVBELUTLKV-UHFFFAOYSA-N,exact,exact,333.15,1.0331844833456545,-0.2139056229563094,-0.12717042115622698,0.6273120726322935,0.7140472744323757,unreported,10.1016/j.fluid.2015.11.037,Fluid Phase Equilib.,False
167,CCc1ccccc1,c1ccncc1,YNQLUTRBYVCPMQ-UHFFFAOYSA-N,JUJWROOIHBZHMG-UHFFFAOYSA-N,exact,exact,298.15,0.3646431135879092,0.34554621487037923,0.39467927215925735,0.3543676630717573,0.4035007203606343,Chromatography,10.1016/j.fluid.2016.10.009,Fluid Phase Equilib.,True
168,CCc1ccccc1,CCCCCOC(C)=O,YNQLUTRBYVCPMQ-UHFFFAOYSA-N,PGMYKACGEOXYJE-UHFFFAOYSA-N,exact,exact,298.15,-0.0202027073175194,-0.04963930968316187,-0.03542210466660989,-0.055391635563763586,-0.04117443054721155,Chromatography,10.1016/j.jct.2018.05.003,J. Chem. Thermodyn.,False
169,CCc1ccccc1,OCCOCCOCCOCCO,YNQLUTRBYVCPMQ-UHFFFAOYSA-N,UWHCKJMYHZGTIT-UHFFFAOYSA-N,exact,exact,333.15,1.85471861881472,0.9186978639966561,1.0149681718259915,1.0700895170436895,1.166359824873025,Chromatography,10.1021/je020196d,J. Chem. Eng. Data,False
169,CCc1ccccc1,OCCOCCOCCOCCO,YNQLUTRBYVCPMQ-UHFFFAOYSA-N,UWHCKJMYHZGTIT-UHFFFAOYSA-N,exact,exact,353.15,1.7277008329273345,0.8980624286512846,0.99433273648062,1.05312459192137,1.1493948997507055,Chromatography,10.1021/je020196d,J. Chem. Eng. Data,False
169,CCc1ccccc1,OCCOCCOCCOCCO,YNQLUTRBYVCPMQ-UHFFFAOYSA-N,UWHCKJMYHZGTIT-UHFFFAOYSA-N,exact,exact,363.15,1.6693658210139883,0.8873331544130963,0.9836034622424318,1.0434762779269713,1.1397465857563067,Chromatography,10.1021/je020196d,J. Chem. Eng. Data,False
169,CCc1ccccc1,OCCOCCOCCOCCO,YNQLUTRBYVCPMQ-UHFFFAOYSA-N,UWHCKJMYHZGTIT-UHFFFAOYSA-N,exact,exact,373.1,1.608437412100517,0.8764388285051278,0.9727091363344632,1.0332462392680728,1.1295165470974082,Chromatography,10.1021/je020196d,J. Chem. Eng. Data,False
169,CCc1ccccc1,OCCOCCOCCOCCO,YNQLUTRBYVCPMQ-UHFFFAOYSA-N,UWHCKJMYHZGTIT-UHFFFAOYSA-N,exact,exact,383.15,1.554432473397371,0.8652491772549907,0.9615194850843262,1.0223659359268347,1.11863624375617,Chromatography,10.1021/je020196d,J. Chem. Eng. Data,False
169,CCc1ccccc1,OCCOCCOCCOCCO,YNQLUTRBYVCPMQ-UHFFFAOYSA-N,UWHCKJMYHZGTIT-UHFFFAOYSA-N,exact,exact,393.15,1.5211093046404065,0.8539618444425052,0.9502321522718407,1.0110727885987583,1.1073430964280937,Chromatography,10.1021/je020196d,J. Chem. Eng. Data,False
169,CCc1ccccc1,OCCOCCOCCOCCO,YNQLUTRBYVCPMQ-UHFFFAOYSA-N,UWHCKJMYHZGTIT-UHFFFAOYSA-N,exact,exact,403.15,1.4710490269846987,0.8425504524517957,0.9388207602811312,0.9993834557460157,1.0956537635753512,Chromatography,10.1021/je020196d,J. Chem. Eng. Data,False
170,CCc1ccccc1,OCCOCCOCCO,YNQLUTRBYVCPMQ-UHFFFAOYSA-N,ZIBGPFATKBEMQZ-UHFFFAOYSA-N,exact,exact,323.15,2.385417751287258,1.3204845552220443,1.3384693158820231,1.4977221552415731,1.5157069159015517,Chromatography,10.1021/je020196d,J. Chem. Eng. Data,False
170,CCc1ccccc1,OCCOCCOCCO,YNQLUTRBYVCPMQ-UHFFFAOYSA-N,ZIBGPFATKBEMQZ-UHFFFAOYSA-N,exact,exact,333.15,2.330268351093984,1.3065892775031198,1.3245740381630984,1.486341689899866,1.5043264505598446,Chromatography,10.1021/je020196d,J. Chem. Eng. Data,False
170,CCc1ccccc1,OCCOCCOCCO,YNQLUTRBYVCPMQ-UHFFFAOYSA-N,ZIBGPFATKBEMQZ-UHFFFAOYSA-N,exact,exact,343.15,2.2752447281994783,1.2924359004787975,1.3104206611387763,1.474073786018891,1.4920585466788696,Chromatography,10.1021/je020196d,J. Chem. Eng. Data,False
170,CCc1ccccc1,OCCOCCOCCO,YNQLUTRBYVCPMQ-UHFFFAOYSA-N,ZIBGPFATKBEMQZ-UHFFFAOYSA-N,exact,exact,353.15,2.2087797803089906,1.2780688924651762,1.296053653125155,1.4610446928050544,1.479029453465033,Chromatography,10.1021/je020196d,J. Chem. Eng. Data,False
170,CCc1ccccc1,OCCOCCOCCO,YNQLUTRBYVCPMQ-UHFFFAOYSA-N,ZIBGPFATKBEMQZ-UHFFFAOYSA-N,exact,exact,363.15,2.1654816137722204,1.2635276997010059,1.2815124603609844,1.4473637237555854,1.465348484415564,Chromatography,10.1021/je020196d,J. Chem. Eng. Data,False
170,CCc1ccccc1,OCCOCCOCCO,YNQLUTRBYVCPMQ-UHFFFAOYSA-N,ZIBGPFATKBEMQZ-UHFFFAOYSA-N,exact,exact,373.1,2.127112031628925,1.2489211255642663,1.2669058862242448,1.4331985099400737,1.4511832706000523,Chromatography,10.1021/je020196d,J. Chem. Eng. Data,False
170,CCc1ccccc1,OCCOCCOCCO,YNQLUTRBYVCPMQ-UHFFFAOYSA-N,ZIBGPFATKBEMQZ-UHFFFAOYSA-N,exact,exact,383.15,2.07216513270906,1.2340594379291159,1.2520441985890944,1.4184151156148925,1.436399876274871,Chromatography,10.1021/je020196d,J. Chem. Eng. Data,False
170,CCc1ccccc1,OCCOCCOCCO,YNQLUTRBYVCPMQ-UHFFFAOYSA-N,ZIBGPFATKBEMQZ-UHFFFAOYSA-N,exact,exact,393.15,2.043917985610789,1.2191917969030959,1.2371765575630744,1.4033041790297183,1.4212889396896968,Chromatography,10.1021/je020196d,J. Chem. Eng. Data,False
171,C#CCCCCC,c1ccncc1,YVXHZKKCZYLQOP-UHFFFAOYSA-N,JUJWROOIHBZHMG-UHFFFAOYSA-N,exact,exact,298.15,0.4382549309311553,-0.42202604365670765,-0.3387994742009193,0.16204603812048138,0.24527260757627045,Chromatography,10.1016/j.fluid.2016.10.009,Fluid Phase Equilib.,True
172,Cc1ccccc1,CN=CO,YXFVVABEGXRONW-UHFFFAOYSA-N,ATHHXGZTWNVVOU-UHFFFAOYSA-N,exact,exact,298.15,1.9459101490553132,1.2798891218037478,1.3345368501885273,1.174796805047598,1.2294445334323778,Chromatography,10.1016/j.tca.2015.11.010,Thermochim. Acta,False
173,Cc1ccccc1,CC(C)=O,YXFVVABEGXRONW-UHFFFAOYSA-N,CSCPPACGZOOCGX-UHFFFAOYSA-N,exact,exact,298.15,0.6981347220709843,0.04299955366414544,0.0936275360562392,0.025783984882691888,0.07641196727478504,Chromatography,10.1016/j.jct.2015.12.034,J. Chem. Thermodyn.,False
174,Cc1ccccc1,OCCO,YXFVVABEGXRONW-UHFFFAOYSA-N,LYCAIKOWRPUZTN-UHFFFAOYSA-N,exact,exact,298.0,4.532599493153256,2.620379984669633,2.679899848606962,2.988738776357855,3.048258640295184,Chromatography,10.1016/j.fluid.2013.06.028,Fluid Phase Equilib.,True
175,Cc1ccccc1,CCCCCOC(C)=O,YXFVVABEGXRONW-UHFFFAOYSA-N,PGMYKACGEOXYJE-UHFFFAOYSA-N,exact,exact,298.15,-0.1508228897345836,-0.10849505308504212,-0.06051498555586962,-0.11711181069789729,-0.06913174316872375,Chromatography,10.1016/j.jct.2018.05.003,J. Chem. Thermodyn.,False
176,Cc1ccccc1,OCCOCCOCCOCCO,YXFVVABEGXRONW-UHFFFAOYSA-N,UWHCKJMYHZGTIT-UHFFFAOYSA-N,exact,exact,333.15,1.503721777995855,0.6612154264076359,0.8183631308050839,0.7957559948543712,0.9529036992518194,Chromatography,10.1021/je020196d,J. Chem. Eng. Data,False
176,Cc1ccccc1,OCCOCCOCCOCCO,YXFVVABEGXRONW-UHFFFAOYSA-N,UWHCKJMYHZGTIT-UHFFFAOYSA-N,exact,exact,353.15,1.3908589276174703,0.6476441263788623,0.8047918307763103,0.7875686871413045,0.9447163915387526,Chromatography,10.1021/je020196d,J. Chem. Eng. Data,False
176,Cc1ccccc1,OCCOCCOCCOCCO,YXFVVABEGXRONW-UHFFFAOYSA-N,UWHCKJMYHZGTIT-UHFFFAOYSA-N,exact,exact,363.15,1.347527544939791,0.6403453157761119,0.7974930201735599,0.7821199743699373,0.9392676787673855,Chromatography,10.1021/je020196d,J. Chem. Eng. Data,False
176,Cc1ccccc1,OCCOCCOCCOCCO,YXFVVABEGXRONW-UHFFFAOYSA-N,UWHCKJMYHZGTIT-UHFFFAOYSA-N,exact,exact,373.1,1.2854514036903275,0.6327971343228612,0.7899448387203093,0.7759474861880765,0.9330951905855247,Chromatography,10.1021/je020196d,J. Chem. Eng. Data,False
176,Cc1ccccc1,OCCOCCOCCOCCO,YXFVVABEGXRONW-UHFFFAOYSA-N,UWHCKJMYHZGTIT-UHFFFAOYSA-N,exact,exact,383.15,1.2419619902299708,0.6249197077486466,0.7820674121460947,0.7690469037158892,0.9261946081133374,Chromatography,10.1021/je020196d,J. Chem. Eng. Data,False
176,Cc1ccccc1,OCCOCCOCCOCCO,YXFVVABEGXRONW-UHFFFAOYSA-N,UWHCKJMYHZGTIT-UHFFFAOYSA-N,exact,exact,393.15,1.2141112362988604,0.6168614443568475,0.7740091487542956,0.761599657036678,0.9187473614341262,Chromatography,10.1021/je020196d,J. Chem. Eng. Data,False
176,Cc1ccccc1,OCCOCCOCCOCCO,YXFVVABEGXRONW-UHFFFAOYSA-N,UWHCKJMYHZGTIT-UHFFFAOYSA-N,exact,exact,403.15,1.1668937960845154,0.6086135008090312,0.7657612052064793,0.7536469319754087,0.9107946363728568,Chromatography,10.1021/je020196d,J. Chem. Eng. Data,False
177,Cc1ccccc1,CC#N,YXFVVABEGXRONW-UHFFFAOYSA-N,WEVYAHXRMPXWCK-UHFFFAOYSA-N,exact,exact,298.15,1.3737155789130306,1.3529612515345435,1.5117937203090384,1.2664399410242448,1.4252724097987395,Chromatography,10.1016/j.jct.2015.12.034,J. Chem. Thermodyn.,False
178,Cc1ccccc1,N=CO,YXFVVABEGXRONW-UHFFFAOYSA-N,ZHNUHDYFZUAESO-UHFFFAOYSA-N,exact,exact,298.0,4.394449154672439,4.480896503372549,4.703519886443589,4.144266124275152,4.366889507346188,Chromatography,10.1016/j.jct.2013.05.006,J. Chem. Thermodyn.,False
179,Cc1ccccc1,OCCOCCOCCO,YXFVVABEGXRONW-UHFFFAOYSA-N,ZIBGPFATKBEMQZ-UHFFFAOYSA-N,exact,exact,323.15,1.9611927725864704,1.0332743127226338,1.0937934047319087,1.1906856444999145,1.2512047365091892,Chromatography,10.1021/je020196d,J. Chem. Eng. Data,False
179,Cc1ccccc1,OCCOCCOCCO,YXFVVABEGXRONW-UHFFFAOYSA-N,ZIBGPFATKBEMQZ-UHFFFAOYSA-N,exact,exact,333.15,1.9164077737931655,1.023614070929674,1.0841331629389488,1.1845768544667092,1.2450959464759839,Chromatography,10.1021/je020196d,J. Chem. Eng. Data,False
179,Cc1ccccc1,OCCOCCOCCO,YXFVVABEGXRONW-UHFFFAOYSA-N,ZIBGPFATKBEMQZ-UHFFFAOYSA-N,exact,exact,343.15,1.873385538108,1.0136237164999122,1.074142808509187,1.177441741481681,1.2379608334909555,Chromatography,10.1021/je020196d,J. Chem. Eng. Data,False
179,Cc1ccccc1,OCCOCCOCCO,YXFVVABEGXRONW-UHFFFAOYSA-N,ZIBGPFATKBEMQZ-UHFFFAOYSA-N,exact,exact,353.15,1.832773445318669,1.0033458822149928,1.0638649742242676,1.1694062602296427,1.2299253522389175,Chromatography,10.1021/je020196d,J. Chem. Eng. Data,False
179,Cc1ccccc1,OCCOCCOCCO,YXFVVABEGXRONW-UHFFFAOYSA-N,ZIBGPFATKBEMQZ-UHFFFAOYSA-N,exact,exact,363.15,1.790458623495007,0.9928189204223639,1.0533380124316387,1.1605813263509788,1.2211004183602536,Chromatography,10.1021/je020196d,J. Chem. Eng. Data,False
179,Cc1ccccc1,OCCOCCOCCO,YXFVVABEGXRONW-UHFFFAOYSA-N,ZIBGPFATKBEMQZ-UHFFFAOYSA-N,exact,exact,373.1,1.7661168221644774,0.9821316320117932,1.042650724021068,1.1511141974749561,1.211633289484231,Chromatography,10.1021/je020196d,J. Chem. Eng. Data,False
179,Cc1ccccc1,OCCOCCOCCO,YXFVVABEGXRONW-UHFFFAOYSA-N,ZIBGPFATKBEMQZ-UHFFFAOYSA-N,exact,exact,383.15,1.716083601902171,0.9711527846902612,1.031671876699536,1.1409445332342942,1.2014636252435689,Chromatography,10.1021/je020196d,J. Chem. Eng. Data,False
179,Cc1ccccc1,OCCOCCOCCO,YXFVVABEGXRONW-UHFFFAOYSA-N,ZIBGPFATKBEMQZ-UHFFFAOYSA-N,exact,exact,393.15,1.7069275337113574,0.9600733806611654,1.0205924726704403,1.1302974290836247,1.1908165210928994,Chromatography,10.1021/je020196d,J. Chem. Eng. Data,False
180,C=CCCCCC,c1ccncc1,ZGEGCLOFRBLKSE-UHFFFAOYSA-N,JUJWROOIHBZHMG-UHFFFAOYSA-N,exact,exact,298.15,1.2725655957915476,0.9296641933591139,1.0256818240862757,0.9564895920525275,1.0525072227796903,Chromatography,10.1016/j.fluid.2016.10.009,Fluid Phase Equilib.,True
181,C=CCCCCC,OCCO,ZGEGCLOFRBLKSE-UHFFFAOYSA-N,LYCAIKOWRPUZTN-UHFFFAOYSA-N,exact,exact,303.15,6.345636360828596,4.018227679422363,4.220894568801176,4.462875291448249,4.66554218082706,Chromatography,10.1016/j.jct.2016.10.013,J. Chem. Thermodyn.,False
181,C=CCCCCC,OCCO,ZGEGCLOFRBLKSE-UHFFFAOYSA-N,LYCAIKOWRPUZTN-UHFFFAOYSA-N,exact,exact,313.15,6.220590170099739,3.9622700683269962,4.164936957705809,4.398650796369411,4.6013176857482225,Chromatography,10.1016/j.jct.2016.10.013,J. Chem. Thermodyn.,False
181,C=CCCCCC,OCCO,ZGEGCLOFRBLKSE-UHFFFAOYSA-N,LYCAIKOWRPUZTN-UHFFFAOYSA-N,exact,exact,323.15,6.113682179832232,3.906863634670461,4.109530524049274,4.334984939226263,4.537651828605075,Chromatography,10.1016/j.jct.2016.10.013,J. Chem. Thermodyn.,False
182,C=CCCCCC,OCCOCCO,ZGEGCLOFRBLKSE-UHFFFAOYSA-N,MTHSVFCYNBDYFN-UHFFFAOYSA-N,exact,exact,304.15,4.430816798843313,2.709189854977493,2.712892829671085,2.9765017129841205,2.9802046876777117,Chromatography,10.1016/j.jct.2016.10.013,J. Chem. Thermodyn.,False
182,C=CCCCCC,OCCOCCO,ZGEGCLOFRBLKSE-UHFFFAOYSA-N,MTHSVFCYNBDYFN-UHFFFAOYSA-N,exact,exact,313.15,4.354141431184346,2.6741388667412975,2.6778418414348892,2.9371198476973808,2.940822822390972,Chromatography,10.1016/j.jct.2016.10.013,J. Chem. Thermodyn.,False
182,C=CCCCCC,OCCOCCO,ZGEGCLOFRBLKSE-UHFFFAOYSA-N,MTHSVFCYNBDYFN-UHFFFAOYSA-N,exact,exact,323.15,4.29592393562047,2.6355026725331214,2.639205647226713,2.8936055185917344,2.8973084932853257,Chromatography,10.1016/j.jct.2016.10.013,J. Chem. Thermodyn.,False
183,C=CCCCCC,CCCCCOC(C)=O,ZGEGCLOFRBLKSE-UHFFFAOYSA-N,PGMYKACGEOXYJE-UHFFFAOYSA-N,exact,exact,298.15,0.3001045924503381,0.20824493093592247,0.21468440314669782,0.21918431018668816,0.22562378239746217,Chromatography,10.1016/j.jct.2018.05.003,J. Chem. Thermodyn.,False
184,CCN(CC)CC,c1ccccc1,ZMANZCXQSJIPKH-UHFFFAOYSA-N,UHOVQNZJYSORNB-UHFFFAOYSA-N,exact,exact,298.15,0.2468600779315258,0.4215448697043504,0.47151091368070347,0.44307552264349526,0.49304156661984966,Chromatography,10.1016/j.tca.2012.02.005,Thermochim. Acta,False
185,c1ccc(-c2ccccc2)cc1,N=CO,ZUOUZKKEUPVFJK-UHFFFAOYSA-N,ZHNUHDYFZUAESO-UHFFFAOYSA-N,exact,exact,298.0,7.1853870155804165,6.215522793286729,6.8365688104119755,5.827411447186989,6.448457464312234,Chromatography,10.1016/j.jct.2013.05.006,J. Chem. Thermodyn.,False
