set,axis,stratum,row_set_id,row_set_canonical,row_set_n_names,interval_is_a_restatement,unit,convention,n,n_pairs,n_solutes,n_solvents,n_sources,sources,top_source,top_source_share_of_stratum_squared_error,share_of_squared_error,mse,b_insuff_up,margin,P_boot,margin_ci90_lo,margin_ci90_hi,ci90_excludes_zero,test_a_boundable,loso_testable,loso_n_deletions,loso_n_undefined,loso_n_leaving_unboundable,loso_margin_min,loso_margin_max,loso_worst_source,loso_worst_margin,loso_worst_n_remaining,test_b_sign_survives_loso,test_b_strict_remainder_boundable,admissible_this_cell,admissible_this_cell_strict,cells_reported,cells_admissible,cells_admissible_strict,admissible_in_every_cell,admissible_in_every_cell_strict,direction,licenses,reason_not_admissible
broad_477,solute_family,aldehyde,11027a3c,solute_family::aldehyde,1,False,pair,full,3,3,3,1,1,10.1016/j.fluid.2015.01.010,10.1016/j.fluid.2015.01.010,1.0,0.0068,0.7091,,,,,,,False,False,1,1,1,,,,,,False,False,False,False,4,0,0,False,False,no estimate,"nothing: reported in the map, not stated as a finding",not boundable: n=3 < 40; the fixed cell is undefined at n=3
broad_477,solute_family,aldehyde,11027a3c,solute_family::aldehyde,1,False,pair,res,3,3,3,1,1,10.1016/j.fluid.2015.01.010,10.1016/j.fluid.2015.01.010,1.0,0.002,0.1912,,,,,,,False,False,1,1,1,,,,,,False,False,False,False,4,0,0,False,False,no estimate,"nothing: reported in the map, not stated as a finding",not boundable: n=3 < 40; the fixed cell is undefined at n=3
broad_477,solute_family,aldehyde,7db3123d,solute_family::aldehyde,1,False,row,full,29,3,3,1,1,10.1016/j.fluid.2015.01.010,10.1016/j.fluid.2015.01.010,1.0,0.0308,0.9671,0.1444,0.6782,1.0,0.284,1.122,True,False,False,1,1,1,,,,,,False,False,False,False,4,0,0,False,False,positive,"nothing: reported in the map, not stated as a finding","not boundable: n=29 < 40; one source publication (10.1016/j.fluid.2015.01.010): leave-one-source-out cannot be run, so the sign was never tested"
broad_477,solute_family,aldehyde,7db3123d,solute_family::aldehyde,1,False,row,res,29,3,3,1,1,10.1016/j.fluid.2015.01.010,10.1016/j.fluid.2015.01.010,1.0,0.0029,0.091,0.1444,-0.1979,0.44,-0.508,0.13,False,False,False,1,1,1,,,,,,False,False,False,False,4,0,0,False,False,non-positive,"nothing: reported in the map, not stated as a finding","not boundable: n=29 < 40; one source publication (10.1016/j.fluid.2015.01.010): leave-one-source-out cannot be run, so the sign was never tested"
broad_477,solute_family,alkane,5e2d50e1,solute_family::alkane,1,False,pair,full,45,45,11,10,7,10.1016/j.fluid.2016.10.009|10.1016/j.jct.2015.12.034|10.1016/j.jct.2016.10.013|10.1016/j.jct.2018.05.003|10.1016/j.jct.2019.05.011|10.1016/j.tca.2015.11.010|10.1021/je020196d,10.1016/j.jct.2016.10.013,0.5557,0.3082,2.1276,0.5422,1.0431,0.983,0.376,2.673,True,True,True,7,0,4,0.8678,1.5561,10.1016/j.jct.2016.10.013,0.8678,29.0,True,False,True,False,4,4,2,True,False,positive,B_clos > 0 in this stratum: the closure's own error exceeds what input insufficiency can account for,
broad_477,solute_family,alkane,5e2d50e1,solute_family::alkane,1,False,pair,res,45,45,11,10,7,10.1016/j.fluid.2016.10.009|10.1016/j.jct.2015.12.034|10.1016/j.jct.2016.10.013|10.1016/j.jct.2018.05.003|10.1016/j.jct.2019.05.011|10.1016/j.tca.2015.11.010|10.1021/je020196d,10.1016/j.jct.2016.10.013,0.5679,0.2962,1.8747,0.583,0.7088,0.939,-0.058,2.354,False,True,True,7,0,4,0.1322,0.9327,10.1021/je020196d,0.1322,37.0,True,False,True,False,4,4,2,True,False,positive,B_clos > 0 in this stratum: the closure's own error exceeds what input insufficiency can account for,
broad_477,solute_family,alkane,7b59f9db,solute_family::alkane,1,False,row,full,129,45,11,10,7,10.1016/j.fluid.2016.10.009|10.1016/j.jct.2015.12.034|10.1016/j.jct.2016.10.013|10.1016/j.jct.2018.05.003|10.1016/j.jct.2019.05.011|10.1016/j.tca.2015.11.010|10.1021/je020196d,10.1021/je020196d,0.4952,0.3526,2.4913,0.3868,1.7177,0.999,1.169,2.613,True,True,True,7,0,0,1.6847,2.009,10.1016/j.jct.2016.10.013,1.6847,81.0,True,True,True,True,4,4,2,True,False,positive,B_clos > 0 in this stratum: the closure's own error exceeds what input insufficiency can account for,
broad_477,solute_family,alkane,7b59f9db,solute_family::alkane,1,False,row,res,129,45,11,10,7,10.1016/j.fluid.2016.10.009|10.1016/j.jct.2015.12.034|10.1016/j.jct.2016.10.013|10.1016/j.jct.2018.05.003|10.1016/j.jct.2019.05.011|10.1016/j.tca.2015.11.010|10.1021/je020196d,10.1021/je020196d,0.5266,0.3292,2.3148,0.4673,1.3802,0.997,0.793,2.33,True,True,True,7,0,0,1.3879,1.6723,10.1021/je020196d,1.3879,69.0,True,True,True,True,4,4,2,True,False,positive,B_clos > 0 in this stratum: the closure's own error exceeds what input insufficiency can account for,
broad_477,solute_family,alkene,fe1c0007,solute_family::alkene,1,False,pair,full,16,16,7,5,4,10.1016/j.fluid.2016.10.009|10.1016/j.jct.2016.10.013|10.1016/j.jct.2018.05.003|10.1016/j.tca.2015.11.010,10.1016/j.jct.2016.10.013,0.9366,0.1182,2.2944,0.0709,2.1527,0.951,0.005,4.135,True,False,True,4,4,4,,,,,,False,False,False,False,4,0,0,False,False,positive,"nothing: reported in the map, not stated as a finding","not boundable: n=16 < 40; 4 of 4 deletions leave fewer than 16 rows and the fixed cell is then undefined (10.1016/j.fluid.2016.10.009, 10.1016/j.jct.2016.10.013, 10.1016/j.jct.2018.05.003, 10.1016/j.tca.2015.11.010), so the sign is not verifiable"
broad_477,solute_family,alkene,fe1c0007,solute_family::alkene,1,False,pair,res,16,16,7,5,4,10.1016/j.fluid.2016.10.009|10.1016/j.jct.2016.10.013|10.1016/j.jct.2018.05.003|10.1016/j.tca.2015.11.010,10.1016/j.jct.2016.10.013,0.9497,0.1091,1.943,0.0719,1.7991,0.94,-0.156,3.367,False,False,True,4,4,4,,,,,,False,False,False,False,4,0,0,False,False,positive,"nothing: reported in the map, not stated as a finding","not boundable: n=16 < 40; 4 of 4 deletions leave fewer than 16 rows and the fixed cell is then undefined (10.1016/j.fluid.2016.10.009, 10.1016/j.jct.2016.10.013, 10.1016/j.jct.2018.05.003, 10.1016/j.tca.2015.11.010), so the sign is not verifiable"
broad_477,solute_family,alkene,a71cb5ac,solute_family::alkene,1,False,row,full,32,16,7,5,4,10.1016/j.fluid.2016.10.009|10.1016/j.jct.2016.10.013|10.1016/j.jct.2018.05.003|10.1016/j.tca.2015.11.010,10.1016/j.jct.2016.10.013,0.9767,0.1097,3.1236,0.1835,2.7566,0.979,0.271,4.224,True,False,True,4,1,4,2.4676,3.1739,10.1016/j.tca.2015.11.010,2.4676,30.0,False,False,False,False,4,0,0,False,False,positive,"nothing: reported in the map, not stated as a finding","not boundable: n=32 < 40; 1 of 4 deletions leave fewer than 16 rows and the fixed cell is then undefined (10.1016/j.jct.2016.10.013), so the sign is not verifiable"
broad_477,solute_family,alkene,a71cb5ac,solute_family::alkene,1,False,row,res,32,16,7,5,4,10.1016/j.fluid.2016.10.009|10.1016/j.jct.2016.10.013|10.1016/j.jct.2018.05.003|10.1016/j.tca.2015.11.010,10.1016/j.jct.2016.10.013,0.9816,0.0939,2.6607,0.1835,2.2937,0.969,0.12,3.433,True,False,True,4,1,4,1.9972,2.6821,10.1016/j.tca.2015.11.010,1.9972,30.0,False,False,False,False,4,0,0,False,False,positive,"nothing: reported in the map, not stated as a finding","not boundable: n=32 < 40; 1 of 4 deletions leave fewer than 16 rows and the fixed cell is then undefined (10.1016/j.jct.2016.10.013), so the sign is not verifiable"
broad_477,solute_family,alkyne,9f21b357,solute_family::alkyne,1,False,pair,full,2,2,2,2,2,10.1016/j.fluid.2016.10.009|10.1016/j.jct.2018.05.003,10.1016/j.fluid.2016.10.009,0.8848,0.0027,0.4182,,,,,,,False,True,2,2,2,,,,,,False,False,False,False,4,0,0,False,False,no estimate,"nothing: reported in the map, not stated as a finding",not boundable: n=2 < 40; the fixed cell is undefined at n=2
broad_477,solute_family,alkyne,9f21b357,solute_family::alkyne,1,False,pair,res,2,2,2,2,2,10.1016/j.fluid.2016.10.009|10.1016/j.jct.2018.05.003,10.1016/j.fluid.2016.10.009,0.8625,0.0025,0.35,,,,,,,False,True,2,2,2,,,,,,False,False,False,False,4,0,0,False,False,no estimate,"nothing: reported in the map, not stated as a finding",not boundable: n=2 < 40; the fixed cell is undefined at n=2
broad_477,solute_family,alkyne,d96c9799,solute_family::alkyne,1,False,row,full,2,2,2,2,2,10.1016/j.fluid.2016.10.009|10.1016/j.jct.2018.05.003,10.1016/j.fluid.2016.10.009,0.8848,0.0009,0.4182,,,,,,,False,True,2,2,2,,,,,,False,False,False,False,4,0,0,False,False,no estimate,"nothing: reported in the map, not stated as a finding",not boundable: n=2 < 40; the fixed cell is undefined at n=2
broad_477,solute_family,alkyne,d96c9799,solute_family::alkyne,1,False,row,res,2,2,2,2,2,10.1016/j.fluid.2016.10.009|10.1016/j.jct.2018.05.003,10.1016/j.fluid.2016.10.009,0.8625,0.0008,0.35,,,,,,,False,True,2,2,2,,,,,,False,False,False,False,4,0,0,False,False,no estimate,"nothing: reported in the map, not stated as a finding",not boundable: n=2 < 40; the fixed cell is undefined at n=2
broad_477,solute_family,amine_NH,72b658a4,solute_family::amine_NH,1,False,pair,full,12,12,7,2,1,10.1016/j.tca.2012.02.005,10.1016/j.tca.2012.02.005,1.0,0.1633,4.2267,,,,,,,False,False,1,1,1,,,,,,False,False,False,False,4,0,0,False,False,no estimate,"nothing: reported in the map, not stated as a finding",not boundable: n=12 < 40; the fixed cell is undefined at n=12
broad_477,solute_family,amine_NH,72b658a4,solute_family::amine_NH,1,False,pair,res,12,12,7,2,1,10.1016/j.tca.2012.02.005,10.1016/j.tca.2012.02.005,1.0,0.1416,3.3615,,,,,,,False,False,1,1,1,,,,,,False,False,False,False,4,0,0,False,False,no estimate,"nothing: reported in the map, not stated as a finding",not boundable: n=12 < 40; the fixed cell is undefined at n=12
broad_477,solute_family,amine_NH,21661370,solute_family::amine_NH,1,False,row,full,12,12,7,2,1,10.1016/j.tca.2012.02.005,10.1016/j.tca.2012.02.005,1.0,0.0556,4.2267,,,,,,,False,False,1,1,1,,,,,,False,False,False,False,4,0,0,False,False,no estimate,"nothing: reported in the map, not stated as a finding",not boundable: n=12 < 40; the fixed cell is undefined at n=12
broad_477,solute_family,amine_NH,21661370,solute_family::amine_NH,1,False,row,res,12,12,7,2,1,10.1016/j.tca.2012.02.005,10.1016/j.tca.2012.02.005,1.0,0.0445,3.3615,,,,,,,False,False,1,1,1,,,,,,False,False,False,False,4,0,0,False,False,no estimate,"nothing: reported in the map, not stated as a finding",not boundable: n=12 < 40; the fixed cell is undefined at n=12
broad_477,solute_family,aromatic_hydrocarbon,6e3e217d,solute_family::aromatic_hydrocarbon,1,False,pair,full,32,32,10,9,7,10.1016/j.fluid.2013.06.028|10.1016/j.fluid.2016.10.009|10.1016/j.jct.2013.05.006|10.1016/j.jct.2015.12.034|10.1016/j.jct.2018.05.003|10.1016/j.tca.2015.11.010|10.1021/je020196d,10.1016/j.fluid.2013.06.028,0.4393,0.0842,0.8176,0.5494,-0.2812,0.678,-0.902,1.454,False,False,True,7,0,7,-0.5701,0.1797,10.1016/j.jct.2013.05.006,0.1797,28.0,False,False,False,False,4,0,0,False,False,non-positive,"nothing: reported in the map, not stated as a finding",not boundable: n=32 < 40; sign does not survive deletion of 10.1016/j.jct.2013.05.006 (-0.281 -> +0.180)
broad_477,solute_family,aromatic_hydrocarbon,6e3e217d,solute_family::aromatic_hydrocarbon,1,False,pair,res,32,32,10,9,7,10.1016/j.fluid.2013.06.028|10.1016/j.fluid.2016.10.009|10.1016/j.jct.2013.05.006|10.1016/j.jct.2015.12.034|10.1016/j.jct.2018.05.003|10.1016/j.tca.2015.11.010|10.1021/je020196d,10.1016/j.fluid.2013.06.028,0.4945,0.0752,0.6692,0.5494,-0.4296,0.609,-1.027,1.247,False,False,True,7,0,7,-0.8596,0.1638,10.1016/j.jct.2013.05.006,0.1638,28.0,False,False,False,False,4,0,0,False,False,non-positive,"nothing: reported in the map, not stated as a finding",not boundable: n=32 < 40; sign does not survive deletion of 10.1016/j.jct.2013.05.006 (-0.430 -> +0.164)
broad_477,solute_family,aromatic_hydrocarbon,301c4272,solute_family::aromatic_hydrocarbon,1,False,row,full,71,32,10,9,7,10.1016/j.fluid.2013.06.028|10.1016/j.fluid.2016.10.009|10.1016/j.jct.2013.05.006|10.1016/j.jct.2015.12.034|10.1016/j.jct.2018.05.003|10.1016/j.tca.2015.11.010|10.1021/je020196d,10.1021/je020196d,0.5529,0.0524,0.673,0.3718,-0.0707,0.623,-0.865,0.933,False,True,True,7,0,1,-0.6125,0.1162,10.1016/j.jct.2013.05.006,0.1162,67.0,False,False,False,False,4,0,0,False,False,non-positive,"nothing: reported in the map, not stated as a finding",sign does not survive deletion of 10.1016/j.jct.2013.05.006 (-0.071 -> +0.116)
broad_477,solute_family,aromatic_hydrocarbon,301c4272,solute_family::aromatic_hydrocarbon,1,False,row,res,71,32,10,9,7,10.1016/j.fluid.2013.06.028|10.1016/j.fluid.2016.10.009|10.1016/j.jct.2013.05.006|10.1016/j.jct.2015.12.034|10.1016/j.jct.2018.05.003|10.1016/j.tca.2015.11.010|10.1021/je020196d,10.1021/je020196d,0.5342,0.0418,0.5338,0.361,-0.1883,0.536,-1.007,0.745,False,True,True,7,0,1,-0.8596,0.0805,10.1016/j.jct.2013.05.006,0.0805,67.0,False,False,False,False,4,0,0,False,False,non-positive,"nothing: reported in the map, not stated as a finding",sign does not survive deletion of 10.1016/j.jct.2013.05.006 (-0.188 -> +0.081)
broad_477,solute_family,azine,9ff6ecfa,solute_family::azine,1,False,pair,full,6,6,5,2,1,10.1016/j.tca.2012.02.005,10.1016/j.tca.2012.02.005,1.0,0.0014,0.0723,,,,,,,False,False,1,1,1,,,,,,False,False,False,False,4,0,0,False,False,no estimate,"nothing: reported in the map, not stated as a finding",not boundable: n=6 < 40; the fixed cell is undefined at n=6
broad_477,solute_family,azine,9ff6ecfa,solute_family::azine,1,False,pair,res,6,6,5,2,1,10.1016/j.tca.2012.02.005,10.1016/j.tca.2012.02.005,1.0,0.0028,0.1348,,,,,,,False,False,1,1,1,,,,,,False,False,False,False,4,0,0,False,False,no estimate,"nothing: reported in the map, not stated as a finding",not boundable: n=6 < 40; the fixed cell is undefined at n=6
broad_477,solute_family,azine,5fffb44e,solute_family::azine,1,False,row,full,6,6,5,2,1,10.1016/j.tca.2012.02.005,10.1016/j.tca.2012.02.005,1.0,0.0005,0.0723,,,,,,,False,False,1,1,1,,,,,,False,False,False,False,4,0,0,False,False,no estimate,"nothing: reported in the map, not stated as a finding",not boundable: n=6 < 40; the fixed cell is undefined at n=6
broad_477,solute_family,azine,5fffb44e,solute_family::azine,1,False,row,res,6,6,5,2,1,10.1016/j.tca.2012.02.005,10.1016/j.tca.2012.02.005,1.0,0.0009,0.1348,,,,,,,False,False,1,1,1,,,,,,False,False,False,False,4,0,0,False,False,no estimate,"nothing: reported in the map, not stated as a finding",not boundable: n=6 < 40; the fixed cell is undefined at n=6
broad_477,solute_family,ester,80932306,solute_family::ester,1,False,pair,full,3,3,3,2,2,10.1016/j.fluid.2016.10.009|10.1016/j.jct.2018.05.003,10.1016/j.jct.2018.05.003,0.6341,0.0,0.0025,,,,,,,False,True,2,2,2,,,,,,False,False,False,False,4,0,0,False,False,no estimate,"nothing: reported in the map, not stated as a finding",not boundable: n=3 < 40; the fixed cell is undefined at n=3
broad_477,solute_family,ester,80932306,solute_family::ester,1,False,pair,res,3,3,3,2,2,10.1016/j.fluid.2016.10.009|10.1016/j.jct.2018.05.003,10.1016/j.fluid.2016.10.009,0.5623,0.0001,0.0134,,,,,,,False,True,2,2,2,,,,,,False,False,False,False,4,0,0,False,False,no estimate,"nothing: reported in the map, not stated as a finding",not boundable: n=3 < 40; the fixed cell is undefined at n=3
broad_477,solute_family,ester,c85c2971,solute_family::ester,1,False,row,full,3,3,3,2,2,10.1016/j.fluid.2016.10.009|10.1016/j.jct.2018.05.003,10.1016/j.jct.2018.05.003,0.6341,0.0,0.0025,,,,,,,False,True,2,2,2,,,,,,False,False,False,False,4,0,0,False,False,no estimate,"nothing: reported in the map, not stated as a finding",not boundable: n=3 < 40; the fixed cell is undefined at n=3
broad_477,solute_family,ester,c85c2971,solute_family::ester,1,False,row,res,3,3,3,2,2,10.1016/j.fluid.2016.10.009|10.1016/j.jct.2018.05.003,10.1016/j.fluid.2016.10.009,0.5623,0.0,0.0134,,,,,,,False,True,2,2,2,,,,,,False,False,False,False,4,0,0,False,False,no estimate,"nothing: reported in the map, not stated as a finding",not boundable: n=3 < 40; the fixed cell is undefined at n=3
broad_477,solute_family,ether,a4d38453,solute_family::ether,1,False,pair,full,4,4,3,3,3,10.1016/j.fluid.2015.01.010|10.1016/j.fluid.2016.10.009|10.1016/j.jct.2018.05.003,10.1016/j.fluid.2015.01.010,0.9884,0.0074,0.5773,,,,,,,False,True,3,3,3,,,,,,False,False,False,False,4,0,0,False,False,no estimate,"nothing: reported in the map, not stated as a finding",not boundable: n=4 < 40; the fixed cell is undefined at n=4
broad_477,solute_family,ether,a4d38453,solute_family::ether,1,False,pair,res,4,4,3,3,3,10.1016/j.fluid.2015.01.010|10.1016/j.fluid.2016.10.009|10.1016/j.jct.2018.05.003,10.1016/j.fluid.2015.01.010,0.8772,0.0027,0.1927,,,,,,,False,True,3,3,3,,,,,,False,False,False,False,4,0,0,False,False,no estimate,"nothing: reported in the map, not stated as a finding",not boundable: n=4 < 40; the fixed cell is undefined at n=4
broad_477,solute_family,ether,f292c335,solute_family::ether,1,False,row,full,12,4,3,3,3,10.1016/j.fluid.2015.01.010|10.1016/j.fluid.2016.10.009|10.1016/j.jct.2018.05.003,10.1016/j.fluid.2015.01.010,0.9986,0.0214,1.6282,,,,,,,False,True,3,3,3,,,,,,False,False,False,False,4,0,0,False,False,no estimate,"nothing: reported in the map, not stated as a finding",not boundable: n=12 < 40; the fixed cell is undefined at n=12
broad_477,solute_family,ether,f292c335,solute_family::ether,1,False,row,res,12,4,3,3,3,10.1016/j.fluid.2015.01.010|10.1016/j.fluid.2016.10.009|10.1016/j.jct.2018.05.003,10.1016/j.fluid.2015.01.010,0.9832,0.0062,0.469,,,,,,,False,True,3,3,3,,,,,,False,False,False,False,4,0,0,False,False,no estimate,"nothing: reported in the map, not stated as a finding",not boundable: n=12 < 40; the fixed cell is undefined at n=12
broad_477,solute_family,halogenated_aliphatic,4a4a26b3,solute_family::halogenated_aliphatic,1,False,pair,full,9,9,4,6,3,10.1016/j.fluid.2015.11.037|10.1016/j.fluid.2016.10.009|10.1016/j.jct.2018.05.003,10.1016/j.fluid.2015.11.037,0.9339,0.0334,1.1536,,,,,,,False,True,3,3,3,,,,,,False,False,False,False,4,0,0,False,False,no estimate,"nothing: reported in the map, not stated as a finding",not boundable: n=9 < 40; the fixed cell is undefined at n=9
broad_477,solute_family,halogenated_aliphatic,4a4a26b3,solute_family::halogenated_aliphatic,1,False,pair,res,9,9,4,6,3,10.1016/j.fluid.2015.11.037|10.1016/j.fluid.2016.10.009|10.1016/j.jct.2018.05.003,10.1016/j.fluid.2015.11.037,0.9427,0.0346,1.0964,,,,,,,False,True,3,3,3,,,,,,False,False,False,False,4,0,0,False,False,no estimate,"nothing: reported in the map, not stated as a finding",not boundable: n=9 < 40; the fixed cell is undefined at n=9
broad_477,solute_family,halogenated_aliphatic,19551593,solute_family::halogenated_aliphatic,1,False,row,full,27,9,4,6,3,10.1016/j.fluid.2015.11.037|10.1016/j.fluid.2016.10.009|10.1016/j.jct.2018.05.003,10.1016/j.fluid.2015.11.037,0.9851,0.0505,1.7064,0.1709,1.3646,0.999,0.151,2.064,True,False,True,3,1,3,1.3177,1.7981,10.1016/j.fluid.2016.10.009,1.3177,25.0,False,False,False,False,4,0,0,False,False,positive,"nothing: reported in the map, not stated as a finding","not boundable: n=27 < 40; 1 of 3 deletions leave fewer than 16 rows and the fixed cell is then undefined (10.1016/j.fluid.2015.11.037), so the sign is not verifiable"
broad_477,solute_family,halogenated_aliphatic,19551593,solute_family::halogenated_aliphatic,1,False,row,res,27,9,4,6,3,10.1016/j.fluid.2015.11.037|10.1016/j.fluid.2016.10.009|10.1016/j.jct.2018.05.003,10.1016/j.fluid.2015.11.037,0.9871,0.0485,1.631,0.2863,1.0583,0.997,0.146,1.988,True,False,True,3,1,3,1.2338,1.7088,10.1016/j.fluid.2016.10.009,1.2338,25.0,False,False,False,False,4,0,0,False,False,positive,"nothing: reported in the map, not stated as a finding","not boundable: n=27 < 40; 1 of 3 deletions leave fewer than 16 rows and the fixed cell is then undefined (10.1016/j.fluid.2015.11.037), so the sign is not verifiable"
broad_477,solute_family,halogenated_aromatic,11aaa0c9,solute_family::halogenated_aromatic,1,False,pair,full,8,8,3,4,4,10.1016/j.fluid.2013.06.028|10.1016/j.jct.2013.05.006|10.1016/j.jct.2018.05.003|10.1016/j.tca.2015.11.010,10.1016/j.fluid.2013.06.028,0.741,0.0173,0.671,,,,,,,False,True,4,4,4,,,,,,False,False,False,False,4,0,0,False,False,no estimate,"nothing: reported in the map, not stated as a finding",not boundable: n=8 < 40; the fixed cell is undefined at n=8
broad_477,solute_family,halogenated_aromatic,11aaa0c9,solute_family::halogenated_aromatic,1,False,pair,res,8,8,3,4,4,10.1016/j.fluid.2013.06.028|10.1016/j.jct.2013.05.006|10.1016/j.jct.2018.05.003|10.1016/j.tca.2015.11.010,10.1016/j.fluid.2013.06.028,0.7541,0.0174,0.6192,,,,,,,False,True,4,4,4,,,,,,False,False,False,False,4,0,0,False,False,no estimate,"nothing: reported in the map, not stated as a finding",not boundable: n=8 < 40; the fixed cell is undefined at n=8
broad_477,solute_family,halogenated_aromatic,7f3ce883,solute_family::halogenated_aromatic,1,False,row,full,8,8,3,4,4,10.1016/j.fluid.2013.06.028|10.1016/j.jct.2013.05.006|10.1016/j.jct.2018.05.003|10.1016/j.tca.2015.11.010,10.1016/j.fluid.2013.06.028,0.741,0.0059,0.671,,,,,,,False,True,4,4,4,,,,,,False,False,False,False,4,0,0,False,False,no estimate,"nothing: reported in the map, not stated as a finding",not boundable: n=8 < 40; the fixed cell is undefined at n=8
broad_477,solute_family,halogenated_aromatic,7f3ce883,solute_family::halogenated_aromatic,1,False,row,res,8,8,3,4,4,10.1016/j.fluid.2013.06.028|10.1016/j.jct.2013.05.006|10.1016/j.jct.2018.05.003|10.1016/j.tca.2015.11.010,10.1016/j.fluid.2013.06.028,0.7541,0.0055,0.6192,,,,,,,False,True,4,4,4,,,,,,False,False,False,False,4,0,0,False,False,no estimate,"nothing: reported in the map, not stated as a finding",not boundable: n=8 < 40; the fixed cell is undefined at n=8
broad_477,solute_family,ketone,efa8de84,solute_family::ketone,1,False,pair,full,11,11,10,3,3,10.1016/j.fluid.2016.10.009|10.1016/j.jct.2018.05.003|10.1021/acs.jced.9b00726,10.1021/acs.jced.9b00726,0.9863,0.0241,0.6798,,,,,,,False,True,3,3,3,,,,,,False,False,False,False,4,0,0,False,False,no estimate,"nothing: reported in the map, not stated as a finding",not boundable: n=11 < 40; the fixed cell is undefined at n=11
broad_477,solute_family,ketone,efa8de84,solute_family::ketone,1,False,pair,res,11,11,10,3,3,10.1016/j.fluid.2016.10.009|10.1016/j.jct.2018.05.003|10.1021/acs.jced.9b00726,10.1021/acs.jced.9b00726,0.9843,0.0193,0.5007,,,,,,,False,True,3,3,3,,,,,,False,False,False,False,4,0,0,False,False,no estimate,"nothing: reported in the map, not stated as a finding",not boundable: n=11 < 40; the fixed cell is undefined at n=11
broad_477,solute_family,ketone,e7f61b41,solute_family::ketone,1,False,row,full,63,11,10,3,3,10.1016/j.fluid.2016.10.009|10.1016/j.jct.2018.05.003|10.1021/acs.jced.9b00726,10.1021/acs.jced.9b00726,0.998,0.056,0.8101,0.5694,-0.3287,0.573,-0.722,0.886,False,True,True,3,1,1,0.0358,0.0369,10.1016/j.fluid.2016.10.009,0.0369,62.0,False,False,False,False,4,0,0,False,False,non-positive,"nothing: reported in the map, not stated as a finding","1 of 3 deletions leave fewer than 16 rows and the fixed cell is then undefined (10.1021/acs.jced.9b00726), so the sign is not verifiable"
broad_477,solute_family,ketone,e7f61b41,solute_family::ketone,1,False,row,res,63,11,10,3,3,10.1016/j.fluid.2016.10.009|10.1016/j.jct.2018.05.003|10.1021/acs.jced.9b00726,10.1021/acs.jced.9b00726,0.9978,0.0436,0.6275,0.5772,-0.527,0.543,-0.849,0.638,False,True,True,3,1,1,-0.1426,-0.1416,10.1016/j.fluid.2016.10.009,-0.1416,62.0,False,False,False,False,4,0,0,False,False,non-positive,"nothing: reported in the map, not stated as a finding","1 of 3 deletions leave fewer than 16 rows and the fixed cell is then undefined (10.1021/acs.jced.9b00726), so the sign is not verifiable"
broad_477,solute_family,mono_alcohol,8161c304,solute_family::mono_alcohol,1,False,pair,full,21,21,5,15,5,10.1016/j.fluid.2015.01.010|10.1016/j.fluid.2015.11.037|10.1016/j.fluid.2016.08.030|10.1016/j.jct.2018.05.003|10.1016/j.tca.2012.02.005,10.1016/j.tca.2012.02.005,0.764,0.1401,2.0719,0.4688,1.1342,0.983,0.256,2.888,True,False,True,5,1,5,1.0944,1.9481,10.1016/j.fluid.2015.11.037,1.0944,17.0,False,False,False,False,4,0,0,False,False,positive,"nothing: reported in the map, not stated as a finding","not boundable: n=21 < 40; 1 of 5 deletions leave fewer than 16 rows and the fixed cell is then undefined (10.1016/j.tca.2012.02.005), so the sign is not verifiable"
broad_477,solute_family,mono_alcohol,8161c304,solute_family::mono_alcohol,1,False,pair,res,21,21,5,15,5,10.1016/j.fluid.2015.01.010|10.1016/j.fluid.2015.11.037|10.1016/j.fluid.2016.08.030|10.1016/j.jct.2018.05.003|10.1016/j.tca.2012.02.005,10.1016/j.tca.2012.02.005,0.6962,0.1274,1.728,0.4691,0.7897,0.975,0.197,2.315,True,False,True,5,1,5,0.6893,1.5458,10.1016/j.fluid.2015.11.037,0.6893,17.0,False,False,False,False,4,0,0,False,False,positive,"nothing: reported in the map, not stated as a finding","not boundable: n=21 < 40; 1 of 5 deletions leave fewer than 16 rows and the fixed cell is then undefined (10.1016/j.tca.2012.02.005), so the sign is not verifiable"
broad_477,solute_family,mono_alcohol,4042bec3,solute_family::mono_alcohol,1,False,row,full,39,21,5,15,5,10.1016/j.fluid.2015.01.010|10.1016/j.fluid.2015.11.037|10.1016/j.fluid.2016.08.030|10.1016/j.jct.2018.05.003|10.1016/j.tca.2012.02.005,10.1016/j.tca.2012.02.005,0.5456,0.0668,1.5622,0.5631,0.4361,0.966,0.044,2.555,True,False,True,5,0,5,0.1136,1.6023,10.1016/j.tca.2012.02.005,0.1136,27.0,True,False,False,False,4,0,0,False,False,positive,"nothing: reported in the map, not stated as a finding","not boundable: n=39 < 40; sign holds, but 5 of 5 deletions leave n < 40: passes (b) and fails its strict variant"
broad_477,solute_family,mono_alcohol,4042bec3,solute_family::mono_alcohol,1,False,row,res,39,21,5,15,5,10.1016/j.fluid.2015.01.010|10.1016/j.fluid.2015.11.037|10.1016/j.fluid.2016.08.030|10.1016/j.jct.2018.05.003|10.1016/j.tca.2012.02.005,10.1016/j.tca.2012.02.005,0.4649,0.0599,1.3936,0.5631,0.2675,0.964,0.086,2.097,True,False,True,5,0,5,0.1656,1.367,10.1016/j.tca.2012.02.005,0.1656,27.0,True,False,False,False,4,0,0,False,False,positive,"nothing: reported in the map, not stated as a finding","not boundable: n=39 < 40; sign holds, but 5 of 5 deletions leave n < 40: passes (b) and fails its strict variant"
broad_477,solute_family,nitrile,67aa46f7,solute_family::nitrile,1,False,pair,full,2,2,1,2,2,10.1016/j.fluid.2016.10.009|10.1016/j.jct.2018.05.003,10.1016/j.jct.2018.05.003,0.7006,0.0002,0.0272,,,,,,,False,True,2,2,2,,,,,,False,False,False,False,4,0,0,False,False,no estimate,"nothing: reported in the map, not stated as a finding",not boundable: n=2 < 40; the fixed cell is undefined at n=2
broad_477,solute_family,nitrile,67aa46f7,solute_family::nitrile,1,False,pair,res,2,2,1,2,2,10.1016/j.fluid.2016.10.009|10.1016/j.jct.2018.05.003,10.1016/j.jct.2018.05.003,0.9761,0.0009,0.1241,,,,,,,False,True,2,2,2,,,,,,False,False,False,False,4,0,0,False,False,no estimate,"nothing: reported in the map, not stated as a finding",not boundable: n=2 < 40; the fixed cell is undefined at n=2
broad_477,solute_family,nitrile,123909cc,solute_family::nitrile,1,False,row,full,2,2,1,2,2,10.1016/j.fluid.2016.10.009|10.1016/j.jct.2018.05.003,10.1016/j.jct.2018.05.003,0.7006,0.0001,0.0272,,,,,,,False,True,2,2,2,,,,,,False,False,False,False,4,0,0,False,False,no estimate,"nothing: reported in the map, not stated as a finding",not boundable: n=2 < 40; the fixed cell is undefined at n=2
broad_477,solute_family,nitrile,123909cc,solute_family::nitrile,1,False,row,res,2,2,1,2,2,10.1016/j.fluid.2016.10.009|10.1016/j.jct.2018.05.003,10.1016/j.jct.2018.05.003,0.9761,0.0003,0.1241,,,,,,,False,True,2,2,2,,,,,,False,False,False,False,4,0,0,False,False,no estimate,"nothing: reported in the map, not stated as a finding",not boundable: n=2 < 40; the fixed cell is undefined at n=2
broad_477,solute_family,nitro,a9e1c4f4,solute_family::nitro,1,False,pair,full,1,1,1,1,1,10.1016/j.jct.2018.05.003,10.1016/j.jct.2018.05.003,1.0,0.0,0.0,,,,,,,False,False,1,1,1,,,,,,False,False,False,False,4,0,0,False,False,no estimate,"nothing: reported in the map, not stated as a finding",not boundable: n=1 < 40; the fixed cell is undefined at n=1
broad_477,solute_family,nitro,a9e1c4f4,solute_family::nitro,1,False,pair,res,1,1,1,1,1,10.1016/j.jct.2018.05.003,10.1016/j.jct.2018.05.003,1.0,0.0002,0.068,,,,,,,False,False,1,1,1,,,,,,False,False,False,False,4,0,0,False,False,no estimate,"nothing: reported in the map, not stated as a finding",not boundable: n=1 < 40; the fixed cell is undefined at n=1
broad_477,solute_family,nitro,c172b33a,solute_family::nitro,1,False,row,full,1,1,1,1,1,10.1016/j.jct.2018.05.003,10.1016/j.jct.2018.05.003,1.0,0.0,0.0,,,,,,,False,False,1,1,1,,,,,,False,False,False,False,4,0,0,False,False,no estimate,"nothing: reported in the map, not stated as a finding",not boundable: n=1 < 40; the fixed cell is undefined at n=1
broad_477,solute_family,nitro,c172b33a,solute_family::nitro,1,False,row,res,1,1,1,1,1,10.1016/j.jct.2018.05.003,10.1016/j.jct.2018.05.003,1.0,0.0001,0.068,,,,,,,False,False,1,1,1,,,,,,False,False,False,False,4,0,0,False,False,no estimate,"nothing: reported in the map, not stated as a finding",not boundable: n=1 < 40; the fixed cell is undefined at n=1
broad_477,solute_family,tertiary_amine,74ec2204,solute_family::tertiary_amine,1,False,pair,full,4,4,2,3,1,10.1016/j.tca.2012.02.005,10.1016/j.tca.2012.02.005,1.0,0.001,0.0756,,,,,,,False,False,1,1,1,,,,,,False,False,False,False,4,0,0,False,False,no estimate,"nothing: reported in the map, not stated as a finding",not boundable: n=4 < 40; the fixed cell is undefined at n=4
broad_477,solute_family,tertiary_amine,74ec2204,solute_family::tertiary_amine,1,False,pair,res,4,4,2,3,1,10.1016/j.tca.2012.02.005,10.1016/j.tca.2012.02.005,1.0,0.0039,0.2776,,,,,,,False,False,1,1,1,,,,,,False,False,False,False,4,0,0,False,False,no estimate,"nothing: reported in the map, not stated as a finding",not boundable: n=4 < 40; the fixed cell is undefined at n=4
broad_477,solute_family,tertiary_amine,ee41d7e7,solute_family::tertiary_amine,1,False,row,full,4,4,2,3,1,10.1016/j.tca.2012.02.005,10.1016/j.tca.2012.02.005,1.0,0.0003,0.0756,,,,,,,False,False,1,1,1,,,,,,False,False,False,False,4,0,0,False,False,no estimate,"nothing: reported in the map, not stated as a finding",not boundable: n=4 < 40; the fixed cell is undefined at n=4
broad_477,solute_family,tertiary_amine,ee41d7e7,solute_family::tertiary_amine,1,False,row,res,4,4,2,3,1,10.1016/j.tca.2012.02.005,10.1016/j.tca.2012.02.005,1.0,0.0012,0.2776,,,,,,,False,False,1,1,1,,,,,,False,False,False,False,4,0,0,False,False,no estimate,"nothing: reported in the map, not stated as a finding",not boundable: n=4 < 40; the fixed cell is undefined at n=4
broad_477,solute_family,water,788256e2,solute_role::water_solute,2,True,pair,full,6,6,1,6,1,10.1021/acs.jced.7b00114,10.1021/acs.jced.7b00114,1.0,0.0918,4.7508,,,,,,,False,False,1,1,1,,,,,,False,False,False,False,4,0,0,False,False,no estimate,"nothing: reported in the map, not stated as a finding",not boundable: n=6 < 40; the fixed cell is undefined at n=6
broad_477,solute_family,water,788256e2,solute_role::water_solute,2,True,pair,res,6,6,1,6,1,10.1021/acs.jced.7b00114,10.1021/acs.jced.7b00114,1.0,0.1639,7.7822,,,,,,,False,False,1,1,1,,,,,,False,False,False,False,4,0,0,False,False,no estimate,"nothing: reported in the map, not stated as a finding",not boundable: n=6 < 40; the fixed cell is undefined at n=6
broad_477,solute_family,water,12b026f8,solute_role::water_solute,2,True,row,full,37,6,1,6,1,10.1021/acs.jced.7b00114,10.1021/acs.jced.7b00114,1.0,0.1964,4.8372,0.648,3.5412,1.0,1.749,5.873,True,False,False,1,1,1,,,,,,False,False,False,False,4,0,0,False,False,positive,"nothing: reported in the map, not stated as a finding","not boundable: n=37 < 40; one source publication (10.1021/acs.jced.7b00114): leave-one-source-out cannot be run, so the sign was never tested"
broad_477,solute_family,water,12b026f8,solute_role::water_solute,2,True,row,res,37,6,1,6,1,10.1021/acs.jced.7b00114,10.1021/acs.jced.7b00114,1.0,0.3208,7.8658,0.7702,6.3254,1.0,3.967,9.49,True,False,False,1,1,1,,,,,,False,False,False,False,4,0,0,False,False,positive,"nothing: reported in the map, not stated as a finding","not boundable: n=37 < 40; one source publication (10.1021/acs.jced.7b00114): leave-one-source-out cannot be run, so the sign was never tested"
broad_477,solute_role,organic_solute,950149a0,solute_role::organic_solute,1,False,pair,full,179,179,77,30,14,10.1016/j.fluid.2013.06.028|10.1016/j.fluid.2015.01.010|10.1016/j.fluid.2015.11.037|10.1016/j.fluid.2016.08.030|10.1016/j.fluid.2016.10.009|10.1016/j.jct.2013.05.006|10.1016/j.jct.2015.12.034|10.1016/j.jct.2016.10.013|10.1016/j.jct.2018.05.003|10.1016/j.jct.2019.05.011|10.1016/j.tca.2012.02.005|10.1016/j.tca.2015.11.010|10.1021/acs.jced.9b00726|10.1021/je020196d,10.1016/j.jct.2016.10.013,0.3104,0.9082,1.5762,0.5203,0.5356,0.938,-0.046,1.492,False,True,True,14,0,0,0.2091,0.6878,10.1016/j.jct.2016.10.013,0.2091,155.0,True,True,True,True,4,2,2,False,False,positive,B_clos > 0 in this stratum: the closure's own error exceeds what input insufficiency can account for,
broad_477,solute_role,organic_solute,950149a0,solute_role::organic_solute,1,False,pair,res,179,179,77,30,14,10.1016/j.fluid.2013.06.028|10.1016/j.fluid.2015.01.010|10.1016/j.fluid.2015.11.037|10.1016/j.fluid.2016.08.030|10.1016/j.fluid.2016.10.009|10.1016/j.jct.2013.05.006|10.1016/j.jct.2015.12.034|10.1016/j.jct.2016.10.013|10.1016/j.jct.2018.05.003|10.1016/j.jct.2019.05.011|10.1016/j.tca.2012.02.005|10.1016/j.tca.2015.11.010|10.1021/acs.jced.9b00726|10.1021/je020196d,10.1016/j.jct.2016.10.013,0.3252,0.8361,1.3304,0.7248,-0.1192,0.651,-0.445,0.93,False,True,True,14,0,0,-0.2362,0.0754,10.1016/j.fluid.2015.11.037,0.0754,171.0,False,False,False,False,4,2,2,False,False,non-positive,"nothing: reported in the map, not stated as a finding",sign does not survive deletion of 10.1016/j.fluid.2015.11.037 (-0.119 -> +0.075); 10.1016/j.fluid.2016.10.009 (-0.119 -> +0.060); 10.1016/j.jct.2018.05.003 (-0.119 -> +0.018)
broad_477,solute_role,organic_solute,285bfa65,solute_role::organic_solute,1,False,row,full,440,179,77,30,14,10.1016/j.fluid.2013.06.028|10.1016/j.fluid.2015.01.010|10.1016/j.fluid.2015.11.037|10.1016/j.fluid.2016.08.030|10.1016/j.fluid.2016.10.009|10.1016/j.jct.2013.05.006|10.1016/j.jct.2015.12.034|10.1016/j.jct.2016.10.013|10.1016/j.jct.2018.05.003|10.1016/j.jct.2019.05.011|10.1016/j.tca.2012.02.005|10.1016/j.tca.2015.11.010|10.1021/acs.jced.9b00726|10.1021/je020196d,10.1016/j.jct.2016.10.013,0.3375,0.8036,1.6647,0.4218,0.8211,0.998,0.399,1.715,True,True,True,14,0,0,0.604,1.0112,10.1021/je020196d,0.604,335.0,True,True,True,True,4,2,2,False,False,positive,B_clos > 0 in this stratum: the closure's own error exceeds what input insufficiency can account for,
broad_477,solute_role,organic_solute,285bfa65,solute_role::organic_solute,1,False,row,res,440,179,77,30,14,10.1016/j.fluid.2013.06.028|10.1016/j.fluid.2015.01.010|10.1016/j.fluid.2015.11.037|10.1016/j.fluid.2016.08.030|10.1016/j.fluid.2016.10.009|10.1016/j.jct.2013.05.006|10.1016/j.jct.2015.12.034|10.1016/j.jct.2016.10.013|10.1016/j.jct.2018.05.003|10.1016/j.jct.2019.05.011|10.1016/j.tca.2012.02.005|10.1016/j.tca.2015.11.010|10.1021/acs.jced.9b00726|10.1021/je020196d,10.1016/j.jct.2016.10.013,0.3539,0.6792,1.4002,0.6083,0.1837,0.825,-0.232,1.356,False,True,True,14,0,0,-0.0943,0.4071,10.1021/je020196d,-0.0943,335.0,False,False,False,False,4,2,2,False,False,positive,"nothing: reported in the map, not stated as a finding",sign does not survive deletion of 10.1021/je020196d (+0.184 -> -0.094)
broad_477,solute_role,water_solute,788256e2,solute_role::water_solute,2,False,pair,full,6,6,1,6,1,10.1021/acs.jced.7b00114,10.1021/acs.jced.7b00114,1.0,0.0918,4.7508,,,,,,,False,False,1,1,1,,,,,,False,False,False,False,4,0,0,False,False,no estimate,"nothing: reported in the map, not stated as a finding",not boundable: n=6 < 40; the fixed cell is undefined at n=6
broad_477,solute_role,water_solute,788256e2,solute_role::water_solute,2,False,pair,res,6,6,1,6,1,10.1021/acs.jced.7b00114,10.1021/acs.jced.7b00114,1.0,0.1639,7.7822,,,,,,,False,False,1,1,1,,,,,,False,False,False,False,4,0,0,False,False,no estimate,"nothing: reported in the map, not stated as a finding",not boundable: n=6 < 40; the fixed cell is undefined at n=6
broad_477,solute_role,water_solute,12b026f8,solute_role::water_solute,2,False,row,full,37,6,1,6,1,10.1021/acs.jced.7b00114,10.1021/acs.jced.7b00114,1.0,0.1964,4.8372,0.648,3.5412,1.0,1.749,5.873,True,False,False,1,1,1,,,,,,False,False,False,False,4,0,0,False,False,positive,"nothing: reported in the map, not stated as a finding","not boundable: n=37 < 40; one source publication (10.1021/acs.jced.7b00114): leave-one-source-out cannot be run, so the sign was never tested"
broad_477,solute_role,water_solute,12b026f8,solute_role::water_solute,2,False,row,res,37,6,1,6,1,10.1021/acs.jced.7b00114,10.1021/acs.jced.7b00114,1.0,0.3208,7.8658,0.7702,6.3254,1.0,3.967,9.49,True,False,False,1,1,1,,,,,,False,False,False,False,4,0,0,False,False,positive,"nothing: reported in the map, not stated as a finding","not boundable: n=37 < 40; one source publication (10.1021/acs.jced.7b00114): leave-one-source-out cannot be run, so the sign was never tested"
broad_477,solvent_class,aliphatic_hydrocarbon,a8a30394,solvent_class::aliphatic_hydrocarbon,3,False,pair,full,2,2,2,1,2,10.1016/j.jct.2019.05.011|10.1016/j.tca.2012.02.005,10.1016/j.jct.2019.05.011,0.9302,0.0001,0.0101,,,,,,,False,True,2,2,2,,,,,,False,False,False,False,4,0,0,False,False,no estimate,"nothing: reported in the map, not stated as a finding",not boundable: n=2 < 40; the fixed cell is undefined at n=2
broad_477,solvent_class,aliphatic_hydrocarbon,a8a30394,solvent_class::aliphatic_hydrocarbon,3,False,pair,res,2,2,2,1,2,10.1016/j.jct.2019.05.011|10.1016/j.tca.2012.02.005,10.1016/j.jct.2019.05.011,0.8562,0.0001,0.0107,,,,,,,False,True,2,2,2,,,,,,False,False,False,False,4,0,0,False,False,no estimate,"nothing: reported in the map, not stated as a finding",not boundable: n=2 < 40; the fixed cell is undefined at n=2
broad_477,solvent_class,aliphatic_hydrocarbon,bb2c2c1e,solvent_class::aliphatic_hydrocarbon,3,False,row,full,2,2,2,1,2,10.1016/j.jct.2019.05.011|10.1016/j.tca.2012.02.005,10.1016/j.jct.2019.05.011,0.9302,0.0,0.0101,,,,,,,False,True,2,2,2,,,,,,False,False,False,False,4,0,0,False,False,no estimate,"nothing: reported in the map, not stated as a finding",not boundable: n=2 < 40; the fixed cell is undefined at n=2
broad_477,solvent_class,aliphatic_hydrocarbon,bb2c2c1e,solvent_class::aliphatic_hydrocarbon,3,False,row,res,2,2,2,1,2,10.1016/j.jct.2019.05.011|10.1016/j.tca.2012.02.005,10.1016/j.jct.2019.05.011,0.8562,0.0,0.0107,,,,,,,False,True,2,2,2,,,,,,False,False,False,False,4,0,0,False,False,no estimate,"nothing: reported in the map, not stated as a finding",not boundable: n=2 < 40; the fixed cell is undefined at n=2
broad_477,solvent_class,aprotic_acceptor,f8c650fe,solvent_class::aprotic_acceptor,2,False,pair,full,57,57,36,8,4,10.1016/j.fluid.2016.10.009|10.1016/j.jct.2015.12.034|10.1016/j.jct.2018.05.003|10.1016/j.tca.2012.02.005,10.1016/j.tca.2012.02.005,0.3701,0.0201,0.1093,0.1305,-0.1518,0.301,-0.402,0.229,False,True,True,4,0,2,-0.3873,-0.0774,10.1016/j.jct.2015.12.034,-0.0774,53.0,True,False,True,False,4,4,0,True,False,non-positive,"nothing: a non-positive margin is failure to separate, not a certified reversal (that needs a LOWER bound on B_insuff)",
broad_477,solvent_class,aprotic_acceptor,f8c650fe,solvent_class::aprotic_acceptor,2,False,pair,res,57,57,36,8,4,10.1016/j.fluid.2016.10.009|10.1016/j.jct.2015.12.034|10.1016/j.jct.2018.05.003|10.1016/j.tca.2012.02.005,10.1016/j.jct.2015.12.034,0.3151,0.0178,0.0891,0.1404,-0.1917,0.192,-0.414,0.126,False,True,True,4,0,2,-0.4067,-0.1282,10.1016/j.jct.2015.12.034,-0.1282,53.0,True,False,True,False,4,4,0,True,False,non-positive,"nothing: a non-positive margin is failure to separate, not a certified reversal (that needs a LOWER bound on B_insuff)",
broad_477,solvent_class,aprotic_acceptor,42504742,solvent_class::aprotic_acceptor,2,False,row,full,57,57,36,8,4,10.1016/j.fluid.2016.10.009|10.1016/j.jct.2015.12.034|10.1016/j.jct.2018.05.003|10.1016/j.tca.2012.02.005,10.1016/j.tca.2012.02.005,0.3701,0.0068,0.1093,0.1305,-0.1518,0.288,-0.401,0.198,False,True,True,4,0,2,-0.3873,-0.0774,10.1016/j.jct.2015.12.034,-0.0774,53.0,True,False,True,False,4,4,0,True,False,non-positive,"nothing: a non-positive margin is failure to separate, not a certified reversal (that needs a LOWER bound on B_insuff)",
broad_477,solvent_class,aprotic_acceptor,42504742,solvent_class::aprotic_acceptor,2,False,row,res,57,57,36,8,4,10.1016/j.fluid.2016.10.009|10.1016/j.jct.2015.12.034|10.1016/j.jct.2018.05.003|10.1016/j.tca.2012.02.005,10.1016/j.jct.2015.12.034,0.3151,0.0056,0.0891,0.1404,-0.1917,0.192,-0.435,0.124,False,True,True,4,0,2,-0.4067,-0.1282,10.1016/j.jct.2015.12.034,-0.1282,53.0,True,False,True,False,4,4,0,True,False,non-positive,"nothing: a non-positive margin is failure to separate, not a certified reversal (that needs a LOWER bound on B_insuff)",
broad_477,solvent_class,aromatic_hydrocarbon,41555867,solvent_class::aromatic_hydrocarbon,2,False,pair,full,9,9,9,2,2,10.1016/j.tca.2012.02.005|10.1021/acs.jced.7b00114,10.1016/j.tca.2012.02.005,0.577,0.0419,1.4452,,,,,,,False,True,2,2,2,,,,,,False,False,False,False,4,0,0,False,False,no estimate,"nothing: reported in the map, not stated as a finding",not boundable: n=9 < 40; the fixed cell is undefined at n=9
broad_477,solvent_class,aromatic_hydrocarbon,41555867,solvent_class::aromatic_hydrocarbon,2,False,pair,res,9,9,9,2,2,10.1016/j.tca.2012.02.005|10.1021/acs.jced.7b00114,10.1021/acs.jced.7b00114,0.5518,0.0547,1.7315,,,,,,,False,True,2,2,2,,,,,,False,False,False,False,4,0,0,False,False,no estimate,"nothing: reported in the map, not stated as a finding",not boundable: n=9 < 40; the fixed cell is undefined at n=9
broad_477,solvent_class,aromatic_hydrocarbon,8d9b52d4,solvent_class::aromatic_hydrocarbon,2,False,row,full,14,9,9,2,2,10.1016/j.tca.2012.02.005|10.1021/acs.jced.7b00114,10.1021/acs.jced.7b00114,0.8204,0.0458,2.9843,,,,,,,False,True,2,2,2,,,,,,False,False,False,False,4,0,0,False,False,no estimate,"nothing: reported in the map, not stated as a finding",not boundable: n=14 < 40; the fixed cell is undefined at n=14
broad_477,solvent_class,aromatic_hydrocarbon,8d9b52d4,solvent_class::aromatic_hydrocarbon,2,False,row,res,14,9,9,2,2,10.1016/j.tca.2012.02.005|10.1021/acs.jced.7b00114,10.1021/acs.jced.7b00114,0.8839,0.0663,4.2968,,,,,,,False,True,2,2,2,,,,,,False,False,False,False,4,0,0,False,False,no estimate,"nothing: reported in the map, not stated as a finding",not boundable: n=14 < 40; the fixed cell is undefined at n=14
broad_477,solvent_class,aryl_ether,fba4cd75,solvent_class::aryl_ether,3,False,pair,full,2,2,1,2,1,10.1021/acs.jced.7b00114,10.1021/acs.jced.7b00114,1.0,0.0377,5.8604,,,,,,,False,False,1,1,1,,,,,,False,False,False,False,4,0,0,False,False,no estimate,"nothing: reported in the map, not stated as a finding",not boundable: n=2 < 40; the fixed cell is undefined at n=2
broad_477,solvent_class,aryl_ether,fba4cd75,solvent_class::aryl_ether,3,False,pair,res,2,2,1,2,1,10.1021/acs.jced.7b00114,10.1021/acs.jced.7b00114,1.0,0.0679,9.6759,,,,,,,False,False,1,1,1,,,,,,False,False,False,False,4,0,0,False,False,no estimate,"nothing: reported in the map, not stated as a finding",not boundable: n=2 < 40; the fixed cell is undefined at n=2
broad_477,solvent_class,aryl_ether,7eb7fdfe,solvent_class::aryl_ether,3,False,row,full,13,2,1,2,1,10.1021/acs.jced.7b00114,10.1021/acs.jced.7b00114,1.0,0.0828,5.8053,,,,,,,False,False,1,1,1,,,,,,False,False,False,False,4,0,0,False,False,no estimate,"nothing: reported in the map, not stated as a finding",not boundable: n=13 < 40; the fixed cell is undefined at n=13
broad_477,solvent_class,aryl_ether,7eb7fdfe,solvent_class::aryl_ether,3,False,row,res,13,2,1,2,1,10.1021/acs.jced.7b00114,10.1021/acs.jced.7b00114,1.0,0.1373,9.5817,,,,,,,False,False,1,1,1,,,,,,False,False,False,False,4,0,0,False,False,no estimate,"nothing: reported in the map, not stated as a finding",not boundable: n=13 < 40; the fixed cell is undefined at n=13
broad_477,solvent_class,glycol_ether,3b0ae99a,solvent_class::glycol_ether,3,False,pair,full,43,43,19,4,3,10.1016/j.fluid.2013.06.028|10.1016/j.jct.2016.10.013|10.1021/je020196d,10.1016/j.jct.2016.10.013,0.6359,0.4433,3.2029,0.1329,2.937,1.0,1.949,3.774,True,True,True,3,0,3,2.4073,3.2615,10.1016/j.jct.2016.10.013,2.4073,19.0,True,False,True,False,4,4,2,True,False,positive,B_clos > 0 in this stratum: the closure's own error exceeds what input insufficiency can account for,
broad_477,solvent_class,glycol_ether,3b0ae99a,solvent_class::glycol_ether,3,False,pair,res,43,43,19,4,3,10.1016/j.fluid.2013.06.028|10.1016/j.jct.2016.10.013|10.1021/je020196d,10.1016/j.jct.2016.10.013,0.6192,0.439,2.9081,0.1438,2.6204,1.0,1.866,3.282,True,True,True,3,0,3,2.2744,2.9906,10.1016/j.jct.2016.10.013,2.2744,19.0,True,False,True,False,4,4,2,True,False,positive,B_clos > 0 in this stratum: the closure's own error exceeds what input insufficiency can account for,
broad_477,solvent_class,glycol_ether,0c6e6140,solvent_class::glycol_ether,3,False,row,full,182,43,19,4,3,10.1016/j.fluid.2013.06.028|10.1016/j.jct.2016.10.013|10.1021/je020196d,10.1016/j.jct.2016.10.013,0.5515,0.4918,2.4627,0.1161,2.2305,1.0,1.401,3.323,True,True,True,3,0,0,1.668,3.2593,10.1016/j.jct.2016.10.013,1.668,110.0,True,True,True,True,4,4,2,True,False,positive,B_clos > 0 in this stratum: the closure's own error exceeds what input insufficiency can account for,
broad_477,solvent_class,glycol_ether,0c6e6140,solvent_class::glycol_ether,3,False,row,res,182,43,19,4,3,10.1016/j.fluid.2013.06.028|10.1016/j.jct.2016.10.013|10.1021/je020196d,10.1016/j.jct.2016.10.013,0.532,0.4518,2.2518,0.1077,2.0364,1.0,1.268,2.833,True,True,True,3,0,0,1.5971,2.8655,10.1016/j.jct.2016.10.013,1.5971,110.0,True,True,True,True,4,4,2,True,False,positive,B_clos > 0 in this stratum: the closure's own error exceeds what input insufficiency can account for,
broad_477,solvent_class,halogenated,0c4780a4,solvent_class::halogenated,2,False,pair,full,7,7,5,4,2,10.1016/j.fluid.2015.11.037|10.1021/acs.jced.7b00114,10.1021/acs.jced.7b00114,0.5264,0.069,3.0617,,,,,,,False,True,2,2,2,,,,,,False,False,False,False,4,0,0,False,False,no estimate,"nothing: reported in the map, not stated as a finding",not boundable: n=7 < 40; the fixed cell is undefined at n=7
broad_477,solvent_class,halogenated,0c4780a4,solvent_class::halogenated,2,False,pair,res,7,7,5,4,2,10.1016/j.fluid.2015.11.037|10.1021/acs.jced.7b00114,10.1021/acs.jced.7b00114,0.6563,0.1003,4.0794,,,,,,,False,True,2,2,2,,,,,,False,False,False,False,4,0,0,False,False,no estimate,"nothing: reported in the map, not stated as a finding",not boundable: n=7 < 40; the fixed cell is undefined at n=7
broad_477,solvent_class,halogenated,1d351941,solvent_class::halogenated,2,False,row,full,30,7,5,4,2,10.1016/j.fluid.2015.11.037|10.1021/acs.jced.7b00114,10.1021/acs.jced.7b00114,0.7372,0.103,3.1303,0.5918,1.9467,0.988,0.459,5.379,True,False,True,2,1,2,3.3907,3.3907,10.1016/j.fluid.2015.11.037,3.3907,18.0,False,False,False,False,4,0,0,False,False,positive,"nothing: reported in the map, not stated as a finding","not boundable: n=30 < 40; 1 of 2 deletions leave fewer than 16 rows and the fixed cell is then undefined (10.1021/acs.jced.7b00114), so the sign is not verifiable"
broad_477,solvent_class,halogenated,1d351941,solvent_class::halogenated,2,False,row,res,30,7,5,4,2,10.1016/j.fluid.2015.11.037|10.1021/acs.jced.7b00114,10.1021/acs.jced.7b00114,0.8265,0.1511,4.5693,0.5918,3.3856,0.995,0.857,8.118,True,False,True,2,1,2,5.8389,5.8389,10.1016/j.fluid.2015.11.037,5.8389,18.0,False,False,False,False,4,0,0,False,False,positive,"nothing: reported in the map, not stated as a finding","not boundable: n=30 < 40; 1 of 2 deletions leave fewer than 16 rows and the fixed cell is then undefined (10.1021/acs.jced.7b00114), so the sign is not verifiable"
broad_477,solvent_class,mono_alcohol,3cac4071,solvent_class::mono_alcohol,3,False,pair,full,17,17,14,4,2,10.1016/j.fluid.2015.11.037|10.1016/j.tca.2012.02.005,10.1016/j.tca.2012.02.005,0.8193,0.1727,3.1556,1.8475,-0.5394,0.945,-0.047,5.457,False,False,True,2,2,2,,,,,,False,False,False,False,4,0,0,False,False,non-positive,"nothing: reported in the map, not stated as a finding","not boundable: n=17 < 40; 2 of 2 deletions leave fewer than 16 rows and the fixed cell is then undefined (10.1016/j.fluid.2015.11.037, 10.1016/j.tca.2012.02.005), so the sign is not verifiable"
broad_477,solvent_class,mono_alcohol,3cac4071,solvent_class::mono_alcohol,3,False,pair,res,17,17,14,4,2,10.1016/j.fluid.2015.11.037|10.1016/j.tca.2012.02.005,10.1016/j.tca.2012.02.005,0.7913,0.1565,2.6219,1.0186,0.5846,0.94,-0.06,4.212,False,False,True,2,2,2,,,,,,False,False,False,False,4,0,0,False,False,positive,"nothing: reported in the map, not stated as a finding","not boundable: n=17 < 40; 2 of 2 deletions leave fewer than 16 rows and the fixed cell is then undefined (10.1016/j.fluid.2015.11.037, 10.1016/j.tca.2012.02.005), so the sign is not verifiable"
broad_477,solvent_class,mono_alcohol,3a91251f,solvent_class::mono_alcohol,3,False,row,full,35,17,14,4,2,10.1016/j.fluid.2015.11.037|10.1016/j.tca.2012.02.005,10.1016/j.fluid.2015.11.037,0.508,0.098,2.5525,0.7328,1.0869,0.978,0.373,4.264,True,False,True,2,1,2,2.0429,2.0429,10.1016/j.tca.2012.02.005,2.0429,22.0,False,False,False,False,4,0,0,False,False,positive,"nothing: reported in the map, not stated as a finding","not boundable: n=35 < 40; 1 of 2 deletions leave fewer than 16 rows and the fixed cell is then undefined (10.1016/j.fluid.2015.11.037), so the sign is not verifiable"
broad_477,solvent_class,mono_alcohol,3a91251f,solvent_class::mono_alcohol,3,False,row,res,35,17,14,4,2,10.1016/j.fluid.2015.11.037|10.1016/j.tca.2012.02.005,10.1016/j.fluid.2015.11.037,0.5521,0.0868,2.2498,0.733,0.7837,0.964,0.182,3.238,True,False,True,2,1,2,1.9516,1.9516,10.1016/j.tca.2012.02.005,1.9516,22.0,False,False,False,False,4,0,0,False,False,positive,"nothing: reported in the map, not stated as a finding","not boundable: n=35 < 40; 1 of 2 deletions leave fewer than 16 rows and the fixed cell is then undefined (10.1016/j.fluid.2015.11.037), so the sign is not verifiable"
broad_477,solvent_class,nh_protic,e3f6247e,solvent_class::nh_protic,3,False,pair,full,33,33,21,10,3,10.1016/j.jct.2013.05.006|10.1016/j.tca.2012.02.005|10.1016/j.tca.2015.11.010,10.1016/j.tca.2012.02.005,0.5623,0.1771,1.6671,0.4048,0.8575,0.955,0.031,2.645,True,False,True,3,1,3,-0.0213,1.4354,10.1016/j.tca.2012.02.005,-0.0213,25.0,False,False,False,False,4,0,0,False,False,positive,"nothing: reported in the map, not stated as a finding","not boundable: n=33 < 40; 1 of 3 deletions leave fewer than 16 rows and the fixed cell is then undefined (10.1016/j.tca.2015.11.010), so the sign is not verifiable"
broad_477,solvent_class,nh_protic,e3f6247e,solvent_class::nh_protic,3,False,pair,res,33,33,21,10,3,10.1016/j.jct.2013.05.006|10.1016/j.tca.2012.02.005|10.1016/j.tca.2015.11.010,10.1016/j.tca.2012.02.005,0.6187,0.1361,1.1749,0.2814,0.6122,0.887,-0.258,2.142,False,False,True,3,1,3,-0.2364,0.8654,10.1016/j.tca.2012.02.005,-0.2364,25.0,False,False,False,False,4,0,0,False,False,positive,"nothing: reported in the map, not stated as a finding","not boundable: n=33 < 40; 1 of 3 deletions leave fewer than 16 rows and the fixed cell is then undefined (10.1016/j.tca.2015.11.010), so the sign is not verifiable"
broad_477,solvent_class,nh_protic,c7d77ad1,solvent_class::nh_protic,3,False,row,full,33,33,21,10,3,10.1016/j.jct.2013.05.006|10.1016/j.tca.2012.02.005|10.1016/j.tca.2015.11.010,10.1016/j.tca.2012.02.005,0.5623,0.0604,1.6671,0.4048,0.8575,0.944,-0.047,2.763,False,False,True,3,1,3,-0.0213,1.4354,10.1016/j.tca.2012.02.005,-0.0213,25.0,False,False,False,False,4,0,0,False,False,positive,"nothing: reported in the map, not stated as a finding","not boundable: n=33 < 40; 1 of 3 deletions leave fewer than 16 rows and the fixed cell is then undefined (10.1016/j.tca.2015.11.010), so the sign is not verifiable"
broad_477,solvent_class,nh_protic,c7d77ad1,solvent_class::nh_protic,3,False,row,res,33,33,21,10,3,10.1016/j.jct.2013.05.006|10.1016/j.tca.2012.02.005|10.1016/j.tca.2015.11.010,10.1016/j.tca.2012.02.005,0.6187,0.0427,1.1749,0.2814,0.6122,0.882,-0.271,1.964,False,False,True,3,1,3,-0.2364,0.8654,10.1016/j.tca.2012.02.005,-0.2364,25.0,False,False,False,False,4,0,0,False,False,positive,"nothing: reported in the map, not stated as a finding","not boundable: n=33 < 40; 1 of 3 deletions leave fewer than 16 rows and the fixed cell is then undefined (10.1016/j.tca.2015.11.010), so the sign is not verifiable"
broad_477,solvent_class,water,ef35966c,solvent_class::water,3,False,pair,full,15,15,15,1,3,10.1016/j.fluid.2015.01.010|10.1016/j.fluid.2016.08.030|10.1021/acs.jced.9b00726,10.1021/acs.jced.9b00726,0.622,0.0382,0.7905,,,,,,,False,True,3,3,3,,,,,,False,False,False,False,4,1,1,False,False,no estimate,"nothing: reported in the map, not stated as a finding",not boundable: n=15 < 40; the fixed cell is undefined at n=15
broad_477,solvent_class,water,ef35966c,solvent_class::water,3,False,pair,res,15,15,15,1,3,10.1016/j.fluid.2015.01.010|10.1016/j.fluid.2016.08.030|10.1021/acs.jced.9b00726,10.1021/acs.jced.9b00726,0.6906,0.0276,0.5234,,,,,,,False,True,3,3,3,,,,,,False,False,False,False,4,1,1,False,False,no estimate,"nothing: reported in the map, not stated as a finding",not boundable: n=15 < 40; the fixed cell is undefined at n=15
broad_477,solvent_class,water,bdbedd1e,solvent_class::water,3,False,row,full,111,15,15,1,3,10.1016/j.fluid.2015.01.010|10.1016/j.fluid.2016.08.030|10.1021/acs.jced.9b00726,10.1021/acs.jced.9b00726,0.5021,0.1113,0.914,0.1742,0.5655,0.997,0.255,0.969,True,True,True,3,0,0,0.0412,0.7866,10.1016/j.fluid.2015.01.010,0.0412,65.0,True,True,True,True,4,1,1,False,False,positive,B_clos > 0 in this stratum: the closure's own error exceeds what input insufficiency can account for,
broad_477,solvent_class,water,bdbedd1e,solvent_class::water,3,False,row,res,111,15,15,1,3,10.1016/j.fluid.2015.01.010|10.1016/j.fluid.2016.08.030|10.1021/acs.jced.9b00726,10.1021/acs.jced.9b00726,0.7457,0.0583,0.4765,0.215,0.0464,0.761,-0.145,0.394,False,True,True,3,0,0,-0.1935,0.2455,10.1021/acs.jced.9b00726,-0.1935,50.0,False,False,False,False,4,1,1,False,False,positive,"nothing: reported in the map, not stated as a finding",sign does not survive deletion of 10.1016/j.fluid.2015.01.010 (+0.046 -> -0.075); 10.1021/acs.jced.9b00726 (+0.046 -> -0.194)
broad_477,solvent_class_coarse,halogenated_nonHB,0c4780a4,solvent_class::halogenated,2,True,pair,full,7,7,5,4,2,10.1016/j.fluid.2015.11.037|10.1021/acs.jced.7b00114,10.1021/acs.jced.7b00114,0.5264,0.069,3.0617,,,,,,,False,True,2,2,2,,,,,,False,False,False,False,4,0,0,False,False,no estimate,"nothing: reported in the map, not stated as a finding",not boundable: n=7 < 40; the fixed cell is undefined at n=7
broad_477,solvent_class_coarse,halogenated_nonHB,0c4780a4,solvent_class::halogenated,2,True,pair,res,7,7,5,4,2,10.1016/j.fluid.2015.11.037|10.1021/acs.jced.7b00114,10.1021/acs.jced.7b00114,0.6563,0.1003,4.0794,,,,,,,False,True,2,2,2,,,,,,False,False,False,False,4,0,0,False,False,no estimate,"nothing: reported in the map, not stated as a finding",not boundable: n=7 < 40; the fixed cell is undefined at n=7
broad_477,solvent_class_coarse,halogenated_nonHB,1d351941,solvent_class::halogenated,2,True,row,full,30,7,5,4,2,10.1016/j.fluid.2015.11.037|10.1021/acs.jced.7b00114,10.1021/acs.jced.7b00114,0.7372,0.103,3.1303,0.5918,1.9467,0.988,0.459,5.379,True,False,True,2,1,2,3.3907,3.3907,10.1016/j.fluid.2015.11.037,3.3907,18.0,False,False,False,False,4,0,0,False,False,positive,"nothing: reported in the map, not stated as a finding","not boundable: n=30 < 40; 1 of 2 deletions leave fewer than 16 rows and the fixed cell is then undefined (10.1021/acs.jced.7b00114), so the sign is not verifiable"
broad_477,solvent_class_coarse,halogenated_nonHB,1d351941,solvent_class::halogenated,2,True,row,res,30,7,5,4,2,10.1016/j.fluid.2015.11.037|10.1021/acs.jced.7b00114,10.1021/acs.jced.7b00114,0.8265,0.1511,4.5693,0.5918,3.3856,0.995,0.857,8.118,True,False,True,2,1,2,5.8389,5.8389,10.1016/j.fluid.2015.11.037,5.8389,18.0,False,False,False,False,4,0,0,False,False,positive,"nothing: reported in the map, not stated as a finding","not boundable: n=30 < 40; 1 of 2 deletions leave fewer than 16 rows and the fixed cell is then undefined (10.1021/acs.jced.7b00114), so the sign is not verifiable"
broad_477,solvent_class_coarse,hb_acceptor_only,900e7749,solvent_class_coarse::hb_acceptor_only,1,False,pair,full,59,59,37,10,5,10.1016/j.fluid.2016.10.009|10.1016/j.jct.2015.12.034|10.1016/j.jct.2018.05.003|10.1016/j.tca.2012.02.005|10.1021/acs.jced.7b00114,10.1021/acs.jced.7b00114,0.653,0.0578,0.3042,0.2717,-0.2392,0.328,-0.536,1.207,False,True,True,5,0,1,-0.2538,0.1052,10.1016/j.jct.2018.05.003,0.1052,29.0,False,False,False,False,4,0,0,False,False,non-positive,"nothing: reported in the map, not stated as a finding",sign does not survive deletion of 10.1016/j.jct.2018.05.003 (-0.239 -> +0.105)
broad_477,solvent_class_coarse,hb_acceptor_only,900e7749,solvent_class_coarse::hb_acceptor_only,1,False,pair,res,59,59,37,10,5,10.1016/j.fluid.2016.10.009|10.1016/j.jct.2015.12.034|10.1016/j.jct.2018.05.003|10.1016/j.tca.2012.02.005|10.1021/acs.jced.7b00114,10.1021/acs.jced.7b00114,0.7921,0.0858,0.4141,0.287,-0.16,0.361,-0.459,1.747,False,True,True,5,0,1,-0.1917,0.3172,10.1016/j.jct.2018.05.003,0.3172,29.0,False,False,False,False,4,0,0,False,False,non-positive,"nothing: reported in the map, not stated as a finding",sign does not survive deletion of 10.1016/j.jct.2018.05.003 (-0.160 -> +0.317)
broad_477,solvent_class_coarse,hb_acceptor_only,5e74c0cc,solvent_class_coarse::hb_acceptor_only,1,False,row,full,70,59,37,10,5,10.1016/j.fluid.2016.10.009|10.1016/j.jct.2015.12.034|10.1016/j.jct.2018.05.003|10.1016/j.tca.2012.02.005|10.1021/acs.jced.7b00114,10.1021/acs.jced.7b00114,0.9238,0.0896,1.1671,0.1977,0.7718,0.667,-0.301,3.732,False,True,True,5,0,0,-0.1518,1.7502,10.1021/acs.jced.7b00114,-0.1518,57.0,False,False,False,False,4,0,0,False,False,positive,"nothing: reported in the map, not stated as a finding",sign does not survive deletion of 10.1021/acs.jced.7b00114 (+0.772 -> -0.152)
broad_477,solvent_class_coarse,hb_acceptor_only,5e74c0cc,solvent_class_coarse::hb_acceptor_only,1,False,row,res,70,59,37,10,5,10.1016/j.fluid.2016.10.009|10.1016/j.jct.2015.12.034|10.1016/j.jct.2018.05.003|10.1016/j.tca.2012.02.005|10.1021/acs.jced.7b00114,10.1021/acs.jced.7b00114,0.9608,0.1429,1.852,0.2091,1.4338,0.654,-0.281,6.194,False,True,True,5,0,0,-0.1917,2.9427,10.1021/acs.jced.7b00114,-0.1917,57.0,False,False,False,False,4,0,0,False,False,positive,"nothing: reported in the map, not stated as a finding",sign does not survive deletion of 10.1021/acs.jced.7b00114 (+1.434 -> -0.192)
broad_477,solvent_class_coarse,hb_donor_N,e3f6247e,solvent_class::nh_protic,3,True,pair,full,33,33,21,10,3,10.1016/j.jct.2013.05.006|10.1016/j.tca.2012.02.005|10.1016/j.tca.2015.11.010,10.1016/j.tca.2012.02.005,0.5623,0.1771,1.6671,0.4048,0.8575,0.955,0.031,2.645,True,False,True,3,1,3,-0.0213,1.4354,10.1016/j.tca.2012.02.005,-0.0213,25.0,False,False,False,False,4,0,0,False,False,positive,"nothing: reported in the map, not stated as a finding","not boundable: n=33 < 40; 1 of 3 deletions leave fewer than 16 rows and the fixed cell is then undefined (10.1016/j.tca.2015.11.010), so the sign is not verifiable"
broad_477,solvent_class_coarse,hb_donor_N,e3f6247e,solvent_class::nh_protic,3,True,pair,res,33,33,21,10,3,10.1016/j.jct.2013.05.006|10.1016/j.tca.2012.02.005|10.1016/j.tca.2015.11.010,10.1016/j.tca.2012.02.005,0.6187,0.1361,1.1749,0.2814,0.6122,0.887,-0.258,2.142,False,False,True,3,1,3,-0.2364,0.8654,10.1016/j.tca.2012.02.005,-0.2364,25.0,False,False,False,False,4,0,0,False,False,positive,"nothing: reported in the map, not stated as a finding","not boundable: n=33 < 40; 1 of 3 deletions leave fewer than 16 rows and the fixed cell is then undefined (10.1016/j.tca.2015.11.010), so the sign is not verifiable"
broad_477,solvent_class_coarse,hb_donor_N,c7d77ad1,solvent_class::nh_protic,3,True,row,full,33,33,21,10,3,10.1016/j.jct.2013.05.006|10.1016/j.tca.2012.02.005|10.1016/j.tca.2015.11.010,10.1016/j.tca.2012.02.005,0.5623,0.0604,1.6671,0.4048,0.8575,0.944,-0.047,2.763,False,False,True,3,1,3,-0.0213,1.4354,10.1016/j.tca.2012.02.005,-0.0213,25.0,False,False,False,False,4,0,0,False,False,positive,"nothing: reported in the map, not stated as a finding","not boundable: n=33 < 40; 1 of 3 deletions leave fewer than 16 rows and the fixed cell is then undefined (10.1016/j.tca.2015.11.010), so the sign is not verifiable"
broad_477,solvent_class_coarse,hb_donor_N,c7d77ad1,solvent_class::nh_protic,3,True,row,res,33,33,21,10,3,10.1016/j.jct.2013.05.006|10.1016/j.tca.2012.02.005|10.1016/j.tca.2015.11.010,10.1016/j.tca.2012.02.005,0.6187,0.0427,1.1749,0.2814,0.6122,0.882,-0.271,1.964,False,False,True,3,1,3,-0.2364,0.8654,10.1016/j.tca.2012.02.005,-0.2364,25.0,False,False,False,False,4,0,0,False,False,positive,"nothing: reported in the map, not stated as a finding","not boundable: n=33 < 40; 1 of 3 deletions leave fewer than 16 rows and the fixed cell is then undefined (10.1016/j.tca.2015.11.010), so the sign is not verifiable"
broad_477,solvent_class_coarse,hb_donor_acceptor_O,eab39967,solvent_class_coarse::hb_donor_acceptor_O,1,False,pair,full,75,75,48,9,8,10.1016/j.fluid.2013.06.028|10.1016/j.fluid.2015.01.010|10.1016/j.fluid.2015.11.037|10.1016/j.fluid.2016.08.030|10.1016/j.jct.2016.10.013|10.1016/j.tca.2012.02.005|10.1021/acs.jced.9b00726|10.1021/je020196d,10.1016/j.jct.2016.10.013,0.431,0.6542,2.7097,0.6336,1.4426,0.996,0.612,3.119,True,True,True,8,0,0,1.02,1.8814,10.1016/j.jct.2016.10.013,1.02,51.0,True,True,True,True,4,3,3,False,False,positive,B_clos > 0 in this stratum: the closure's own error exceeds what input insufficiency can account for,
broad_477,solvent_class_coarse,hb_donor_acceptor_O,eab39967,solvent_class_coarse::hb_donor_acceptor_O,1,False,pair,res,75,75,48,9,8,10.1016/j.fluid.2013.06.028|10.1016/j.fluid.2015.01.010|10.1016/j.fluid.2015.11.037|10.1016/j.fluid.2016.08.030|10.1016/j.jct.2016.10.013|10.1016/j.tca.2012.02.005|10.1021/acs.jced.9b00726|10.1021/je020196d,10.1016/j.jct.2016.10.013,0.4363,0.6231,2.3663,0.9203,0.5257,0.895,-0.308,2.607,False,True,True,8,0,0,0.0099,1.0024,10.1021/je020196d,0.0099,61.0,True,True,True,True,4,3,3,False,False,positive,B_clos > 0 in this stratum: the closure's own error exceeds what input insufficiency can account for,
broad_477,solvent_class_coarse,hb_donor_acceptor_O,7942512c,solvent_class_coarse::hb_donor_acceptor_O,1,False,row,full,328,75,48,9,8,10.1016/j.fluid.2013.06.028|10.1016/j.fluid.2015.01.010|10.1016/j.fluid.2015.11.037|10.1016/j.fluid.2016.08.030|10.1016/j.jct.2016.10.013|10.1016/j.tca.2012.02.005|10.1021/acs.jced.9b00726|10.1021/je020196d,10.1016/j.jct.2016.10.013,0.3868,0.7011,1.9482,0.3022,1.3437,1.0,0.664,2.524,True,True,True,8,0,0,0.9356,1.5408,10.1021/je020196d,0.9356,223.0,True,True,True,True,4,3,3,False,False,positive,B_clos > 0 in this stratum: the closure's own error exceeds what input insufficiency can account for,
broad_477,solvent_class_coarse,hb_donor_acceptor_O,7942512c,solvent_class_coarse::hb_donor_acceptor_O,1,False,row,res,328,75,48,9,8,10.1016/j.fluid.2013.06.028|10.1016/j.fluid.2015.01.010|10.1016/j.fluid.2015.11.037|10.1016/j.fluid.2016.08.030|10.1016/j.jct.2016.10.013|10.1016/j.tca.2012.02.005|10.1021/acs.jced.9b00726|10.1021/je020196d,10.1016/j.jct.2016.10.013,0.4026,0.5969,1.6508,0.5618,0.5273,0.89,-0.206,2.182,False,True,True,8,0,0,-0.4172,0.9665,10.1021/je020196d,-0.4172,223.0,False,False,False,False,4,3,3,False,False,positive,"nothing: reported in the map, not stated as a finding",sign does not survive deletion of 10.1021/je020196d (+0.527 -> -0.417)
broad_477,solvent_class_coarse,hydrocarbon_nonHB,009c9448,solvent_class_coarse::hydrocarbon_nonHB,1,False,pair,full,11,11,10,3,3,10.1016/j.jct.2019.05.011|10.1016/j.tca.2012.02.005|10.1021/acs.jced.7b00114,10.1016/j.tca.2012.02.005,0.5762,0.0419,1.1842,,,,,,,False,True,3,3,3,,,,,,False,False,False,False,4,0,0,False,False,no estimate,"nothing: reported in the map, not stated as a finding",not boundable: n=11 < 40; the fixed cell is undefined at n=11
broad_477,solvent_class_coarse,hydrocarbon_nonHB,009c9448,solvent_class_coarse::hydrocarbon_nonHB,1,False,pair,res,11,11,10,3,3,10.1016/j.jct.2019.05.011|10.1016/j.tca.2012.02.005|10.1021/acs.jced.7b00114,10.1021/acs.jced.7b00114,0.5511,0.0548,1.4186,,,,,,,False,True,3,3,3,,,,,,False,False,False,False,4,0,0,False,False,no estimate,"nothing: reported in the map, not stated as a finding",not boundable: n=11 < 40; the fixed cell is undefined at n=11
broad_477,solvent_class_coarse,hydrocarbon_nonHB,72941143,solvent_class_coarse::hydrocarbon_nonHB,1,False,row,full,16,11,10,3,3,10.1016/j.jct.2019.05.011|10.1016/j.tca.2012.02.005|10.1021/acs.jced.7b00114,10.1021/acs.jced.7b00114,0.82,0.0459,2.6125,0.3885,1.8355,0.947,-0.038,5.485,False,False,True,3,3,3,,,,,,False,False,False,False,4,0,0,False,False,positive,"nothing: reported in the map, not stated as a finding","not boundable: n=16 < 40; 3 of 3 deletions leave fewer than 16 rows and the fixed cell is then undefined (10.1016/j.jct.2019.05.011, 10.1016/j.tca.2012.02.005, 10.1021/acs.jced.7b00114), so the sign is not verifiable"
broad_477,solvent_class_coarse,hydrocarbon_nonHB,72941143,solvent_class_coarse::hydrocarbon_nonHB,1,False,row,res,16,11,10,3,3,10.1016/j.jct.2019.05.011|10.1016/j.tca.2012.02.005|10.1021/acs.jced.7b00114,10.1021/acs.jced.7b00114,0.8836,0.0663,3.7611,0.3852,2.9907,0.941,-0.074,8.862,False,False,True,3,3,3,,,,,,False,False,False,False,4,0,0,False,False,positive,"nothing: reported in the map, not stated as a finding","not boundable: n=16 < 40; 3 of 3 deletions leave fewer than 16 rows and the fixed cell is then undefined (10.1016/j.jct.2019.05.011, 10.1016/j.tca.2012.02.005, 10.1021/acs.jced.7b00114), so the sign is not verifiable"
broad_477,solvent_class_x_solute_role,aliphatic_hydrocarbon | organic_solute,a8a30394,solvent_class::aliphatic_hydrocarbon,3,True,pair,full,2,2,2,1,2,10.1016/j.jct.2019.05.011|10.1016/j.tca.2012.02.005,10.1016/j.jct.2019.05.011,0.9302,0.0001,0.0101,,,,,,,False,True,2,2,2,,,,,,False,False,False,False,4,0,0,False,False,no estimate,"nothing: reported in the map, not stated as a finding",not boundable: n=2 < 40; the fixed cell is undefined at n=2
broad_477,solvent_class_x_solute_role,aliphatic_hydrocarbon | organic_solute,a8a30394,solvent_class::aliphatic_hydrocarbon,3,True,pair,res,2,2,2,1,2,10.1016/j.jct.2019.05.011|10.1016/j.tca.2012.02.005,10.1016/j.jct.2019.05.011,0.8562,0.0001,0.0107,,,,,,,False,True,2,2,2,,,,,,False,False,False,False,4,0,0,False,False,no estimate,"nothing: reported in the map, not stated as a finding",not boundable: n=2 < 40; the fixed cell is undefined at n=2
broad_477,solvent_class_x_solute_role,aliphatic_hydrocarbon | organic_solute,bb2c2c1e,solvent_class::aliphatic_hydrocarbon,3,True,row,full,2,2,2,1,2,10.1016/j.jct.2019.05.011|10.1016/j.tca.2012.02.005,10.1016/j.jct.2019.05.011,0.9302,0.0,0.0101,,,,,,,False,True,2,2,2,,,,,,False,False,False,False,4,0,0,False,False,no estimate,"nothing: reported in the map, not stated as a finding",not boundable: n=2 < 40; the fixed cell is undefined at n=2
broad_477,solvent_class_x_solute_role,aliphatic_hydrocarbon | organic_solute,bb2c2c1e,solvent_class::aliphatic_hydrocarbon,3,True,row,res,2,2,2,1,2,10.1016/j.jct.2019.05.011|10.1016/j.tca.2012.02.005,10.1016/j.jct.2019.05.011,0.8562,0.0,0.0107,,,,,,,False,True,2,2,2,,,,,,False,False,False,False,4,0,0,False,False,no estimate,"nothing: reported in the map, not stated as a finding",not boundable: n=2 < 40; the fixed cell is undefined at n=2
broad_477,solvent_class_x_solute_role,aprotic_acceptor | organic_solute,f8c650fe,solvent_class::aprotic_acceptor,2,True,pair,full,57,57,36,8,4,10.1016/j.fluid.2016.10.009|10.1016/j.jct.2015.12.034|10.1016/j.jct.2018.05.003|10.1016/j.tca.2012.02.005,10.1016/j.tca.2012.02.005,0.3701,0.0201,0.1093,0.1305,-0.1518,0.301,-0.402,0.229,False,True,True,4,0,2,-0.3873,-0.0774,10.1016/j.jct.2015.12.034,-0.0774,53.0,True,False,True,False,4,4,0,True,False,non-positive,"nothing: a non-positive margin is failure to separate, not a certified reversal (that needs a LOWER bound on B_insuff)",
broad_477,solvent_class_x_solute_role,aprotic_acceptor | organic_solute,f8c650fe,solvent_class::aprotic_acceptor,2,True,pair,res,57,57,36,8,4,10.1016/j.fluid.2016.10.009|10.1016/j.jct.2015.12.034|10.1016/j.jct.2018.05.003|10.1016/j.tca.2012.02.005,10.1016/j.jct.2015.12.034,0.3151,0.0178,0.0891,0.1404,-0.1917,0.192,-0.414,0.126,False,True,True,4,0,2,-0.4067,-0.1282,10.1016/j.jct.2015.12.034,-0.1282,53.0,True,False,True,False,4,4,0,True,False,non-positive,"nothing: a non-positive margin is failure to separate, not a certified reversal (that needs a LOWER bound on B_insuff)",
broad_477,solvent_class_x_solute_role,aprotic_acceptor | organic_solute,42504742,solvent_class::aprotic_acceptor,2,True,row,full,57,57,36,8,4,10.1016/j.fluid.2016.10.009|10.1016/j.jct.2015.12.034|10.1016/j.jct.2018.05.003|10.1016/j.tca.2012.02.005,10.1016/j.tca.2012.02.005,0.3701,0.0068,0.1093,0.1305,-0.1518,0.288,-0.401,0.198,False,True,True,4,0,2,-0.3873,-0.0774,10.1016/j.jct.2015.12.034,-0.0774,53.0,True,False,True,False,4,4,0,True,False,non-positive,"nothing: a non-positive margin is failure to separate, not a certified reversal (that needs a LOWER bound on B_insuff)",
broad_477,solvent_class_x_solute_role,aprotic_acceptor | organic_solute,42504742,solvent_class::aprotic_acceptor,2,True,row,res,57,57,36,8,4,10.1016/j.fluid.2016.10.009|10.1016/j.jct.2015.12.034|10.1016/j.jct.2018.05.003|10.1016/j.tca.2012.02.005,10.1016/j.jct.2015.12.034,0.3151,0.0056,0.0891,0.1404,-0.1917,0.192,-0.435,0.124,False,True,True,4,0,2,-0.4067,-0.1282,10.1016/j.jct.2015.12.034,-0.1282,53.0,True,False,True,False,4,4,0,True,False,non-positive,"nothing: a non-positive margin is failure to separate, not a certified reversal (that needs a LOWER bound on B_insuff)",
broad_477,solvent_class_x_solute_role,aromatic_hydrocarbon | organic_solute,566d888e,solvent_class_x_solute_role::aromatic_hydrocarbon | organic_solute,1,False,pair,full,8,8,8,1,1,10.1016/j.tca.2012.02.005,10.1016/j.tca.2012.02.005,1.0,0.0242,0.9381,,,,,,,False,False,1,1,1,,,,,,False,False,False,False,4,0,0,False,False,no estimate,"nothing: reported in the map, not stated as a finding",not boundable: n=8 < 40; the fixed cell is undefined at n=8
broad_477,solvent_class_x_solute_role,aromatic_hydrocarbon | organic_solute,566d888e,solvent_class_x_solute_role::aromatic_hydrocarbon | organic_solute,1,False,pair,res,8,8,8,1,1,10.1016/j.tca.2012.02.005,10.1016/j.tca.2012.02.005,1.0,0.0245,0.873,,,,,,,False,False,1,1,1,,,,,,False,False,False,False,4,0,0,False,False,no estimate,"nothing: reported in the map, not stated as a finding",not boundable: n=8 < 40; the fixed cell is undefined at n=8
broad_477,solvent_class_x_solute_role,aromatic_hydrocarbon | organic_solute,62b448fc,solvent_class_x_solute_role::aromatic_hydrocarbon | organic_solute,1,False,row,full,8,8,8,1,1,10.1016/j.tca.2012.02.005,10.1016/j.tca.2012.02.005,1.0,0.0082,0.9381,,,,,,,False,False,1,1,1,,,,,,False,False,False,False,4,0,0,False,False,no estimate,"nothing: reported in the map, not stated as a finding",not boundable: n=8 < 40; the fixed cell is undefined at n=8
broad_477,solvent_class_x_solute_role,aromatic_hydrocarbon | organic_solute,62b448fc,solvent_class_x_solute_role::aromatic_hydrocarbon | organic_solute,1,False,row,res,8,8,8,1,1,10.1016/j.tca.2012.02.005,10.1016/j.tca.2012.02.005,1.0,0.0077,0.873,,,,,,,False,False,1,1,1,,,,,,False,False,False,False,4,0,0,False,False,no estimate,"nothing: reported in the map, not stated as a finding",not boundable: n=8 < 40; the fixed cell is undefined at n=8
broad_477,solvent_class_x_solute_role,aromatic_hydrocarbon | water_solute,9c601556,solvent_class_x_solute_role::aromatic_hydrocarbon | water_solute,1,False,pair,full,1,1,1,1,1,10.1021/acs.jced.7b00114,10.1021/acs.jced.7b00114,1.0,0.0177,5.5014,,,,,,,False,False,1,1,1,,,,,,False,False,False,False,4,0,0,False,False,no estimate,"nothing: reported in the map, not stated as a finding",not boundable: n=1 < 40; the fixed cell is undefined at n=1
broad_477,solvent_class_x_solute_role,aromatic_hydrocarbon | water_solute,9c601556,solvent_class_x_solute_role::aromatic_hydrocarbon | water_solute,1,False,pair,res,1,1,1,1,1,10.1021/acs.jced.7b00114,10.1021/acs.jced.7b00114,1.0,0.0302,8.5993,,,,,,,False,False,1,1,1,,,,,,False,False,False,False,4,0,0,False,False,no estimate,"nothing: reported in the map, not stated as a finding",not boundable: n=1 < 40; the fixed cell is undefined at n=1
broad_477,solvent_class_x_solute_role,aromatic_hydrocarbon | water_solute,ff05d980,solvent_class_x_solute_role::aromatic_hydrocarbon | water_solute,1,False,row,full,6,1,1,1,1,10.1021/acs.jced.7b00114,10.1021/acs.jced.7b00114,1.0,0.0376,5.7125,,,,,,,False,False,1,1,1,,,,,,False,False,False,False,4,0,0,False,False,no estimate,"nothing: reported in the map, not stated as a finding",not boundable: n=6 < 40; the fixed cell is undefined at n=6
broad_477,solvent_class_x_solute_role,aromatic_hydrocarbon | water_solute,ff05d980,solvent_class_x_solute_role::aromatic_hydrocarbon | water_solute,1,False,row,res,6,1,1,1,1,10.1021/acs.jced.7b00114,10.1021/acs.jced.7b00114,1.0,0.0586,8.8619,,,,,,,False,False,1,1,1,,,,,,False,False,False,False,4,0,0,False,False,no estimate,"nothing: reported in the map, not stated as a finding",not boundable: n=6 < 40; the fixed cell is undefined at n=6
broad_477,solvent_class_x_solute_role,aryl_ether | water_solute,fba4cd75,solvent_class::aryl_ether,3,True,pair,full,2,2,1,2,1,10.1021/acs.jced.7b00114,10.1021/acs.jced.7b00114,1.0,0.0377,5.8604,,,,,,,False,False,1,1,1,,,,,,False,False,False,False,4,0,0,False,False,no estimate,"nothing: reported in the map, not stated as a finding",not boundable: n=2 < 40; the fixed cell is undefined at n=2
broad_477,solvent_class_x_solute_role,aryl_ether | water_solute,fba4cd75,solvent_class::aryl_ether,3,True,pair,res,2,2,1,2,1,10.1021/acs.jced.7b00114,10.1021/acs.jced.7b00114,1.0,0.0679,9.6759,,,,,,,False,False,1,1,1,,,,,,False,False,False,False,4,0,0,False,False,no estimate,"nothing: reported in the map, not stated as a finding",not boundable: n=2 < 40; the fixed cell is undefined at n=2
broad_477,solvent_class_x_solute_role,aryl_ether | water_solute,7eb7fdfe,solvent_class::aryl_ether,3,True,row,full,13,2,1,2,1,10.1021/acs.jced.7b00114,10.1021/acs.jced.7b00114,1.0,0.0828,5.8053,,,,,,,False,False,1,1,1,,,,,,False,False,False,False,4,0,0,False,False,no estimate,"nothing: reported in the map, not stated as a finding",not boundable: n=13 < 40; the fixed cell is undefined at n=13
broad_477,solvent_class_x_solute_role,aryl_ether | water_solute,7eb7fdfe,solvent_class::aryl_ether,3,True,row,res,13,2,1,2,1,10.1021/acs.jced.7b00114,10.1021/acs.jced.7b00114,1.0,0.1373,9.5817,,,,,,,False,False,1,1,1,,,,,,False,False,False,False,4,0,0,False,False,no estimate,"nothing: reported in the map, not stated as a finding",not boundable: n=13 < 40; the fixed cell is undefined at n=13
broad_477,solvent_class_x_solute_role,glycol_ether | organic_solute,3b0ae99a,solvent_class::glycol_ether,3,True,pair,full,43,43,19,4,3,10.1016/j.fluid.2013.06.028|10.1016/j.jct.2016.10.013|10.1021/je020196d,10.1016/j.jct.2016.10.013,0.6359,0.4433,3.2029,0.1329,2.937,1.0,1.949,3.774,True,True,True,3,0,3,2.4073,3.2615,10.1016/j.jct.2016.10.013,2.4073,19.0,True,False,True,False,4,4,2,True,False,positive,B_clos > 0 in this stratum: the closure's own error exceeds what input insufficiency can account for,
broad_477,solvent_class_x_solute_role,glycol_ether | organic_solute,3b0ae99a,solvent_class::glycol_ether,3,True,pair,res,43,43,19,4,3,10.1016/j.fluid.2013.06.028|10.1016/j.jct.2016.10.013|10.1021/je020196d,10.1016/j.jct.2016.10.013,0.6192,0.439,2.9081,0.1438,2.6204,1.0,1.866,3.282,True,True,True,3,0,3,2.2744,2.9906,10.1016/j.jct.2016.10.013,2.2744,19.0,True,False,True,False,4,4,2,True,False,positive,B_clos > 0 in this stratum: the closure's own error exceeds what input insufficiency can account for,
broad_477,solvent_class_x_solute_role,glycol_ether | organic_solute,0c6e6140,solvent_class::glycol_ether,3,True,row,full,182,43,19,4,3,10.1016/j.fluid.2013.06.028|10.1016/j.jct.2016.10.013|10.1021/je020196d,10.1016/j.jct.2016.10.013,0.5515,0.4918,2.4627,0.1161,2.2305,1.0,1.401,3.323,True,True,True,3,0,0,1.668,3.2593,10.1016/j.jct.2016.10.013,1.668,110.0,True,True,True,True,4,4,2,True,False,positive,B_clos > 0 in this stratum: the closure's own error exceeds what input insufficiency can account for,
broad_477,solvent_class_x_solute_role,glycol_ether | organic_solute,0c6e6140,solvent_class::glycol_ether,3,True,row,res,182,43,19,4,3,10.1016/j.fluid.2013.06.028|10.1016/j.jct.2016.10.013|10.1021/je020196d,10.1016/j.jct.2016.10.013,0.532,0.4518,2.2518,0.1077,2.0364,1.0,1.268,2.833,True,True,True,3,0,0,1.5971,2.8655,10.1016/j.jct.2016.10.013,1.5971,110.0,True,True,True,True,4,4,2,True,False,positive,B_clos > 0 in this stratum: the closure's own error exceeds what input insufficiency can account for,
broad_477,solvent_class_x_solute_role,halogenated | organic_solute,be856873,solvent_class_x_solute_role::halogenated | organic_solute,1,False,pair,full,4,4,4,1,1,10.1016/j.fluid.2015.11.037,10.1016/j.fluid.2015.11.037,1.0,0.0327,2.5374,,,,,,,False,False,1,1,1,,,,,,False,False,False,False,4,0,0,False,False,no estimate,"nothing: reported in the map, not stated as a finding",not boundable: n=4 < 40; the fixed cell is undefined at n=4
broad_477,solvent_class_x_solute_role,halogenated | organic_solute,be856873,solvent_class_x_solute_role::halogenated | organic_solute,1,False,pair,res,4,4,4,1,1,10.1016/j.fluid.2015.11.037,10.1016/j.fluid.2015.11.037,1.0,0.0345,2.4534,,,,,,,False,False,1,1,1,,,,,,False,False,False,False,4,0,0,False,False,no estimate,"nothing: reported in the map, not stated as a finding",not boundable: n=4 < 40; the fixed cell is undefined at n=4
broad_477,solvent_class_x_solute_role,halogenated | organic_solute,49efd772,solvent_class_x_solute_role::halogenated | organic_solute,1,False,row,full,12,4,4,1,1,10.1016/j.fluid.2015.11.037,10.1016/j.fluid.2015.11.037,1.0,0.0271,2.0564,,,,,,,False,False,1,1,1,,,,,,False,False,False,False,4,0,0,False,False,no estimate,"nothing: reported in the map, not stated as a finding",not boundable: n=12 < 40; the fixed cell is undefined at n=12
broad_477,solvent_class_x_solute_role,halogenated | organic_solute,49efd772,solvent_class_x_solute_role::halogenated | organic_solute,1,False,row,res,12,4,4,1,1,10.1016/j.fluid.2015.11.037,10.1016/j.fluid.2015.11.037,1.0,0.0262,1.9816,,,,,,,False,False,1,1,1,,,,,,False,False,False,False,4,0,0,False,False,no estimate,"nothing: reported in the map, not stated as a finding",not boundable: n=12 < 40; the fixed cell is undefined at n=12
broad_477,solvent_class_x_solute_role,halogenated | water_solute,d7e22db7,solvent_class_x_solute_role::halogenated | water_solute,1,False,pair,full,3,3,1,3,1,10.1021/acs.jced.7b00114,10.1021/acs.jced.7b00114,1.0,0.0363,3.7608,,,,,,,False,False,1,1,1,,,,,,False,False,False,False,4,0,0,False,False,no estimate,"nothing: reported in the map, not stated as a finding",not boundable: n=3 < 40; the fixed cell is undefined at n=3
broad_477,solvent_class_x_solute_role,halogenated | water_solute,d7e22db7,solvent_class_x_solute_role::halogenated | water_solute,1,False,pair,res,3,3,1,3,1,10.1021/acs.jced.7b00114,10.1021/acs.jced.7b00114,1.0,0.0658,6.2473,,,,,,,False,False,1,1,1,,,,,,False,False,False,False,4,0,0,False,False,no estimate,"nothing: reported in the map, not stated as a finding",not boundable: n=3 < 40; the fixed cell is undefined at n=3
broad_477,solvent_class_x_solute_role,halogenated | water_solute,24fd4557,solvent_class_x_solute_role::halogenated | water_solute,1,False,row,full,18,3,1,3,1,10.1021/acs.jced.7b00114,10.1021/acs.jced.7b00114,1.0,0.076,3.8463,0.2278,3.3907,1.0,1.347,5.885,True,False,False,1,1,1,,,,,,False,False,False,False,4,0,0,False,False,positive,"nothing: reported in the map, not stated as a finding","not boundable: n=18 < 40; one source publication (10.1021/acs.jced.7b00114): leave-one-source-out cannot be run, so the sign was never tested"
broad_477,solvent_class_x_solute_role,halogenated | water_solute,24fd4557,solvent_class_x_solute_role::halogenated | water_solute,1,False,row,res,18,3,1,3,1,10.1021/acs.jced.7b00114,10.1021/acs.jced.7b00114,1.0,0.1249,6.2944,0.2278,5.8389,1.0,2.697,9.432,True,False,False,1,1,1,,,,,,False,False,False,False,4,0,0,False,False,positive,"nothing: reported in the map, not stated as a finding","not boundable: n=18 < 40; one source publication (10.1021/acs.jced.7b00114): leave-one-source-out cannot be run, so the sign was never tested"
broad_477,solvent_class_x_solute_role,mono_alcohol | organic_solute,3cac4071,solvent_class::mono_alcohol,3,True,pair,full,17,17,14,4,2,10.1016/j.fluid.2015.11.037|10.1016/j.tca.2012.02.005,10.1016/j.tca.2012.02.005,0.8193,0.1727,3.1556,1.8475,-0.5394,0.945,-0.047,5.457,False,False,True,2,2,2,,,,,,False,False,False,False,4,0,0,False,False,non-positive,"nothing: reported in the map, not stated as a finding","not boundable: n=17 < 40; 2 of 2 deletions leave fewer than 16 rows and the fixed cell is then undefined (10.1016/j.fluid.2015.11.037, 10.1016/j.tca.2012.02.005), so the sign is not verifiable"
broad_477,solvent_class_x_solute_role,mono_alcohol | organic_solute,3cac4071,solvent_class::mono_alcohol,3,True,pair,res,17,17,14,4,2,10.1016/j.fluid.2015.11.037|10.1016/j.tca.2012.02.005,10.1016/j.tca.2012.02.005,0.7913,0.1565,2.6219,1.0186,0.5846,0.94,-0.06,4.212,False,False,True,2,2,2,,,,,,False,False,False,False,4,0,0,False,False,positive,"nothing: reported in the map, not stated as a finding","not boundable: n=17 < 40; 2 of 2 deletions leave fewer than 16 rows and the fixed cell is then undefined (10.1016/j.fluid.2015.11.037, 10.1016/j.tca.2012.02.005), so the sign is not verifiable"
broad_477,solvent_class_x_solute_role,mono_alcohol | organic_solute,3a91251f,solvent_class::mono_alcohol,3,True,row,full,35,17,14,4,2,10.1016/j.fluid.2015.11.037|10.1016/j.tca.2012.02.005,10.1016/j.fluid.2015.11.037,0.508,0.098,2.5525,0.7328,1.0869,0.978,0.373,4.264,True,False,True,2,1,2,2.0429,2.0429,10.1016/j.tca.2012.02.005,2.0429,22.0,False,False,False,False,4,0,0,False,False,positive,"nothing: reported in the map, not stated as a finding","not boundable: n=35 < 40; 1 of 2 deletions leave fewer than 16 rows and the fixed cell is then undefined (10.1016/j.fluid.2015.11.037), so the sign is not verifiable"
broad_477,solvent_class_x_solute_role,mono_alcohol | organic_solute,3a91251f,solvent_class::mono_alcohol,3,True,row,res,35,17,14,4,2,10.1016/j.fluid.2015.11.037|10.1016/j.tca.2012.02.005,10.1016/j.fluid.2015.11.037,0.5521,0.0868,2.2498,0.733,0.7837,0.964,0.182,3.238,True,False,True,2,1,2,1.9516,1.9516,10.1016/j.tca.2012.02.005,1.9516,22.0,False,False,False,False,4,0,0,False,False,positive,"nothing: reported in the map, not stated as a finding","not boundable: n=35 < 40; 1 of 2 deletions leave fewer than 16 rows and the fixed cell is then undefined (10.1016/j.fluid.2015.11.037), so the sign is not verifiable"
broad_477,solvent_class_x_solute_role,nh_protic | organic_solute,e3f6247e,solvent_class::nh_protic,3,True,pair,full,33,33,21,10,3,10.1016/j.jct.2013.05.006|10.1016/j.tca.2012.02.005|10.1016/j.tca.2015.11.010,10.1016/j.tca.2012.02.005,0.5623,0.1771,1.6671,0.4048,0.8575,0.955,0.031,2.645,True,False,True,3,1,3,-0.0213,1.4354,10.1016/j.tca.2012.02.005,-0.0213,25.0,False,False,False,False,4,0,0,False,False,positive,"nothing: reported in the map, not stated as a finding","not boundable: n=33 < 40; 1 of 3 deletions leave fewer than 16 rows and the fixed cell is then undefined (10.1016/j.tca.2015.11.010), so the sign is not verifiable"
broad_477,solvent_class_x_solute_role,nh_protic | organic_solute,e3f6247e,solvent_class::nh_protic,3,True,pair,res,33,33,21,10,3,10.1016/j.jct.2013.05.006|10.1016/j.tca.2012.02.005|10.1016/j.tca.2015.11.010,10.1016/j.tca.2012.02.005,0.6187,0.1361,1.1749,0.2814,0.6122,0.887,-0.258,2.142,False,False,True,3,1,3,-0.2364,0.8654,10.1016/j.tca.2012.02.005,-0.2364,25.0,False,False,False,False,4,0,0,False,False,positive,"nothing: reported in the map, not stated as a finding","not boundable: n=33 < 40; 1 of 3 deletions leave fewer than 16 rows and the fixed cell is then undefined (10.1016/j.tca.2015.11.010), so the sign is not verifiable"
broad_477,solvent_class_x_solute_role,nh_protic | organic_solute,c7d77ad1,solvent_class::nh_protic,3,True,row,full,33,33,21,10,3,10.1016/j.jct.2013.05.006|10.1016/j.tca.2012.02.005|10.1016/j.tca.2015.11.010,10.1016/j.tca.2012.02.005,0.5623,0.0604,1.6671,0.4048,0.8575,0.944,-0.047,2.763,False,False,True,3,1,3,-0.0213,1.4354,10.1016/j.tca.2012.02.005,-0.0213,25.0,False,False,False,False,4,0,0,False,False,positive,"nothing: reported in the map, not stated as a finding","not boundable: n=33 < 40; 1 of 3 deletions leave fewer than 16 rows and the fixed cell is then undefined (10.1016/j.tca.2015.11.010), so the sign is not verifiable"
broad_477,solvent_class_x_solute_role,nh_protic | organic_solute,c7d77ad1,solvent_class::nh_protic,3,True,row,res,33,33,21,10,3,10.1016/j.jct.2013.05.006|10.1016/j.tca.2012.02.005|10.1016/j.tca.2015.11.010,10.1016/j.tca.2012.02.005,0.6187,0.0427,1.1749,0.2814,0.6122,0.882,-0.271,1.964,False,False,True,3,1,3,-0.2364,0.8654,10.1016/j.tca.2012.02.005,-0.2364,25.0,False,False,False,False,4,0,0,False,False,positive,"nothing: reported in the map, not stated as a finding","not boundable: n=33 < 40; 1 of 3 deletions leave fewer than 16 rows and the fixed cell is then undefined (10.1016/j.tca.2015.11.010), so the sign is not verifiable"
broad_477,solvent_class_x_solute_role,water | organic_solute,ef35966c,solvent_class::water,3,True,pair,full,15,15,15,1,3,10.1016/j.fluid.2015.01.010|10.1016/j.fluid.2016.08.030|10.1021/acs.jced.9b00726,10.1021/acs.jced.9b00726,0.622,0.0382,0.7905,,,,,,,False,True,3,3,3,,,,,,False,False,False,False,4,1,1,False,False,no estimate,"nothing: reported in the map, not stated as a finding",not boundable: n=15 < 40; the fixed cell is undefined at n=15
broad_477,solvent_class_x_solute_role,water | organic_solute,ef35966c,solvent_class::water,3,True,pair,res,15,15,15,1,3,10.1016/j.fluid.2015.01.010|10.1016/j.fluid.2016.08.030|10.1021/acs.jced.9b00726,10.1021/acs.jced.9b00726,0.6906,0.0276,0.5234,,,,,,,False,True,3,3,3,,,,,,False,False,False,False,4,1,1,False,False,no estimate,"nothing: reported in the map, not stated as a finding",not boundable: n=15 < 40; the fixed cell is undefined at n=15
broad_477,solvent_class_x_solute_role,water | organic_solute,bdbedd1e,solvent_class::water,3,True,row,full,111,15,15,1,3,10.1016/j.fluid.2015.01.010|10.1016/j.fluid.2016.08.030|10.1021/acs.jced.9b00726,10.1021/acs.jced.9b00726,0.5021,0.1113,0.914,0.1742,0.5655,0.997,0.255,0.969,True,True,True,3,0,0,0.0412,0.7866,10.1016/j.fluid.2015.01.010,0.0412,65.0,True,True,True,True,4,1,1,False,False,positive,B_clos > 0 in this stratum: the closure's own error exceeds what input insufficiency can account for,
broad_477,solvent_class_x_solute_role,water | organic_solute,bdbedd1e,solvent_class::water,3,True,row,res,111,15,15,1,3,10.1016/j.fluid.2015.01.010|10.1016/j.fluid.2016.08.030|10.1021/acs.jced.9b00726,10.1021/acs.jced.9b00726,0.7457,0.0583,0.4765,0.215,0.0464,0.761,-0.145,0.394,False,True,True,3,0,0,-0.1935,0.2455,10.1021/acs.jced.9b00726,-0.1935,50.0,False,False,False,False,4,1,1,False,False,positive,"nothing: reported in the map, not stated as a finding",sign does not survive deletion of 10.1016/j.fluid.2015.01.010 (+0.046 -> -0.075); 10.1021/acs.jced.9b00726 (+0.046 -> -0.194)
broad_477,solvent_family_fine,aliphatic_hydrocarbon,a8a30394,solvent_class::aliphatic_hydrocarbon,3,True,pair,full,2,2,2,1,2,10.1016/j.jct.2019.05.011|10.1016/j.tca.2012.02.005,10.1016/j.jct.2019.05.011,0.9302,0.0001,0.0101,,,,,,,False,True,2,2,2,,,,,,False,False,False,False,4,0,0,False,False,no estimate,"nothing: reported in the map, not stated as a finding",not boundable: n=2 < 40; the fixed cell is undefined at n=2
broad_477,solvent_family_fine,aliphatic_hydrocarbon,a8a30394,solvent_class::aliphatic_hydrocarbon,3,True,pair,res,2,2,2,1,2,10.1016/j.jct.2019.05.011|10.1016/j.tca.2012.02.005,10.1016/j.jct.2019.05.011,0.8562,0.0001,0.0107,,,,,,,False,True,2,2,2,,,,,,False,False,False,False,4,0,0,False,False,no estimate,"nothing: reported in the map, not stated as a finding",not boundable: n=2 < 40; the fixed cell is undefined at n=2
broad_477,solvent_family_fine,aliphatic_hydrocarbon,bb2c2c1e,solvent_class::aliphatic_hydrocarbon,3,True,row,full,2,2,2,1,2,10.1016/j.jct.2019.05.011|10.1016/j.tca.2012.02.005,10.1016/j.jct.2019.05.011,0.9302,0.0,0.0101,,,,,,,False,True,2,2,2,,,,,,False,False,False,False,4,0,0,False,False,no estimate,"nothing: reported in the map, not stated as a finding",not boundable: n=2 < 40; the fixed cell is undefined at n=2
broad_477,solvent_family_fine,aliphatic_hydrocarbon,bb2c2c1e,solvent_class::aliphatic_hydrocarbon,3,True,row,res,2,2,2,1,2,10.1016/j.jct.2019.05.011|10.1016/j.tca.2012.02.005,10.1016/j.jct.2019.05.011,0.8562,0.0,0.0107,,,,,,,False,True,2,2,2,,,,,,False,False,False,False,4,0,0,False,False,no estimate,"nothing: reported in the map, not stated as a finding",not boundable: n=2 < 40; the fixed cell is undefined at n=2
broad_477,solvent_family_fine,amide_NH,146d5f44,solvent_family_fine::amide_NH,1,False,pair,full,25,25,20,2,2,10.1016/j.jct.2013.05.006|10.1016/j.tca.2015.11.010,10.1016/j.tca.2015.11.010,0.9162,0.0775,0.9631,0.4922,-0.0213,0.892,-0.132,1.269,False,False,True,2,1,2,0.844,0.844,10.1016/j.jct.2013.05.006,0.844,18.0,False,False,False,False,4,0,0,False,False,non-positive,"nothing: reported in the map, not stated as a finding","not boundable: n=25 < 40; 1 of 2 deletions leave fewer than 16 rows and the fixed cell is then undefined (10.1016/j.tca.2015.11.010), so the sign is not verifiable"
broad_477,solvent_family_fine,amide_NH,146d5f44,solvent_family_fine::amide_NH,1,False,pair,res,25,25,20,2,2,10.1016/j.jct.2013.05.006|10.1016/j.tca.2015.11.010,10.1016/j.tca.2015.11.010,0.9598,0.0519,0.5913,0.4139,-0.2364,0.768,-0.338,0.758,False,False,True,2,1,2,0.4685,0.4685,10.1016/j.jct.2013.05.006,0.4685,18.0,False,False,False,False,4,0,0,False,False,non-positive,"nothing: reported in the map, not stated as a finding","not boundable: n=25 < 40; 1 of 2 deletions leave fewer than 16 rows and the fixed cell is then undefined (10.1016/j.tca.2015.11.010), so the sign is not verifiable"
broad_477,solvent_family_fine,amide_NH,a5012c43,solvent_family_fine::amide_NH,1,False,row,full,25,25,20,2,2,10.1016/j.jct.2013.05.006|10.1016/j.tca.2015.11.010,10.1016/j.tca.2015.11.010,0.9162,0.0264,0.9631,0.4922,-0.0213,0.908,-0.136,1.293,False,False,True,2,1,2,0.844,0.844,10.1016/j.jct.2013.05.006,0.844,18.0,False,False,False,False,4,0,0,False,False,non-positive,"nothing: reported in the map, not stated as a finding","not boundable: n=25 < 40; 1 of 2 deletions leave fewer than 16 rows and the fixed cell is then undefined (10.1016/j.tca.2015.11.010), so the sign is not verifiable"
broad_477,solvent_family_fine,amide_NH,a5012c43,solvent_family_fine::amide_NH,1,False,row,res,25,25,20,2,2,10.1016/j.jct.2013.05.006|10.1016/j.tca.2015.11.010,10.1016/j.tca.2015.11.010,0.9598,0.0163,0.5913,0.4139,-0.2364,0.776,-0.337,0.764,False,False,True,2,1,2,0.4685,0.4685,10.1016/j.jct.2013.05.006,0.4685,18.0,False,False,False,False,4,0,0,False,False,non-positive,"nothing: reported in the map, not stated as a finding","not boundable: n=25 < 40; 1 of 2 deletions leave fewer than 16 rows and the fixed cell is then undefined (10.1016/j.tca.2015.11.010), so the sign is not verifiable"
broad_477,solvent_family_fine,amine_NH,a52e6f3e,solvent_family_fine::amine_NH,1,False,pair,full,8,8,1,8,1,10.1016/j.tca.2012.02.005,10.1016/j.tca.2012.02.005,1.0,0.0996,3.8671,,,,,,,False,False,1,1,1,,,,,,False,False,False,False,4,0,0,False,False,no estimate,"nothing: reported in the map, not stated as a finding",not boundable: n=8 < 40; the fixed cell is undefined at n=8
broad_477,solvent_family_fine,amine_NH,a52e6f3e,solvent_family_fine::amine_NH,1,False,pair,res,8,8,1,8,1,10.1016/j.tca.2012.02.005,10.1016/j.tca.2012.02.005,1.0,0.0842,2.9986,,,,,,,False,False,1,1,1,,,,,,False,False,False,False,4,0,0,False,False,no estimate,"nothing: reported in the map, not stated as a finding",not boundable: n=8 < 40; the fixed cell is undefined at n=8
broad_477,solvent_family_fine,amine_NH,1d7f428c,solvent_family_fine::amine_NH,1,False,row,full,8,8,1,8,1,10.1016/j.tca.2012.02.005,10.1016/j.tca.2012.02.005,1.0,0.0339,3.8671,,,,,,,False,False,1,1,1,,,,,,False,False,False,False,4,0,0,False,False,no estimate,"nothing: reported in the map, not stated as a finding",not boundable: n=8 < 40; the fixed cell is undefined at n=8
broad_477,solvent_family_fine,amine_NH,1d7f428c,solvent_family_fine::amine_NH,1,False,row,res,8,8,1,8,1,10.1016/j.tca.2012.02.005,10.1016/j.tca.2012.02.005,1.0,0.0264,2.9986,,,,,,,False,False,1,1,1,,,,,,False,False,False,False,4,0,0,False,False,no estimate,"nothing: reported in the map, not stated as a finding",not boundable: n=8 < 40; the fixed cell is undefined at n=8
broad_477,solvent_family_fine,aromatic_hydrocarbon,41555867,solvent_class::aromatic_hydrocarbon,2,True,pair,full,9,9,9,2,2,10.1016/j.tca.2012.02.005|10.1021/acs.jced.7b00114,10.1016/j.tca.2012.02.005,0.577,0.0419,1.4452,,,,,,,False,True,2,2,2,,,,,,False,False,False,False,4,0,0,False,False,no estimate,"nothing: reported in the map, not stated as a finding",not boundable: n=9 < 40; the fixed cell is undefined at n=9
broad_477,solvent_family_fine,aromatic_hydrocarbon,41555867,solvent_class::aromatic_hydrocarbon,2,True,pair,res,9,9,9,2,2,10.1016/j.tca.2012.02.005|10.1021/acs.jced.7b00114,10.1021/acs.jced.7b00114,0.5518,0.0547,1.7315,,,,,,,False,True,2,2,2,,,,,,False,False,False,False,4,0,0,False,False,no estimate,"nothing: reported in the map, not stated as a finding",not boundable: n=9 < 40; the fixed cell is undefined at n=9
broad_477,solvent_family_fine,aromatic_hydrocarbon,8d9b52d4,solvent_class::aromatic_hydrocarbon,2,True,row,full,14,9,9,2,2,10.1016/j.tca.2012.02.005|10.1021/acs.jced.7b00114,10.1021/acs.jced.7b00114,0.8204,0.0458,2.9843,,,,,,,False,True,2,2,2,,,,,,False,False,False,False,4,0,0,False,False,no estimate,"nothing: reported in the map, not stated as a finding",not boundable: n=14 < 40; the fixed cell is undefined at n=14
broad_477,solvent_family_fine,aromatic_hydrocarbon,8d9b52d4,solvent_class::aromatic_hydrocarbon,2,True,row,res,14,9,9,2,2,10.1016/j.tca.2012.02.005|10.1021/acs.jced.7b00114,10.1021/acs.jced.7b00114,0.8839,0.0663,4.2968,,,,,,,False,True,2,2,2,,,,,,False,False,False,False,4,0,0,False,False,no estimate,"nothing: reported in the map, not stated as a finding",not boundable: n=14 < 40; the fixed cell is undefined at n=14
broad_477,solvent_family_fine,aryl_ether,fba4cd75,solvent_class::aryl_ether,3,True,pair,full,2,2,1,2,1,10.1021/acs.jced.7b00114,10.1021/acs.jced.7b00114,1.0,0.0377,5.8604,,,,,,,False,False,1,1,1,,,,,,False,False,False,False,4,0,0,False,False,no estimate,"nothing: reported in the map, not stated as a finding",not boundable: n=2 < 40; the fixed cell is undefined at n=2
broad_477,solvent_family_fine,aryl_ether,fba4cd75,solvent_class::aryl_ether,3,True,pair,res,2,2,1,2,1,10.1021/acs.jced.7b00114,10.1021/acs.jced.7b00114,1.0,0.0679,9.6759,,,,,,,False,False,1,1,1,,,,,,False,False,False,False,4,0,0,False,False,no estimate,"nothing: reported in the map, not stated as a finding",not boundable: n=2 < 40; the fixed cell is undefined at n=2
broad_477,solvent_family_fine,aryl_ether,7eb7fdfe,solvent_class::aryl_ether,3,True,row,full,13,2,1,2,1,10.1021/acs.jced.7b00114,10.1021/acs.jced.7b00114,1.0,0.0828,5.8053,,,,,,,False,False,1,1,1,,,,,,False,False,False,False,4,0,0,False,False,no estimate,"nothing: reported in the map, not stated as a finding",not boundable: n=13 < 40; the fixed cell is undefined at n=13
broad_477,solvent_family_fine,aryl_ether,7eb7fdfe,solvent_class::aryl_ether,3,True,row,res,13,2,1,2,1,10.1021/acs.jced.7b00114,10.1021/acs.jced.7b00114,1.0,0.1373,9.5817,,,,,,,False,False,1,1,1,,,,,,False,False,False,False,4,0,0,False,False,no estimate,"nothing: reported in the map, not stated as a finding",not boundable: n=13 < 40; the fixed cell is undefined at n=13
broad_477,solvent_family_fine,azine,693f7ad4,solvent_family_fine::azine,1,False,pair,full,23,23,20,5,2,10.1016/j.fluid.2016.10.009|10.1016/j.tca.2012.02.005,10.1016/j.tca.2012.02.005,0.6114,0.0121,0.1639,0.0714,0.0212,0.759,-0.098,0.245,False,False,True,2,1,2,0.0283,0.0283,10.1016/j.tca.2012.02.005,0.0283,19.0,False,False,False,False,4,0,0,False,False,positive,"nothing: reported in the map, not stated as a finding","not boundable: n=23 < 40; 1 of 2 deletions leave fewer than 16 rows and the fixed cell is then undefined (10.1016/j.fluid.2016.10.009), so the sign is not verifiable"
broad_477,solvent_family_fine,azine,693f7ad4,solvent_family_fine::azine,1,False,pair,res,23,23,20,5,2,10.1016/j.fluid.2016.10.009|10.1016/j.tca.2012.02.005,10.1016/j.tca.2012.02.005,0.5791,0.0077,0.0958,0.0724,-0.049,0.544,-0.149,0.136,False,False,True,2,1,2,-0.0038,-0.0038,10.1016/j.tca.2012.02.005,-0.0038,19.0,False,False,False,False,4,0,0,False,False,non-positive,"nothing: reported in the map, not stated as a finding","not boundable: n=23 < 40; 1 of 2 deletions leave fewer than 16 rows and the fixed cell is then undefined (10.1016/j.fluid.2016.10.009), so the sign is not verifiable"
broad_477,solvent_family_fine,azine,88b0fef6,solvent_family_fine::azine,1,False,row,full,23,23,20,5,2,10.1016/j.fluid.2016.10.009|10.1016/j.tca.2012.02.005,10.1016/j.tca.2012.02.005,0.6114,0.0041,0.1639,0.0714,0.0212,0.759,-0.108,0.252,False,False,True,2,1,2,0.0283,0.0283,10.1016/j.tca.2012.02.005,0.0283,19.0,False,False,False,False,4,0,0,False,False,positive,"nothing: reported in the map, not stated as a finding","not boundable: n=23 < 40; 1 of 2 deletions leave fewer than 16 rows and the fixed cell is then undefined (10.1016/j.fluid.2016.10.009), so the sign is not verifiable"
broad_477,solvent_family_fine,azine,88b0fef6,solvent_family_fine::azine,1,False,row,res,23,23,20,5,2,10.1016/j.fluid.2016.10.009|10.1016/j.tca.2012.02.005,10.1016/j.tca.2012.02.005,0.5791,0.0024,0.0958,0.0724,-0.049,0.522,-0.145,0.139,False,False,True,2,1,2,-0.0038,-0.0038,10.1016/j.tca.2012.02.005,-0.0038,19.0,False,False,False,False,4,0,0,False,False,non-positive,"nothing: reported in the map, not stated as a finding","not boundable: n=23 < 40; 1 of 2 deletions leave fewer than 16 rows and the fixed cell is then undefined (10.1016/j.fluid.2016.10.009), so the sign is not verifiable"
broad_477,solvent_family_fine,ester,cdb51130,solvent_family_fine::ester,1,False,pair,full,30,30,30,1,1,10.1016/j.jct.2018.05.003,10.1016/j.jct.2018.05.003,1.0,0.0032,0.0335,0.0404,-0.0474,0.131,-0.077,0.03,False,False,False,1,1,1,,,,,,False,False,False,False,4,0,0,False,False,non-positive,"nothing: reported in the map, not stated as a finding","not boundable: n=30 < 40; one source publication (10.1016/j.jct.2018.05.003): leave-one-source-out cannot be run, so the sign was never tested"
broad_477,solvent_family_fine,ester,cdb51130,solvent_family_fine::ester,1,False,pair,res,30,30,30,1,1,10.1016/j.jct.2018.05.003,10.1016/j.jct.2018.05.003,1.0,0.0045,0.0425,0.049,-0.0555,0.213,-0.085,0.024,False,False,False,1,1,1,,,,,,False,False,False,False,4,0,0,False,False,non-positive,"nothing: reported in the map, not stated as a finding","not boundable: n=30 < 40; one source publication (10.1016/j.jct.2018.05.003): leave-one-source-out cannot be run, so the sign was never tested"
broad_477,solvent_family_fine,ester,9d21d0df,solvent_family_fine::ester,1,False,row,full,30,30,30,1,1,10.1016/j.jct.2018.05.003,10.1016/j.jct.2018.05.003,1.0,0.0011,0.0335,0.0404,-0.0474,0.129,-0.078,0.027,False,False,False,1,1,1,,,,,,False,False,False,False,4,0,0,False,False,non-positive,"nothing: reported in the map, not stated as a finding","not boundable: n=30 < 40; one source publication (10.1016/j.jct.2018.05.003): leave-one-source-out cannot be run, so the sign was never tested"
broad_477,solvent_family_fine,ester,9d21d0df,solvent_family_fine::ester,1,False,row,res,30,30,30,1,1,10.1016/j.jct.2018.05.003,10.1016/j.jct.2018.05.003,1.0,0.0014,0.0425,0.049,-0.0555,0.211,-0.084,0.027,False,False,False,1,1,1,,,,,,False,False,False,False,4,0,0,False,False,non-positive,"nothing: reported in the map, not stated as a finding","not boundable: n=30 < 40; one source publication (10.1016/j.jct.2018.05.003): leave-one-source-out cannot be run, so the sign was never tested"
broad_477,solvent_family_fine,glycol_ether,3b0ae99a,solvent_class::glycol_ether,3,True,pair,full,43,43,19,4,3,10.1016/j.fluid.2013.06.028|10.1016/j.jct.2016.10.013|10.1021/je020196d,10.1016/j.jct.2016.10.013,0.6359,0.4433,3.2029,0.1329,2.937,1.0,1.949,3.774,True,True,True,3,0,3,2.4073,3.2615,10.1016/j.jct.2016.10.013,2.4073,19.0,True,False,True,False,4,4,2,True,False,positive,B_clos > 0 in this stratum: the closure's own error exceeds what input insufficiency can account for,
broad_477,solvent_family_fine,glycol_ether,3b0ae99a,solvent_class::glycol_ether,3,True,pair,res,43,43,19,4,3,10.1016/j.fluid.2013.06.028|10.1016/j.jct.2016.10.013|10.1021/je020196d,10.1016/j.jct.2016.10.013,0.6192,0.439,2.9081,0.1438,2.6204,1.0,1.866,3.282,True,True,True,3,0,3,2.2744,2.9906,10.1016/j.jct.2016.10.013,2.2744,19.0,True,False,True,False,4,4,2,True,False,positive,B_clos > 0 in this stratum: the closure's own error exceeds what input insufficiency can account for,
broad_477,solvent_family_fine,glycol_ether,0c6e6140,solvent_class::glycol_ether,3,True,row,full,182,43,19,4,3,10.1016/j.fluid.2013.06.028|10.1016/j.jct.2016.10.013|10.1021/je020196d,10.1016/j.jct.2016.10.013,0.5515,0.4918,2.4627,0.1161,2.2305,1.0,1.401,3.323,True,True,True,3,0,0,1.668,3.2593,10.1016/j.jct.2016.10.013,1.668,110.0,True,True,True,True,4,4,2,True,False,positive,B_clos > 0 in this stratum: the closure's own error exceeds what input insufficiency can account for,
broad_477,solvent_family_fine,glycol_ether,0c6e6140,solvent_class::glycol_ether,3,True,row,res,182,43,19,4,3,10.1016/j.fluid.2013.06.028|10.1016/j.jct.2016.10.013|10.1021/je020196d,10.1016/j.jct.2016.10.013,0.532,0.4518,2.2518,0.1077,2.0364,1.0,1.268,2.833,True,True,True,3,0,0,1.5971,2.8655,10.1016/j.jct.2016.10.013,1.5971,110.0,True,True,True,True,4,4,2,True,False,positive,B_clos > 0 in this stratum: the closure's own error exceeds what input insufficiency can account for,
broad_477,solvent_family_fine,halogenated_aliphatic,7067643b,solvent_family_fine::halogenated_aliphatic,1,False,pair,full,5,5,5,2,2,10.1016/j.fluid.2015.11.037|10.1021/acs.jced.7b00114,10.1016/j.fluid.2015.11.037,0.9829,0.0332,2.0652,,,,,,,False,True,2,2,2,,,,,,False,False,False,False,4,0,0,False,False,no estimate,"nothing: reported in the map, not stated as a finding",not boundable: n=5 < 40; the fixed cell is undefined at n=5
broad_477,solvent_family_fine,halogenated_aliphatic,7067643b,solvent_family_fine::halogenated_aliphatic,1,False,pair,res,5,5,5,2,2,10.1016/j.fluid.2015.11.037|10.1021/acs.jced.7b00114,10.1016/j.fluid.2015.11.037,0.9155,0.0376,2.144,,,,,,,False,True,2,2,2,,,,,,False,False,False,False,4,0,0,False,False,no estimate,"nothing: reported in the map, not stated as a finding",not boundable: n=5 < 40; the fixed cell is undefined at n=5
broad_477,solvent_family_fine,halogenated_aliphatic,a67239dd,solvent_family_fine::halogenated_aliphatic,1,False,row,full,18,5,5,2,2,10.1016/j.fluid.2015.11.037|10.1021/acs.jced.7b00114,10.1016/j.fluid.2015.11.037,0.9786,0.0277,1.401,0.7092,-0.0175,0.81,-0.327,2.373,False,False,True,2,2,2,,,,,,False,False,False,False,4,0,0,False,False,non-positive,"nothing: reported in the map, not stated as a finding","not boundable: n=18 < 40; 2 of 2 deletions leave fewer than 16 rows and the fixed cell is then undefined (10.1016/j.fluid.2015.11.037, 10.1021/acs.jced.7b00114), so the sign is not verifiable"
broad_477,solvent_family_fine,halogenated_aliphatic,a67239dd,solvent_family_fine::halogenated_aliphatic,1,False,row,res,18,5,5,2,2,10.1016/j.fluid.2015.11.037|10.1021/acs.jced.7b00114,10.1016/j.fluid.2015.11.037,0.8658,0.0303,1.5258,0.7092,0.1073,0.866,-0.183,2.332,False,False,True,2,2,2,,,,,,False,False,False,False,4,0,0,False,False,positive,"nothing: reported in the map, not stated as a finding","not boundable: n=18 < 40; 2 of 2 deletions leave fewer than 16 rows and the fixed cell is then undefined (10.1016/j.fluid.2015.11.037, 10.1021/acs.jced.7b00114), so the sign is not verifiable"
broad_477,solvent_family_fine,halogenated_aromatic,33191775,solvent_family_fine::halogenated_aromatic,1,False,pair,full,2,2,1,2,1,10.1021/acs.jced.7b00114,10.1021/acs.jced.7b00114,1.0,0.0358,5.5531,,,,,,,False,False,1,1,1,,,,,,False,False,False,False,4,0,0,False,False,no estimate,"nothing: reported in the map, not stated as a finding",not boundable: n=2 < 40; the fixed cell is undefined at n=2
broad_477,solvent_family_fine,halogenated_aromatic,33191775,solvent_family_fine::halogenated_aromatic,1,False,pair,res,2,2,1,2,1,10.1021/acs.jced.7b00114,10.1021/acs.jced.7b00114,1.0,0.0626,8.9178,,,,,,,False,False,1,1,1,,,,,,False,False,False,False,4,0,0,False,False,no estimate,"nothing: reported in the map, not stated as a finding",not boundable: n=2 < 40; the fixed cell is undefined at n=2
broad_477,solvent_family_fine,halogenated_aromatic,10379d23,solvent_family_fine::halogenated_aromatic,1,False,row,full,12,2,1,2,1,10.1021/acs.jced.7b00114,10.1021/acs.jced.7b00114,1.0,0.0754,5.7244,,,,,,,False,False,1,1,1,,,,,,False,False,False,False,4,0,0,False,False,no estimate,"nothing: reported in the map, not stated as a finding",not boundable: n=12 < 40; the fixed cell is undefined at n=12
broad_477,solvent_family_fine,halogenated_aromatic,10379d23,solvent_family_fine::halogenated_aromatic,1,False,row,res,12,2,1,2,1,10.1021/acs.jced.7b00114,10.1021/acs.jced.7b00114,1.0,0.1208,9.1345,,,,,,,False,False,1,1,1,,,,,,False,False,False,False,4,0,0,False,False,no estimate,"nothing: reported in the map, not stated as a finding",not boundable: n=12 < 40; the fixed cell is undefined at n=12
broad_477,solvent_family_fine,ketone_aldehyde,8158529e,solvent_family_fine::ketone_aldehyde,1,False,pair,full,2,2,2,1,1,10.1016/j.jct.2015.12.034,10.1016/j.jct.2015.12.034,1.0,0.0043,0.672,,,,,,,False,False,1,1,1,,,,,,False,False,False,False,4,0,0,False,False,no estimate,"nothing: reported in the map, not stated as a finding",not boundable: n=2 < 40; the fixed cell is undefined at n=2
broad_477,solvent_family_fine,ketone_aldehyde,8158529e,solvent_family_fine::ketone_aldehyde,1,False,pair,res,2,2,2,1,1,10.1016/j.jct.2015.12.034,10.1016/j.jct.2015.12.034,1.0,0.0028,0.4035,,,,,,,False,False,1,1,1,,,,,,False,False,False,False,4,0,0,False,False,no estimate,"nothing: reported in the map, not stated as a finding",not boundable: n=2 < 40; the fixed cell is undefined at n=2
broad_477,solvent_family_fine,ketone_aldehyde,0410b5ee,solvent_family_fine::ketone_aldehyde,1,False,row,full,2,2,2,1,1,10.1016/j.jct.2015.12.034,10.1016/j.jct.2015.12.034,1.0,0.0015,0.672,,,,,,,False,False,1,1,1,,,,,,False,False,False,False,4,0,0,False,False,no estimate,"nothing: reported in the map, not stated as a finding",not boundable: n=2 < 40; the fixed cell is undefined at n=2
broad_477,solvent_family_fine,ketone_aldehyde,0410b5ee,solvent_family_fine::ketone_aldehyde,1,False,row,res,2,2,2,1,1,10.1016/j.jct.2015.12.034,10.1016/j.jct.2015.12.034,1.0,0.0009,0.4035,,,,,,,False,False,1,1,1,,,,,,False,False,False,False,4,0,0,False,False,no estimate,"nothing: reported in the map, not stated as a finding",not boundable: n=2 < 40; the fixed cell is undefined at n=2
broad_477,solvent_family_fine,mono_alcohol,3cac4071,solvent_class::mono_alcohol,3,True,pair,full,17,17,14,4,2,10.1016/j.fluid.2015.11.037|10.1016/j.tca.2012.02.005,10.1016/j.tca.2012.02.005,0.8193,0.1727,3.1556,1.8475,-0.5394,0.945,-0.047,5.457,False,False,True,2,2,2,,,,,,False,False,False,False,4,0,0,False,False,non-positive,"nothing: reported in the map, not stated as a finding","not boundable: n=17 < 40; 2 of 2 deletions leave fewer than 16 rows and the fixed cell is then undefined (10.1016/j.fluid.2015.11.037, 10.1016/j.tca.2012.02.005), so the sign is not verifiable"
broad_477,solvent_family_fine,mono_alcohol,3cac4071,solvent_class::mono_alcohol,3,True,pair,res,17,17,14,4,2,10.1016/j.fluid.2015.11.037|10.1016/j.tca.2012.02.005,10.1016/j.tca.2012.02.005,0.7913,0.1565,2.6219,1.0186,0.5846,0.94,-0.06,4.212,False,False,True,2,2,2,,,,,,False,False,False,False,4,0,0,False,False,positive,"nothing: reported in the map, not stated as a finding","not boundable: n=17 < 40; 2 of 2 deletions leave fewer than 16 rows and the fixed cell is then undefined (10.1016/j.fluid.2015.11.037, 10.1016/j.tca.2012.02.005), so the sign is not verifiable"
broad_477,solvent_family_fine,mono_alcohol,3a91251f,solvent_class::mono_alcohol,3,True,row,full,35,17,14,4,2,10.1016/j.fluid.2015.11.037|10.1016/j.tca.2012.02.005,10.1016/j.fluid.2015.11.037,0.508,0.098,2.5525,0.7328,1.0869,0.978,0.373,4.264,True,False,True,2,1,2,2.0429,2.0429,10.1016/j.tca.2012.02.005,2.0429,22.0,False,False,False,False,4,0,0,False,False,positive,"nothing: reported in the map, not stated as a finding","not boundable: n=35 < 40; 1 of 2 deletions leave fewer than 16 rows and the fixed cell is then undefined (10.1016/j.fluid.2015.11.037), so the sign is not verifiable"
broad_477,solvent_family_fine,mono_alcohol,3a91251f,solvent_class::mono_alcohol,3,True,row,res,35,17,14,4,2,10.1016/j.fluid.2015.11.037|10.1016/j.tca.2012.02.005,10.1016/j.fluid.2015.11.037,0.5521,0.0868,2.2498,0.733,0.7837,0.964,0.182,3.238,True,False,True,2,1,2,1.9516,1.9516,10.1016/j.tca.2012.02.005,1.9516,22.0,False,False,False,False,4,0,0,False,False,positive,"nothing: reported in the map, not stated as a finding","not boundable: n=35 < 40; 1 of 2 deletions leave fewer than 16 rows and the fixed cell is then undefined (10.1016/j.fluid.2015.11.037), so the sign is not verifiable"
broad_477,solvent_family_fine,nitrile,a44013b0,solvent_family_fine::nitrile,1,False,pair,full,2,2,2,1,1,10.1016/j.jct.2015.12.034,10.1016/j.jct.2015.12.034,1.0,0.0004,0.0552,,,,,,,False,False,1,1,1,,,,,,False,False,False,False,4,0,0,False,False,no estimate,"nothing: reported in the map, not stated as a finding",not boundable: n=2 < 40; the fixed cell is undefined at n=2
broad_477,solvent_family_fine,nitrile,a44013b0,solvent_family_fine::nitrile,1,False,pair,res,2,2,2,1,1,10.1016/j.jct.2015.12.034,10.1016/j.jct.2015.12.034,1.0,0.0028,0.3969,,,,,,,False,False,1,1,1,,,,,,False,False,False,False,4,0,0,False,False,no estimate,"nothing: reported in the map, not stated as a finding",not boundable: n=2 < 40; the fixed cell is undefined at n=2
broad_477,solvent_family_fine,nitrile,7ca71f7e,solvent_family_fine::nitrile,1,False,row,full,2,2,2,1,1,10.1016/j.jct.2015.12.034,10.1016/j.jct.2015.12.034,1.0,0.0001,0.0552,,,,,,,False,False,1,1,1,,,,,,False,False,False,False,4,0,0,False,False,no estimate,"nothing: reported in the map, not stated as a finding",not boundable: n=2 < 40; the fixed cell is undefined at n=2
broad_477,solvent_family_fine,nitrile,7ca71f7e,solvent_family_fine::nitrile,1,False,row,res,2,2,2,1,1,10.1016/j.jct.2015.12.034,10.1016/j.jct.2015.12.034,1.0,0.0009,0.3969,,,,,,,False,False,1,1,1,,,,,,False,False,False,False,4,0,0,False,False,no estimate,"nothing: reported in the map, not stated as a finding",not boundable: n=2 < 40; the fixed cell is undefined at n=2
broad_477,solvent_family_fine,water,ef35966c,solvent_class::water,3,True,pair,full,15,15,15,1,3,10.1016/j.fluid.2015.01.010|10.1016/j.fluid.2016.08.030|10.1021/acs.jced.9b00726,10.1021/acs.jced.9b00726,0.622,0.0382,0.7905,,,,,,,False,True,3,3,3,,,,,,False,False,False,False,4,1,1,False,False,no estimate,"nothing: reported in the map, not stated as a finding",not boundable: n=15 < 40; the fixed cell is undefined at n=15
broad_477,solvent_family_fine,water,ef35966c,solvent_class::water,3,True,pair,res,15,15,15,1,3,10.1016/j.fluid.2015.01.010|10.1016/j.fluid.2016.08.030|10.1021/acs.jced.9b00726,10.1021/acs.jced.9b00726,0.6906,0.0276,0.5234,,,,,,,False,True,3,3,3,,,,,,False,False,False,False,4,1,1,False,False,no estimate,"nothing: reported in the map, not stated as a finding",not boundable: n=15 < 40; the fixed cell is undefined at n=15
broad_477,solvent_family_fine,water,bdbedd1e,solvent_class::water,3,True,row,full,111,15,15,1,3,10.1016/j.fluid.2015.01.010|10.1016/j.fluid.2016.08.030|10.1021/acs.jced.9b00726,10.1021/acs.jced.9b00726,0.5021,0.1113,0.914,0.1742,0.5655,0.997,0.255,0.969,True,True,True,3,0,0,0.0412,0.7866,10.1016/j.fluid.2015.01.010,0.0412,65.0,True,True,True,True,4,1,1,False,False,positive,B_clos > 0 in this stratum: the closure's own error exceeds what input insufficiency can account for,
broad_477,solvent_family_fine,water,bdbedd1e,solvent_class::water,3,True,row,res,111,15,15,1,3,10.1016/j.fluid.2015.01.010|10.1016/j.fluid.2016.08.030|10.1021/acs.jced.9b00726,10.1021/acs.jced.9b00726,0.7457,0.0583,0.4765,0.215,0.0464,0.761,-0.145,0.394,False,True,True,3,0,0,-0.1935,0.2455,10.1021/acs.jced.9b00726,-0.1935,50.0,False,False,False,False,4,1,1,False,False,positive,"nothing: reported in the map, not stated as a finding",sign does not survive deletion of 10.1016/j.fluid.2015.01.010 (+0.046 -> -0.075); 10.1021/acs.jced.9b00726 (+0.046 -> -0.194)
broad_477,whole_set,all,5551d60a,whole_set::all,1,False,pair,full,185,185,78,36,15,10.1016/j.fluid.2013.06.028|10.1016/j.fluid.2015.01.010|10.1016/j.fluid.2015.11.037|10.1016/j.fluid.2016.08.030|10.1016/j.fluid.2016.10.009|10.1016/j.jct.2013.05.006|10.1016/j.jct.2015.12.034|10.1016/j.jct.2016.10.013|10.1016/j.jct.2018.05.003|10.1016/j.jct.2019.05.011|10.1016/j.tca.2012.02.005|10.1016/j.tca.2015.11.010|10.1021/acs.jced.7b00114|10.1021/acs.jced.9b00726|10.1021/je020196d,10.1016/j.jct.2016.10.013,0.2819,1.0,1.6792,0.4946,0.6901,0.957,0.046,1.584,True,True,True,15,0,0,0.3339,0.7623,10.1016/j.jct.2016.10.013,0.3339,161.0,True,True,True,True,4,3,3,False,False,positive,B_clos > 0 in this stratum: the closure's own error exceeds what input insufficiency can account for,
broad_477,whole_set,all,5551d60a,whole_set::all,1,False,pair,res,185,185,78,36,15,10.1016/j.fluid.2013.06.028|10.1016/j.fluid.2015.01.010|10.1016/j.fluid.2015.11.037|10.1016/j.fluid.2016.08.030|10.1016/j.fluid.2016.10.009|10.1016/j.jct.2013.05.006|10.1016/j.jct.2015.12.034|10.1016/j.jct.2016.10.013|10.1016/j.jct.2018.05.003|10.1016/j.jct.2019.05.011|10.1016/j.tca.2012.02.005|10.1016/j.tca.2015.11.010|10.1021/acs.jced.7b00114|10.1021/acs.jced.9b00726|10.1021/je020196d,10.1016/j.jct.2016.10.013,0.2719,1.0,1.5396,0.6347,0.2702,0.787,-0.304,1.235,False,True,True,15,0,0,-0.1192,0.3303,10.1021/acs.jced.7b00114,-0.1192,179.0,False,False,False,False,4,3,3,False,False,positive,"nothing: reported in the map, not stated as a finding",sign does not survive deletion of 10.1021/acs.jced.7b00114 (+0.270 -> -0.119)
broad_477,whole_set,all,72f34270,whole_set::all,1,False,row,full,477,185,78,36,15,10.1016/j.fluid.2013.06.028|10.1016/j.fluid.2015.01.010|10.1016/j.fluid.2015.11.037|10.1016/j.fluid.2016.08.030|10.1016/j.fluid.2016.10.009|10.1016/j.jct.2013.05.006|10.1016/j.jct.2015.12.034|10.1016/j.jct.2016.10.013|10.1016/j.jct.2018.05.003|10.1016/j.jct.2019.05.011|10.1016/j.tca.2012.02.005|10.1016/j.tca.2015.11.010|10.1021/acs.jced.7b00114|10.1021/acs.jced.9b00726|10.1021/je020196d,10.1016/j.jct.2016.10.013,0.2712,1.0,1.9108,0.482,0.9467,0.998,0.48,1.85,True,True,True,15,0,0,0.8211,1.0732,10.1021/acs.jced.7b00114,0.8211,440.0,True,True,True,True,4,3,3,False,False,positive,B_clos > 0 in this stratum: the closure's own error exceeds what input insufficiency can account for,
broad_477,whole_set,all,72f34270,whole_set::all,1,False,row,res,477,185,78,36,15,10.1016/j.fluid.2013.06.028|10.1016/j.fluid.2015.01.010|10.1016/j.fluid.2015.11.037|10.1016/j.fluid.2016.08.030|10.1016/j.fluid.2016.10.009|10.1016/j.jct.2013.05.006|10.1016/j.jct.2015.12.034|10.1016/j.jct.2016.10.013|10.1016/j.jct.2018.05.003|10.1016/j.jct.2019.05.011|10.1016/j.tca.2012.02.005|10.1016/j.tca.2015.11.010|10.1021/acs.jced.7b00114|10.1021/acs.jced.9b00726|10.1021/je020196d,10.1021/acs.jced.7b00114,0.3208,1.0,1.9018,0.6966,0.5086,0.929,-0.087,2.16,False,True,True,15,0,0,0.1837,0.8749,10.1021/acs.jced.7b00114,0.1837,440.0,True,True,True,True,4,3,3,False,False,positive,B_clos > 0 in this stratum: the closure's own error exceeds what input insufficiency can account for,
corner_60,solute_family,alkane,eb87f7cf,solute_family::alkane,1,False,pair,full,5,5,5,1,1,10.1016/j.fluid.2016.10.009,10.1016/j.fluid.2016.10.009,1.0,0.0043,0.0909,,,,,,,False,False,1,1,1,,,,,,False,False,False,False,4,0,0,False,False,no estimate,"nothing: reported in the map, not stated as a finding",not boundable: n=5 < 40; the fixed cell is undefined at n=5
corner_60,solute_family,alkane,eb87f7cf,solute_family::alkane,1,False,pair,res,5,5,5,1,1,10.1016/j.fluid.2016.10.009,10.1016/j.fluid.2016.10.009,1.0,0.0013,0.0223,,,,,,,False,False,1,1,1,,,,,,False,False,False,False,4,0,0,False,False,no estimate,"nothing: reported in the map, not stated as a finding",not boundable: n=5 < 40; the fixed cell is undefined at n=5
corner_60,solute_family,alkane,eb87f7cf,solute_family::alkane,1,False,row,full,5,5,5,1,1,10.1016/j.fluid.2016.10.009,10.1016/j.fluid.2016.10.009,1.0,0.0043,0.0909,,,,,,,False,False,1,1,1,,,,,,False,False,False,False,4,0,0,False,False,no estimate,"nothing: reported in the map, not stated as a finding",not boundable: n=5 < 40; the fixed cell is undefined at n=5
corner_60,solute_family,alkane,eb87f7cf,solute_family::alkane,1,False,row,res,5,5,5,1,1,10.1016/j.fluid.2016.10.009,10.1016/j.fluid.2016.10.009,1.0,0.0013,0.0223,,,,,,,False,False,1,1,1,,,,,,False,False,False,False,4,0,0,False,False,no estimate,"nothing: reported in the map, not stated as a finding",not boundable: n=5 < 40; the fixed cell is undefined at n=5
corner_60,solute_family,alkene,bfd02194,solute_family::alkene,1,False,pair,full,2,2,2,1,1,10.1016/j.fluid.2016.10.009,10.1016/j.fluid.2016.10.009,1.0,0.0013,0.0711,,,,,,,False,False,1,1,1,,,,,,False,False,False,False,4,0,0,False,False,no estimate,"nothing: reported in the map, not stated as a finding",not boundable: n=2 < 40; the fixed cell is undefined at n=2
corner_60,solute_family,alkene,bfd02194,solute_family::alkene,1,False,pair,res,2,2,2,1,1,10.1016/j.fluid.2016.10.009,10.1016/j.fluid.2016.10.009,1.0,0.001,0.0424,,,,,,,False,False,1,1,1,,,,,,False,False,False,False,4,0,0,False,False,no estimate,"nothing: reported in the map, not stated as a finding",not boundable: n=2 < 40; the fixed cell is undefined at n=2
corner_60,solute_family,alkene,bfd02194,solute_family::alkene,1,False,row,full,2,2,2,1,1,10.1016/j.fluid.2016.10.009,10.1016/j.fluid.2016.10.009,1.0,0.0013,0.0711,,,,,,,False,False,1,1,1,,,,,,False,False,False,False,4,0,0,False,False,no estimate,"nothing: reported in the map, not stated as a finding",not boundable: n=2 < 40; the fixed cell is undefined at n=2
corner_60,solute_family,alkene,bfd02194,solute_family::alkene,1,False,row,res,2,2,2,1,1,10.1016/j.fluid.2016.10.009,10.1016/j.fluid.2016.10.009,1.0,0.001,0.0424,,,,,,,False,False,1,1,1,,,,,,False,False,False,False,4,0,0,False,False,no estimate,"nothing: reported in the map, not stated as a finding",not boundable: n=2 < 40; the fixed cell is undefined at n=2
corner_60,solute_family,alkyne,fc942c07,solute_family::alkyne,1,False,pair,full,1,1,1,1,1,10.1016/j.fluid.2016.10.009,10.1016/j.fluid.2016.10.009,1.0,0.007,0.7401,,,,,,,False,False,1,1,1,,,,,,False,False,False,False,4,0,0,False,False,no estimate,"nothing: reported in the map, not stated as a finding",not boundable: n=1 < 40; the fixed cell is undefined at n=1
corner_60,solute_family,alkyne,fc942c07,solute_family::alkyne,1,False,pair,res,1,1,1,1,1,10.1016/j.fluid.2016.10.009,10.1016/j.fluid.2016.10.009,1.0,0.007,0.6038,,,,,,,False,False,1,1,1,,,,,,False,False,False,False,4,0,0,False,False,no estimate,"nothing: reported in the map, not stated as a finding",not boundable: n=1 < 40; the fixed cell is undefined at n=1
corner_60,solute_family,alkyne,fc942c07,solute_family::alkyne,1,False,row,full,1,1,1,1,1,10.1016/j.fluid.2016.10.009,10.1016/j.fluid.2016.10.009,1.0,0.007,0.7401,,,,,,,False,False,1,1,1,,,,,,False,False,False,False,4,0,0,False,False,no estimate,"nothing: reported in the map, not stated as a finding",not boundable: n=1 < 40; the fixed cell is undefined at n=1
corner_60,solute_family,alkyne,fc942c07,solute_family::alkyne,1,False,row,res,1,1,1,1,1,10.1016/j.fluid.2016.10.009,10.1016/j.fluid.2016.10.009,1.0,0.007,0.6038,,,,,,,False,False,1,1,1,,,,,,False,False,False,False,4,0,0,False,False,no estimate,"nothing: reported in the map, not stated as a finding",not boundable: n=1 < 40; the fixed cell is undefined at n=1
corner_60,solute_family,amine_NH,0ca32fdc,solute_family::amine_NH,1,False,pair,full,12,12,7,2,1,10.1016/j.tca.2012.02.005,10.1016/j.tca.2012.02.005,1.0,0.4811,4.2267,,,,,,,False,False,1,1,1,,,,,,False,False,False,False,4,0,0,False,False,no estimate,"nothing: reported in the map, not stated as a finding",not boundable: n=12 < 40; the fixed cell is undefined at n=12
corner_60,solute_family,amine_NH,0ca32fdc,solute_family::amine_NH,1,False,pair,res,12,12,7,2,1,10.1016/j.tca.2012.02.005,10.1016/j.tca.2012.02.005,1.0,0.4683,3.3615,,,,,,,False,False,1,1,1,,,,,,False,False,False,False,4,0,0,False,False,no estimate,"nothing: reported in the map, not stated as a finding",not boundable: n=12 < 40; the fixed cell is undefined at n=12
corner_60,solute_family,amine_NH,0ca32fdc,solute_family::amine_NH,1,False,row,full,12,12,7,2,1,10.1016/j.tca.2012.02.005,10.1016/j.tca.2012.02.005,1.0,0.4811,4.2267,,,,,,,False,False,1,1,1,,,,,,False,False,False,False,4,0,0,False,False,no estimate,"nothing: reported in the map, not stated as a finding",not boundable: n=12 < 40; the fixed cell is undefined at n=12
corner_60,solute_family,amine_NH,0ca32fdc,solute_family::amine_NH,1,False,row,res,12,12,7,2,1,10.1016/j.tca.2012.02.005,10.1016/j.tca.2012.02.005,1.0,0.4683,3.3615,,,,,,,False,False,1,1,1,,,,,,False,False,False,False,4,0,0,False,False,no estimate,"nothing: reported in the map, not stated as a finding",not boundable: n=12 < 40; the fixed cell is undefined at n=12
corner_60,solute_family,aromatic_hydrocarbon,876a3c57,solute_family::aromatic_hydrocarbon,1,False,pair,full,7,7,7,2,2,10.1016/j.fluid.2013.06.028|10.1016/j.fluid.2016.10.009,10.1016/j.fluid.2013.06.028,0.9994,0.1091,1.6437,,,,,,,False,True,2,2,2,,,,,,False,False,False,False,4,0,0,False,False,no estimate,"nothing: reported in the map, not stated as a finding",not boundable: n=7 < 40; the fixed cell is undefined at n=7
corner_60,solute_family,aromatic_hydrocarbon,876a3c57,solute_family::aromatic_hydrocarbon,1,False,pair,res,7,7,7,2,2,10.1016/j.fluid.2013.06.028|10.1016/j.fluid.2016.10.009,10.1016/j.fluid.2013.06.028,0.9999,0.123,1.5136,,,,,,,False,True,2,2,2,,,,,,False,False,False,False,4,0,0,False,False,no estimate,"nothing: reported in the map, not stated as a finding",not boundable: n=7 < 40; the fixed cell is undefined at n=7
corner_60,solute_family,aromatic_hydrocarbon,876a3c57,solute_family::aromatic_hydrocarbon,1,False,row,full,7,7,7,2,2,10.1016/j.fluid.2013.06.028|10.1016/j.fluid.2016.10.009,10.1016/j.fluid.2013.06.028,0.9994,0.1091,1.6437,,,,,,,False,True,2,2,2,,,,,,False,False,False,False,4,0,0,False,False,no estimate,"nothing: reported in the map, not stated as a finding",not boundable: n=7 < 40; the fixed cell is undefined at n=7
corner_60,solute_family,aromatic_hydrocarbon,876a3c57,solute_family::aromatic_hydrocarbon,1,False,row,res,7,7,7,2,2,10.1016/j.fluid.2013.06.028|10.1016/j.fluid.2016.10.009,10.1016/j.fluid.2013.06.028,0.9999,0.123,1.5136,,,,,,,False,True,2,2,2,,,,,,False,False,False,False,4,0,0,False,False,no estimate,"nothing: reported in the map, not stated as a finding",not boundable: n=7 < 40; the fixed cell is undefined at n=7
corner_60,solute_family,azine,c0614069,solute_family::azine,1,False,pair,full,6,6,5,2,1,10.1016/j.tca.2012.02.005,10.1016/j.tca.2012.02.005,1.0,0.0041,0.0723,,,,,,,False,False,1,1,1,,,,,,False,False,False,False,4,0,0,False,False,no estimate,"nothing: reported in the map, not stated as a finding",not boundable: n=6 < 40; the fixed cell is undefined at n=6
corner_60,solute_family,azine,c0614069,solute_family::azine,1,False,pair,res,6,6,5,2,1,10.1016/j.tca.2012.02.005,10.1016/j.tca.2012.02.005,1.0,0.0094,0.1348,,,,,,,False,False,1,1,1,,,,,,False,False,False,False,4,0,0,False,False,no estimate,"nothing: reported in the map, not stated as a finding",not boundable: n=6 < 40; the fixed cell is undefined at n=6
corner_60,solute_family,azine,c0614069,solute_family::azine,1,False,row,full,6,6,5,2,1,10.1016/j.tca.2012.02.005,10.1016/j.tca.2012.02.005,1.0,0.0041,0.0723,,,,,,,False,False,1,1,1,,,,,,False,False,False,False,4,0,0,False,False,no estimate,"nothing: reported in the map, not stated as a finding",not boundable: n=6 < 40; the fixed cell is undefined at n=6
corner_60,solute_family,azine,c0614069,solute_family::azine,1,False,row,res,6,6,5,2,1,10.1016/j.tca.2012.02.005,10.1016/j.tca.2012.02.005,1.0,0.0094,0.1348,,,,,,,False,False,1,1,1,,,,,,False,False,False,False,4,0,0,False,False,no estimate,"nothing: reported in the map, not stated as a finding",not boundable: n=6 < 40; the fixed cell is undefined at n=6
corner_60,solute_family,ester,f7ccad17,solute_family::ester,1,False,pair,full,2,2,2,1,1,10.1016/j.fluid.2016.10.009,10.1016/j.fluid.2016.10.009,1.0,0.0,0.0014,,,,,,,False,False,1,1,1,,,,,,False,False,False,False,4,0,0,False,False,no estimate,"nothing: reported in the map, not stated as a finding",not boundable: n=2 < 40; the fixed cell is undefined at n=2
corner_60,solute_family,ester,f7ccad17,solute_family::ester,1,False,pair,res,2,2,2,1,1,10.1016/j.fluid.2016.10.009,10.1016/j.fluid.2016.10.009,1.0,0.0003,0.0113,,,,,,,False,False,1,1,1,,,,,,False,False,False,False,4,0,0,False,False,no estimate,"nothing: reported in the map, not stated as a finding",not boundable: n=2 < 40; the fixed cell is undefined at n=2
corner_60,solute_family,ester,f7ccad17,solute_family::ester,1,False,row,full,2,2,2,1,1,10.1016/j.fluid.2016.10.009,10.1016/j.fluid.2016.10.009,1.0,0.0,0.0014,,,,,,,False,False,1,1,1,,,,,,False,False,False,False,4,0,0,False,False,no estimate,"nothing: reported in the map, not stated as a finding",not boundable: n=2 < 40; the fixed cell is undefined at n=2
corner_60,solute_family,ester,f7ccad17,solute_family::ester,1,False,row,res,2,2,2,1,1,10.1016/j.fluid.2016.10.009,10.1016/j.fluid.2016.10.009,1.0,0.0003,0.0113,,,,,,,False,False,1,1,1,,,,,,False,False,False,False,4,0,0,False,False,no estimate,"nothing: reported in the map, not stated as a finding",not boundable: n=2 < 40; the fixed cell is undefined at n=2
corner_60,solute_family,ether,397b6e68,solute_family::ether,1,False,pair,full,1,1,1,1,1,10.1016/j.fluid.2016.10.009,10.1016/j.fluid.2016.10.009,1.0,0.0001,0.0108,,,,,,,False,False,1,1,1,,,,,,False,False,False,False,4,0,0,False,False,no estimate,"nothing: reported in the map, not stated as a finding",not boundable: n=1 < 40; the fixed cell is undefined at n=1
corner_60,solute_family,ether,397b6e68,solute_family::ether,1,False,pair,res,1,1,1,1,1,10.1016/j.fluid.2016.10.009,10.1016/j.fluid.2016.10.009,1.0,0.0001,0.011,,,,,,,False,False,1,1,1,,,,,,False,False,False,False,4,0,0,False,False,no estimate,"nothing: reported in the map, not stated as a finding",not boundable: n=1 < 40; the fixed cell is undefined at n=1
corner_60,solute_family,ether,397b6e68,solute_family::ether,1,False,row,full,1,1,1,1,1,10.1016/j.fluid.2016.10.009,10.1016/j.fluid.2016.10.009,1.0,0.0001,0.0108,,,,,,,False,False,1,1,1,,,,,,False,False,False,False,4,0,0,False,False,no estimate,"nothing: reported in the map, not stated as a finding",not boundable: n=1 < 40; the fixed cell is undefined at n=1
corner_60,solute_family,ether,397b6e68,solute_family::ether,1,False,row,res,1,1,1,1,1,10.1016/j.fluid.2016.10.009,10.1016/j.fluid.2016.10.009,1.0,0.0001,0.011,,,,,,,False,False,1,1,1,,,,,,False,False,False,False,4,0,0,False,False,no estimate,"nothing: reported in the map, not stated as a finding",not boundable: n=1 < 40; the fixed cell is undefined at n=1
corner_60,solute_family,halogenated_aliphatic,3bd5b514,solute_family::halogenated_aliphatic,1,False,pair,full,3,3,3,1,1,10.1016/j.fluid.2016.10.009,10.1016/j.fluid.2016.10.009,1.0,0.0001,0.0039,,,,,,,False,False,1,1,1,,,,,,False,False,False,False,4,0,0,False,False,no estimate,"nothing: reported in the map, not stated as a finding",not boundable: n=3 < 40; the fixed cell is undefined at n=3
corner_60,solute_family,halogenated_aliphatic,3bd5b514,solute_family::halogenated_aliphatic,1,False,pair,res,3,3,3,1,1,10.1016/j.fluid.2016.10.009,10.1016/j.fluid.2016.10.009,1.0,0.0001,0.0033,,,,,,,False,False,1,1,1,,,,,,False,False,False,False,4,0,0,False,False,no estimate,"nothing: reported in the map, not stated as a finding",not boundable: n=3 < 40; the fixed cell is undefined at n=3
corner_60,solute_family,halogenated_aliphatic,3bd5b514,solute_family::halogenated_aliphatic,1,False,row,full,3,3,3,1,1,10.1016/j.fluid.2016.10.009,10.1016/j.fluid.2016.10.009,1.0,0.0001,0.0039,,,,,,,False,False,1,1,1,,,,,,False,False,False,False,4,0,0,False,False,no estimate,"nothing: reported in the map, not stated as a finding",not boundable: n=3 < 40; the fixed cell is undefined at n=3
corner_60,solute_family,halogenated_aliphatic,3bd5b514,solute_family::halogenated_aliphatic,1,False,row,res,3,3,3,1,1,10.1016/j.fluid.2016.10.009,10.1016/j.fluid.2016.10.009,1.0,0.0001,0.0033,,,,,,,False,False,1,1,1,,,,,,False,False,False,False,4,0,0,False,False,no estimate,"nothing: reported in the map, not stated as a finding",not boundable: n=3 < 40; the fixed cell is undefined at n=3
corner_60,solute_family,halogenated_aromatic,568437bc,solute_family::halogenated_aromatic,1,False,pair,full,4,4,4,1,1,10.1016/j.fluid.2013.06.028,10.1016/j.fluid.2013.06.028,1.0,0.0739,1.9488,,,,,,,False,False,1,1,1,,,,,,False,False,False,False,4,0,0,False,False,no estimate,"nothing: reported in the map, not stated as a finding",not boundable: n=4 < 40; the fixed cell is undefined at n=4
corner_60,solute_family,halogenated_aromatic,568437bc,solute_family::halogenated_aromatic,1,False,pair,res,4,4,4,1,1,10.1016/j.fluid.2013.06.028,10.1016/j.fluid.2013.06.028,1.0,0.0829,1.7846,,,,,,,False,False,1,1,1,,,,,,False,False,False,False,4,0,0,False,False,no estimate,"nothing: reported in the map, not stated as a finding",not boundable: n=4 < 40; the fixed cell is undefined at n=4
corner_60,solute_family,halogenated_aromatic,568437bc,solute_family::halogenated_aromatic,1,False,row,full,4,4,4,1,1,10.1016/j.fluid.2013.06.028,10.1016/j.fluid.2013.06.028,1.0,0.0739,1.9488,,,,,,,False,False,1,1,1,,,,,,False,False,False,False,4,0,0,False,False,no estimate,"nothing: reported in the map, not stated as a finding",not boundable: n=4 < 40; the fixed cell is undefined at n=4
corner_60,solute_family,halogenated_aromatic,568437bc,solute_family::halogenated_aromatic,1,False,row,res,4,4,4,1,1,10.1016/j.fluid.2013.06.028,10.1016/j.fluid.2013.06.028,1.0,0.0829,1.7846,,,,,,,False,False,1,1,1,,,,,,False,False,False,False,4,0,0,False,False,no estimate,"nothing: reported in the map, not stated as a finding",not boundable: n=4 < 40; the fixed cell is undefined at n=4
corner_60,solute_family,ketone,ba323482,solute_family::ketone,1,False,pair,full,1,1,1,1,1,10.1016/j.fluid.2016.10.009,10.1016/j.fluid.2016.10.009,1.0,0.0008,0.0871,,,,,,,False,False,1,1,1,,,,,,False,False,False,False,4,0,0,False,False,no estimate,"nothing: reported in the map, not stated as a finding",not boundable: n=1 < 40; the fixed cell is undefined at n=1
corner_60,solute_family,ketone,ba323482,solute_family::ketone,1,False,pair,res,1,1,1,1,1,10.1016/j.fluid.2016.10.009,10.1016/j.fluid.2016.10.009,1.0,0.001,0.0835,,,,,,,False,False,1,1,1,,,,,,False,False,False,False,4,0,0,False,False,no estimate,"nothing: reported in the map, not stated as a finding",not boundable: n=1 < 40; the fixed cell is undefined at n=1
corner_60,solute_family,ketone,ba323482,solute_family::ketone,1,False,row,full,1,1,1,1,1,10.1016/j.fluid.2016.10.009,10.1016/j.fluid.2016.10.009,1.0,0.0008,0.0871,,,,,,,False,False,1,1,1,,,,,,False,False,False,False,4,0,0,False,False,no estimate,"nothing: reported in the map, not stated as a finding",not boundable: n=1 < 40; the fixed cell is undefined at n=1
corner_60,solute_family,ketone,ba323482,solute_family::ketone,1,False,row,res,1,1,1,1,1,10.1016/j.fluid.2016.10.009,10.1016/j.fluid.2016.10.009,1.0,0.001,0.0835,,,,,,,False,False,1,1,1,,,,,,False,False,False,False,4,0,0,False,False,no estimate,"nothing: reported in the map, not stated as a finding",not boundable: n=1 < 40; the fixed cell is undefined at n=1
corner_60,solute_family,mono_alcohol,a61dcc21,solute_family::mono_alcohol,1,False,pair,full,12,12,1,12,1,10.1016/j.tca.2012.02.005,10.1016/j.tca.2012.02.005,1.0,0.3153,2.7702,,,,,,,False,False,1,1,1,,,,,,False,False,False,False,4,0,0,False,False,no estimate,"nothing: reported in the map, not stated as a finding",not boundable: n=12 < 40; the fixed cell is undefined at n=12
corner_60,solute_family,mono_alcohol,a61dcc21,solute_family::mono_alcohol,1,False,pair,res,12,12,1,12,1,10.1016/j.tca.2012.02.005,10.1016/j.tca.2012.02.005,1.0,0.2933,2.1054,,,,,,,False,False,1,1,1,,,,,,False,False,False,False,4,0,0,False,False,no estimate,"nothing: reported in the map, not stated as a finding",not boundable: n=12 < 40; the fixed cell is undefined at n=12
corner_60,solute_family,mono_alcohol,a61dcc21,solute_family::mono_alcohol,1,False,row,full,12,12,1,12,1,10.1016/j.tca.2012.02.005,10.1016/j.tca.2012.02.005,1.0,0.3153,2.7702,,,,,,,False,False,1,1,1,,,,,,False,False,False,False,4,0,0,False,False,no estimate,"nothing: reported in the map, not stated as a finding",not boundable: n=12 < 40; the fixed cell is undefined at n=12
corner_60,solute_family,mono_alcohol,a61dcc21,solute_family::mono_alcohol,1,False,row,res,12,12,1,12,1,10.1016/j.tca.2012.02.005,10.1016/j.tca.2012.02.005,1.0,0.2933,2.1054,,,,,,,False,False,1,1,1,,,,,,False,False,False,False,4,0,0,False,False,no estimate,"nothing: reported in the map, not stated as a finding",not boundable: n=12 < 40; the fixed cell is undefined at n=12
corner_60,solute_family,nitrile,cbf68cbb,solute_family::nitrile,1,False,pair,full,1,1,1,1,1,10.1016/j.fluid.2016.10.009,10.1016/j.fluid.2016.10.009,1.0,0.0002,0.0163,,,,,,,False,False,1,1,1,,,,,,False,False,False,False,4,0,0,False,False,no estimate,"nothing: reported in the map, not stated as a finding",not boundable: n=1 < 40; the fixed cell is undefined at n=1
corner_60,solute_family,nitrile,cbf68cbb,solute_family::nitrile,1,False,pair,res,1,1,1,1,1,10.1016/j.fluid.2016.10.009,10.1016/j.fluid.2016.10.009,1.0,0.0001,0.0059,,,,,,,False,False,1,1,1,,,,,,False,False,False,False,4,0,0,False,False,no estimate,"nothing: reported in the map, not stated as a finding",not boundable: n=1 < 40; the fixed cell is undefined at n=1
corner_60,solute_family,nitrile,cbf68cbb,solute_family::nitrile,1,False,row,full,1,1,1,1,1,10.1016/j.fluid.2016.10.009,10.1016/j.fluid.2016.10.009,1.0,0.0002,0.0163,,,,,,,False,False,1,1,1,,,,,,False,False,False,False,4,0,0,False,False,no estimate,"nothing: reported in the map, not stated as a finding",not boundable: n=1 < 40; the fixed cell is undefined at n=1
corner_60,solute_family,nitrile,cbf68cbb,solute_family::nitrile,1,False,row,res,1,1,1,1,1,10.1016/j.fluid.2016.10.009,10.1016/j.fluid.2016.10.009,1.0,0.0001,0.0059,,,,,,,False,False,1,1,1,,,,,,False,False,False,False,4,0,0,False,False,no estimate,"nothing: reported in the map, not stated as a finding",not boundable: n=1 < 40; the fixed cell is undefined at n=1
corner_60,solute_family,tertiary_amine,28cc59d3,solute_family::tertiary_amine,1,False,pair,full,3,3,1,3,1,10.1016/j.tca.2012.02.005,10.1016/j.tca.2012.02.005,1.0,0.0026,0.0906,,,,,,,False,False,1,1,1,,,,,,False,False,False,False,4,0,0,False,False,no estimate,"nothing: reported in the map, not stated as a finding",not boundable: n=3 < 40; the fixed cell is undefined at n=3
corner_60,solute_family,tertiary_amine,28cc59d3,solute_family::tertiary_amine,1,False,pair,res,3,3,1,3,1,10.1016/j.tca.2012.02.005,10.1016/j.tca.2012.02.005,1.0,0.0123,0.3534,,,,,,,False,False,1,1,1,,,,,,False,False,False,False,4,0,0,False,False,no estimate,"nothing: reported in the map, not stated as a finding",not boundable: n=3 < 40; the fixed cell is undefined at n=3
corner_60,solute_family,tertiary_amine,28cc59d3,solute_family::tertiary_amine,1,False,row,full,3,3,1,3,1,10.1016/j.tca.2012.02.005,10.1016/j.tca.2012.02.005,1.0,0.0026,0.0906,,,,,,,False,False,1,1,1,,,,,,False,False,False,False,4,0,0,False,False,no estimate,"nothing: reported in the map, not stated as a finding",not boundable: n=3 < 40; the fixed cell is undefined at n=3
corner_60,solute_family,tertiary_amine,28cc59d3,solute_family::tertiary_amine,1,False,row,res,3,3,1,3,1,10.1016/j.tca.2012.02.005,10.1016/j.tca.2012.02.005,1.0,0.0123,0.3534,,,,,,,False,False,1,1,1,,,,,,False,False,False,False,4,0,0,False,False,no estimate,"nothing: reported in the map, not stated as a finding",not boundable: n=3 < 40; the fixed cell is undefined at n=3
corner_60,solute_role,organic_solute,daa59358,solute_role::organic_solute,2,False,pair,full,60,60,41,17,3,10.1016/j.fluid.2013.06.028|10.1016/j.fluid.2016.10.009|10.1016/j.tca.2012.02.005,10.1016/j.tca.2012.02.005,0.803,1.0,1.7572,0.535,0.6871,0.955,0.014,2.675,True,True,True,3,0,1,0.2321,1.1483,10.1016/j.tca.2012.02.005,0.2321,27.0,True,False,True,False,4,2,0,False,False,positive,B_clos > 0 in this stratum: the closure's own error exceeds what input insufficiency can account for,
corner_60,solute_role,organic_solute,daa59358,solute_role::organic_solute,2,False,pair,res,60,60,41,17,3,10.1016/j.fluid.2013.06.028|10.1016/j.fluid.2016.10.009|10.1016/j.tca.2012.02.005,10.1016/j.tca.2012.02.005,0.7833,1.0,1.4356,0.7134,0.0089,0.833,-0.282,1.981,False,True,True,3,0,1,-0.233,0.373,10.1016/j.tca.2012.02.005,-0.233,27.0,False,False,False,False,4,2,0,False,False,positive,"nothing: reported in the map, not stated as a finding",sign does not survive deletion of 10.1016/j.tca.2012.02.005 (+0.009 -> -0.233)
corner_60,solute_role,organic_solute,daa59358,solute_role::organic_solute,2,False,row,full,60,60,41,17,3,10.1016/j.fluid.2013.06.028|10.1016/j.fluid.2016.10.009|10.1016/j.tca.2012.02.005,10.1016/j.tca.2012.02.005,0.803,1.0,1.7572,0.535,0.6871,0.948,-0.006,2.807,False,True,True,3,0,1,0.2321,1.1483,10.1016/j.tca.2012.02.005,0.2321,27.0,True,False,True,False,4,2,0,False,False,positive,B_clos > 0 in this stratum: the closure's own error exceeds what input insufficiency can account for,
corner_60,solute_role,organic_solute,daa59358,solute_role::organic_solute,2,False,row,res,60,60,41,17,3,10.1016/j.fluid.2013.06.028|10.1016/j.fluid.2016.10.009|10.1016/j.tca.2012.02.005,10.1016/j.tca.2012.02.005,0.7833,1.0,1.4356,0.7134,0.0089,0.835,-0.252,1.995,False,True,True,3,0,1,-0.233,0.373,10.1016/j.tca.2012.02.005,-0.233,27.0,False,False,False,False,4,2,0,False,False,positive,"nothing: reported in the map, not stated as a finding",sign does not survive deletion of 10.1016/j.tca.2012.02.005 (+0.009 -> -0.233)
corner_60,solvent_class,aliphatic_hydrocarbon,11bada88,solvent_class::aliphatic_hydrocarbon,3,False,pair,full,1,1,1,1,1,10.1016/j.tca.2012.02.005,10.1016/j.tca.2012.02.005,1.0,0.0,0.0014,,,,,,,False,False,1,1,1,,,,,,False,False,False,False,4,0,0,False,False,no estimate,"nothing: reported in the map, not stated as a finding",not boundable: n=1 < 40; the fixed cell is undefined at n=1
corner_60,solvent_class,aliphatic_hydrocarbon,11bada88,solvent_class::aliphatic_hydrocarbon,3,False,pair,res,1,1,1,1,1,10.1016/j.tca.2012.02.005,10.1016/j.tca.2012.02.005,1.0,0.0,0.0031,,,,,,,False,False,1,1,1,,,,,,False,False,False,False,4,0,0,False,False,no estimate,"nothing: reported in the map, not stated as a finding",not boundable: n=1 < 40; the fixed cell is undefined at n=1
corner_60,solvent_class,aliphatic_hydrocarbon,11bada88,solvent_class::aliphatic_hydrocarbon,3,False,row,full,1,1,1,1,1,10.1016/j.tca.2012.02.005,10.1016/j.tca.2012.02.005,1.0,0.0,0.0014,,,,,,,False,False,1,1,1,,,,,,False,False,False,False,4,0,0,False,False,no estimate,"nothing: reported in the map, not stated as a finding",not boundable: n=1 < 40; the fixed cell is undefined at n=1
corner_60,solvent_class,aliphatic_hydrocarbon,11bada88,solvent_class::aliphatic_hydrocarbon,3,False,row,res,1,1,1,1,1,10.1016/j.tca.2012.02.005,10.1016/j.tca.2012.02.005,1.0,0.0,0.0031,,,,,,,False,False,1,1,1,,,,,,False,False,False,False,4,0,0,False,False,no estimate,"nothing: reported in the map, not stated as a finding",not boundable: n=1 < 40; the fixed cell is undefined at n=1
corner_60,solvent_class,aprotic_acceptor,4044a156,solvent_class::aprotic_acceptor,4,False,pair,full,24,24,21,5,2,10.1016/j.fluid.2016.10.009|10.1016/j.tca.2012.02.005,10.1016/j.tca.2012.02.005,0.6103,0.0358,0.1574,0.0679,0.0216,0.738,-0.103,0.267,False,False,True,2,1,2,-0.0098,-0.0098,10.1016/j.tca.2012.02.005,-0.0098,20.0,False,False,False,False,4,0,0,False,False,positive,"nothing: reported in the map, not stated as a finding","not boundable: n=24 < 40; 1 of 2 deletions leave fewer than 16 rows and the fixed cell is then undefined (10.1016/j.fluid.2016.10.009), so the sign is not verifiable"
corner_60,solvent_class,aprotic_acceptor,4044a156,solvent_class::aprotic_acceptor,4,False,pair,res,24,24,21,5,2,10.1016/j.fluid.2016.10.009|10.1016/j.tca.2012.02.005,10.1016/j.tca.2012.02.005,0.5772,0.0257,0.0921,0.0688,-0.0454,0.49,-0.15,0.128,False,False,True,2,1,2,-0.04,-0.04,10.1016/j.tca.2012.02.005,-0.04,20.0,False,False,False,False,4,0,0,False,False,non-positive,"nothing: reported in the map, not stated as a finding","not boundable: n=24 < 40; 1 of 2 deletions leave fewer than 16 rows and the fixed cell is then undefined (10.1016/j.fluid.2016.10.009), so the sign is not verifiable"
corner_60,solvent_class,aprotic_acceptor,4044a156,solvent_class::aprotic_acceptor,4,False,row,full,24,24,21,5,2,10.1016/j.fluid.2016.10.009|10.1016/j.tca.2012.02.005,10.1016/j.tca.2012.02.005,0.6103,0.0358,0.1574,0.0679,0.0216,0.739,-0.111,0.261,False,False,True,2,1,2,-0.0098,-0.0098,10.1016/j.tca.2012.02.005,-0.0098,20.0,False,False,False,False,4,0,0,False,False,positive,"nothing: reported in the map, not stated as a finding","not boundable: n=24 < 40; 1 of 2 deletions leave fewer than 16 rows and the fixed cell is then undefined (10.1016/j.fluid.2016.10.009), so the sign is not verifiable"
corner_60,solvent_class,aprotic_acceptor,4044a156,solvent_class::aprotic_acceptor,4,False,row,res,24,24,21,5,2,10.1016/j.fluid.2016.10.009|10.1016/j.tca.2012.02.005,10.1016/j.tca.2012.02.005,0.5772,0.0257,0.0921,0.0688,-0.0454,0.472,-0.137,0.123,False,False,True,2,1,2,-0.04,-0.04,10.1016/j.tca.2012.02.005,-0.04,20.0,False,False,False,False,4,0,0,False,False,non-positive,"nothing: reported in the map, not stated as a finding","not boundable: n=24 < 40; 1 of 2 deletions leave fewer than 16 rows and the fixed cell is then undefined (10.1016/j.fluid.2016.10.009), so the sign is not verifiable"
corner_60,solvent_class,aromatic_hydrocarbon,409a8590,solvent_class::aromatic_hydrocarbon,3,False,pair,full,7,7,7,1,1,10.1016/j.tca.2012.02.005,10.1016/j.tca.2012.02.005,1.0,0.0709,1.0678,,,,,,,False,False,1,1,1,,,,,,False,False,False,False,4,0,0,False,False,no estimate,"nothing: reported in the map, not stated as a finding",not boundable: n=7 < 40; the fixed cell is undefined at n=7
corner_60,solvent_class,aromatic_hydrocarbon,409a8590,solvent_class::aromatic_hydrocarbon,3,False,pair,res,7,7,7,1,1,10.1016/j.tca.2012.02.005,10.1016/j.tca.2012.02.005,1.0,0.0805,0.9905,,,,,,,False,False,1,1,1,,,,,,False,False,False,False,4,0,0,False,False,no estimate,"nothing: reported in the map, not stated as a finding",not boundable: n=7 < 40; the fixed cell is undefined at n=7
corner_60,solvent_class,aromatic_hydrocarbon,409a8590,solvent_class::aromatic_hydrocarbon,3,False,row,full,7,7,7,1,1,10.1016/j.tca.2012.02.005,10.1016/j.tca.2012.02.005,1.0,0.0709,1.0678,,,,,,,False,False,1,1,1,,,,,,False,False,False,False,4,0,0,False,False,no estimate,"nothing: reported in the map, not stated as a finding",not boundable: n=7 < 40; the fixed cell is undefined at n=7
corner_60,solvent_class,aromatic_hydrocarbon,409a8590,solvent_class::aromatic_hydrocarbon,3,False,row,res,7,7,7,1,1,10.1016/j.tca.2012.02.005,10.1016/j.tca.2012.02.005,1.0,0.0805,0.9905,,,,,,,False,False,1,1,1,,,,,,False,False,False,False,4,0,0,False,False,no estimate,"nothing: reported in the map, not stated as a finding",not boundable: n=7 < 40; the fixed cell is undefined at n=7
corner_60,solvent_class,glycol_ether,91fd8050,solvent_class::glycol_ether,3,False,pair,full,7,7,7,1,1,10.1016/j.fluid.2013.06.028,10.1016/j.fluid.2013.06.028,1.0,0.183,2.7563,,,,,,,False,False,1,1,1,,,,,,False,False,False,False,4,0,0,False,False,no estimate,"nothing: reported in the map, not stated as a finding",not boundable: n=7 < 40; the fixed cell is undefined at n=7
corner_60,solvent_class,glycol_ether,91fd8050,solvent_class::glycol_ether,3,False,pair,res,7,7,7,1,1,10.1016/j.fluid.2013.06.028,10.1016/j.fluid.2013.06.028,1.0,0.2059,2.5331,,,,,,,False,False,1,1,1,,,,,,False,False,False,False,4,0,0,False,False,no estimate,"nothing: reported in the map, not stated as a finding",not boundable: n=7 < 40; the fixed cell is undefined at n=7
corner_60,solvent_class,glycol_ether,91fd8050,solvent_class::glycol_ether,3,False,row,full,7,7,7,1,1,10.1016/j.fluid.2013.06.028,10.1016/j.fluid.2013.06.028,1.0,0.183,2.7563,,,,,,,False,False,1,1,1,,,,,,False,False,False,False,4,0,0,False,False,no estimate,"nothing: reported in the map, not stated as a finding",not boundable: n=7 < 40; the fixed cell is undefined at n=7
corner_60,solvent_class,glycol_ether,91fd8050,solvent_class::glycol_ether,3,False,row,res,7,7,7,1,1,10.1016/j.fluid.2013.06.028,10.1016/j.fluid.2013.06.028,1.0,0.2059,2.5331,,,,,,,False,False,1,1,1,,,,,,False,False,False,False,4,0,0,False,False,no estimate,"nothing: reported in the map, not stated as a finding",not boundable: n=7 < 40; the fixed cell is undefined at n=7
corner_60,solvent_class,mono_alcohol,bdb29bd0,solvent_class::mono_alcohol,3,False,pair,full,13,13,13,1,1,10.1016/j.tca.2012.02.005,10.1016/j.tca.2012.02.005,1.0,0.4168,3.3808,,,,,,,False,False,1,1,1,,,,,,False,False,False,False,4,0,0,False,False,no estimate,"nothing: reported in the map, not stated as a finding",not boundable: n=13 < 40; the fixed cell is undefined at n=13
corner_60,solvent_class,mono_alcohol,bdb29bd0,solvent_class::mono_alcohol,3,False,pair,res,13,13,13,1,1,10.1016/j.tca.2012.02.005,10.1016/j.tca.2012.02.005,1.0,0.4095,2.713,,,,,,,False,False,1,1,1,,,,,,False,False,False,False,4,0,0,False,False,no estimate,"nothing: reported in the map, not stated as a finding",not boundable: n=13 < 40; the fixed cell is undefined at n=13
corner_60,solvent_class,mono_alcohol,bdb29bd0,solvent_class::mono_alcohol,3,False,row,full,13,13,13,1,1,10.1016/j.tca.2012.02.005,10.1016/j.tca.2012.02.005,1.0,0.4168,3.3808,,,,,,,False,False,1,1,1,,,,,,False,False,False,False,4,0,0,False,False,no estimate,"nothing: reported in the map, not stated as a finding",not boundable: n=13 < 40; the fixed cell is undefined at n=13
corner_60,solvent_class,mono_alcohol,bdb29bd0,solvent_class::mono_alcohol,3,False,row,res,13,13,13,1,1,10.1016/j.tca.2012.02.005,10.1016/j.tca.2012.02.005,1.0,0.4095,2.713,,,,,,,False,False,1,1,1,,,,,,False,False,False,False,4,0,0,False,False,no estimate,"nothing: reported in the map, not stated as a finding",not boundable: n=13 < 40; the fixed cell is undefined at n=13
corner_60,solvent_class,nh_protic,1e6fc0fc,solvent_class::nh_protic,4,False,pair,full,8,8,1,8,1,10.1016/j.tca.2012.02.005,10.1016/j.tca.2012.02.005,1.0,0.2934,3.8671,,,,,,,False,False,1,1,1,,,,,,False,False,False,False,4,0,0,False,False,no estimate,"nothing: reported in the map, not stated as a finding",not boundable: n=8 < 40; the fixed cell is undefined at n=8
corner_60,solvent_class,nh_protic,1e6fc0fc,solvent_class::nh_protic,4,False,pair,res,8,8,1,8,1,10.1016/j.tca.2012.02.005,10.1016/j.tca.2012.02.005,1.0,0.2785,2.9986,,,,,,,False,False,1,1,1,,,,,,False,False,False,False,4,0,0,False,False,no estimate,"nothing: reported in the map, not stated as a finding",not boundable: n=8 < 40; the fixed cell is undefined at n=8
corner_60,solvent_class,nh_protic,1e6fc0fc,solvent_class::nh_protic,4,False,row,full,8,8,1,8,1,10.1016/j.tca.2012.02.005,10.1016/j.tca.2012.02.005,1.0,0.2934,3.8671,,,,,,,False,False,1,1,1,,,,,,False,False,False,False,4,0,0,False,False,no estimate,"nothing: reported in the map, not stated as a finding",not boundable: n=8 < 40; the fixed cell is undefined at n=8
corner_60,solvent_class,nh_protic,1e6fc0fc,solvent_class::nh_protic,4,False,row,res,8,8,1,8,1,10.1016/j.tca.2012.02.005,10.1016/j.tca.2012.02.005,1.0,0.2785,2.9986,,,,,,,False,False,1,1,1,,,,,,False,False,False,False,4,0,0,False,False,no estimate,"nothing: reported in the map, not stated as a finding",not boundable: n=8 < 40; the fixed cell is undefined at n=8
corner_60,solvent_class_coarse,hb_acceptor_only,4044a156,solvent_class::aprotic_acceptor,4,True,pair,full,24,24,21,5,2,10.1016/j.fluid.2016.10.009|10.1016/j.tca.2012.02.005,10.1016/j.tca.2012.02.005,0.6103,0.0358,0.1574,0.0679,0.0216,0.738,-0.103,0.267,False,False,True,2,1,2,-0.0098,-0.0098,10.1016/j.tca.2012.02.005,-0.0098,20.0,False,False,False,False,4,0,0,False,False,positive,"nothing: reported in the map, not stated as a finding","not boundable: n=24 < 40; 1 of 2 deletions leave fewer than 16 rows and the fixed cell is then undefined (10.1016/j.fluid.2016.10.009), so the sign is not verifiable"
corner_60,solvent_class_coarse,hb_acceptor_only,4044a156,solvent_class::aprotic_acceptor,4,True,pair,res,24,24,21,5,2,10.1016/j.fluid.2016.10.009|10.1016/j.tca.2012.02.005,10.1016/j.tca.2012.02.005,0.5772,0.0257,0.0921,0.0688,-0.0454,0.49,-0.15,0.128,False,False,True,2,1,2,-0.04,-0.04,10.1016/j.tca.2012.02.005,-0.04,20.0,False,False,False,False,4,0,0,False,False,non-positive,"nothing: reported in the map, not stated as a finding","not boundable: n=24 < 40; 1 of 2 deletions leave fewer than 16 rows and the fixed cell is then undefined (10.1016/j.fluid.2016.10.009), so the sign is not verifiable"
corner_60,solvent_class_coarse,hb_acceptor_only,4044a156,solvent_class::aprotic_acceptor,4,True,row,full,24,24,21,5,2,10.1016/j.fluid.2016.10.009|10.1016/j.tca.2012.02.005,10.1016/j.tca.2012.02.005,0.6103,0.0358,0.1574,0.0679,0.0216,0.739,-0.111,0.261,False,False,True,2,1,2,-0.0098,-0.0098,10.1016/j.tca.2012.02.005,-0.0098,20.0,False,False,False,False,4,0,0,False,False,positive,"nothing: reported in the map, not stated as a finding","not boundable: n=24 < 40; 1 of 2 deletions leave fewer than 16 rows and the fixed cell is then undefined (10.1016/j.fluid.2016.10.009), so the sign is not verifiable"
corner_60,solvent_class_coarse,hb_acceptor_only,4044a156,solvent_class::aprotic_acceptor,4,True,row,res,24,24,21,5,2,10.1016/j.fluid.2016.10.009|10.1016/j.tca.2012.02.005,10.1016/j.tca.2012.02.005,0.5772,0.0257,0.0921,0.0688,-0.0454,0.472,-0.137,0.123,False,False,True,2,1,2,-0.04,-0.04,10.1016/j.tca.2012.02.005,-0.04,20.0,False,False,False,False,4,0,0,False,False,non-positive,"nothing: reported in the map, not stated as a finding","not boundable: n=24 < 40; 1 of 2 deletions leave fewer than 16 rows and the fixed cell is then undefined (10.1016/j.fluid.2016.10.009), so the sign is not verifiable"
corner_60,solvent_class_coarse,hb_donor_N,1e6fc0fc,solvent_class::nh_protic,4,True,pair,full,8,8,1,8,1,10.1016/j.tca.2012.02.005,10.1016/j.tca.2012.02.005,1.0,0.2934,3.8671,,,,,,,False,False,1,1,1,,,,,,False,False,False,False,4,0,0,False,False,no estimate,"nothing: reported in the map, not stated as a finding",not boundable: n=8 < 40; the fixed cell is undefined at n=8
corner_60,solvent_class_coarse,hb_donor_N,1e6fc0fc,solvent_class::nh_protic,4,True,pair,res,8,8,1,8,1,10.1016/j.tca.2012.02.005,10.1016/j.tca.2012.02.005,1.0,0.2785,2.9986,,,,,,,False,False,1,1,1,,,,,,False,False,False,False,4,0,0,False,False,no estimate,"nothing: reported in the map, not stated as a finding",not boundable: n=8 < 40; the fixed cell is undefined at n=8
corner_60,solvent_class_coarse,hb_donor_N,1e6fc0fc,solvent_class::nh_protic,4,True,row,full,8,8,1,8,1,10.1016/j.tca.2012.02.005,10.1016/j.tca.2012.02.005,1.0,0.2934,3.8671,,,,,,,False,False,1,1,1,,,,,,False,False,False,False,4,0,0,False,False,no estimate,"nothing: reported in the map, not stated as a finding",not boundable: n=8 < 40; the fixed cell is undefined at n=8
corner_60,solvent_class_coarse,hb_donor_N,1e6fc0fc,solvent_class::nh_protic,4,True,row,res,8,8,1,8,1,10.1016/j.tca.2012.02.005,10.1016/j.tca.2012.02.005,1.0,0.2785,2.9986,,,,,,,False,False,1,1,1,,,,,,False,False,False,False,4,0,0,False,False,no estimate,"nothing: reported in the map, not stated as a finding",not boundable: n=8 < 40; the fixed cell is undefined at n=8
corner_60,solvent_class_coarse,hb_donor_acceptor_O,3e188c7e,solvent_class_coarse::hb_donor_acceptor_O,1,False,pair,full,20,20,20,2,2,10.1016/j.fluid.2013.06.028|10.1016/j.tca.2012.02.005,10.1016/j.tca.2012.02.005,0.6949,0.5998,3.1622,0.7695,1.6232,0.967,0.191,5.066,True,False,True,2,2,2,,,,,,False,False,False,False,4,0,0,False,False,positive,"nothing: reported in the map, not stated as a finding","not boundable: n=20 < 40; 2 of 2 deletions leave fewer than 16 rows and the fixed cell is then undefined (10.1016/j.fluid.2013.06.028, 10.1016/j.tca.2012.02.005), so the sign is not verifiable"
corner_60,solvent_class_coarse,hb_donor_acceptor_O,3e188c7e,solvent_class_coarse::hb_donor_acceptor_O,1,False,pair,res,20,20,20,2,2,10.1016/j.fluid.2013.06.028|10.1016/j.tca.2012.02.005,10.1016/j.tca.2012.02.005,0.6654,0.6153,2.6501,1.2972,0.0556,0.835,-0.946,3.749,False,False,True,2,2,2,,,,,,False,False,False,False,4,0,0,False,False,positive,"nothing: reported in the map, not stated as a finding","not boundable: n=20 < 40; 2 of 2 deletions leave fewer than 16 rows and the fixed cell is then undefined (10.1016/j.fluid.2013.06.028, 10.1016/j.tca.2012.02.005), so the sign is not verifiable"
corner_60,solvent_class_coarse,hb_donor_acceptor_O,3e188c7e,solvent_class_coarse::hb_donor_acceptor_O,1,False,row,full,20,20,20,2,2,10.1016/j.fluid.2013.06.028|10.1016/j.tca.2012.02.005,10.1016/j.tca.2012.02.005,0.6949,0.5998,3.1622,0.7695,1.6232,0.961,0.12,5.005,True,False,True,2,2,2,,,,,,False,False,False,False,4,0,0,False,False,positive,"nothing: reported in the map, not stated as a finding","not boundable: n=20 < 40; 2 of 2 deletions leave fewer than 16 rows and the fixed cell is then undefined (10.1016/j.fluid.2013.06.028, 10.1016/j.tca.2012.02.005), so the sign is not verifiable"
corner_60,solvent_class_coarse,hb_donor_acceptor_O,3e188c7e,solvent_class_coarse::hb_donor_acceptor_O,1,False,row,res,20,20,20,2,2,10.1016/j.fluid.2013.06.028|10.1016/j.tca.2012.02.005,10.1016/j.tca.2012.02.005,0.6654,0.6153,2.6501,1.2972,0.0556,0.86,-0.757,3.795,False,False,True,2,2,2,,,,,,False,False,False,False,4,0,0,False,False,positive,"nothing: reported in the map, not stated as a finding","not boundable: n=20 < 40; 2 of 2 deletions leave fewer than 16 rows and the fixed cell is then undefined (10.1016/j.fluid.2013.06.028, 10.1016/j.tca.2012.02.005), so the sign is not verifiable"
corner_60,solvent_class_coarse,hydrocarbon_nonHB,039395fd,solvent_class_coarse::hydrocarbon_nonHB,1,False,pair,full,8,8,7,2,1,10.1016/j.tca.2012.02.005,10.1016/j.tca.2012.02.005,1.0,0.0709,0.9345,,,,,,,False,False,1,1,1,,,,,,False,False,False,False,4,0,0,False,False,no estimate,"nothing: reported in the map, not stated as a finding",not boundable: n=8 < 40; the fixed cell is undefined at n=8
corner_60,solvent_class_coarse,hydrocarbon_nonHB,039395fd,solvent_class_coarse::hydrocarbon_nonHB,1,False,pair,res,8,8,7,2,1,10.1016/j.tca.2012.02.005,10.1016/j.tca.2012.02.005,1.0,0.0805,0.8671,,,,,,,False,False,1,1,1,,,,,,False,False,False,False,4,0,0,False,False,no estimate,"nothing: reported in the map, not stated as a finding",not boundable: n=8 < 40; the fixed cell is undefined at n=8
corner_60,solvent_class_coarse,hydrocarbon_nonHB,039395fd,solvent_class_coarse::hydrocarbon_nonHB,1,False,row,full,8,8,7,2,1,10.1016/j.tca.2012.02.005,10.1016/j.tca.2012.02.005,1.0,0.0709,0.9345,,,,,,,False,False,1,1,1,,,,,,False,False,False,False,4,0,0,False,False,no estimate,"nothing: reported in the map, not stated as a finding",not boundable: n=8 < 40; the fixed cell is undefined at n=8
corner_60,solvent_class_coarse,hydrocarbon_nonHB,039395fd,solvent_class_coarse::hydrocarbon_nonHB,1,False,row,res,8,8,7,2,1,10.1016/j.tca.2012.02.005,10.1016/j.tca.2012.02.005,1.0,0.0805,0.8671,,,,,,,False,False,1,1,1,,,,,,False,False,False,False,4,0,0,False,False,no estimate,"nothing: reported in the map, not stated as a finding",not boundable: n=8 < 40; the fixed cell is undefined at n=8
corner_60,solvent_class_x_solute_role,aliphatic_hydrocarbon | organic_solute,11bada88,solvent_class::aliphatic_hydrocarbon,3,True,pair,full,1,1,1,1,1,10.1016/j.tca.2012.02.005,10.1016/j.tca.2012.02.005,1.0,0.0,0.0014,,,,,,,False,False,1,1,1,,,,,,False,False,False,False,4,0,0,False,False,no estimate,"nothing: reported in the map, not stated as a finding",not boundable: n=1 < 40; the fixed cell is undefined at n=1
corner_60,solvent_class_x_solute_role,aliphatic_hydrocarbon | organic_solute,11bada88,solvent_class::aliphatic_hydrocarbon,3,True,pair,res,1,1,1,1,1,10.1016/j.tca.2012.02.005,10.1016/j.tca.2012.02.005,1.0,0.0,0.0031,,,,,,,False,False,1,1,1,,,,,,False,False,False,False,4,0,0,False,False,no estimate,"nothing: reported in the map, not stated as a finding",not boundable: n=1 < 40; the fixed cell is undefined at n=1
corner_60,solvent_class_x_solute_role,aliphatic_hydrocarbon | organic_solute,11bada88,solvent_class::aliphatic_hydrocarbon,3,True,row,full,1,1,1,1,1,10.1016/j.tca.2012.02.005,10.1016/j.tca.2012.02.005,1.0,0.0,0.0014,,,,,,,False,False,1,1,1,,,,,,False,False,False,False,4,0,0,False,False,no estimate,"nothing: reported in the map, not stated as a finding",not boundable: n=1 < 40; the fixed cell is undefined at n=1
corner_60,solvent_class_x_solute_role,aliphatic_hydrocarbon | organic_solute,11bada88,solvent_class::aliphatic_hydrocarbon,3,True,row,res,1,1,1,1,1,10.1016/j.tca.2012.02.005,10.1016/j.tca.2012.02.005,1.0,0.0,0.0031,,,,,,,False,False,1,1,1,,,,,,False,False,False,False,4,0,0,False,False,no estimate,"nothing: reported in the map, not stated as a finding",not boundable: n=1 < 40; the fixed cell is undefined at n=1
corner_60,solvent_class_x_solute_role,aprotic_acceptor | organic_solute,4044a156,solvent_class::aprotic_acceptor,4,True,pair,full,24,24,21,5,2,10.1016/j.fluid.2016.10.009|10.1016/j.tca.2012.02.005,10.1016/j.tca.2012.02.005,0.6103,0.0358,0.1574,0.0679,0.0216,0.738,-0.103,0.267,False,False,True,2,1,2,-0.0098,-0.0098,10.1016/j.tca.2012.02.005,-0.0098,20.0,False,False,False,False,4,0,0,False,False,positive,"nothing: reported in the map, not stated as a finding","not boundable: n=24 < 40; 1 of 2 deletions leave fewer than 16 rows and the fixed cell is then undefined (10.1016/j.fluid.2016.10.009), so the sign is not verifiable"
corner_60,solvent_class_x_solute_role,aprotic_acceptor | organic_solute,4044a156,solvent_class::aprotic_acceptor,4,True,pair,res,24,24,21,5,2,10.1016/j.fluid.2016.10.009|10.1016/j.tca.2012.02.005,10.1016/j.tca.2012.02.005,0.5772,0.0257,0.0921,0.0688,-0.0454,0.49,-0.15,0.128,False,False,True,2,1,2,-0.04,-0.04,10.1016/j.tca.2012.02.005,-0.04,20.0,False,False,False,False,4,0,0,False,False,non-positive,"nothing: reported in the map, not stated as a finding","not boundable: n=24 < 40; 1 of 2 deletions leave fewer than 16 rows and the fixed cell is then undefined (10.1016/j.fluid.2016.10.009), so the sign is not verifiable"
corner_60,solvent_class_x_solute_role,aprotic_acceptor | organic_solute,4044a156,solvent_class::aprotic_acceptor,4,True,row,full,24,24,21,5,2,10.1016/j.fluid.2016.10.009|10.1016/j.tca.2012.02.005,10.1016/j.tca.2012.02.005,0.6103,0.0358,0.1574,0.0679,0.0216,0.739,-0.111,0.261,False,False,True,2,1,2,-0.0098,-0.0098,10.1016/j.tca.2012.02.005,-0.0098,20.0,False,False,False,False,4,0,0,False,False,positive,"nothing: reported in the map, not stated as a finding","not boundable: n=24 < 40; 1 of 2 deletions leave fewer than 16 rows and the fixed cell is then undefined (10.1016/j.fluid.2016.10.009), so the sign is not verifiable"
corner_60,solvent_class_x_solute_role,aprotic_acceptor | organic_solute,4044a156,solvent_class::aprotic_acceptor,4,True,row,res,24,24,21,5,2,10.1016/j.fluid.2016.10.009|10.1016/j.tca.2012.02.005,10.1016/j.tca.2012.02.005,0.5772,0.0257,0.0921,0.0688,-0.0454,0.472,-0.137,0.123,False,False,True,2,1,2,-0.04,-0.04,10.1016/j.tca.2012.02.005,-0.04,20.0,False,False,False,False,4,0,0,False,False,non-positive,"nothing: reported in the map, not stated as a finding","not boundable: n=24 < 40; 1 of 2 deletions leave fewer than 16 rows and the fixed cell is then undefined (10.1016/j.fluid.2016.10.009), so the sign is not verifiable"
corner_60,solvent_class_x_solute_role,aromatic_hydrocarbon | organic_solute,409a8590,solvent_class::aromatic_hydrocarbon,3,True,pair,full,7,7,7,1,1,10.1016/j.tca.2012.02.005,10.1016/j.tca.2012.02.005,1.0,0.0709,1.0678,,,,,,,False,False,1,1,1,,,,,,False,False,False,False,4,0,0,False,False,no estimate,"nothing: reported in the map, not stated as a finding",not boundable: n=7 < 40; the fixed cell is undefined at n=7
corner_60,solvent_class_x_solute_role,aromatic_hydrocarbon | organic_solute,409a8590,solvent_class::aromatic_hydrocarbon,3,True,pair,res,7,7,7,1,1,10.1016/j.tca.2012.02.005,10.1016/j.tca.2012.02.005,1.0,0.0805,0.9905,,,,,,,False,False,1,1,1,,,,,,False,False,False,False,4,0,0,False,False,no estimate,"nothing: reported in the map, not stated as a finding",not boundable: n=7 < 40; the fixed cell is undefined at n=7
corner_60,solvent_class_x_solute_role,aromatic_hydrocarbon | organic_solute,409a8590,solvent_class::aromatic_hydrocarbon,3,True,row,full,7,7,7,1,1,10.1016/j.tca.2012.02.005,10.1016/j.tca.2012.02.005,1.0,0.0709,1.0678,,,,,,,False,False,1,1,1,,,,,,False,False,False,False,4,0,0,False,False,no estimate,"nothing: reported in the map, not stated as a finding",not boundable: n=7 < 40; the fixed cell is undefined at n=7
corner_60,solvent_class_x_solute_role,aromatic_hydrocarbon | organic_solute,409a8590,solvent_class::aromatic_hydrocarbon,3,True,row,res,7,7,7,1,1,10.1016/j.tca.2012.02.005,10.1016/j.tca.2012.02.005,1.0,0.0805,0.9905,,,,,,,False,False,1,1,1,,,,,,False,False,False,False,4,0,0,False,False,no estimate,"nothing: reported in the map, not stated as a finding",not boundable: n=7 < 40; the fixed cell is undefined at n=7
corner_60,solvent_class_x_solute_role,glycol_ether | organic_solute,91fd8050,solvent_class::glycol_ether,3,True,pair,full,7,7,7,1,1,10.1016/j.fluid.2013.06.028,10.1016/j.fluid.2013.06.028,1.0,0.183,2.7563,,,,,,,False,False,1,1,1,,,,,,False,False,False,False,4,0,0,False,False,no estimate,"nothing: reported in the map, not stated as a finding",not boundable: n=7 < 40; the fixed cell is undefined at n=7
corner_60,solvent_class_x_solute_role,glycol_ether | organic_solute,91fd8050,solvent_class::glycol_ether,3,True,pair,res,7,7,7,1,1,10.1016/j.fluid.2013.06.028,10.1016/j.fluid.2013.06.028,1.0,0.2059,2.5331,,,,,,,False,False,1,1,1,,,,,,False,False,False,False,4,0,0,False,False,no estimate,"nothing: reported in the map, not stated as a finding",not boundable: n=7 < 40; the fixed cell is undefined at n=7
corner_60,solvent_class_x_solute_role,glycol_ether | organic_solute,91fd8050,solvent_class::glycol_ether,3,True,row,full,7,7,7,1,1,10.1016/j.fluid.2013.06.028,10.1016/j.fluid.2013.06.028,1.0,0.183,2.7563,,,,,,,False,False,1,1,1,,,,,,False,False,False,False,4,0,0,False,False,no estimate,"nothing: reported in the map, not stated as a finding",not boundable: n=7 < 40; the fixed cell is undefined at n=7
corner_60,solvent_class_x_solute_role,glycol_ether | organic_solute,91fd8050,solvent_class::glycol_ether,3,True,row,res,7,7,7,1,1,10.1016/j.fluid.2013.06.028,10.1016/j.fluid.2013.06.028,1.0,0.2059,2.5331,,,,,,,False,False,1,1,1,,,,,,False,False,False,False,4,0,0,False,False,no estimate,"nothing: reported in the map, not stated as a finding",not boundable: n=7 < 40; the fixed cell is undefined at n=7
corner_60,solvent_class_x_solute_role,mono_alcohol | organic_solute,bdb29bd0,solvent_class::mono_alcohol,3,True,pair,full,13,13,13,1,1,10.1016/j.tca.2012.02.005,10.1016/j.tca.2012.02.005,1.0,0.4168,3.3808,,,,,,,False,False,1,1,1,,,,,,False,False,False,False,4,0,0,False,False,no estimate,"nothing: reported in the map, not stated as a finding",not boundable: n=13 < 40; the fixed cell is undefined at n=13
corner_60,solvent_class_x_solute_role,mono_alcohol | organic_solute,bdb29bd0,solvent_class::mono_alcohol,3,True,pair,res,13,13,13,1,1,10.1016/j.tca.2012.02.005,10.1016/j.tca.2012.02.005,1.0,0.4095,2.713,,,,,,,False,False,1,1,1,,,,,,False,False,False,False,4,0,0,False,False,no estimate,"nothing: reported in the map, not stated as a finding",not boundable: n=13 < 40; the fixed cell is undefined at n=13
corner_60,solvent_class_x_solute_role,mono_alcohol | organic_solute,bdb29bd0,solvent_class::mono_alcohol,3,True,row,full,13,13,13,1,1,10.1016/j.tca.2012.02.005,10.1016/j.tca.2012.02.005,1.0,0.4168,3.3808,,,,,,,False,False,1,1,1,,,,,,False,False,False,False,4,0,0,False,False,no estimate,"nothing: reported in the map, not stated as a finding",not boundable: n=13 < 40; the fixed cell is undefined at n=13
corner_60,solvent_class_x_solute_role,mono_alcohol | organic_solute,bdb29bd0,solvent_class::mono_alcohol,3,True,row,res,13,13,13,1,1,10.1016/j.tca.2012.02.005,10.1016/j.tca.2012.02.005,1.0,0.4095,2.713,,,,,,,False,False,1,1,1,,,,,,False,False,False,False,4,0,0,False,False,no estimate,"nothing: reported in the map, not stated as a finding",not boundable: n=13 < 40; the fixed cell is undefined at n=13
corner_60,solvent_class_x_solute_role,nh_protic | organic_solute,1e6fc0fc,solvent_class::nh_protic,4,True,pair,full,8,8,1,8,1,10.1016/j.tca.2012.02.005,10.1016/j.tca.2012.02.005,1.0,0.2934,3.8671,,,,,,,False,False,1,1,1,,,,,,False,False,False,False,4,0,0,False,False,no estimate,"nothing: reported in the map, not stated as a finding",not boundable: n=8 < 40; the fixed cell is undefined at n=8
corner_60,solvent_class_x_solute_role,nh_protic | organic_solute,1e6fc0fc,solvent_class::nh_protic,4,True,pair,res,8,8,1,8,1,10.1016/j.tca.2012.02.005,10.1016/j.tca.2012.02.005,1.0,0.2785,2.9986,,,,,,,False,False,1,1,1,,,,,,False,False,False,False,4,0,0,False,False,no estimate,"nothing: reported in the map, not stated as a finding",not boundable: n=8 < 40; the fixed cell is undefined at n=8
corner_60,solvent_class_x_solute_role,nh_protic | organic_solute,1e6fc0fc,solvent_class::nh_protic,4,True,row,full,8,8,1,8,1,10.1016/j.tca.2012.02.005,10.1016/j.tca.2012.02.005,1.0,0.2934,3.8671,,,,,,,False,False,1,1,1,,,,,,False,False,False,False,4,0,0,False,False,no estimate,"nothing: reported in the map, not stated as a finding",not boundable: n=8 < 40; the fixed cell is undefined at n=8
corner_60,solvent_class_x_solute_role,nh_protic | organic_solute,1e6fc0fc,solvent_class::nh_protic,4,True,row,res,8,8,1,8,1,10.1016/j.tca.2012.02.005,10.1016/j.tca.2012.02.005,1.0,0.2785,2.9986,,,,,,,False,False,1,1,1,,,,,,False,False,False,False,4,0,0,False,False,no estimate,"nothing: reported in the map, not stated as a finding",not boundable: n=8 < 40; the fixed cell is undefined at n=8
corner_60,solvent_family_fine,aliphatic_hydrocarbon,11bada88,solvent_class::aliphatic_hydrocarbon,3,True,pair,full,1,1,1,1,1,10.1016/j.tca.2012.02.005,10.1016/j.tca.2012.02.005,1.0,0.0,0.0014,,,,,,,False,False,1,1,1,,,,,,False,False,False,False,4,0,0,False,False,no estimate,"nothing: reported in the map, not stated as a finding",not boundable: n=1 < 40; the fixed cell is undefined at n=1
corner_60,solvent_family_fine,aliphatic_hydrocarbon,11bada88,solvent_class::aliphatic_hydrocarbon,3,True,pair,res,1,1,1,1,1,10.1016/j.tca.2012.02.005,10.1016/j.tca.2012.02.005,1.0,0.0,0.0031,,,,,,,False,False,1,1,1,,,,,,False,False,False,False,4,0,0,False,False,no estimate,"nothing: reported in the map, not stated as a finding",not boundable: n=1 < 40; the fixed cell is undefined at n=1
corner_60,solvent_family_fine,aliphatic_hydrocarbon,11bada88,solvent_class::aliphatic_hydrocarbon,3,True,row,full,1,1,1,1,1,10.1016/j.tca.2012.02.005,10.1016/j.tca.2012.02.005,1.0,0.0,0.0014,,,,,,,False,False,1,1,1,,,,,,False,False,False,False,4,0,0,False,False,no estimate,"nothing: reported in the map, not stated as a finding",not boundable: n=1 < 40; the fixed cell is undefined at n=1
corner_60,solvent_family_fine,aliphatic_hydrocarbon,11bada88,solvent_class::aliphatic_hydrocarbon,3,True,row,res,1,1,1,1,1,10.1016/j.tca.2012.02.005,10.1016/j.tca.2012.02.005,1.0,0.0,0.0031,,,,,,,False,False,1,1,1,,,,,,False,False,False,False,4,0,0,False,False,no estimate,"nothing: reported in the map, not stated as a finding",not boundable: n=1 < 40; the fixed cell is undefined at n=1
corner_60,solvent_family_fine,amine_NH,1e6fc0fc,solvent_class::nh_protic,4,True,pair,full,8,8,1,8,1,10.1016/j.tca.2012.02.005,10.1016/j.tca.2012.02.005,1.0,0.2934,3.8671,,,,,,,False,False,1,1,1,,,,,,False,False,False,False,4,0,0,False,False,no estimate,"nothing: reported in the map, not stated as a finding",not boundable: n=8 < 40; the fixed cell is undefined at n=8
corner_60,solvent_family_fine,amine_NH,1e6fc0fc,solvent_class::nh_protic,4,True,pair,res,8,8,1,8,1,10.1016/j.tca.2012.02.005,10.1016/j.tca.2012.02.005,1.0,0.2785,2.9986,,,,,,,False,False,1,1,1,,,,,,False,False,False,False,4,0,0,False,False,no estimate,"nothing: reported in the map, not stated as a finding",not boundable: n=8 < 40; the fixed cell is undefined at n=8
corner_60,solvent_family_fine,amine_NH,1e6fc0fc,solvent_class::nh_protic,4,True,row,full,8,8,1,8,1,10.1016/j.tca.2012.02.005,10.1016/j.tca.2012.02.005,1.0,0.2934,3.8671,,,,,,,False,False,1,1,1,,,,,,False,False,False,False,4,0,0,False,False,no estimate,"nothing: reported in the map, not stated as a finding",not boundable: n=8 < 40; the fixed cell is undefined at n=8
corner_60,solvent_family_fine,amine_NH,1e6fc0fc,solvent_class::nh_protic,4,True,row,res,8,8,1,8,1,10.1016/j.tca.2012.02.005,10.1016/j.tca.2012.02.005,1.0,0.2785,2.9986,,,,,,,False,False,1,1,1,,,,,,False,False,False,False,4,0,0,False,False,no estimate,"nothing: reported in the map, not stated as a finding",not boundable: n=8 < 40; the fixed cell is undefined at n=8
corner_60,solvent_family_fine,aromatic_hydrocarbon,409a8590,solvent_class::aromatic_hydrocarbon,3,True,pair,full,7,7,7,1,1,10.1016/j.tca.2012.02.005,10.1016/j.tca.2012.02.005,1.0,0.0709,1.0678,,,,,,,False,False,1,1,1,,,,,,False,False,False,False,4,0,0,False,False,no estimate,"nothing: reported in the map, not stated as a finding",not boundable: n=7 < 40; the fixed cell is undefined at n=7
corner_60,solvent_family_fine,aromatic_hydrocarbon,409a8590,solvent_class::aromatic_hydrocarbon,3,True,pair,res,7,7,7,1,1,10.1016/j.tca.2012.02.005,10.1016/j.tca.2012.02.005,1.0,0.0805,0.9905,,,,,,,False,False,1,1,1,,,,,,False,False,False,False,4,0,0,False,False,no estimate,"nothing: reported in the map, not stated as a finding",not boundable: n=7 < 40; the fixed cell is undefined at n=7
corner_60,solvent_family_fine,aromatic_hydrocarbon,409a8590,solvent_class::aromatic_hydrocarbon,3,True,row,full,7,7,7,1,1,10.1016/j.tca.2012.02.005,10.1016/j.tca.2012.02.005,1.0,0.0709,1.0678,,,,,,,False,False,1,1,1,,,,,,False,False,False,False,4,0,0,False,False,no estimate,"nothing: reported in the map, not stated as a finding",not boundable: n=7 < 40; the fixed cell is undefined at n=7
corner_60,solvent_family_fine,aromatic_hydrocarbon,409a8590,solvent_class::aromatic_hydrocarbon,3,True,row,res,7,7,7,1,1,10.1016/j.tca.2012.02.005,10.1016/j.tca.2012.02.005,1.0,0.0805,0.9905,,,,,,,False,False,1,1,1,,,,,,False,False,False,False,4,0,0,False,False,no estimate,"nothing: reported in the map, not stated as a finding",not boundable: n=7 < 40; the fixed cell is undefined at n=7
corner_60,solvent_family_fine,azine,4044a156,solvent_class::aprotic_acceptor,4,True,pair,full,24,24,21,5,2,10.1016/j.fluid.2016.10.009|10.1016/j.tca.2012.02.005,10.1016/j.tca.2012.02.005,0.6103,0.0358,0.1574,0.0679,0.0216,0.738,-0.103,0.267,False,False,True,2,1,2,-0.0098,-0.0098,10.1016/j.tca.2012.02.005,-0.0098,20.0,False,False,False,False,4,0,0,False,False,positive,"nothing: reported in the map, not stated as a finding","not boundable: n=24 < 40; 1 of 2 deletions leave fewer than 16 rows and the fixed cell is then undefined (10.1016/j.fluid.2016.10.009), so the sign is not verifiable"
corner_60,solvent_family_fine,azine,4044a156,solvent_class::aprotic_acceptor,4,True,pair,res,24,24,21,5,2,10.1016/j.fluid.2016.10.009|10.1016/j.tca.2012.02.005,10.1016/j.tca.2012.02.005,0.5772,0.0257,0.0921,0.0688,-0.0454,0.49,-0.15,0.128,False,False,True,2,1,2,-0.04,-0.04,10.1016/j.tca.2012.02.005,-0.04,20.0,False,False,False,False,4,0,0,False,False,non-positive,"nothing: reported in the map, not stated as a finding","not boundable: n=24 < 40; 1 of 2 deletions leave fewer than 16 rows and the fixed cell is then undefined (10.1016/j.fluid.2016.10.009), so the sign is not verifiable"
corner_60,solvent_family_fine,azine,4044a156,solvent_class::aprotic_acceptor,4,True,row,full,24,24,21,5,2,10.1016/j.fluid.2016.10.009|10.1016/j.tca.2012.02.005,10.1016/j.tca.2012.02.005,0.6103,0.0358,0.1574,0.0679,0.0216,0.739,-0.111,0.261,False,False,True,2,1,2,-0.0098,-0.0098,10.1016/j.tca.2012.02.005,-0.0098,20.0,False,False,False,False,4,0,0,False,False,positive,"nothing: reported in the map, not stated as a finding","not boundable: n=24 < 40; 1 of 2 deletions leave fewer than 16 rows and the fixed cell is then undefined (10.1016/j.fluid.2016.10.009), so the sign is not verifiable"
corner_60,solvent_family_fine,azine,4044a156,solvent_class::aprotic_acceptor,4,True,row,res,24,24,21,5,2,10.1016/j.fluid.2016.10.009|10.1016/j.tca.2012.02.005,10.1016/j.tca.2012.02.005,0.5772,0.0257,0.0921,0.0688,-0.0454,0.472,-0.137,0.123,False,False,True,2,1,2,-0.04,-0.04,10.1016/j.tca.2012.02.005,-0.04,20.0,False,False,False,False,4,0,0,False,False,non-positive,"nothing: reported in the map, not stated as a finding","not boundable: n=24 < 40; 1 of 2 deletions leave fewer than 16 rows and the fixed cell is then undefined (10.1016/j.fluid.2016.10.009), so the sign is not verifiable"
corner_60,solvent_family_fine,glycol_ether,91fd8050,solvent_class::glycol_ether,3,True,pair,full,7,7,7,1,1,10.1016/j.fluid.2013.06.028,10.1016/j.fluid.2013.06.028,1.0,0.183,2.7563,,,,,,,False,False,1,1,1,,,,,,False,False,False,False,4,0,0,False,False,no estimate,"nothing: reported in the map, not stated as a finding",not boundable: n=7 < 40; the fixed cell is undefined at n=7
corner_60,solvent_family_fine,glycol_ether,91fd8050,solvent_class::glycol_ether,3,True,pair,res,7,7,7,1,1,10.1016/j.fluid.2013.06.028,10.1016/j.fluid.2013.06.028,1.0,0.2059,2.5331,,,,,,,False,False,1,1,1,,,,,,False,False,False,False,4,0,0,False,False,no estimate,"nothing: reported in the map, not stated as a finding",not boundable: n=7 < 40; the fixed cell is undefined at n=7
corner_60,solvent_family_fine,glycol_ether,91fd8050,solvent_class::glycol_ether,3,True,row,full,7,7,7,1,1,10.1016/j.fluid.2013.06.028,10.1016/j.fluid.2013.06.028,1.0,0.183,2.7563,,,,,,,False,False,1,1,1,,,,,,False,False,False,False,4,0,0,False,False,no estimate,"nothing: reported in the map, not stated as a finding",not boundable: n=7 < 40; the fixed cell is undefined at n=7
corner_60,solvent_family_fine,glycol_ether,91fd8050,solvent_class::glycol_ether,3,True,row,res,7,7,7,1,1,10.1016/j.fluid.2013.06.028,10.1016/j.fluid.2013.06.028,1.0,0.2059,2.5331,,,,,,,False,False,1,1,1,,,,,,False,False,False,False,4,0,0,False,False,no estimate,"nothing: reported in the map, not stated as a finding",not boundable: n=7 < 40; the fixed cell is undefined at n=7
corner_60,solvent_family_fine,mono_alcohol,bdb29bd0,solvent_class::mono_alcohol,3,True,pair,full,13,13,13,1,1,10.1016/j.tca.2012.02.005,10.1016/j.tca.2012.02.005,1.0,0.4168,3.3808,,,,,,,False,False,1,1,1,,,,,,False,False,False,False,4,0,0,False,False,no estimate,"nothing: reported in the map, not stated as a finding",not boundable: n=13 < 40; the fixed cell is undefined at n=13
corner_60,solvent_family_fine,mono_alcohol,bdb29bd0,solvent_class::mono_alcohol,3,True,pair,res,13,13,13,1,1,10.1016/j.tca.2012.02.005,10.1016/j.tca.2012.02.005,1.0,0.4095,2.713,,,,,,,False,False,1,1,1,,,,,,False,False,False,False,4,0,0,False,False,no estimate,"nothing: reported in the map, not stated as a finding",not boundable: n=13 < 40; the fixed cell is undefined at n=13
corner_60,solvent_family_fine,mono_alcohol,bdb29bd0,solvent_class::mono_alcohol,3,True,row,full,13,13,13,1,1,10.1016/j.tca.2012.02.005,10.1016/j.tca.2012.02.005,1.0,0.4168,3.3808,,,,,,,False,False,1,1,1,,,,,,False,False,False,False,4,0,0,False,False,no estimate,"nothing: reported in the map, not stated as a finding",not boundable: n=13 < 40; the fixed cell is undefined at n=13
corner_60,solvent_family_fine,mono_alcohol,bdb29bd0,solvent_class::mono_alcohol,3,True,row,res,13,13,13,1,1,10.1016/j.tca.2012.02.005,10.1016/j.tca.2012.02.005,1.0,0.4095,2.713,,,,,,,False,False,1,1,1,,,,,,False,False,False,False,4,0,0,False,False,no estimate,"nothing: reported in the map, not stated as a finding",not boundable: n=13 < 40; the fixed cell is undefined at n=13
corner_60,whole_set,all,daa59358,solute_role::organic_solute,2,True,pair,full,60,60,41,17,3,10.1016/j.fluid.2013.06.028|10.1016/j.fluid.2016.10.009|10.1016/j.tca.2012.02.005,10.1016/j.tca.2012.02.005,0.803,1.0,1.7572,0.535,0.6871,0.955,0.014,2.675,True,True,True,3,0,1,0.2321,1.1483,10.1016/j.tca.2012.02.005,0.2321,27.0,True,False,True,False,4,2,0,False,False,positive,B_clos > 0 in this stratum: the closure's own error exceeds what input insufficiency can account for,
corner_60,whole_set,all,daa59358,solute_role::organic_solute,2,True,pair,res,60,60,41,17,3,10.1016/j.fluid.2013.06.028|10.1016/j.fluid.2016.10.009|10.1016/j.tca.2012.02.005,10.1016/j.tca.2012.02.005,0.7833,1.0,1.4356,0.7134,0.0089,0.833,-0.282,1.981,False,True,True,3,0,1,-0.233,0.373,10.1016/j.tca.2012.02.005,-0.233,27.0,False,False,False,False,4,2,0,False,False,positive,"nothing: reported in the map, not stated as a finding",sign does not survive deletion of 10.1016/j.tca.2012.02.005 (+0.009 -> -0.233)
corner_60,whole_set,all,daa59358,solute_role::organic_solute,2,True,row,full,60,60,41,17,3,10.1016/j.fluid.2013.06.028|10.1016/j.fluid.2016.10.009|10.1016/j.tca.2012.02.005,10.1016/j.tca.2012.02.005,0.803,1.0,1.7572,0.535,0.6871,0.948,-0.006,2.807,False,True,True,3,0,1,0.2321,1.1483,10.1016/j.tca.2012.02.005,0.2321,27.0,True,False,True,False,4,2,0,False,False,positive,B_clos > 0 in this stratum: the closure's own error exceeds what input insufficiency can account for,
corner_60,whole_set,all,daa59358,solute_role::organic_solute,2,True,row,res,60,60,41,17,3,10.1016/j.fluid.2013.06.028|10.1016/j.fluid.2016.10.009|10.1016/j.tca.2012.02.005,10.1016/j.tca.2012.02.005,0.7833,1.0,1.4356,0.7134,0.0089,0.835,-0.252,1.995,False,True,True,3,0,1,-0.233,0.373,10.1016/j.tca.2012.02.005,-0.233,27.0,False,False,False,False,4,2,0,False,False,positive,"nothing: reported in the map, not stated as a finding",sign does not survive deletion of 10.1016/j.tca.2012.02.005 (+0.009 -> -0.233)
