set,axis,stratum,unit,convention,n,n_solutes,n_solvents,n_pairs,mse,var_m,boundable_at_headline_cell,n_sources,top_source,top_source_share_of_stratum_squared_error,b_insuff_up,b_insuff_up_ml,b_closure_lb,margin,margin_ml,b_insuff_exceeds_var_m,adaptive_n_bins,b_insuff_up_adaptive,margin_adaptive,P_boot,bootstrap_reduces_to_one_way,pair_conditional_var,pair_conditional_rows,pair_conditional_groups,share_of_squared_error,share_of_rows,test_a_boundable,loso_testable,loso_n_deletions,loso_n_undefined,loso_n_leaving_unboundable,loso_margin_min,loso_margin_max,loso_worst_source,loso_worst_margin,test_b_sign_survives_loso,test_b_strict_remainder_boundable,admissible_this_cell,admissible_this_cell_strict,cells_admissible,cells_reported,admissible_in_every_cell,admissible_in_every_cell_strict,ci90_excludes_zero,direction,licenses,reason_not_admissible,margin_ci90_lo,margin_ci90_hi,margin_ci90
broad_477,whole_set,all,row,full,477,78,36,185,1.9108,4.8506,True,15,10.1016/j.jct.2016.10.013,0.2712,0.482,0.474,1.4287,0.9467,0.9628,False,47,0.3624,1.1859,0.998,False,0.0457,359.0,67.0,1.0,1.0,True,True,15,0,0,0.8211,1.0732,10.1021/acs.jced.7b00114,0.8211,True,True,True,True,3,4,False,False,True,positive,B_clos > 0 in this stratum: the closure's own error exceeds what input insufficiency can account for,,0.48,1.85,
broad_477,whole_set,all,row,res,477,78,36,185,1.9018,4.8506,True,15,10.1021/acs.jced.7b00114,0.3208,0.6966,0.6849,1.2052,0.5086,0.532,False,47,0.4777,0.9463,0.929,False,0.0457,359.0,67.0,1.0,1.0,True,True,15,0,0,0.1837,0.8749,10.1021/acs.jced.7b00114,0.1837,True,True,True,True,3,4,False,False,False,positive,B_clos > 0 in this stratum: the closure's own error exceeds what input insufficiency can account for,,-0.087,2.16,
broad_477,whole_set,all,pair,full,185,78,36,185,1.6792,5.9124,True,15,10.1016/j.jct.2016.10.013,0.2819,0.4946,0.4733,1.1846,0.6901,0.7327,False,18,0.5063,0.6666,0.957,False,,,,1.0,1.0,True,True,15,0,0,0.3339,0.7623,10.1016/j.jct.2016.10.013,0.3339,True,True,True,True,3,4,False,False,True,positive,B_clos > 0 in this stratum: the closure's own error exceeds what input insufficiency can account for,,0.046,1.584,
broad_477,whole_set,all,pair,res,185,78,36,185,1.5396,5.9124,True,15,10.1016/j.jct.2016.10.013,0.2719,0.6347,0.6073,0.9049,0.2702,0.325,False,18,0.5682,0.4033,0.787,False,,,,1.0,1.0,True,True,15,0,0,-0.1192,0.3303,10.1021/acs.jced.7b00114,-0.1192,False,False,False,False,3,4,False,False,False,positive,"nothing: reported in the map, not stated as a finding",sign does not survive deletion of 10.1021/acs.jced.7b00114 (+0.270 -> -0.119),-0.304,1.235,
broad_477,solvent_class,aliphatic_hydrocarbon,row,full,2,2,1,2,0.0101,0.0052,False,2,10.1016/j.jct.2019.05.011,0.9302,,,,,,,3,,,,True,,,,0.0,0.0042,False,True,2,2,2,,,,,False,False,False,False,0,4,False,False,,no estimate,"nothing: reported in the map, not stated as a finding",not boundable: n=2 < 40; the fixed cell is undefined at n=2,,,
broad_477,solvent_class,aliphatic_hydrocarbon,row,res,2,2,1,2,0.0107,0.0052,False,2,10.1016/j.jct.2019.05.011,0.8562,,,,,,,3,,,,True,,,,0.0,0.0042,False,True,2,2,2,,,,,False,False,False,False,0,4,False,False,,no estimate,"nothing: reported in the map, not stated as a finding",not boundable: n=2 < 40; the fixed cell is undefined at n=2,,,
broad_477,solvent_class,aliphatic_hydrocarbon,pair,full,2,2,1,2,0.0101,0.0052,False,2,10.1016/j.jct.2019.05.011,0.9302,,,,,,,3,,,,True,,,,0.0001,0.0108,False,True,2,2,2,,,,,False,False,False,False,0,4,False,False,,no estimate,"nothing: reported in the map, not stated as a finding",not boundable: n=2 < 40; the fixed cell is undefined at n=2,,,
broad_477,solvent_class,aliphatic_hydrocarbon,pair,res,2,2,1,2,0.0107,0.0052,False,2,10.1016/j.jct.2019.05.011,0.8562,,,,,,,3,,,,True,,,,0.0001,0.0108,False,True,2,2,2,,,,,False,False,False,False,0,4,False,False,,no estimate,"nothing: reported in the map, not stated as a finding",not boundable: n=2 < 40; the fixed cell is undefined at n=2,,,
broad_477,solvent_class,aprotic_acceptor,row,full,57,36,8,57,0.1093,0.8023,True,4,10.1016/j.tca.2012.02.005,0.3701,0.1305,0.1133,-0.0212,-0.1518,-0.1172,False,5,0.21,-0.3107,0.288,False,,,,0.0068,0.1195,True,True,4,0,2,-0.3873,-0.0774,10.1016/j.jct.2015.12.034,-0.0774,True,False,True,False,4,4,True,False,False,non-positive,"nothing: a non-positive margin is failure to separate, not a certified reversal (that needs a LOWER bound on B_insuff)",,-0.401,0.198,
broad_477,solvent_class,aprotic_acceptor,row,res,57,36,8,57,0.0891,0.8023,True,4,10.1016/j.jct.2015.12.034,0.3151,0.1404,0.1217,-0.0513,-0.1917,-0.1543,False,5,0.2155,-0.3419,0.192,False,,,,0.0056,0.1195,True,True,4,0,2,-0.4067,-0.1282,10.1016/j.jct.2015.12.034,-0.1282,True,False,True,False,4,4,True,False,False,non-positive,"nothing: a non-positive margin is failure to separate, not a certified reversal (that needs a LOWER bound on B_insuff)",,-0.435,0.124,
broad_477,solvent_class,aprotic_acceptor,pair,full,57,36,8,57,0.1093,0.8023,True,4,10.1016/j.tca.2012.02.005,0.3701,0.1305,0.1133,-0.0212,-0.1518,-0.1172,False,5,0.21,-0.3107,0.301,False,,,,0.0201,0.3081,True,True,4,0,2,-0.3873,-0.0774,10.1016/j.jct.2015.12.034,-0.0774,True,False,True,False,4,4,True,False,False,non-positive,"nothing: a non-positive margin is failure to separate, not a certified reversal (that needs a LOWER bound on B_insuff)",,-0.402,0.229,
broad_477,solvent_class,aprotic_acceptor,pair,res,57,36,8,57,0.0891,0.8023,True,4,10.1016/j.jct.2015.12.034,0.3151,0.1404,0.1217,-0.0513,-0.1917,-0.1543,False,5,0.2155,-0.3419,0.192,False,,,,0.0178,0.3081,True,True,4,0,2,-0.4067,-0.1282,10.1016/j.jct.2015.12.034,-0.1282,True,False,True,False,4,4,True,False,False,non-positive,"nothing: a non-positive margin is failure to separate, not a certified reversal (that needs a LOWER bound on B_insuff)",,-0.414,0.126,
broad_477,solvent_class,aromatic_hydrocarbon,row,full,14,9,2,9,2.9843,6.2384,False,2,10.1021/acs.jced.7b00114,0.8204,,,,,,,3,0.955,1.0742,,False,0.281,6.0,1.0,0.0458,0.0294,False,True,2,2,2,,,,,False,False,False,False,0,4,False,False,,no estimate,"nothing: reported in the map, not stated as a finding",not boundable: n=14 < 40; the fixed cell is undefined at n=14,,,
broad_477,solvent_class,aromatic_hydrocarbon,row,res,14,9,2,9,4.2968,6.2384,False,2,10.1021/acs.jced.7b00114,0.8839,,,,,,,3,1.5913,1.1142,,False,0.281,6.0,1.0,0.0663,0.0294,False,True,2,2,2,,,,,False,False,False,False,0,4,False,False,,no estimate,"nothing: reported in the map, not stated as a finding",not boundable: n=14 < 40; the fixed cell is undefined at n=14,,,
broad_477,solvent_class,aromatic_hydrocarbon,pair,full,9,9,2,9,1.4452,3.4596,False,2,10.1016/j.tca.2012.02.005,0.577,,,,,,,3,2.4907,-3.5362,,False,,,,0.0419,0.0486,False,True,2,2,2,,,,,False,False,False,False,0,4,False,False,,no estimate,"nothing: reported in the map, not stated as a finding",not boundable: n=9 < 40; the fixed cell is undefined at n=9,,,
broad_477,solvent_class,aromatic_hydrocarbon,pair,res,9,9,2,9,1.7315,3.4596,False,2,10.1021/acs.jced.7b00114,0.5518,,,,,,,3,2.4907,-3.2498,,False,,,,0.0547,0.0486,False,True,2,2,2,,,,,False,False,False,False,0,4,False,False,,no estimate,"nothing: reported in the map, not stated as a finding",not boundable: n=9 < 40; the fixed cell is undefined at n=9,,,
broad_477,solvent_class,aryl_ether,row,full,13,1,2,2,5.8053,0.0494,False,1,10.1021/acs.jced.7b00114,1.0,,,,,,,3,0.0086,5.7881,,True,0.0484,13.0,2.0,0.0828,0.0273,False,False,1,1,1,,,,,False,False,False,False,0,4,False,False,,no estimate,"nothing: reported in the map, not stated as a finding",not boundable: n=13 < 40; the fixed cell is undefined at n=13,,,
broad_477,solvent_class,aryl_ether,row,res,13,1,2,2,9.5817,0.0494,False,1,10.1021/acs.jced.7b00114,1.0,,,,,,,3,0.0086,9.5645,,True,0.0484,13.0,2.0,0.1373,0.0273,False,False,1,1,1,,,,,False,False,False,False,0,4,False,False,,no estimate,"nothing: reported in the map, not stated as a finding",not boundable: n=13 < 40; the fixed cell is undefined at n=13,,,
broad_477,solvent_class,aryl_ether,pair,full,2,1,2,2,5.8604,0.0051,False,1,10.1021/acs.jced.7b00114,1.0,,,,,,,3,,,,True,,,,0.0377,0.0108,False,False,1,1,1,,,,,False,False,False,False,0,4,False,False,,no estimate,"nothing: reported in the map, not stated as a finding",not boundable: n=2 < 40; the fixed cell is undefined at n=2,,,
broad_477,solvent_class,aryl_ether,pair,res,2,1,2,2,9.6759,0.0051,False,1,10.1021/acs.jced.7b00114,1.0,,,,,,,3,,,,True,,,,0.0679,0.0108,False,False,1,1,1,,,,,False,False,False,False,0,4,False,False,,no estimate,"nothing: reported in the map, not stated as a finding",not boundable: n=2 < 40; the fixed cell is undefined at n=2,,,
broad_477,solvent_class,glycol_ether,row,full,182,19,4,43,2.4627,3.0683,True,3,10.1016/j.jct.2016.10.013,0.5515,0.1161,0.1111,2.3466,2.2305,2.2406,False,18,0.062,2.3388,1.0,False,0.0437,177.0,38.0,0.4918,0.3816,True,True,3,0,0,1.668,3.2593,10.1016/j.jct.2016.10.013,1.668,True,True,True,True,4,4,True,False,True,positive,B_clos > 0 in this stratum: the closure's own error exceeds what input insufficiency can account for,,1.401,3.323,
broad_477,solvent_class,glycol_ether,row,res,182,19,4,43,2.2518,3.0683,True,3,10.1016/j.jct.2016.10.013,0.532,0.1077,0.103,2.1441,2.0364,2.0459,False,18,0.0594,2.1331,1.0,False,0.0437,177.0,38.0,0.4518,0.3816,True,True,3,0,0,1.5971,2.8655,10.1016/j.jct.2016.10.013,1.5971,True,True,True,True,4,4,True,False,True,positive,B_clos > 0 in this stratum: the closure's own error exceeds what input insufficiency can account for,,1.268,2.833,
broad_477,solvent_class,glycol_ether,pair,full,43,19,4,43,3.2029,2.6839,True,3,10.1016/j.jct.2016.10.013,0.6359,0.1329,0.1092,3.0699,2.937,2.9844,False,4,0.4915,2.2199,1.0,False,,,,0.4433,0.2324,True,True,3,0,3,2.4073,3.2615,10.1016/j.jct.2016.10.013,2.4073,True,False,True,False,4,4,True,False,True,positive,B_clos > 0 in this stratum: the closure's own error exceeds what input insufficiency can account for,,1.949,3.774,
broad_477,solvent_class,glycol_ether,pair,res,43,19,4,43,2.9081,2.6839,True,3,10.1016/j.jct.2016.10.013,0.6192,0.1438,0.118,2.7642,2.6204,2.6722,False,4,0.5231,1.8619,1.0,False,,,,0.439,0.2324,True,True,3,0,3,2.2744,2.9906,10.1016/j.jct.2016.10.013,2.2744,True,False,True,False,4,4,True,False,True,positive,B_clos > 0 in this stratum: the closure's own error exceeds what input insufficiency can account for,,1.866,3.282,
broad_477,solvent_class,halogenated,row,full,30,5,4,7,3.1303,3.6607,False,2,10.1021/acs.jced.7b00114,0.7372,0.5918,0.443,2.5385,1.9467,2.2444,False,3,0.9913,1.1478,0.988,False,0.0752,30.0,7.0,0.103,0.0629,False,True,2,1,2,3.3907,3.3907,10.1016/j.fluid.2015.11.037,3.3907,False,False,False,False,0,4,False,False,True,positive,"nothing: reported in the map, not stated as a finding","not boundable: n=30 < 40; 1 of 2 deletions leave fewer than 16 rows and the fixed cell is then undefined (10.1021/acs.jced.7b00114), so the sign is not verifiable",0.459,5.379,
broad_477,solvent_class,halogenated,row,res,30,5,4,7,4.5693,3.6607,False,2,10.1021/acs.jced.7b00114,0.8265,0.5918,0.443,3.9775,3.3856,3.6833,False,3,0.9913,2.5868,0.995,False,0.0752,30.0,7.0,0.1511,0.0629,False,True,2,1,2,5.8389,5.8389,10.1016/j.fluid.2015.11.037,5.8389,False,False,False,False,0,4,False,False,True,positive,"nothing: reported in the map, not stated as a finding","not boundable: n=30 < 40; 1 of 2 deletions leave fewer than 16 rows and the fixed cell is then undefined (10.1021/acs.jced.7b00114), so the sign is not verifiable",0.857,8.118,
broad_477,solvent_class,halogenated,pair,full,7,5,4,7,3.0617,3.5241,False,2,10.1021/acs.jced.7b00114,0.5264,,,,,,,3,0.0351,2.9915,,False,,,,0.069,0.0378,False,True,2,2,2,,,,,False,False,False,False,0,4,False,False,,no estimate,"nothing: reported in the map, not stated as a finding",not boundable: n=7 < 40; the fixed cell is undefined at n=7,,,
broad_477,solvent_class,halogenated,pair,res,7,5,4,7,4.0794,3.5241,False,2,10.1021/acs.jced.7b00114,0.6563,,,,,,,3,0.0351,4.0091,,False,,,,0.1003,0.0378,False,True,2,2,2,,,,,False,False,False,False,0,4,False,False,,no estimate,"nothing: reported in the map, not stated as a finding",not boundable: n=7 < 40; the fixed cell is undefined at n=7,,,
broad_477,solvent_class,mono_alcohol,row,full,35,14,4,17,2.5525,0.6044,False,2,10.1016/j.fluid.2015.11.037,0.508,0.7328,0.582,1.8197,1.0869,1.3885,True,3,0.6599,1.2326,0.978,False,0.0003,22.0,4.0,0.098,0.0734,False,True,2,1,2,2.0429,2.0429,10.1016/j.tca.2012.02.005,2.0429,False,False,False,False,0,4,False,False,True,positive,"nothing: reported in the map, not stated as a finding","not boundable: n=35 < 40; 1 of 2 deletions leave fewer than 16 rows and the fixed cell is then undefined (10.1016/j.fluid.2015.11.037), so the sign is not verifiable",0.373,4.264,
broad_477,solvent_class,mono_alcohol,row,res,35,14,4,17,2.2498,0.6044,False,2,10.1016/j.fluid.2015.11.037,0.5521,0.733,0.5779,1.5167,0.7837,1.0939,True,3,0.6373,0.9751,0.964,False,0.0003,22.0,4.0,0.0868,0.0734,False,True,2,1,2,1.9516,1.9516,10.1016/j.tca.2012.02.005,1.9516,False,False,False,False,0,4,False,False,True,positive,"nothing: reported in the map, not stated as a finding","not boundable: n=35 < 40; 1 of 2 deletions leave fewer than 16 rows and the fixed cell is then undefined (10.1016/j.fluid.2015.11.037), so the sign is not verifiable",0.182,3.238,
broad_477,solvent_class,mono_alcohol,pair,full,17,14,4,17,3.1556,1.1112,False,2,10.1016/j.tca.2012.02.005,0.8193,1.8475,0.9782,1.3081,-0.5394,1.1992,True,3,1.3395,0.4767,0.945,False,,,,0.1727,0.0919,False,True,2,2,2,,,,,False,False,False,False,0,4,False,False,False,non-positive,"nothing: reported in the map, not stated as a finding","not boundable: n=17 < 40; 2 of 2 deletions leave fewer than 16 rows and the fixed cell is then undefined (10.1016/j.fluid.2015.11.037, 10.1016/j.tca.2012.02.005), so the sign is not verifiable",-0.047,5.457,
broad_477,solvent_class,mono_alcohol,pair,res,17,14,4,17,2.6219,1.1112,False,2,10.1016/j.tca.2012.02.005,0.7913,1.0186,0.559,1.6032,0.5846,1.5038,False,3,1.3373,-0.0527,0.94,False,,,,0.1565,0.0919,False,True,2,2,2,,,,,False,False,False,False,0,4,False,False,False,positive,"nothing: reported in the map, not stated as a finding","not boundable: n=17 < 40; 2 of 2 deletions leave fewer than 16 rows and the fixed cell is then undefined (10.1016/j.fluid.2015.11.037, 10.1016/j.tca.2012.02.005), so the sign is not verifiable",-0.06,4.212,
broad_477,solvent_class,nh_protic,row,full,33,21,10,33,1.6671,5.6144,False,3,10.1016/j.tca.2012.02.005,0.5623,0.4048,0.3146,1.2623,0.8575,1.038,False,3,0.9449,-0.2227,0.944,False,,,,0.0604,0.0692,False,True,3,1,3,-0.0213,1.4354,10.1016/j.tca.2012.02.005,-0.0213,False,False,False,False,0,4,False,False,False,positive,"nothing: reported in the map, not stated as a finding","not boundable: n=33 < 40; 1 of 3 deletions leave fewer than 16 rows and the fixed cell is then undefined (10.1016/j.tca.2015.11.010), so the sign is not verifiable",-0.047,2.763,
broad_477,solvent_class,nh_protic,row,res,33,21,10,33,1.1749,5.6144,False,3,10.1016/j.tca.2012.02.005,0.6187,0.2814,0.2198,0.8935,0.6122,0.7353,False,3,0.9449,-0.715,0.882,False,,,,0.0427,0.0692,False,True,3,1,3,-0.2364,0.8654,10.1016/j.tca.2012.02.005,-0.2364,False,False,False,False,0,4,False,False,False,positive,"nothing: reported in the map, not stated as a finding","not boundable: n=33 < 40; 1 of 3 deletions leave fewer than 16 rows and the fixed cell is then undefined (10.1016/j.tca.2015.11.010), so the sign is not verifiable",-0.271,1.964,
broad_477,solvent_class,nh_protic,pair,full,33,21,10,33,1.6671,5.6144,False,3,10.1016/j.tca.2012.02.005,0.5623,0.4048,0.3146,1.2623,0.8575,1.038,False,3,0.9449,-0.2227,0.955,False,,,,0.1771,0.1784,False,True,3,1,3,-0.0213,1.4354,10.1016/j.tca.2012.02.005,-0.0213,False,False,False,False,0,4,False,False,True,positive,"nothing: reported in the map, not stated as a finding","not boundable: n=33 < 40; 1 of 3 deletions leave fewer than 16 rows and the fixed cell is then undefined (10.1016/j.tca.2015.11.010), so the sign is not verifiable",0.031,2.645,
broad_477,solvent_class,nh_protic,pair,res,33,21,10,33,1.1749,5.6144,False,3,10.1016/j.tca.2012.02.005,0.6187,0.2814,0.2198,0.8935,0.6122,0.7353,False,3,0.9449,-0.715,0.887,False,,,,0.1361,0.1784,False,True,3,1,3,-0.2364,0.8654,10.1016/j.tca.2012.02.005,-0.2364,False,False,False,False,0,4,False,False,False,positive,"nothing: reported in the map, not stated as a finding","not boundable: n=33 < 40; 1 of 3 deletions leave fewer than 16 rows and the fixed cell is then undefined (10.1016/j.tca.2015.11.010), so the sign is not verifiable",-0.258,2.142,
broad_477,solvent_class,water,row,full,111,15,1,15,0.914,1.4189,True,3,10.1021/acs.jced.9b00726,0.5021,0.1742,0.1617,0.7397,0.5655,0.5905,False,11,0.1117,0.6905,0.997,True,0.037,111.0,15.0,0.1113,0.2327,True,True,3,0,0,0.0412,0.7866,10.1016/j.fluid.2015.01.010,0.0412,True,True,True,True,1,4,False,False,True,positive,B_clos > 0 in this stratum: the closure's own error exceeds what input insufficiency can account for,,0.255,0.969,
broad_477,solvent_class,water,row,res,111,15,1,15,0.4765,1.4189,True,3,10.1021/acs.jced.9b00726,0.7457,0.215,0.1994,0.2615,0.0464,0.0777,False,11,0.1807,0.115,0.761,True,0.037,111.0,15.0,0.0583,0.2327,True,True,3,0,0,-0.1935,0.2455,10.1021/acs.jced.9b00726,-0.1935,False,False,False,False,1,4,False,False,False,positive,"nothing: reported in the map, not stated as a finding",sign does not survive deletion of 10.1016/j.fluid.2015.01.010 (+0.046 -> -0.075); 10.1021/acs.jced.9b00726 (+0.046 -> -0.194),-0.145,0.394,
broad_477,solvent_class,water,pair,full,15,15,1,15,0.7905,1.5988,False,3,10.1021/acs.jced.9b00726,0.622,,,,,,,3,0.5781,-0.3658,,True,,,,0.0382,0.0811,False,True,3,3,3,,,,,False,False,False,False,1,4,False,False,,no estimate,"nothing: reported in the map, not stated as a finding",not boundable: n=15 < 40; the fixed cell is undefined at n=15,,,
broad_477,solvent_class,water,pair,res,15,15,1,15,0.5234,1.5988,False,3,10.1021/acs.jced.9b00726,0.6906,,,,,,,3,0.5444,-0.5655,,True,,,,0.0276,0.0811,False,True,3,3,3,,,,,False,False,False,False,1,4,False,False,,no estimate,"nothing: reported in the map, not stated as a finding",not boundable: n=15 < 40; the fixed cell is undefined at n=15,,,
broad_477,solvent_class_coarse,halogenated_nonHB,row,full,30,5,4,7,3.1303,3.6607,False,2,10.1021/acs.jced.7b00114,0.7372,0.5918,0.443,2.5385,1.9467,2.2444,False,3,0.9913,1.1478,0.989,False,0.0752,30.0,7.0,0.103,0.0629,False,True,2,1,2,3.3907,3.3907,10.1016/j.fluid.2015.11.037,3.3907,False,False,False,False,0,4,False,False,True,positive,"nothing: reported in the map, not stated as a finding","not boundable: n=30 < 40; 1 of 2 deletions leave fewer than 16 rows and the fixed cell is then undefined (10.1021/acs.jced.7b00114), so the sign is not verifiable",0.351,5.407,
broad_477,solvent_class_coarse,halogenated_nonHB,row,res,30,5,4,7,4.5693,3.6607,False,2,10.1021/acs.jced.7b00114,0.8265,0.5918,0.443,3.9775,3.3856,3.6833,False,3,0.9913,2.5868,0.996,False,0.0752,30.0,7.0,0.1511,0.0629,False,True,2,1,2,5.8389,5.8389,10.1016/j.fluid.2015.11.037,5.8389,False,False,False,False,0,4,False,False,True,positive,"nothing: reported in the map, not stated as a finding","not boundable: n=30 < 40; 1 of 2 deletions leave fewer than 16 rows and the fixed cell is then undefined (10.1021/acs.jced.7b00114), so the sign is not verifiable",1.097,8.613,
broad_477,solvent_class_coarse,halogenated_nonHB,pair,full,7,5,4,7,3.0617,3.5241,False,2,10.1021/acs.jced.7b00114,0.5264,,,,,,,3,0.0351,2.9915,,False,,,,0.069,0.0378,False,True,2,2,2,,,,,False,False,False,False,0,4,False,False,,no estimate,"nothing: reported in the map, not stated as a finding",not boundable: n=7 < 40; the fixed cell is undefined at n=7,,,
broad_477,solvent_class_coarse,halogenated_nonHB,pair,res,7,5,4,7,4.0794,3.5241,False,2,10.1021/acs.jced.7b00114,0.6563,,,,,,,3,0.0351,4.0091,,False,,,,0.1003,0.0378,False,True,2,2,2,,,,,False,False,False,False,0,4,False,False,,no estimate,"nothing: reported in the map, not stated as a finding",not boundable: n=7 < 40; the fixed cell is undefined at n=7,,,
broad_477,solvent_class_coarse,hb_acceptor_only,row,full,70,37,10,59,1.1671,2.8662,True,5,10.1021/acs.jced.7b00114,0.9238,0.1977,0.1752,0.9694,0.7718,0.8168,False,7,0.1816,0.8039,0.667,False,0.0484,13.0,2.0,0.0896,0.1468,True,True,5,0,0,-0.1518,1.7502,10.1021/acs.jced.7b00114,-0.1518,False,False,False,False,0,4,False,False,False,positive,"nothing: reported in the map, not stated as a finding",sign does not survive deletion of 10.1021/acs.jced.7b00114 (+0.772 -> -0.152),-0.301,3.732,
broad_477,solvent_class_coarse,hb_acceptor_only,row,res,70,37,10,59,1.852,2.8662,True,5,10.1021/acs.jced.7b00114,0.9608,0.2091,0.1852,1.6429,1.4338,1.4815,False,7,0.1838,1.4845,0.654,False,0.0484,13.0,2.0,0.1429,0.1468,True,True,5,0,0,-0.1917,2.9427,10.1021/acs.jced.7b00114,-0.1917,False,False,False,False,0,4,False,False,False,positive,"nothing: reported in the map, not stated as a finding",sign does not survive deletion of 10.1021/acs.jced.7b00114 (+1.434 -> -0.192),-0.281,6.194,
broad_477,solvent_class_coarse,hb_acceptor_only,pair,full,59,37,10,59,0.3042,1.3343,True,5,10.1021/acs.jced.7b00114,0.653,0.2717,0.237,0.0325,-0.2392,-0.1697,False,5,0.3691,-0.434,0.328,False,,,,0.0578,0.3189,True,True,5,0,1,-0.2538,0.1052,10.1016/j.jct.2018.05.003,0.1052,False,False,False,False,0,4,False,False,False,non-positive,"nothing: reported in the map, not stated as a finding",sign does not survive deletion of 10.1016/j.jct.2018.05.003 (-0.239 -> +0.105),-0.536,1.207,
broad_477,solvent_class_coarse,hb_acceptor_only,pair,res,59,37,10,59,0.4141,1.3343,True,5,10.1021/acs.jced.7b00114,0.7921,0.287,0.2501,0.1271,-0.16,-0.0861,False,5,0.3872,-0.3603,0.361,False,,,,0.0858,0.3189,True,True,5,0,1,-0.1917,0.3172,10.1016/j.jct.2018.05.003,0.3172,False,False,False,False,0,4,False,False,False,non-positive,"nothing: reported in the map, not stated as a finding",sign does not survive deletion of 10.1016/j.jct.2018.05.003 (-0.160 -> +0.317),-0.459,1.747,
broad_477,solvent_class_coarse,hb_donor_N,row,full,33,21,10,33,1.6671,5.6144,False,3,10.1016/j.tca.2012.02.005,0.5623,0.4048,0.3146,1.2623,0.8575,1.038,False,3,0.9449,-0.2227,0.952,False,,,,0.0604,0.0692,False,True,3,1,3,-0.0213,1.4354,10.1016/j.tca.2012.02.005,-0.0213,False,False,False,False,0,4,False,False,True,positive,"nothing: reported in the map, not stated as a finding","not boundable: n=33 < 40; 1 of 3 deletions leave fewer than 16 rows and the fixed cell is then undefined (10.1016/j.tca.2015.11.010), so the sign is not verifiable",0.011,2.726,
broad_477,solvent_class_coarse,hb_donor_N,row,res,33,21,10,33,1.1749,5.6144,False,3,10.1016/j.tca.2012.02.005,0.6187,0.2814,0.2198,0.8935,0.6122,0.7353,False,3,0.9449,-0.715,0.886,False,,,,0.0427,0.0692,False,True,3,1,3,-0.2364,0.8654,10.1016/j.tca.2012.02.005,-0.2364,False,False,False,False,0,4,False,False,False,positive,"nothing: reported in the map, not stated as a finding","not boundable: n=33 < 40; 1 of 3 deletions leave fewer than 16 rows and the fixed cell is then undefined (10.1016/j.tca.2015.11.010), so the sign is not verifiable",-0.296,2.107,
broad_477,solvent_class_coarse,hb_donor_N,pair,full,33,21,10,33,1.6671,5.6144,False,3,10.1016/j.tca.2012.02.005,0.5623,0.4048,0.3146,1.2623,0.8575,1.038,False,3,0.9449,-0.2227,0.952,False,,,,0.1771,0.1784,False,True,3,1,3,-0.0213,1.4354,10.1016/j.tca.2012.02.005,-0.0213,False,False,False,False,0,4,False,False,True,positive,"nothing: reported in the map, not stated as a finding","not boundable: n=33 < 40; 1 of 3 deletions leave fewer than 16 rows and the fixed cell is then undefined (10.1016/j.tca.2015.11.010), so the sign is not verifiable",0.011,2.734,
broad_477,solvent_class_coarse,hb_donor_N,pair,res,33,21,10,33,1.1749,5.6144,False,3,10.1016/j.tca.2012.02.005,0.6187,0.2814,0.2198,0.8935,0.6122,0.7353,False,3,0.9449,-0.715,0.886,False,,,,0.1361,0.1784,False,True,3,1,3,-0.2364,0.8654,10.1016/j.tca.2012.02.005,-0.2364,False,False,False,False,0,4,False,False,False,positive,"nothing: reported in the map, not stated as a finding","not boundable: n=33 < 40; 1 of 3 deletions leave fewer than 16 rows and the fixed cell is then undefined (10.1016/j.tca.2015.11.010), so the sign is not verifiable",-0.242,2.202,
broad_477,solvent_class_coarse,hb_donor_acceptor_O,row,full,328,48,9,75,1.9482,3.7282,True,8,10.1016/j.jct.2016.10.013,0.3868,0.3022,0.2949,1.6459,1.3437,1.3584,False,32,0.2225,1.5032,1.0,False,0.0382,310.0,57.0,0.7011,0.6876,True,True,8,0,0,0.9356,1.5408,10.1021/je020196d,0.9356,True,True,True,True,3,4,False,False,True,positive,B_clos > 0 in this stratum: the closure's own error exceeds what input insufficiency can account for,,0.664,2.524,
broad_477,solvent_class_coarse,hb_donor_acceptor_O,row,res,328,48,9,75,1.6508,3.7282,True,8,10.1016/j.jct.2016.10.013,0.4026,0.5618,0.5481,1.0891,0.5273,0.5547,False,32,0.475,0.7008,0.89,False,0.0382,310.0,57.0,0.5969,0.6876,True,True,8,0,0,-0.4172,0.9665,10.1021/je020196d,-0.4172,False,False,False,False,3,4,False,False,False,positive,"nothing: reported in the map, not stated as a finding",sign does not survive deletion of 10.1021/je020196d (+0.527 -> -0.417),-0.206,2.182,
broad_477,solvent_class_coarse,hb_donor_acceptor_O,pair,full,75,48,9,75,2.7097,5.5526,True,8,10.1016/j.jct.2016.10.013,0.431,0.6336,0.5672,2.0761,1.4426,1.5752,False,7,0.7167,1.2763,0.996,False,,,,0.6542,0.4054,True,True,8,0,0,1.02,1.8814,10.1016/j.jct.2016.10.013,1.02,True,True,True,True,3,4,False,False,True,positive,B_clos > 0 in this stratum: the closure's own error exceeds what input insufficiency can account for,,0.612,3.119,
broad_477,solvent_class_coarse,hb_donor_acceptor_O,pair,res,75,48,9,75,2.3663,5.5526,True,8,10.1016/j.jct.2016.10.013,0.4363,0.9203,0.8231,1.446,0.5257,0.7201,False,7,0.9827,0.4008,0.895,False,,,,0.6231,0.4054,True,True,8,0,0,0.0099,1.0024,10.1021/je020196d,0.0099,True,True,True,True,3,4,False,False,False,positive,B_clos > 0 in this stratum: the closure's own error exceeds what input insufficiency can account for,,-0.308,2.607,
broad_477,solvent_class_coarse,hydrocarbon_nonHB,row,full,16,10,3,11,2.6125,6.4141,False,3,10.1021/acs.jced.7b00114,0.82,0.3885,0.1943,2.224,1.8355,2.224,False,3,0.5125,1.5875,0.947,False,0.281,6.0,1.0,0.0459,0.0335,False,True,3,3,3,,,,,False,False,False,False,0,4,False,False,False,positive,"nothing: reported in the map, not stated as a finding","not boundable: n=16 < 40; 3 of 3 deletions leave fewer than 16 rows and the fixed cell is then undefined (10.1016/j.jct.2019.05.011, 10.1016/j.tca.2012.02.005, 10.1021/acs.jced.7b00114), so the sign is not verifiable",-0.038,5.485,
broad_477,solvent_class_coarse,hydrocarbon_nonHB,row,res,16,10,3,11,3.7611,6.4141,False,3,10.1021/acs.jced.7b00114,0.8836,0.3852,0.1926,3.3759,2.9907,3.3759,False,3,0.5125,2.7361,0.941,False,0.281,6.0,1.0,0.0663,0.0335,False,True,3,3,3,,,,,False,False,False,False,0,4,False,False,False,positive,"nothing: reported in the map, not stated as a finding","not boundable: n=16 < 40; 3 of 3 deletions leave fewer than 16 rows and the fixed cell is then undefined (10.1016/j.jct.2019.05.011, 10.1016/j.tca.2012.02.005, 10.1021/acs.jced.7b00114), so the sign is not verifiable",-0.074,8.862,
broad_477,solvent_class_coarse,hydrocarbon_nonHB,pair,full,11,10,3,11,1.1842,3.1562,False,3,10.1016/j.tca.2012.02.005,0.5762,,,,,,,3,1.7793,-2.3744,,False,,,,0.0419,0.0595,False,True,3,3,3,,,,,False,False,False,False,0,4,False,False,,no estimate,"nothing: reported in the map, not stated as a finding",not boundable: n=11 < 40; the fixed cell is undefined at n=11,,,
broad_477,solvent_class_coarse,hydrocarbon_nonHB,pair,res,11,10,3,11,1.4186,3.1562,False,3,10.1021/acs.jced.7b00114,0.5511,,,,,,,3,2.6825,-3.9464,,False,,,,0.0548,0.0595,False,True,3,3,3,,,,,False,False,False,False,0,4,False,False,,no estimate,"nothing: reported in the map, not stated as a finding",not boundable: n=11 < 40; the fixed cell is undefined at n=11,,,
broad_477,solvent_family_fine,aliphatic_hydrocarbon,row,full,2,2,1,2,0.0101,0.0052,False,2,10.1016/j.jct.2019.05.011,0.9302,,,,,,,3,,,,True,,,,0.0,0.0042,False,True,2,2,2,,,,,False,False,False,False,0,4,False,False,,no estimate,"nothing: reported in the map, not stated as a finding",not boundable: n=2 < 40; the fixed cell is undefined at n=2,,,
broad_477,solvent_family_fine,aliphatic_hydrocarbon,row,res,2,2,1,2,0.0107,0.0052,False,2,10.1016/j.jct.2019.05.011,0.8562,,,,,,,3,,,,True,,,,0.0,0.0042,False,True,2,2,2,,,,,False,False,False,False,0,4,False,False,,no estimate,"nothing: reported in the map, not stated as a finding",not boundable: n=2 < 40; the fixed cell is undefined at n=2,,,
broad_477,solvent_family_fine,aliphatic_hydrocarbon,pair,full,2,2,1,2,0.0101,0.0052,False,2,10.1016/j.jct.2019.05.011,0.9302,,,,,,,3,,,,True,,,,0.0001,0.0108,False,True,2,2,2,,,,,False,False,False,False,0,4,False,False,,no estimate,"nothing: reported in the map, not stated as a finding",not boundable: n=2 < 40; the fixed cell is undefined at n=2,,,
broad_477,solvent_family_fine,aliphatic_hydrocarbon,pair,res,2,2,1,2,0.0107,0.0052,False,2,10.1016/j.jct.2019.05.011,0.8562,,,,,,,3,,,,True,,,,0.0001,0.0108,False,True,2,2,2,,,,,False,False,False,False,0,4,False,False,,no estimate,"nothing: reported in the map, not stated as a finding",not boundable: n=2 < 40; the fixed cell is undefined at n=2,,,
broad_477,solvent_family_fine,amide_NH,row,full,25,20,2,25,0.9631,2.2025,False,2,10.1016/j.tca.2015.11.010,0.9162,0.4922,0.3488,0.4709,-0.0213,0.2656,False,3,0.7002,-0.4373,0.908,False,,,,0.0264,0.0524,False,True,2,1,2,0.844,0.844,10.1016/j.jct.2013.05.006,0.844,False,False,False,False,0,4,False,False,False,non-positive,"nothing: reported in the map, not stated as a finding","not boundable: n=25 < 40; 1 of 2 deletions leave fewer than 16 rows and the fixed cell is then undefined (10.1016/j.tca.2015.11.010), so the sign is not verifiable",-0.136,1.293,
broad_477,solvent_family_fine,amide_NH,row,res,25,20,2,25,0.5913,2.2025,False,2,10.1016/j.tca.2015.11.010,0.9598,0.4139,0.2965,0.1775,-0.2364,-0.0017,False,3,0.5837,-0.5762,0.776,False,,,,0.0163,0.0524,False,True,2,1,2,0.4685,0.4685,10.1016/j.jct.2013.05.006,0.4685,False,False,False,False,0,4,False,False,False,non-positive,"nothing: reported in the map, not stated as a finding","not boundable: n=25 < 40; 1 of 2 deletions leave fewer than 16 rows and the fixed cell is then undefined (10.1016/j.tca.2015.11.010), so the sign is not verifiable",-0.337,0.764,
broad_477,solvent_family_fine,amide_NH,pair,full,25,20,2,25,0.9631,2.2025,False,2,10.1016/j.tca.2015.11.010,0.9162,0.4922,0.3488,0.4709,-0.0213,0.2656,False,3,0.7002,-0.4373,0.892,False,,,,0.0775,0.1351,False,True,2,1,2,0.844,0.844,10.1016/j.jct.2013.05.006,0.844,False,False,False,False,0,4,False,False,False,non-positive,"nothing: reported in the map, not stated as a finding","not boundable: n=25 < 40; 1 of 2 deletions leave fewer than 16 rows and the fixed cell is then undefined (10.1016/j.tca.2015.11.010), so the sign is not verifiable",-0.132,1.269,
broad_477,solvent_family_fine,amide_NH,pair,res,25,20,2,25,0.5913,2.2025,False,2,10.1016/j.tca.2015.11.010,0.9598,0.4139,0.2965,0.1775,-0.2364,-0.0017,False,3,0.5837,-0.5762,0.768,False,,,,0.0519,0.1351,False,True,2,1,2,0.4685,0.4685,10.1016/j.jct.2013.05.006,0.4685,False,False,False,False,0,4,False,False,False,non-positive,"nothing: reported in the map, not stated as a finding","not boundable: n=25 < 40; 1 of 2 deletions leave fewer than 16 rows and the fixed cell is then undefined (10.1016/j.tca.2015.11.010), so the sign is not verifiable",-0.338,0.758,
broad_477,solvent_family_fine,amine_NH,row,full,8,1,8,8,3.8671,0.0654,False,1,10.1016/j.tca.2012.02.005,1.0,,,,,,,3,0.0284,3.8103,,True,,,,0.0339,0.0168,False,False,1,1,1,,,,,False,False,False,False,0,4,False,False,,no estimate,"nothing: reported in the map, not stated as a finding",not boundable: n=8 < 40; the fixed cell is undefined at n=8,,,
broad_477,solvent_family_fine,amine_NH,row,res,8,1,8,8,2.9986,0.0654,False,1,10.1016/j.tca.2012.02.005,1.0,,,,,,,3,0.0292,2.9402,,True,,,,0.0264,0.0168,False,False,1,1,1,,,,,False,False,False,False,0,4,False,False,,no estimate,"nothing: reported in the map, not stated as a finding",not boundable: n=8 < 40; the fixed cell is undefined at n=8,,,
broad_477,solvent_family_fine,amine_NH,pair,full,8,1,8,8,3.8671,0.0654,False,1,10.1016/j.tca.2012.02.005,1.0,,,,,,,3,0.0284,3.8103,,True,,,,0.0996,0.0432,False,False,1,1,1,,,,,False,False,False,False,0,4,False,False,,no estimate,"nothing: reported in the map, not stated as a finding",not boundable: n=8 < 40; the fixed cell is undefined at n=8,,,
broad_477,solvent_family_fine,amine_NH,pair,res,8,1,8,8,2.9986,0.0654,False,1,10.1016/j.tca.2012.02.005,1.0,,,,,,,3,0.0292,2.9402,,True,,,,0.0842,0.0432,False,False,1,1,1,,,,,False,False,False,False,0,4,False,False,,no estimate,"nothing: reported in the map, not stated as a finding",not boundable: n=8 < 40; the fixed cell is undefined at n=8,,,
broad_477,solvent_family_fine,aromatic_hydrocarbon,row,full,14,9,2,9,2.9843,6.2384,False,2,10.1021/acs.jced.7b00114,0.8204,,,,,,,3,0.955,1.0742,,False,0.281,6.0,1.0,0.0458,0.0294,False,True,2,2,2,,,,,False,False,False,False,0,4,False,False,,no estimate,"nothing: reported in the map, not stated as a finding",not boundable: n=14 < 40; the fixed cell is undefined at n=14,,,
broad_477,solvent_family_fine,aromatic_hydrocarbon,row,res,14,9,2,9,4.2968,6.2384,False,2,10.1021/acs.jced.7b00114,0.8839,,,,,,,3,1.5913,1.1142,,False,0.281,6.0,1.0,0.0663,0.0294,False,True,2,2,2,,,,,False,False,False,False,0,4,False,False,,no estimate,"nothing: reported in the map, not stated as a finding",not boundable: n=14 < 40; the fixed cell is undefined at n=14,,,
broad_477,solvent_family_fine,aromatic_hydrocarbon,pair,full,9,9,2,9,1.4452,3.4596,False,2,10.1016/j.tca.2012.02.005,0.577,,,,,,,3,2.4907,-3.5362,,False,,,,0.0419,0.0486,False,True,2,2,2,,,,,False,False,False,False,0,4,False,False,,no estimate,"nothing: reported in the map, not stated as a finding",not boundable: n=9 < 40; the fixed cell is undefined at n=9,,,
broad_477,solvent_family_fine,aromatic_hydrocarbon,pair,res,9,9,2,9,1.7315,3.4596,False,2,10.1021/acs.jced.7b00114,0.5518,,,,,,,3,2.4907,-3.2498,,False,,,,0.0547,0.0486,False,True,2,2,2,,,,,False,False,False,False,0,4,False,False,,no estimate,"nothing: reported in the map, not stated as a finding",not boundable: n=9 < 40; the fixed cell is undefined at n=9,,,
broad_477,solvent_family_fine,aryl_ether,row,full,13,1,2,2,5.8053,0.0494,False,1,10.1021/acs.jced.7b00114,1.0,,,,,,,3,0.0086,5.7881,,True,0.0484,13.0,2.0,0.0828,0.0273,False,False,1,1,1,,,,,False,False,False,False,0,4,False,False,,no estimate,"nothing: reported in the map, not stated as a finding",not boundable: n=13 < 40; the fixed cell is undefined at n=13,,,
broad_477,solvent_family_fine,aryl_ether,row,res,13,1,2,2,9.5817,0.0494,False,1,10.1021/acs.jced.7b00114,1.0,,,,,,,3,0.0086,9.5645,,True,0.0484,13.0,2.0,0.1373,0.0273,False,False,1,1,1,,,,,False,False,False,False,0,4,False,False,,no estimate,"nothing: reported in the map, not stated as a finding",not boundable: n=13 < 40; the fixed cell is undefined at n=13,,,
broad_477,solvent_family_fine,aryl_ether,pair,full,2,1,2,2,5.8604,0.0051,False,1,10.1021/acs.jced.7b00114,1.0,,,,,,,3,,,,True,,,,0.0377,0.0108,False,False,1,1,1,,,,,False,False,False,False,0,4,False,False,,no estimate,"nothing: reported in the map, not stated as a finding",not boundable: n=2 < 40; the fixed cell is undefined at n=2,,,
broad_477,solvent_family_fine,aryl_ether,pair,res,2,1,2,2,9.6759,0.0051,False,1,10.1021/acs.jced.7b00114,1.0,,,,,,,3,,,,True,,,,0.0679,0.0108,False,False,1,1,1,,,,,False,False,False,False,0,4,False,False,,no estimate,"nothing: reported in the map, not stated as a finding",not boundable: n=2 < 40; the fixed cell is undefined at n=2,,,
broad_477,solvent_family_fine,azine,row,full,23,20,5,23,0.1639,0.7697,False,2,10.1016/j.tca.2012.02.005,0.6114,0.0714,0.0472,0.0925,0.0212,0.0696,False,3,0.2092,-0.2545,0.759,False,,,,0.0041,0.0482,False,True,2,1,2,0.0283,0.0283,10.1016/j.tca.2012.02.005,0.0283,False,False,False,False,0,4,False,False,False,positive,"nothing: reported in the map, not stated as a finding","not boundable: n=23 < 40; 1 of 2 deletions leave fewer than 16 rows and the fixed cell is then undefined (10.1016/j.fluid.2016.10.009), so the sign is not verifiable",-0.108,0.252,
broad_477,solvent_family_fine,azine,row,res,23,20,5,23,0.0958,0.7697,False,2,10.1016/j.tca.2012.02.005,0.5791,0.0724,0.0478,0.0234,-0.049,0.0003,False,3,0.2092,-0.3226,0.522,False,,,,0.0024,0.0482,False,True,2,1,2,-0.0038,-0.0038,10.1016/j.tca.2012.02.005,-0.0038,False,False,False,False,0,4,False,False,False,non-positive,"nothing: reported in the map, not stated as a finding","not boundable: n=23 < 40; 1 of 2 deletions leave fewer than 16 rows and the fixed cell is then undefined (10.1016/j.fluid.2016.10.009), so the sign is not verifiable",-0.145,0.139,
broad_477,solvent_family_fine,azine,pair,full,23,20,5,23,0.1639,0.7697,False,2,10.1016/j.tca.2012.02.005,0.6114,0.0714,0.0472,0.0925,0.0212,0.0696,False,3,0.2092,-0.2545,0.759,False,,,,0.0121,0.1243,False,True,2,1,2,0.0283,0.0283,10.1016/j.tca.2012.02.005,0.0283,False,False,False,False,0,4,False,False,False,positive,"nothing: reported in the map, not stated as a finding","not boundable: n=23 < 40; 1 of 2 deletions leave fewer than 16 rows and the fixed cell is then undefined (10.1016/j.fluid.2016.10.009), so the sign is not verifiable",-0.098,0.245,
broad_477,solvent_family_fine,azine,pair,res,23,20,5,23,0.0958,0.7697,False,2,10.1016/j.tca.2012.02.005,0.5791,0.0724,0.0478,0.0234,-0.049,0.0003,False,3,0.2092,-0.3226,0.544,False,,,,0.0077,0.1243,False,True,2,1,2,-0.0038,-0.0038,10.1016/j.tca.2012.02.005,-0.0038,False,False,False,False,0,4,False,False,False,non-positive,"nothing: reported in the map, not stated as a finding","not boundable: n=23 < 40; 1 of 2 deletions leave fewer than 16 rows and the fixed cell is then undefined (10.1016/j.fluid.2016.10.009), so the sign is not verifiable",-0.149,0.136,
broad_477,solvent_family_fine,ester,row,full,30,30,1,30,0.0335,0.2676,False,1,10.1016/j.jct.2018.05.003,1.0,0.0404,0.0301,-0.0069,-0.0474,-0.0267,False,3,0.0704,-0.1073,0.129,True,,,,0.0011,0.0629,False,False,1,1,1,,,,,False,False,False,False,0,4,False,False,False,non-positive,"nothing: reported in the map, not stated as a finding","not boundable: n=30 < 40; one source publication (10.1016/j.jct.2018.05.003): leave-one-source-out cannot be run, so the sign was never tested",-0.078,0.027,
broad_477,solvent_family_fine,ester,row,res,30,30,1,30,0.0425,0.2676,False,1,10.1016/j.jct.2018.05.003,1.0,0.049,0.0365,-0.0065,-0.0555,-0.0306,False,3,0.0782,-0.1139,0.211,True,,,,0.0014,0.0629,False,False,1,1,1,,,,,False,False,False,False,0,4,False,False,False,non-positive,"nothing: reported in the map, not stated as a finding","not boundable: n=30 < 40; one source publication (10.1016/j.jct.2018.05.003): leave-one-source-out cannot be run, so the sign was never tested",-0.084,0.027,
broad_477,solvent_family_fine,ester,pair,full,30,30,1,30,0.0335,0.2676,False,1,10.1016/j.jct.2018.05.003,1.0,0.0404,0.0301,-0.0069,-0.0474,-0.0267,False,3,0.0704,-0.1073,0.131,True,,,,0.0032,0.1622,False,False,1,1,1,,,,,False,False,False,False,0,4,False,False,False,non-positive,"nothing: reported in the map, not stated as a finding","not boundable: n=30 < 40; one source publication (10.1016/j.jct.2018.05.003): leave-one-source-out cannot be run, so the sign was never tested",-0.077,0.03,
broad_477,solvent_family_fine,ester,pair,res,30,30,1,30,0.0425,0.2676,False,1,10.1016/j.jct.2018.05.003,1.0,0.049,0.0365,-0.0065,-0.0555,-0.0306,False,3,0.0782,-0.1139,0.213,True,,,,0.0045,0.1622,False,False,1,1,1,,,,,False,False,False,False,0,4,False,False,False,non-positive,"nothing: reported in the map, not stated as a finding","not boundable: n=30 < 40; one source publication (10.1016/j.jct.2018.05.003): leave-one-source-out cannot be run, so the sign was never tested",-0.085,0.024,
broad_477,solvent_family_fine,glycol_ether,row,full,182,19,4,43,2.4627,3.0683,True,3,10.1016/j.jct.2016.10.013,0.5515,0.1161,0.1111,2.3466,2.2305,2.2406,False,18,0.062,2.3388,1.0,False,0.0437,177.0,38.0,0.4918,0.3816,True,True,3,0,0,1.668,3.2593,10.1016/j.jct.2016.10.013,1.668,True,True,True,True,4,4,True,False,True,positive,B_clos > 0 in this stratum: the closure's own error exceeds what input insufficiency can account for,,1.421,3.301,
broad_477,solvent_family_fine,glycol_ether,row,res,182,19,4,43,2.2518,3.0683,True,3,10.1016/j.jct.2016.10.013,0.532,0.1077,0.103,2.1441,2.0364,2.0459,False,18,0.0594,2.1331,1.0,False,0.0437,177.0,38.0,0.4518,0.3816,True,True,3,0,0,1.5971,2.8655,10.1016/j.jct.2016.10.013,1.5971,True,True,True,True,4,4,True,False,True,positive,B_clos > 0 in this stratum: the closure's own error exceeds what input insufficiency can account for,,1.266,2.873,
broad_477,solvent_family_fine,glycol_ether,pair,full,43,19,4,43,3.2029,2.6839,True,3,10.1016/j.jct.2016.10.013,0.6359,0.1329,0.1092,3.0699,2.937,2.9844,False,4,0.4915,2.2199,1.0,False,,,,0.4433,0.2324,True,True,3,0,3,2.4073,3.2615,10.1016/j.jct.2016.10.013,2.4073,True,False,True,False,4,4,True,False,True,positive,B_clos > 0 in this stratum: the closure's own error exceeds what input insufficiency can account for,,1.986,3.8,
broad_477,solvent_family_fine,glycol_ether,pair,res,43,19,4,43,2.9081,2.6839,True,3,10.1016/j.jct.2016.10.013,0.6192,0.1438,0.118,2.7642,2.6204,2.6722,False,4,0.5231,1.8619,1.0,False,,,,0.439,0.2324,True,True,3,0,3,2.2744,2.9906,10.1016/j.jct.2016.10.013,2.2744,True,False,True,False,4,4,True,False,True,positive,B_clos > 0 in this stratum: the closure's own error exceeds what input insufficiency can account for,,1.843,3.298,
broad_477,solvent_family_fine,halogenated_aliphatic,row,full,18,5,2,5,1.401,4.5837,False,2,10.1016/j.fluid.2015.11.037,0.9786,0.7092,0.3566,0.6917,-0.0175,0.6878,False,3,0.0748,1.2513,0.81,False,0.0653,18.0,5.0,0.0277,0.0377,False,True,2,2,2,,,,,False,False,False,False,0,4,False,False,False,non-positive,"nothing: reported in the map, not stated as a finding","not boundable: n=18 < 40; 2 of 2 deletions leave fewer than 16 rows and the fixed cell is then undefined (10.1016/j.fluid.2015.11.037, 10.1021/acs.jced.7b00114), so the sign is not verifiable",-0.327,2.373,
broad_477,solvent_family_fine,halogenated_aliphatic,row,res,18,5,2,5,1.5258,4.5837,False,2,10.1016/j.fluid.2015.11.037,0.8658,0.7092,0.3566,0.8166,0.1073,0.8127,False,3,0.0748,1.3761,0.866,False,0.0653,18.0,5.0,0.0303,0.0377,False,True,2,2,2,,,,,False,False,False,False,0,4,False,False,False,positive,"nothing: reported in the map, not stated as a finding","not boundable: n=18 < 40; 2 of 2 deletions leave fewer than 16 rows and the fixed cell is then undefined (10.1016/j.fluid.2015.11.037, 10.1021/acs.jced.7b00114), so the sign is not verifiable",-0.183,2.332,
broad_477,solvent_family_fine,halogenated_aliphatic,pair,full,5,5,2,5,2.0652,2.605,False,2,10.1016/j.fluid.2015.11.037,0.9829,,,,,,,3,,,,False,,,,0.0332,0.027,False,True,2,2,2,,,,,False,False,False,False,0,4,False,False,,no estimate,"nothing: reported in the map, not stated as a finding",not boundable: n=5 < 40; the fixed cell is undefined at n=5,,,
broad_477,solvent_family_fine,halogenated_aliphatic,pair,res,5,5,2,5,2.144,2.605,False,2,10.1016/j.fluid.2015.11.037,0.9155,,,,,,,3,,,,False,,,,0.0376,0.027,False,True,2,2,2,,,,,False,False,False,False,0,4,False,False,,no estimate,"nothing: reported in the map, not stated as a finding",not boundable: n=5 < 40; the fixed cell is undefined at n=5,,,
broad_477,solvent_family_fine,halogenated_aromatic,row,full,12,1,2,2,5.7244,0.0766,False,1,10.1021/acs.jced.7b00114,1.0,,,,,,,3,0.0414,5.6416,,True,0.0901,12.0,2.0,0.0754,0.0252,False,False,1,1,1,,,,,False,False,False,False,0,4,False,False,,no estimate,"nothing: reported in the map, not stated as a finding",not boundable: n=12 < 40; the fixed cell is undefined at n=12,,,
broad_477,solvent_family_fine,halogenated_aromatic,row,res,12,1,2,2,9.1345,0.0766,False,1,10.1021/acs.jced.7b00114,1.0,,,,,,,3,0.0414,9.0518,,True,0.0901,12.0,2.0,0.1208,0.0252,False,False,1,1,1,,,,,False,False,False,False,0,4,False,False,,no estimate,"nothing: reported in the map, not stated as a finding",not boundable: n=12 < 40; the fixed cell is undefined at n=12,,,
broad_477,solvent_family_fine,halogenated_aromatic,pair,full,2,1,2,2,5.5531,0.0004,False,1,10.1021/acs.jced.7b00114,1.0,,,,,,,3,,,,True,,,,0.0358,0.0108,False,False,1,1,1,,,,,False,False,False,False,0,4,False,False,,no estimate,"nothing: reported in the map, not stated as a finding",not boundable: n=2 < 40; the fixed cell is undefined at n=2,,,
broad_477,solvent_family_fine,halogenated_aromatic,pair,res,2,1,2,2,8.9178,0.0004,False,1,10.1021/acs.jced.7b00114,1.0,,,,,,,3,,,,True,,,,0.0626,0.0108,False,False,1,1,1,,,,,False,False,False,False,0,4,False,False,,no estimate,"nothing: reported in the map, not stated as a finding",not boundable: n=2 < 40; the fixed cell is undefined at n=2,,,
broad_477,solvent_family_fine,ketone_aldehyde,row,full,2,2,1,2,0.672,0.699,False,1,10.1016/j.jct.2015.12.034,1.0,,,,,,,3,,,,True,,,,0.0015,0.0042,False,False,1,1,1,,,,,False,False,False,False,0,4,False,False,,no estimate,"nothing: reported in the map, not stated as a finding",not boundable: n=2 < 40; the fixed cell is undefined at n=2,,,
broad_477,solvent_family_fine,ketone_aldehyde,row,res,2,2,1,2,0.4035,0.699,False,1,10.1016/j.jct.2015.12.034,1.0,,,,,,,3,,,,True,,,,0.0009,0.0042,False,False,1,1,1,,,,,False,False,False,False,0,4,False,False,,no estimate,"nothing: reported in the map, not stated as a finding",not boundable: n=2 < 40; the fixed cell is undefined at n=2,,,
broad_477,solvent_family_fine,ketone_aldehyde,pair,full,2,2,1,2,0.672,0.699,False,1,10.1016/j.jct.2015.12.034,1.0,,,,,,,3,,,,True,,,,0.0043,0.0108,False,False,1,1,1,,,,,False,False,False,False,0,4,False,False,,no estimate,"nothing: reported in the map, not stated as a finding",not boundable: n=2 < 40; the fixed cell is undefined at n=2,,,
broad_477,solvent_family_fine,ketone_aldehyde,pair,res,2,2,1,2,0.4035,0.699,False,1,10.1016/j.jct.2015.12.034,1.0,,,,,,,3,,,,True,,,,0.0028,0.0108,False,False,1,1,1,,,,,False,False,False,False,0,4,False,False,,no estimate,"nothing: reported in the map, not stated as a finding",not boundable: n=2 < 40; the fixed cell is undefined at n=2,,,
broad_477,solvent_family_fine,mono_alcohol,row,full,35,14,4,17,2.5525,0.6044,False,2,10.1016/j.fluid.2015.11.037,0.508,0.7328,0.582,1.8197,1.0869,1.3885,True,3,0.6599,1.2326,0.982,False,0.0003,22.0,4.0,0.098,0.0734,False,True,2,1,2,2.0429,2.0429,10.1016/j.tca.2012.02.005,2.0429,False,False,False,False,0,4,False,False,True,positive,"nothing: reported in the map, not stated as a finding","not boundable: n=35 < 40; 1 of 2 deletions leave fewer than 16 rows and the fixed cell is then undefined (10.1016/j.fluid.2015.11.037), so the sign is not verifiable",0.386,4.351,
broad_477,solvent_family_fine,mono_alcohol,row,res,35,14,4,17,2.2498,0.6044,False,2,10.1016/j.fluid.2015.11.037,0.5521,0.733,0.5779,1.5167,0.7837,1.0939,True,3,0.6373,0.9751,0.974,False,0.0003,22.0,4.0,0.0868,0.0734,False,True,2,1,2,1.9516,1.9516,10.1016/j.tca.2012.02.005,1.9516,False,False,False,False,0,4,False,False,True,positive,"nothing: reported in the map, not stated as a finding","not boundable: n=35 < 40; 1 of 2 deletions leave fewer than 16 rows and the fixed cell is then undefined (10.1016/j.fluid.2015.11.037), so the sign is not verifiable",0.294,3.263,
broad_477,solvent_family_fine,mono_alcohol,pair,full,17,14,4,17,3.1556,1.1112,False,2,10.1016/j.tca.2012.02.005,0.8193,1.8475,0.9782,1.3081,-0.5394,1.1992,True,3,1.3395,0.4767,0.948,False,,,,0.1727,0.0919,False,True,2,2,2,,,,,False,False,False,False,0,4,False,False,False,non-positive,"nothing: reported in the map, not stated as a finding","not boundable: n=17 < 40; 2 of 2 deletions leave fewer than 16 rows and the fixed cell is then undefined (10.1016/j.fluid.2015.11.037, 10.1016/j.tca.2012.02.005), so the sign is not verifiable",-0.014,5.412,
broad_477,solvent_family_fine,mono_alcohol,pair,res,17,14,4,17,2.6219,1.1112,False,2,10.1016/j.tca.2012.02.005,0.7913,1.0186,0.559,1.6032,0.5846,1.5038,False,3,1.3373,-0.0527,0.94,False,,,,0.1565,0.0919,False,True,2,2,2,,,,,False,False,False,False,0,4,False,False,False,positive,"nothing: reported in the map, not stated as a finding","not boundable: n=17 < 40; 2 of 2 deletions leave fewer than 16 rows and the fixed cell is then undefined (10.1016/j.fluid.2015.11.037, 10.1016/j.tca.2012.02.005), so the sign is not verifiable",-0.082,4.356,
broad_477,solvent_family_fine,nitrile,row,full,2,2,1,2,0.0552,1.6683,False,1,10.1016/j.jct.2015.12.034,1.0,,,,,,,3,,,,True,,,,0.0001,0.0042,False,False,1,1,1,,,,,False,False,False,False,0,4,False,False,,no estimate,"nothing: reported in the map, not stated as a finding",not boundable: n=2 < 40; the fixed cell is undefined at n=2,,,
broad_477,solvent_family_fine,nitrile,row,res,2,2,1,2,0.3969,1.6683,False,1,10.1016/j.jct.2015.12.034,1.0,,,,,,,3,,,,True,,,,0.0009,0.0042,False,False,1,1,1,,,,,False,False,False,False,0,4,False,False,,no estimate,"nothing: reported in the map, not stated as a finding",not boundable: n=2 < 40; the fixed cell is undefined at n=2,,,
broad_477,solvent_family_fine,nitrile,pair,full,2,2,1,2,0.0552,1.6683,False,1,10.1016/j.jct.2015.12.034,1.0,,,,,,,3,,,,True,,,,0.0004,0.0108,False,False,1,1,1,,,,,False,False,False,False,0,4,False,False,,no estimate,"nothing: reported in the map, not stated as a finding",not boundable: n=2 < 40; the fixed cell is undefined at n=2,,,
broad_477,solvent_family_fine,nitrile,pair,res,2,2,1,2,0.3969,1.6683,False,1,10.1016/j.jct.2015.12.034,1.0,,,,,,,3,,,,True,,,,0.0028,0.0108,False,False,1,1,1,,,,,False,False,False,False,0,4,False,False,,no estimate,"nothing: reported in the map, not stated as a finding",not boundable: n=2 < 40; the fixed cell is undefined at n=2,,,
broad_477,solvent_family_fine,water,row,full,111,15,1,15,0.914,1.4189,True,3,10.1021/acs.jced.9b00726,0.5021,0.1742,0.1617,0.7397,0.5655,0.5905,False,11,0.1117,0.6905,0.997,True,0.037,111.0,15.0,0.1113,0.2327,True,True,3,0,0,0.0412,0.7866,10.1016/j.fluid.2015.01.010,0.0412,True,True,True,True,1,4,False,False,True,positive,B_clos > 0 in this stratum: the closure's own error exceeds what input insufficiency can account for,,0.273,0.976,
broad_477,solvent_family_fine,water,row,res,111,15,1,15,0.4765,1.4189,True,3,10.1021/acs.jced.9b00726,0.7457,0.215,0.1994,0.2615,0.0464,0.0777,False,11,0.1807,0.115,0.764,True,0.037,111.0,15.0,0.0583,0.2327,True,True,3,0,0,-0.1935,0.2455,10.1021/acs.jced.9b00726,-0.1935,False,False,False,False,1,4,False,False,False,positive,"nothing: reported in the map, not stated as a finding",sign does not survive deletion of 10.1016/j.fluid.2015.01.010 (+0.046 -> -0.075); 10.1021/acs.jced.9b00726 (+0.046 -> -0.194),-0.16,0.396,
broad_477,solvent_family_fine,water,pair,full,15,15,1,15,0.7905,1.5988,False,3,10.1021/acs.jced.9b00726,0.622,,,,,,,3,0.5781,-0.3658,,True,,,,0.0382,0.0811,False,True,3,3,3,,,,,False,False,False,False,1,4,False,False,,no estimate,"nothing: reported in the map, not stated as a finding",not boundable: n=15 < 40; the fixed cell is undefined at n=15,,,
broad_477,solvent_family_fine,water,pair,res,15,15,1,15,0.5234,1.5988,False,3,10.1021/acs.jced.9b00726,0.6906,,,,,,,3,0.5444,-0.5655,,True,,,,0.0276,0.0811,False,True,3,3,3,,,,,False,False,False,False,1,4,False,False,,no estimate,"nothing: reported in the map, not stated as a finding",not boundable: n=15 < 40; the fixed cell is undefined at n=15,,,
broad_477,solute_role,organic_solute,row,full,440,77,30,179,1.6647,4.8818,True,14,10.1016/j.jct.2016.10.013,0.3375,0.4218,0.4141,1.2429,0.8211,0.8364,False,44,0.2813,1.102,0.998,False,0.0378,322.0,61.0,0.8036,0.9224,True,True,14,0,0,0.604,1.0112,10.1021/je020196d,0.604,True,True,True,True,2,4,False,False,True,positive,B_clos > 0 in this stratum: the closure's own error exceeds what input insufficiency can account for,,0.399,1.715,
broad_477,solute_role,organic_solute,row,res,440,77,30,179,1.4002,4.8818,True,14,10.1016/j.jct.2016.10.013,0.3539,0.6083,0.5972,0.7919,0.1837,0.2058,False,44,0.4101,0.58,0.825,False,0.0378,322.0,61.0,0.6792,0.9224,True,True,14,0,0,-0.0943,0.4071,10.1021/je020196d,-0.0943,False,False,False,False,2,4,False,False,False,positive,"nothing: reported in the map, not stated as a finding",sign does not survive deletion of 10.1021/je020196d (+0.184 -> -0.094),-0.232,1.356,
broad_477,solute_role,organic_solute,pair,full,179,77,30,179,1.5762,5.749,True,14,10.1016/j.jct.2016.10.013,0.3104,0.5203,0.4973,1.0559,0.5356,0.5816,False,17,0.4812,0.6138,0.938,False,,,,0.9082,0.9676,True,True,14,0,0,0.2091,0.6878,10.1016/j.jct.2016.10.013,0.2091,True,True,True,True,2,4,False,False,False,positive,B_clos > 0 in this stratum: the closure's own error exceeds what input insufficiency can account for,,-0.046,1.492,
broad_477,solute_role,organic_solute,pair,res,179,77,30,179,1.3304,5.749,True,14,10.1016/j.jct.2016.10.013,0.3252,0.7248,0.6926,0.6056,-0.1192,-0.0549,False,17,0.5421,0.2462,0.651,False,,,,0.8361,0.9676,True,True,14,0,0,-0.2362,0.0754,10.1016/j.fluid.2015.11.037,0.0754,False,False,False,False,2,4,False,False,False,non-positive,"nothing: reported in the map, not stated as a finding",sign does not survive deletion of 10.1016/j.fluid.2015.11.037 (-0.119 -> +0.075); 10.1016/j.fluid.2016.10.009 (-0.119 -> +0.060); 10.1016/j.jct.2018.05.003 (-0.119 -> +0.018),-0.445,0.93,
broad_477,solute_role,water_solute,row,full,37,1,6,6,4.8372,0.7395,False,1,10.1021/acs.jced.7b00114,1.0,0.648,0.5024,4.1892,3.5412,3.8325,False,3,0.6261,3.5849,1.0,True,0.115,37.0,6.0,0.1964,0.0776,False,False,1,1,1,,,,,False,False,False,False,0,4,False,False,True,positive,"nothing: reported in the map, not stated as a finding","not boundable: n=37 < 40; one source publication (10.1021/acs.jced.7b00114): leave-one-source-out cannot be run, so the sign was never tested",1.749,5.873,
broad_477,solute_role,water_solute,row,res,37,1,6,6,7.8658,0.7395,False,1,10.1021/acs.jced.7b00114,1.0,0.7702,0.6,7.0956,6.3254,6.6658,True,3,0.6898,6.4862,1.0,True,0.115,37.0,6.0,0.3208,0.0776,False,False,1,1,1,,,,,False,False,False,False,0,4,False,False,True,positive,"nothing: reported in the map, not stated as a finding","not boundable: n=37 < 40; one source publication (10.1021/acs.jced.7b00114): leave-one-source-out cannot be run, so the sign was never tested",3.967,9.49,
broad_477,solute_role,water_solute,pair,full,6,1,6,6,4.7508,0.4535,False,1,10.1021/acs.jced.7b00114,1.0,,,,,,,3,0.74,3.2707,,True,,,,0.0918,0.0324,False,False,1,1,1,,,,,False,False,False,False,0,4,False,False,,no estimate,"nothing: reported in the map, not stated as a finding",not boundable: n=6 < 40; the fixed cell is undefined at n=6,,,
broad_477,solute_role,water_solute,pair,res,6,1,6,6,7.7822,0.4535,False,1,10.1021/acs.jced.7b00114,1.0,,,,,,,3,0.74,6.3021,,True,,,,0.1639,0.0324,False,False,1,1,1,,,,,False,False,False,False,0,4,False,False,,no estimate,"nothing: reported in the map, not stated as a finding",not boundable: n=6 < 40; the fixed cell is undefined at n=6,,,
broad_477,solute_family,aldehyde,row,full,29,3,1,3,0.9671,1.0732,False,1,10.1016/j.fluid.2015.01.010,1.0,0.1444,0.1083,0.8226,0.6782,0.7504,False,3,0.3021,0.3629,1.0,True,0.0095,29.0,3.0,0.0308,0.0608,False,False,1,1,1,,,,,False,False,False,False,0,4,False,False,True,positive,"nothing: reported in the map, not stated as a finding","not boundable: n=29 < 40; one source publication (10.1016/j.fluid.2015.01.010): leave-one-source-out cannot be run, so the sign was never tested",0.284,1.122,
broad_477,solute_family,aldehyde,row,res,29,3,1,3,0.091,1.0732,False,1,10.1016/j.fluid.2015.01.010,1.0,0.1444,0.1083,-0.0534,-0.1979,-0.1257,False,3,0.3021,-0.5132,0.44,True,0.0095,29.0,3.0,0.0029,0.0608,False,False,1,1,1,,,,,False,False,False,False,0,4,False,False,False,non-positive,"nothing: reported in the map, not stated as a finding","not boundable: n=29 < 40; one source publication (10.1016/j.fluid.2015.01.010): leave-one-source-out cannot be run, so the sign was never tested",-0.508,0.13,
broad_477,solute_family,aldehyde,pair,full,3,3,1,3,0.7091,0.9914,False,1,10.1016/j.fluid.2015.01.010,1.0,,,,,,,3,,,,True,,,,0.0068,0.0162,False,False,1,1,1,,,,,False,False,False,False,0,4,False,False,,no estimate,"nothing: reported in the map, not stated as a finding",not boundable: n=3 < 40; the fixed cell is undefined at n=3,,,
broad_477,solute_family,aldehyde,pair,res,3,3,1,3,0.1912,0.9914,False,1,10.1016/j.fluid.2015.01.010,1.0,,,,,,,3,,,,True,,,,0.002,0.0162,False,False,1,1,1,,,,,False,False,False,False,0,4,False,False,,no estimate,"nothing: reported in the map, not stated as a finding",not boundable: n=3 < 40; the fixed cell is undefined at n=3,,,
broad_477,solute_family,alkane,row,full,129,11,10,45,2.4913,2.2274,True,7,10.1021/je020196d,0.4952,0.3868,0.3631,2.1045,1.7177,1.7651,False,12,0.2216,2.0481,0.999,False,0.0645,108.0,24.0,0.3526,0.2704,True,True,7,0,0,1.6847,2.009,10.1016/j.jct.2016.10.013,1.6847,True,True,True,True,4,4,True,False,True,positive,B_clos > 0 in this stratum: the closure's own error exceeds what input insufficiency can account for,,1.169,2.613,
broad_477,solute_family,alkane,row,res,129,11,10,45,2.3148,2.2274,True,7,10.1021/je020196d,0.5266,0.4673,0.4386,1.8475,1.3802,1.4376,False,12,0.364,1.5869,0.997,False,0.0645,108.0,24.0,0.3292,0.2704,True,True,7,0,0,1.3879,1.6723,10.1021/je020196d,1.3879,True,True,True,True,4,4,True,False,True,positive,B_clos > 0 in this stratum: the closure's own error exceeds what input insufficiency can account for,,0.793,2.33,
broad_477,solute_family,alkane,pair,full,45,11,10,45,2.1276,4.0298,True,7,10.1016/j.jct.2016.10.013,0.5557,0.5422,0.4493,1.5853,1.0431,1.2291,False,4,0.7347,0.6583,0.983,False,,,,0.3082,0.2432,True,True,7,0,4,0.8678,1.5561,10.1016/j.jct.2016.10.013,0.8678,True,False,True,False,4,4,True,False,True,positive,B_clos > 0 in this stratum: the closure's own error exceeds what input insufficiency can account for,,0.376,2.673,
broad_477,solute_family,alkane,pair,res,45,11,10,45,1.8747,4.0298,True,7,10.1016/j.jct.2016.10.013,0.5679,0.583,0.4831,1.2918,0.7088,0.9086,False,4,0.7809,0.313,0.939,False,,,,0.2962,0.2432,True,True,7,0,4,0.1322,0.9327,10.1021/je020196d,0.1322,True,False,True,False,4,4,True,False,False,positive,B_clos > 0 in this stratum: the closure's own error exceeds what input insufficiency can account for,,-0.058,2.354,
broad_477,solute_family,alkene,row,full,32,7,5,16,3.1236,4.8322,False,4,10.1016/j.jct.2016.10.013,0.9767,0.1835,0.1376,2.9401,2.7566,2.8484,False,3,1.1336,0.8565,0.979,False,0.011,24.0,8.0,0.1097,0.0671,False,True,4,1,4,2.4676,3.1739,10.1016/j.tca.2015.11.010,2.4676,False,False,False,False,0,4,False,False,True,positive,"nothing: reported in the map, not stated as a finding","not boundable: n=32 < 40; 1 of 4 deletions leave fewer than 16 rows and the fixed cell is then undefined (10.1016/j.jct.2016.10.013), so the sign is not verifiable",0.271,4.224,
broad_477,solute_family,alkene,row,res,32,7,5,16,2.6607,4.8322,False,4,10.1016/j.jct.2016.10.013,0.9816,0.1835,0.1376,2.4772,2.2937,2.3855,False,3,1.1336,0.3936,0.969,False,0.011,24.0,8.0,0.0939,0.0671,False,True,4,1,4,1.9972,2.6821,10.1016/j.tca.2015.11.010,1.9972,False,False,False,False,0,4,False,False,True,positive,"nothing: reported in the map, not stated as a finding","not boundable: n=32 < 40; 1 of 4 deletions leave fewer than 16 rows and the fixed cell is then undefined (10.1016/j.jct.2016.10.013), so the sign is not verifiable",0.12,3.433,
broad_477,solute_family,alkene,pair,full,16,7,5,16,2.2944,6.3427,False,4,10.1016/j.jct.2016.10.013,0.9366,0.0709,0.0354,2.2235,2.1527,2.2235,False,3,0.8611,0.5721,0.951,False,,,,0.1182,0.0865,False,True,4,4,4,,,,,False,False,False,False,0,4,False,False,True,positive,"nothing: reported in the map, not stated as a finding","not boundable: n=16 < 40; 4 of 4 deletions leave fewer than 16 rows and the fixed cell is then undefined (10.1016/j.fluid.2016.10.009, 10.1016/j.jct.2016.10.013, 10.1016/j.jct.2018.05.003, 10.1016/j.tca.2015.11.010), so the sign is not verifiable",0.005,4.135,
broad_477,solute_family,alkene,pair,res,16,7,5,16,1.943,6.3427,False,4,10.1016/j.jct.2016.10.013,0.9497,0.0719,0.036,1.8711,1.7991,1.8711,False,3,0.8611,0.2207,0.94,False,,,,0.1091,0.0865,False,True,4,4,4,,,,,False,False,False,False,0,4,False,False,False,positive,"nothing: reported in the map, not stated as a finding","not boundable: n=16 < 40; 4 of 4 deletions leave fewer than 16 rows and the fixed cell is then undefined (10.1016/j.fluid.2016.10.009, 10.1016/j.jct.2016.10.013, 10.1016/j.jct.2018.05.003, 10.1016/j.tca.2015.11.010), so the sign is not verifiable",-0.156,3.367,
broad_477,solute_family,alkyne,row,full,2,2,2,2,0.4182,0.0902,False,2,10.1016/j.fluid.2016.10.009,0.8848,,,,,,,3,,,,False,,,,0.0009,0.0042,False,True,2,2,2,,,,,False,False,False,False,0,4,False,False,,no estimate,"nothing: reported in the map, not stated as a finding",not boundable: n=2 < 40; the fixed cell is undefined at n=2,,,
broad_477,solute_family,alkyne,row,res,2,2,2,2,0.35,0.0902,False,2,10.1016/j.fluid.2016.10.009,0.8625,,,,,,,3,,,,False,,,,0.0008,0.0042,False,True,2,2,2,,,,,False,False,False,False,0,4,False,False,,no estimate,"nothing: reported in the map, not stated as a finding",not boundable: n=2 < 40; the fixed cell is undefined at n=2,,,
broad_477,solute_family,alkyne,pair,full,2,2,2,2,0.4182,0.0902,False,2,10.1016/j.fluid.2016.10.009,0.8848,,,,,,,3,,,,False,,,,0.0027,0.0108,False,True,2,2,2,,,,,False,False,False,False,0,4,False,False,,no estimate,"nothing: reported in the map, not stated as a finding",not boundable: n=2 < 40; the fixed cell is undefined at n=2,,,
broad_477,solute_family,alkyne,pair,res,2,2,2,2,0.35,0.0902,False,2,10.1016/j.fluid.2016.10.009,0.8625,,,,,,,3,,,,False,,,,0.0025,0.0108,False,True,2,2,2,,,,,False,False,False,False,0,4,False,False,,no estimate,"nothing: reported in the map, not stated as a finding",not boundable: n=2 < 40; the fixed cell is undefined at n=2,,,
broad_477,solute_family,amine_NH,row,full,12,7,2,12,4.2267,1.8036,False,1,10.1016/j.tca.2012.02.005,1.0,,,,,,,3,1.8774,0.4719,,False,,,,0.0556,0.0252,False,False,1,1,1,,,,,False,False,False,False,0,4,False,False,,no estimate,"nothing: reported in the map, not stated as a finding",not boundable: n=12 < 40; the fixed cell is undefined at n=12,,,
broad_477,solute_family,amine_NH,row,res,12,7,2,12,3.3615,1.8036,False,1,10.1016/j.tca.2012.02.005,1.0,,,,,,,3,1.9723,-0.5832,,False,,,,0.0445,0.0252,False,False,1,1,1,,,,,False,False,False,False,0,4,False,False,,no estimate,"nothing: reported in the map, not stated as a finding",not boundable: n=12 < 40; the fixed cell is undefined at n=12,,,
broad_477,solute_family,amine_NH,pair,full,12,7,2,12,4.2267,1.8036,False,1,10.1016/j.tca.2012.02.005,1.0,,,,,,,3,1.8774,0.4719,,False,,,,0.1633,0.0649,False,False,1,1,1,,,,,False,False,False,False,0,4,False,False,,no estimate,"nothing: reported in the map, not stated as a finding",not boundable: n=12 < 40; the fixed cell is undefined at n=12,,,
broad_477,solute_family,amine_NH,pair,res,12,7,2,12,3.3615,1.8036,False,1,10.1016/j.tca.2012.02.005,1.0,,,,,,,3,1.9723,-0.5832,,False,,,,0.1416,0.0649,False,False,1,1,1,,,,,False,False,False,False,0,4,False,False,,no estimate,"nothing: reported in the map, not stated as a finding",not boundable: n=12 < 40; the fixed cell is undefined at n=12,,,
broad_477,solute_family,aromatic_hydrocarbon,row,full,71,10,9,32,0.673,1.8352,True,7,10.1021/je020196d,0.5529,0.3718,0.3305,0.3012,-0.0707,0.012,False,7,0.4997,-0.3264,0.623,False,0.0112,45.0,6.0,0.0524,0.1488,True,True,7,0,1,-0.6125,0.1162,10.1016/j.jct.2013.05.006,0.1162,False,False,False,False,0,4,False,False,False,non-positive,"nothing: reported in the map, not stated as a finding",sign does not survive deletion of 10.1016/j.jct.2013.05.006 (-0.071 -> +0.116),-0.865,0.933,
broad_477,solute_family,aromatic_hydrocarbon,row,res,71,10,9,32,0.5338,1.8352,True,7,10.1021/je020196d,0.5342,0.361,0.3209,0.1727,-0.1883,-0.1081,False,7,0.4767,-0.4195,0.536,False,0.0112,45.0,6.0,0.0418,0.1488,True,True,7,0,1,-0.8596,0.0805,10.1016/j.jct.2013.05.006,0.0805,False,False,False,False,0,4,False,False,False,non-positive,"nothing: reported in the map, not stated as a finding",sign does not survive deletion of 10.1016/j.jct.2013.05.006 (-0.188 -> +0.081),-1.007,0.745,
broad_477,solute_family,aromatic_hydrocarbon,pair,full,32,10,9,32,0.8176,3.7298,False,7,10.1016/j.fluid.2013.06.028,0.4393,0.5494,0.4121,0.2682,-0.2812,-0.0065,False,3,1.1635,-1.5093,0.678,False,,,,0.0842,0.173,False,True,7,0,7,-0.5701,0.1797,10.1016/j.jct.2013.05.006,0.1797,False,False,False,False,0,4,False,False,False,non-positive,"nothing: reported in the map, not stated as a finding",not boundable: n=32 < 40; sign does not survive deletion of 10.1016/j.jct.2013.05.006 (-0.281 -> +0.180),-0.902,1.454,
broad_477,solute_family,aromatic_hydrocarbon,pair,res,32,10,9,32,0.6692,3.7298,False,7,10.1016/j.fluid.2013.06.028,0.4945,0.5494,0.4121,0.1198,-0.4296,-0.1549,False,3,1.0897,-1.5102,0.609,False,,,,0.0752,0.173,False,True,7,0,7,-0.8596,0.1638,10.1016/j.jct.2013.05.006,0.1638,False,False,False,False,0,4,False,False,False,non-positive,"nothing: reported in the map, not stated as a finding",not boundable: n=32 < 40; sign does not survive deletion of 10.1016/j.jct.2013.05.006 (-0.430 -> +0.164),-1.027,1.247,
broad_477,solute_family,azine,row,full,6,5,2,6,0.0723,0.0222,False,1,10.1016/j.tca.2012.02.005,1.0,,,,,,,3,0.0435,-0.0146,,False,,,,0.0005,0.0126,False,False,1,1,1,,,,,False,False,False,False,0,4,False,False,,no estimate,"nothing: reported in the map, not stated as a finding",not boundable: n=6 < 40; the fixed cell is undefined at n=6,,,
broad_477,solute_family,azine,row,res,6,5,2,6,0.1348,0.0222,False,1,10.1016/j.tca.2012.02.005,1.0,,,,,,,3,0.0182,0.0984,,False,,,,0.0009,0.0126,False,False,1,1,1,,,,,False,False,False,False,0,4,False,False,,no estimate,"nothing: reported in the map, not stated as a finding",not boundable: n=6 < 40; the fixed cell is undefined at n=6,,,
broad_477,solute_family,azine,pair,full,6,5,2,6,0.0723,0.0222,False,1,10.1016/j.tca.2012.02.005,1.0,,,,,,,3,0.0435,-0.0146,,False,,,,0.0014,0.0324,False,False,1,1,1,,,,,False,False,False,False,0,4,False,False,,no estimate,"nothing: reported in the map, not stated as a finding",not boundable: n=6 < 40; the fixed cell is undefined at n=6,,,
broad_477,solute_family,azine,pair,res,6,5,2,6,0.1348,0.0222,False,1,10.1016/j.tca.2012.02.005,1.0,,,,,,,3,0.0182,0.0984,,False,,,,0.0028,0.0324,False,False,1,1,1,,,,,False,False,False,False,0,4,False,False,,no estimate,"nothing: reported in the map, not stated as a finding",not boundable: n=6 < 40; the fixed cell is undefined at n=6,,,
broad_477,solute_family,ester,row,full,3,3,2,3,0.0025,0.0063,False,2,10.1016/j.jct.2018.05.003,0.6341,,,,,,,3,,,,False,,,,0.0,0.0063,False,True,2,2,2,,,,,False,False,False,False,0,4,False,False,,no estimate,"nothing: reported in the map, not stated as a finding",not boundable: n=3 < 40; the fixed cell is undefined at n=3,,,
broad_477,solute_family,ester,row,res,3,3,2,3,0.0134,0.0063,False,2,10.1016/j.fluid.2016.10.009,0.5623,,,,,,,3,,,,False,,,,0.0,0.0063,False,True,2,2,2,,,,,False,False,False,False,0,4,False,False,,no estimate,"nothing: reported in the map, not stated as a finding",not boundable: n=3 < 40; the fixed cell is undefined at n=3,,,
broad_477,solute_family,ester,pair,full,3,3,2,3,0.0025,0.0063,False,2,10.1016/j.jct.2018.05.003,0.6341,,,,,,,3,,,,False,,,,0.0,0.0162,False,True,2,2,2,,,,,False,False,False,False,0,4,False,False,,no estimate,"nothing: reported in the map, not stated as a finding",not boundable: n=3 < 40; the fixed cell is undefined at n=3,,,
broad_477,solute_family,ester,pair,res,3,3,2,3,0.0134,0.0063,False,2,10.1016/j.fluid.2016.10.009,0.5623,,,,,,,3,,,,False,,,,0.0001,0.0162,False,True,2,2,2,,,,,False,False,False,False,0,4,False,False,,no estimate,"nothing: reported in the map, not stated as a finding",not boundable: n=3 < 40; the fixed cell is undefined at n=3,,,
broad_477,solute_family,ether,row,full,12,3,3,4,1.6282,6.9584,False,3,10.1016/j.fluid.2015.01.010,0.9986,,,,,,,3,3.0069,-4.3856,,False,0.0029,9.0,1.0,0.0214,0.0252,False,True,3,3,3,,,,,False,False,False,False,0,4,False,False,,no estimate,"nothing: reported in the map, not stated as a finding",not boundable: n=12 < 40; the fixed cell is undefined at n=12,,,
broad_477,solute_family,ether,row,res,12,3,3,4,0.469,6.9584,False,3,10.1016/j.fluid.2015.01.010,0.9832,,,,,,,3,3.0069,-5.5448,,False,0.0029,9.0,1.0,0.0062,0.0252,False,True,3,3,3,,,,,False,False,False,False,0,4,False,False,,no estimate,"nothing: reported in the map, not stated as a finding",not boundable: n=12 < 40; the fixed cell is undefined at n=12,,,
broad_477,solute_family,ether,pair,full,4,3,3,4,0.5773,7.1142,False,3,10.1016/j.fluid.2015.01.010,0.9884,,,,,,,3,,,,False,,,,0.0074,0.0216,False,True,3,3,3,,,,,False,False,False,False,0,4,False,False,,no estimate,"nothing: reported in the map, not stated as a finding",not boundable: n=4 < 40; the fixed cell is undefined at n=4,,,
broad_477,solute_family,ether,pair,res,4,3,3,4,0.1927,7.1142,False,3,10.1016/j.fluid.2015.01.010,0.8772,,,,,,,3,,,,False,,,,0.0027,0.0216,False,True,3,3,3,,,,,False,False,False,False,0,4,False,False,,no estimate,"nothing: reported in the map, not stated as a finding",not boundable: n=4 < 40; the fixed cell is undefined at n=4,,,
broad_477,solute_family,halogenated_aliphatic,row,full,27,4,6,9,1.7064,0.267,False,3,10.1016/j.fluid.2015.11.037,0.9851,0.1709,0.1277,1.5355,1.3646,1.451,False,3,0.2854,1.1355,0.999,False,0.0003,22.0,4.0,0.0505,0.0566,False,True,3,1,3,1.3177,1.7981,10.1016/j.fluid.2016.10.009,1.3177,False,False,False,False,0,4,False,False,True,positive,"nothing: reported in the map, not stated as a finding","not boundable: n=27 < 40; 1 of 3 deletions leave fewer than 16 rows and the fixed cell is then undefined (10.1016/j.fluid.2015.11.037), so the sign is not verifiable",0.151,2.064,
broad_477,solute_family,halogenated_aliphatic,row,res,27,4,6,9,1.631,0.267,False,3,10.1016/j.fluid.2015.11.037,0.9871,0.2863,0.2069,1.3447,1.0583,1.2172,True,3,0.2899,1.0512,0.997,False,0.0003,22.0,4.0,0.0485,0.0566,False,True,3,1,3,1.2338,1.7088,10.1016/j.fluid.2016.10.009,1.2338,False,False,False,False,0,4,False,False,True,positive,"nothing: reported in the map, not stated as a finding","not boundable: n=27 < 40; 1 of 3 deletions leave fewer than 16 rows and the fixed cell is then undefined (10.1016/j.fluid.2015.11.037), so the sign is not verifiable",0.146,1.988,
broad_477,solute_family,halogenated_aliphatic,pair,full,9,4,6,9,1.1536,0.5055,False,3,10.1016/j.fluid.2015.11.037,0.9339,,,,,,,3,0.6963,-0.2391,,False,,,,0.0334,0.0486,False,True,3,3,3,,,,,False,False,False,False,0,4,False,False,,no estimate,"nothing: reported in the map, not stated as a finding",not boundable: n=9 < 40; the fixed cell is undefined at n=9,,,
broad_477,solute_family,halogenated_aliphatic,pair,res,9,4,6,9,1.0964,0.5055,False,3,10.1016/j.fluid.2015.11.037,0.9427,,,,,,,3,0.6963,-0.2962,,False,,,,0.0346,0.0486,False,True,3,3,3,,,,,False,False,False,False,0,4,False,False,,no estimate,"nothing: reported in the map, not stated as a finding",not boundable: n=9 < 40; the fixed cell is undefined at n=9,,,
broad_477,solute_family,halogenated_aromatic,row,full,8,3,4,8,0.671,3.1138,False,4,10.1016/j.fluid.2013.06.028,0.741,,,,,,,3,0.6279,-0.5849,,False,,,,0.0059,0.0168,False,True,4,4,4,,,,,False,False,False,False,0,4,False,False,,no estimate,"nothing: reported in the map, not stated as a finding",not boundable: n=8 < 40; the fixed cell is undefined at n=8,,,
broad_477,solute_family,halogenated_aromatic,row,res,8,3,4,8,0.6192,3.1138,False,4,10.1016/j.fluid.2013.06.028,0.7541,,,,,,,3,0.6279,-0.6367,,False,,,,0.0055,0.0168,False,True,4,4,4,,,,,False,False,False,False,0,4,False,False,,no estimate,"nothing: reported in the map, not stated as a finding",not boundable: n=8 < 40; the fixed cell is undefined at n=8,,,
broad_477,solute_family,halogenated_aromatic,pair,full,8,3,4,8,0.671,3.1138,False,4,10.1016/j.fluid.2013.06.028,0.741,,,,,,,3,0.6279,-0.5849,,False,,,,0.0173,0.0432,False,True,4,4,4,,,,,False,False,False,False,0,4,False,False,,no estimate,"nothing: reported in the map, not stated as a finding",not boundable: n=8 < 40; the fixed cell is undefined at n=8,,,
broad_477,solute_family,halogenated_aromatic,pair,res,8,3,4,8,0.6192,3.1138,False,4,10.1016/j.fluid.2013.06.028,0.7541,,,,,,,3,0.6279,-0.6367,,False,,,,0.0174,0.0432,False,True,4,4,4,,,,,False,False,False,False,0,4,False,False,,no estimate,"nothing: reported in the map, not stated as a finding",not boundable: n=8 < 40; the fixed cell is undefined at n=8,,,
broad_477,solute_family,ketone,row,full,63,10,3,11,0.8101,1.2477,True,3,10.1021/acs.jced.9b00726,0.998,0.5694,0.4974,0.2407,-0.3287,-0.1848,False,6,0.6564,-0.5027,0.573,False,0.0585,61.0,9.0,0.056,0.1321,True,True,3,1,1,0.0358,0.0369,10.1016/j.fluid.2016.10.009,0.0369,False,False,False,False,0,4,False,False,False,non-positive,"nothing: reported in the map, not stated as a finding","1 of 3 deletions leave fewer than 16 rows and the fixed cell is then undefined (10.1021/acs.jced.9b00726), so the sign is not verifiable",-0.722,0.886,
broad_477,solute_family,ketone,row,res,63,10,3,11,0.6275,1.2477,True,3,10.1021/acs.jced.9b00726,0.9978,0.5772,0.5044,0.0503,-0.527,-0.3813,False,6,0.6214,-0.6152,0.543,False,0.0585,61.0,9.0,0.0436,0.1321,True,True,3,1,1,-0.1426,-0.1416,10.1016/j.fluid.2016.10.009,-0.1416,False,False,False,False,0,4,False,False,False,non-positive,"nothing: reported in the map, not stated as a finding","1 of 3 deletions leave fewer than 16 rows and the fixed cell is then undefined (10.1021/acs.jced.9b00726), so the sign is not verifiable",-0.849,0.638,
broad_477,solute_family,ketone,pair,full,11,10,3,11,0.6798,4.4429,False,3,10.1021/acs.jced.9b00726,0.9863,,,,,,,3,2.4322,-4.1845,,False,,,,0.0241,0.0595,False,True,3,3,3,,,,,False,False,False,False,0,4,False,False,,no estimate,"nothing: reported in the map, not stated as a finding",not boundable: n=11 < 40; the fixed cell is undefined at n=11,,,
broad_477,solute_family,ketone,pair,res,11,10,3,11,0.5007,4.4429,False,3,10.1021/acs.jced.9b00726,0.9843,,,,,,,3,2.4086,-4.3164,,False,,,,0.0193,0.0595,False,True,3,3,3,,,,,False,False,False,False,0,4,False,False,,no estimate,"nothing: reported in the map, not stated as a finding",not boundable: n=11 < 40; the fixed cell is undefined at n=11,,,
broad_477,solute_family,mono_alcohol,row,full,39,5,15,21,1.5622,3.1576,False,5,10.1016/j.tca.2012.02.005,0.5456,0.5631,0.4502,0.9991,0.4361,0.6617,False,3,0.8629,-0.1637,0.966,False,0.023,24.0,6.0,0.0668,0.0818,False,True,5,0,5,0.1136,1.6023,10.1016/j.tca.2012.02.005,0.1136,True,False,False,False,0,4,False,False,True,positive,"nothing: reported in the map, not stated as a finding","not boundable: n=39 < 40; sign holds, but 5 of 5 deletions leave n < 40: passes (b) and fails its strict variant",0.044,2.555,
broad_477,solute_family,mono_alcohol,row,res,39,5,15,21,1.3936,3.1576,False,5,10.1016/j.tca.2012.02.005,0.4649,0.5631,0.4502,0.8306,0.2675,0.4932,False,3,0.8629,-0.3323,0.964,False,0.023,24.0,6.0,0.0599,0.0818,False,True,5,0,5,0.1656,1.367,10.1016/j.tca.2012.02.005,0.1656,True,False,False,False,0,4,False,False,True,positive,"nothing: reported in the map, not stated as a finding","not boundable: n=39 < 40; sign holds, but 5 of 5 deletions leave n < 40: passes (b) and fails its strict variant",0.086,2.097,
broad_477,solute_family,mono_alcohol,pair,full,21,5,15,21,2.0719,2.1582,False,5,10.1016/j.tca.2012.02.005,0.764,0.4688,0.312,1.6031,1.1342,1.448,False,3,0.8763,0.3194,0.983,False,,,,0.1401,0.1135,False,True,5,1,5,1.0944,1.9481,10.1016/j.fluid.2015.11.037,1.0944,False,False,False,False,0,4,False,False,True,positive,"nothing: reported in the map, not stated as a finding","not boundable: n=21 < 40; 1 of 5 deletions leave fewer than 16 rows and the fixed cell is then undefined (10.1016/j.tca.2012.02.005), so the sign is not verifiable",0.256,2.888,
broad_477,solute_family,mono_alcohol,pair,res,21,5,15,21,1.728,2.1582,False,5,10.1016/j.tca.2012.02.005,0.6962,0.4691,0.3124,1.2589,0.7897,1.1032,False,3,0.8763,-0.0245,0.975,False,,,,0.1274,0.1135,False,True,5,1,5,0.6893,1.5458,10.1016/j.fluid.2015.11.037,0.6893,False,False,False,False,0,4,False,False,True,positive,"nothing: reported in the map, not stated as a finding","not boundable: n=21 < 40; 1 of 5 deletions leave fewer than 16 rows and the fixed cell is then undefined (10.1016/j.tca.2012.02.005), so the sign is not verifiable",0.197,2.315,
broad_477,solute_family,nitrile,row,full,2,1,2,2,0.0272,0.0054,False,2,10.1016/j.jct.2018.05.003,0.7006,,,,,,,3,,,,True,,,,0.0001,0.0042,False,True,2,2,2,,,,,False,False,False,False,0,4,False,False,,no estimate,"nothing: reported in the map, not stated as a finding",not boundable: n=2 < 40; the fixed cell is undefined at n=2,,,
broad_477,solute_family,nitrile,row,res,2,1,2,2,0.1241,0.0054,False,2,10.1016/j.jct.2018.05.003,0.9761,,,,,,,3,,,,True,,,,0.0003,0.0042,False,True,2,2,2,,,,,False,False,False,False,0,4,False,False,,no estimate,"nothing: reported in the map, not stated as a finding",not boundable: n=2 < 40; the fixed cell is undefined at n=2,,,
broad_477,solute_family,nitrile,pair,full,2,1,2,2,0.0272,0.0054,False,2,10.1016/j.jct.2018.05.003,0.7006,,,,,,,3,,,,True,,,,0.0002,0.0108,False,True,2,2,2,,,,,False,False,False,False,0,4,False,False,,no estimate,"nothing: reported in the map, not stated as a finding",not boundable: n=2 < 40; the fixed cell is undefined at n=2,,,
broad_477,solute_family,nitrile,pair,res,2,1,2,2,0.1241,0.0054,False,2,10.1016/j.jct.2018.05.003,0.9761,,,,,,,3,,,,True,,,,0.0009,0.0108,False,True,2,2,2,,,,,False,False,False,False,0,4,False,False,,no estimate,"nothing: reported in the map, not stated as a finding",not boundable: n=2 < 40; the fixed cell is undefined at n=2,,,
broad_477,solute_family,nitro,row,full,1,1,1,1,0.0,0.0,False,1,10.1016/j.jct.2018.05.003,1.0,,,,,,,3,,,,True,,,,0.0,0.0021,False,False,1,1,1,,,,,False,False,False,False,0,4,False,False,,no estimate,"nothing: reported in the map, not stated as a finding",not boundable: n=1 < 40; the fixed cell is undefined at n=1,,,
broad_477,solute_family,nitro,row,res,1,1,1,1,0.068,0.0,False,1,10.1016/j.jct.2018.05.003,1.0,,,,,,,3,,,,True,,,,0.0001,0.0021,False,False,1,1,1,,,,,False,False,False,False,0,4,False,False,,no estimate,"nothing: reported in the map, not stated as a finding",not boundable: n=1 < 40; the fixed cell is undefined at n=1,,,
broad_477,solute_family,nitro,pair,full,1,1,1,1,0.0,0.0,False,1,10.1016/j.jct.2018.05.003,1.0,,,,,,,3,,,,True,,,,0.0,0.0054,False,False,1,1,1,,,,,False,False,False,False,0,4,False,False,,no estimate,"nothing: reported in the map, not stated as a finding",not boundable: n=1 < 40; the fixed cell is undefined at n=1,,,
broad_477,solute_family,nitro,pair,res,1,1,1,1,0.068,0.0,False,1,10.1016/j.jct.2018.05.003,1.0,,,,,,,3,,,,True,,,,0.0002,0.0054,False,False,1,1,1,,,,,False,False,False,False,0,4,False,False,,no estimate,"nothing: reported in the map, not stated as a finding",not boundable: n=1 < 40; the fixed cell is undefined at n=1,,,
broad_477,solute_family,tertiary_amine,row,full,4,2,3,4,0.0756,0.7129,False,1,10.1016/j.tca.2012.02.005,1.0,,,,,,,3,,,,False,,,,0.0003,0.0084,False,False,1,1,1,,,,,False,False,False,False,0,4,False,False,,no estimate,"nothing: reported in the map, not stated as a finding",not boundable: n=4 < 40; the fixed cell is undefined at n=4,,,
broad_477,solute_family,tertiary_amine,row,res,4,2,3,4,0.2776,0.7129,False,1,10.1016/j.tca.2012.02.005,1.0,,,,,,,3,,,,False,,,,0.0012,0.0084,False,False,1,1,1,,,,,False,False,False,False,0,4,False,False,,no estimate,"nothing: reported in the map, not stated as a finding",not boundable: n=4 < 40; the fixed cell is undefined at n=4,,,
broad_477,solute_family,tertiary_amine,pair,full,4,2,3,4,0.0756,0.7129,False,1,10.1016/j.tca.2012.02.005,1.0,,,,,,,3,,,,False,,,,0.001,0.0216,False,False,1,1,1,,,,,False,False,False,False,0,4,False,False,,no estimate,"nothing: reported in the map, not stated as a finding",not boundable: n=4 < 40; the fixed cell is undefined at n=4,,,
broad_477,solute_family,tertiary_amine,pair,res,4,2,3,4,0.2776,0.7129,False,1,10.1016/j.tca.2012.02.005,1.0,,,,,,,3,,,,False,,,,0.0039,0.0216,False,False,1,1,1,,,,,False,False,False,False,0,4,False,False,,no estimate,"nothing: reported in the map, not stated as a finding",not boundable: n=4 < 40; the fixed cell is undefined at n=4,,,
broad_477,solute_family,water,row,full,37,1,6,6,4.8372,0.7395,False,1,10.1021/acs.jced.7b00114,1.0,0.648,0.5024,4.1892,3.5412,3.8325,False,3,0.6261,3.5849,1.0,True,0.115,37.0,6.0,0.1964,0.0776,False,False,1,1,1,,,,,False,False,False,False,0,4,False,False,True,positive,"nothing: reported in the map, not stated as a finding","not boundable: n=37 < 40; one source publication (10.1021/acs.jced.7b00114): leave-one-source-out cannot be run, so the sign was never tested",1.804,5.888,
broad_477,solute_family,water,row,res,37,1,6,6,7.8658,0.7395,False,1,10.1021/acs.jced.7b00114,1.0,0.7702,0.6,7.0956,6.3254,6.6658,True,3,0.6898,6.4862,1.0,True,0.115,37.0,6.0,0.3208,0.0776,False,False,1,1,1,,,,,False,False,False,False,0,4,False,False,True,positive,"nothing: reported in the map, not stated as a finding","not boundable: n=37 < 40; one source publication (10.1021/acs.jced.7b00114): leave-one-source-out cannot be run, so the sign was never tested",3.385,9.502,
broad_477,solute_family,water,pair,full,6,1,6,6,4.7508,0.4535,False,1,10.1021/acs.jced.7b00114,1.0,,,,,,,3,0.74,3.2707,,True,,,,0.0918,0.0324,False,False,1,1,1,,,,,False,False,False,False,0,4,False,False,,no estimate,"nothing: reported in the map, not stated as a finding",not boundable: n=6 < 40; the fixed cell is undefined at n=6,,,
broad_477,solute_family,water,pair,res,6,1,6,6,7.7822,0.4535,False,1,10.1021/acs.jced.7b00114,1.0,,,,,,,3,0.74,6.3021,,True,,,,0.1639,0.0324,False,False,1,1,1,,,,,False,False,False,False,0,4,False,False,,no estimate,"nothing: reported in the map, not stated as a finding",not boundable: n=6 < 40; the fixed cell is undefined at n=6,,,
broad_477,solvent_class_x_solute_role,aliphatic_hydrocarbon | organic_solute,row,full,2,2,1,2,0.0101,0.0052,False,2,10.1016/j.jct.2019.05.011,0.9302,,,,,,,3,,,,True,,,,0.0,0.0042,False,True,2,2,2,,,,,False,False,False,False,0,4,False,False,,no estimate,"nothing: reported in the map, not stated as a finding",not boundable: n=2 < 40; the fixed cell is undefined at n=2,,,
broad_477,solvent_class_x_solute_role,aliphatic_hydrocarbon | organic_solute,row,res,2,2,1,2,0.0107,0.0052,False,2,10.1016/j.jct.2019.05.011,0.8562,,,,,,,3,,,,True,,,,0.0,0.0042,False,True,2,2,2,,,,,False,False,False,False,0,4,False,False,,no estimate,"nothing: reported in the map, not stated as a finding",not boundable: n=2 < 40; the fixed cell is undefined at n=2,,,
broad_477,solvent_class_x_solute_role,aliphatic_hydrocarbon | organic_solute,pair,full,2,2,1,2,0.0101,0.0052,False,2,10.1016/j.jct.2019.05.011,0.9302,,,,,,,3,,,,True,,,,0.0001,0.0108,False,True,2,2,2,,,,,False,False,False,False,0,4,False,False,,no estimate,"nothing: reported in the map, not stated as a finding",not boundable: n=2 < 40; the fixed cell is undefined at n=2,,,
broad_477,solvent_class_x_solute_role,aliphatic_hydrocarbon | organic_solute,pair,res,2,2,1,2,0.0107,0.0052,False,2,10.1016/j.jct.2019.05.011,0.8562,,,,,,,3,,,,True,,,,0.0001,0.0108,False,True,2,2,2,,,,,False,False,False,False,0,4,False,False,,no estimate,"nothing: reported in the map, not stated as a finding",not boundable: n=2 < 40; the fixed cell is undefined at n=2,,,
broad_477,solvent_class_x_solute_role,aprotic_acceptor | organic_solute,row,full,57,36,8,57,0.1093,0.8023,True,4,10.1016/j.tca.2012.02.005,0.3701,0.1305,0.1133,-0.0212,-0.1518,-0.1172,False,5,0.21,-0.3107,0.297,False,,,,0.0068,0.1195,True,True,4,0,2,-0.3873,-0.0774,10.1016/j.jct.2015.12.034,-0.0774,True,False,True,False,4,4,True,False,False,non-positive,"nothing: a non-positive margin is failure to separate, not a certified reversal (that needs a LOWER bound on B_insuff)",,-0.4,0.191,
broad_477,solvent_class_x_solute_role,aprotic_acceptor | organic_solute,row,res,57,36,8,57,0.0891,0.8023,True,4,10.1016/j.jct.2015.12.034,0.3151,0.1404,0.1217,-0.0513,-0.1917,-0.1543,False,5,0.2155,-0.3419,0.196,False,,,,0.0056,0.1195,True,True,4,0,2,-0.4067,-0.1282,10.1016/j.jct.2015.12.034,-0.1282,True,False,True,False,4,4,True,False,False,non-positive,"nothing: a non-positive margin is failure to separate, not a certified reversal (that needs a LOWER bound on B_insuff)",,-0.399,0.122,
broad_477,solvent_class_x_solute_role,aprotic_acceptor | organic_solute,pair,full,57,36,8,57,0.1093,0.8023,True,4,10.1016/j.tca.2012.02.005,0.3701,0.1305,0.1133,-0.0212,-0.1518,-0.1172,False,5,0.21,-0.3107,0.288,False,,,,0.0201,0.3081,True,True,4,0,2,-0.3873,-0.0774,10.1016/j.jct.2015.12.034,-0.0774,True,False,True,False,4,4,True,False,False,non-positive,"nothing: a non-positive margin is failure to separate, not a certified reversal (that needs a LOWER bound on B_insuff)",,-0.415,0.2,
broad_477,solvent_class_x_solute_role,aprotic_acceptor | organic_solute,pair,res,57,36,8,57,0.0891,0.8023,True,4,10.1016/j.jct.2015.12.034,0.3151,0.1404,0.1217,-0.0513,-0.1917,-0.1543,False,5,0.2155,-0.3419,0.194,False,,,,0.0178,0.3081,True,True,4,0,2,-0.4067,-0.1282,10.1016/j.jct.2015.12.034,-0.1282,True,False,True,False,4,4,True,False,False,non-positive,"nothing: a non-positive margin is failure to separate, not a certified reversal (that needs a LOWER bound on B_insuff)",,-0.419,0.111,
broad_477,solvent_class_x_solute_role,aromatic_hydrocarbon | water_solute,row,full,6,1,1,1,5.7125,0.2342,False,1,10.1021/acs.jced.7b00114,1.0,,,,,,,3,0.0483,5.6159,,True,0.281,6.0,1.0,0.0376,0.0126,False,False,1,1,1,,,,,False,False,False,False,0,4,False,False,,no estimate,"nothing: reported in the map, not stated as a finding",not boundable: n=6 < 40; the fixed cell is undefined at n=6,,,
broad_477,solvent_class_x_solute_role,aromatic_hydrocarbon | water_solute,row,res,6,1,1,1,8.8619,0.2342,False,1,10.1021/acs.jced.7b00114,1.0,,,,,,,3,0.0483,8.7654,,True,0.281,6.0,1.0,0.0586,0.0126,False,False,1,1,1,,,,,False,False,False,False,0,4,False,False,,no estimate,"nothing: reported in the map, not stated as a finding",not boundable: n=6 < 40; the fixed cell is undefined at n=6,,,
broad_477,solvent_class_x_solute_role,aromatic_hydrocarbon | water_solute,pair,full,1,1,1,1,5.5014,0.0,False,1,10.1021/acs.jced.7b00114,1.0,,,,,,,3,,,,True,,,,0.0177,0.0054,False,False,1,1,1,,,,,False,False,False,False,0,4,False,False,,no estimate,"nothing: reported in the map, not stated as a finding",not boundable: n=1 < 40; the fixed cell is undefined at n=1,,,
broad_477,solvent_class_x_solute_role,aromatic_hydrocarbon | water_solute,pair,res,1,1,1,1,8.5993,0.0,False,1,10.1021/acs.jced.7b00114,1.0,,,,,,,3,,,,True,,,,0.0302,0.0054,False,False,1,1,1,,,,,False,False,False,False,0,4,False,False,,no estimate,"nothing: reported in the map, not stated as a finding",not boundable: n=1 < 40; the fixed cell is undefined at n=1,,,
broad_477,solvent_class_x_solute_role,aromatic_hydrocarbon | organic_solute,row,full,8,8,1,8,0.9381,0.8744,False,1,10.1016/j.tca.2012.02.005,1.0,,,,,,,3,0.3106,0.3169,,True,,,,0.0082,0.0168,False,False,1,1,1,,,,,False,False,False,False,0,4,False,False,,no estimate,"nothing: reported in the map, not stated as a finding",not boundable: n=8 < 40; the fixed cell is undefined at n=8,,,
broad_477,solvent_class_x_solute_role,aromatic_hydrocarbon | organic_solute,row,res,8,8,1,8,0.873,0.8744,False,1,10.1016/j.tca.2012.02.005,1.0,,,,,,,3,1.0231,-1.1733,,True,,,,0.0077,0.0168,False,False,1,1,1,,,,,False,False,False,False,0,4,False,False,,no estimate,"nothing: reported in the map, not stated as a finding",not boundable: n=8 < 40; the fixed cell is undefined at n=8,,,
broad_477,solvent_class_x_solute_role,aromatic_hydrocarbon | organic_solute,pair,full,8,8,1,8,0.9381,0.8744,False,1,10.1016/j.tca.2012.02.005,1.0,,,,,,,3,0.3106,0.3169,,True,,,,0.0242,0.0432,False,False,1,1,1,,,,,False,False,False,False,0,4,False,False,,no estimate,"nothing: reported in the map, not stated as a finding",not boundable: n=8 < 40; the fixed cell is undefined at n=8,,,
broad_477,solvent_class_x_solute_role,aromatic_hydrocarbon | organic_solute,pair,res,8,8,1,8,0.873,0.8744,False,1,10.1016/j.tca.2012.02.005,1.0,,,,,,,3,1.0231,-1.1733,,True,,,,0.0245,0.0432,False,False,1,1,1,,,,,False,False,False,False,0,4,False,False,,no estimate,"nothing: reported in the map, not stated as a finding",not boundable: n=8 < 40; the fixed cell is undefined at n=8,,,
broad_477,solvent_class_x_solute_role,aryl_ether | water_solute,row,full,13,1,2,2,5.8053,0.0494,False,1,10.1021/acs.jced.7b00114,1.0,,,,,,,3,0.0086,5.7881,,True,0.0484,13.0,2.0,0.0828,0.0273,False,False,1,1,1,,,,,False,False,False,False,0,4,False,False,,no estimate,"nothing: reported in the map, not stated as a finding",not boundable: n=13 < 40; the fixed cell is undefined at n=13,,,
broad_477,solvent_class_x_solute_role,aryl_ether | water_solute,row,res,13,1,2,2,9.5817,0.0494,False,1,10.1021/acs.jced.7b00114,1.0,,,,,,,3,0.0086,9.5645,,True,0.0484,13.0,2.0,0.1373,0.0273,False,False,1,1,1,,,,,False,False,False,False,0,4,False,False,,no estimate,"nothing: reported in the map, not stated as a finding",not boundable: n=13 < 40; the fixed cell is undefined at n=13,,,
broad_477,solvent_class_x_solute_role,aryl_ether | water_solute,pair,full,2,1,2,2,5.8604,0.0051,False,1,10.1021/acs.jced.7b00114,1.0,,,,,,,3,,,,True,,,,0.0377,0.0108,False,False,1,1,1,,,,,False,False,False,False,0,4,False,False,,no estimate,"nothing: reported in the map, not stated as a finding",not boundable: n=2 < 40; the fixed cell is undefined at n=2,,,
broad_477,solvent_class_x_solute_role,aryl_ether | water_solute,pair,res,2,1,2,2,9.6759,0.0051,False,1,10.1021/acs.jced.7b00114,1.0,,,,,,,3,,,,True,,,,0.0679,0.0108,False,False,1,1,1,,,,,False,False,False,False,0,4,False,False,,no estimate,"nothing: reported in the map, not stated as a finding",not boundable: n=2 < 40; the fixed cell is undefined at n=2,,,
broad_477,solvent_class_x_solute_role,glycol_ether | organic_solute,row,full,182,19,4,43,2.4627,3.0683,True,3,10.1016/j.jct.2016.10.013,0.5515,0.1161,0.1111,2.3466,2.2305,2.2406,False,18,0.062,2.3388,1.0,False,0.0437,177.0,38.0,0.4918,0.3816,True,True,3,0,0,1.668,3.2593,10.1016/j.jct.2016.10.013,1.668,True,True,True,True,4,4,True,False,True,positive,B_clos > 0 in this stratum: the closure's own error exceeds what input insufficiency can account for,,1.409,3.255,
broad_477,solvent_class_x_solute_role,glycol_ether | organic_solute,row,res,182,19,4,43,2.2518,3.0683,True,3,10.1016/j.jct.2016.10.013,0.532,0.1077,0.103,2.1441,2.0364,2.0459,False,18,0.0594,2.1331,1.0,False,0.0437,177.0,38.0,0.4518,0.3816,True,True,3,0,0,1.5971,2.8655,10.1016/j.jct.2016.10.013,1.5971,True,True,True,True,4,4,True,False,True,positive,B_clos > 0 in this stratum: the closure's own error exceeds what input insufficiency can account for,,1.226,2.896,
broad_477,solvent_class_x_solute_role,glycol_ether | organic_solute,pair,full,43,19,4,43,3.2029,2.6839,True,3,10.1016/j.jct.2016.10.013,0.6359,0.1329,0.1092,3.0699,2.937,2.9844,False,4,0.4915,2.2199,1.0,False,,,,0.4433,0.2324,True,True,3,0,3,2.4073,3.2615,10.1016/j.jct.2016.10.013,2.4073,True,False,True,False,4,4,True,False,True,positive,B_clos > 0 in this stratum: the closure's own error exceeds what input insufficiency can account for,,1.921,3.823,
broad_477,solvent_class_x_solute_role,glycol_ether | organic_solute,pair,res,43,19,4,43,2.9081,2.6839,True,3,10.1016/j.jct.2016.10.013,0.6192,0.1438,0.118,2.7642,2.6204,2.6722,False,4,0.5231,1.8619,1.0,False,,,,0.439,0.2324,True,True,3,0,3,2.2744,2.9906,10.1016/j.jct.2016.10.013,2.2744,True,False,True,False,4,4,True,False,True,positive,B_clos > 0 in this stratum: the closure's own error exceeds what input insufficiency can account for,,1.837,3.295,
broad_477,solvent_class_x_solute_role,halogenated | water_solute,row,full,18,1,3,3,3.8463,0.3524,False,1,10.1021/acs.jced.7b00114,1.0,0.2278,0.1154,3.6185,3.3907,3.6154,False,3,0.076,3.6942,1.0,True,0.1078,18.0,3.0,0.076,0.0377,False,False,1,1,1,,,,,False,False,False,False,0,4,False,False,True,positive,"nothing: reported in the map, not stated as a finding","not boundable: n=18 < 40; one source publication (10.1021/acs.jced.7b00114): leave-one-source-out cannot be run, so the sign was never tested",1.347,5.885,
broad_477,solvent_class_x_solute_role,halogenated | water_solute,row,res,18,1,3,3,6.2944,0.3524,False,1,10.1021/acs.jced.7b00114,1.0,0.2278,0.1154,6.0666,5.8389,6.0635,False,3,0.076,6.1424,1.0,True,0.1078,18.0,3.0,0.1249,0.0377,False,False,1,1,1,,,,,False,False,False,False,0,4,False,False,True,positive,"nothing: reported in the map, not stated as a finding","not boundable: n=18 < 40; one source publication (10.1021/acs.jced.7b00114): leave-one-source-out cannot be run, so the sign was never tested",2.697,9.432,
broad_477,solvent_class_x_solute_role,halogenated | water_solute,pair,full,3,1,3,3,3.7608,0.0276,False,1,10.1021/acs.jced.7b00114,1.0,,,,,,,3,,,,True,,,,0.0363,0.0162,False,False,1,1,1,,,,,False,False,False,False,0,4,False,False,,no estimate,"nothing: reported in the map, not stated as a finding",not boundable: n=3 < 40; the fixed cell is undefined at n=3,,,
broad_477,solvent_class_x_solute_role,halogenated | water_solute,pair,res,3,1,3,3,6.2473,0.0276,False,1,10.1021/acs.jced.7b00114,1.0,,,,,,,3,,,,True,,,,0.0658,0.0162,False,False,1,1,1,,,,,False,False,False,False,0,4,False,False,,no estimate,"nothing: reported in the map, not stated as a finding",not boundable: n=3 < 40; the fixed cell is undefined at n=3,,,
broad_477,solvent_class_x_solute_role,halogenated | organic_solute,row,full,12,4,1,4,2.0564,0.0681,False,1,10.1016/j.fluid.2015.11.037,1.0,,,,,,,3,0.0513,1.9539,,True,0.0264,12.0,4.0,0.0271,0.0252,False,False,1,1,1,,,,,False,False,False,False,0,4,False,False,,no estimate,"nothing: reported in the map, not stated as a finding",not boundable: n=12 < 40; the fixed cell is undefined at n=12,,,
broad_477,solvent_class_x_solute_role,halogenated | organic_solute,row,res,12,4,1,4,1.9816,0.0681,False,1,10.1016/j.fluid.2015.11.037,1.0,,,,,,,3,0.0513,1.879,,True,0.0264,12.0,4.0,0.0262,0.0252,False,False,1,1,1,,,,,False,False,False,False,0,4,False,False,,no estimate,"nothing: reported in the map, not stated as a finding",not boundable: n=12 < 40; the fixed cell is undefined at n=12,,,
broad_477,solvent_class_x_solute_role,halogenated | organic_solute,pair,full,4,4,1,4,2.5374,0.0448,False,1,10.1016/j.fluid.2015.11.037,1.0,,,,,,,3,,,,True,,,,0.0327,0.0216,False,False,1,1,1,,,,,False,False,False,False,0,4,False,False,,no estimate,"nothing: reported in the map, not stated as a finding",not boundable: n=4 < 40; the fixed cell is undefined at n=4,,,
broad_477,solvent_class_x_solute_role,halogenated | organic_solute,pair,res,4,4,1,4,2.4534,0.0448,False,1,10.1016/j.fluid.2015.11.037,1.0,,,,,,,3,,,,True,,,,0.0345,0.0216,False,False,1,1,1,,,,,False,False,False,False,0,4,False,False,,no estimate,"nothing: reported in the map, not stated as a finding",not boundable: n=4 < 40; the fixed cell is undefined at n=4,,,
broad_477,solvent_class_x_solute_role,mono_alcohol | organic_solute,row,full,35,14,4,17,2.5525,0.6044,False,2,10.1016/j.fluid.2015.11.037,0.508,0.7328,0.582,1.8197,1.0869,1.3885,True,3,0.6599,1.2326,0.981,False,0.0003,22.0,4.0,0.098,0.0734,False,True,2,1,2,2.0429,2.0429,10.1016/j.tca.2012.02.005,2.0429,False,False,False,False,0,4,False,False,True,positive,"nothing: reported in the map, not stated as a finding","not boundable: n=35 < 40; 1 of 2 deletions leave fewer than 16 rows and the fixed cell is then undefined (10.1016/j.fluid.2015.11.037), so the sign is not verifiable",0.393,4.624,
broad_477,solvent_class_x_solute_role,mono_alcohol | organic_solute,row,res,35,14,4,17,2.2498,0.6044,False,2,10.1016/j.fluid.2015.11.037,0.5521,0.733,0.5779,1.5167,0.7837,1.0939,True,3,0.6373,0.9751,0.969,False,0.0003,22.0,4.0,0.0868,0.0734,False,True,2,1,2,1.9516,1.9516,10.1016/j.tca.2012.02.005,1.9516,False,False,False,False,0,4,False,False,True,positive,"nothing: reported in the map, not stated as a finding","not boundable: n=35 < 40; 1 of 2 deletions leave fewer than 16 rows and the fixed cell is then undefined (10.1016/j.fluid.2015.11.037), so the sign is not verifiable",0.302,3.368,
broad_477,solvent_class_x_solute_role,mono_alcohol | organic_solute,pair,full,17,14,4,17,3.1556,1.1112,False,2,10.1016/j.tca.2012.02.005,0.8193,1.8475,0.9782,1.3081,-0.5394,1.1992,True,3,1.3395,0.4767,0.942,False,,,,0.1727,0.0919,False,True,2,2,2,,,,,False,False,False,False,0,4,False,False,False,non-positive,"nothing: reported in the map, not stated as a finding","not boundable: n=17 < 40; 2 of 2 deletions leave fewer than 16 rows and the fixed cell is then undefined (10.1016/j.fluid.2015.11.037, 10.1016/j.tca.2012.02.005), so the sign is not verifiable",-0.04,5.618,
broad_477,solvent_class_x_solute_role,mono_alcohol | organic_solute,pair,res,17,14,4,17,2.6219,1.1112,False,2,10.1016/j.tca.2012.02.005,0.7913,1.0186,0.559,1.6032,0.5846,1.5038,False,3,1.3373,-0.0527,0.939,False,,,,0.1565,0.0919,False,True,2,2,2,,,,,False,False,False,False,0,4,False,False,False,positive,"nothing: reported in the map, not stated as a finding","not boundable: n=17 < 40; 2 of 2 deletions leave fewer than 16 rows and the fixed cell is then undefined (10.1016/j.fluid.2015.11.037, 10.1016/j.tca.2012.02.005), so the sign is not verifiable",-0.087,4.185,
broad_477,solvent_class_x_solute_role,nh_protic | organic_solute,row,full,33,21,10,33,1.6671,5.6144,False,3,10.1016/j.tca.2012.02.005,0.5623,0.4048,0.3146,1.2623,0.8575,1.038,False,3,0.9449,-0.2227,0.955,False,,,,0.0604,0.0692,False,True,3,1,3,-0.0213,1.4354,10.1016/j.tca.2012.02.005,-0.0213,False,False,False,False,0,4,False,False,True,positive,"nothing: reported in the map, not stated as a finding","not boundable: n=33 < 40; 1 of 3 deletions leave fewer than 16 rows and the fixed cell is then undefined (10.1016/j.tca.2015.11.010), so the sign is not verifiable",0.028,2.783,
broad_477,solvent_class_x_solute_role,nh_protic | organic_solute,row,res,33,21,10,33,1.1749,5.6144,False,3,10.1016/j.tca.2012.02.005,0.6187,0.2814,0.2198,0.8935,0.6122,0.7353,False,3,0.9449,-0.715,0.892,False,,,,0.0427,0.0692,False,True,3,1,3,-0.2364,0.8654,10.1016/j.tca.2012.02.005,-0.2364,False,False,False,False,0,4,False,False,False,positive,"nothing: reported in the map, not stated as a finding","not boundable: n=33 < 40; 1 of 3 deletions leave fewer than 16 rows and the fixed cell is then undefined (10.1016/j.tca.2015.11.010), so the sign is not verifiable",-0.233,1.994,
broad_477,solvent_class_x_solute_role,nh_protic | organic_solute,pair,full,33,21,10,33,1.6671,5.6144,False,3,10.1016/j.tca.2012.02.005,0.5623,0.4048,0.3146,1.2623,0.8575,1.038,False,3,0.9449,-0.2227,0.955,False,,,,0.1771,0.1784,False,True,3,1,3,-0.0213,1.4354,10.1016/j.tca.2012.02.005,-0.0213,False,False,False,False,0,4,False,False,True,positive,"nothing: reported in the map, not stated as a finding","not boundable: n=33 < 40; 1 of 3 deletions leave fewer than 16 rows and the fixed cell is then undefined (10.1016/j.tca.2015.11.010), so the sign is not verifiable",0.029,2.814,
broad_477,solvent_class_x_solute_role,nh_protic | organic_solute,pair,res,33,21,10,33,1.1749,5.6144,False,3,10.1016/j.tca.2012.02.005,0.6187,0.2814,0.2198,0.8935,0.6122,0.7353,False,3,0.9449,-0.715,0.875,False,,,,0.1361,0.1784,False,True,3,1,3,-0.2364,0.8654,10.1016/j.tca.2012.02.005,-0.2364,False,False,False,False,0,4,False,False,False,positive,"nothing: reported in the map, not stated as a finding","not boundable: n=33 < 40; 1 of 3 deletions leave fewer than 16 rows and the fixed cell is then undefined (10.1016/j.tca.2015.11.010), so the sign is not verifiable",-0.29,1.89,
broad_477,solvent_class_x_solute_role,water | organic_solute,row,full,111,15,1,15,0.914,1.4189,True,3,10.1021/acs.jced.9b00726,0.5021,0.1742,0.1617,0.7397,0.5655,0.5905,False,11,0.1117,0.6905,0.998,True,0.037,111.0,15.0,0.1113,0.2327,True,True,3,0,0,0.0412,0.7866,10.1016/j.fluid.2015.01.010,0.0412,True,True,True,True,1,4,False,False,True,positive,B_clos > 0 in this stratum: the closure's own error exceeds what input insufficiency can account for,,0.241,0.951,
broad_477,solvent_class_x_solute_role,water | organic_solute,row,res,111,15,1,15,0.4765,1.4189,True,3,10.1021/acs.jced.9b00726,0.7457,0.215,0.1994,0.2615,0.0464,0.0777,False,11,0.1807,0.115,0.772,True,0.037,111.0,15.0,0.0583,0.2327,True,True,3,0,0,-0.1935,0.2455,10.1021/acs.jced.9b00726,-0.1935,False,False,False,False,1,4,False,False,False,positive,"nothing: reported in the map, not stated as a finding",sign does not survive deletion of 10.1016/j.fluid.2015.01.010 (+0.046 -> -0.075); 10.1021/acs.jced.9b00726 (+0.046 -> -0.194),-0.148,0.39,
broad_477,solvent_class_x_solute_role,water | organic_solute,pair,full,15,15,1,15,0.7905,1.5988,False,3,10.1021/acs.jced.9b00726,0.622,,,,,,,3,0.5781,-0.3658,,True,,,,0.0382,0.0811,False,True,3,3,3,,,,,False,False,False,False,1,4,False,False,,no estimate,"nothing: reported in the map, not stated as a finding",not boundable: n=15 < 40; the fixed cell is undefined at n=15,,,
broad_477,solvent_class_x_solute_role,water | organic_solute,pair,res,15,15,1,15,0.5234,1.5988,False,3,10.1021/acs.jced.9b00726,0.6906,,,,,,,3,0.5444,-0.5655,,True,,,,0.0276,0.0811,False,True,3,3,3,,,,,False,False,False,False,1,4,False,False,,no estimate,"nothing: reported in the map, not stated as a finding",not boundable: n=15 < 40; the fixed cell is undefined at n=15,,,
corner_60,whole_set,all,row,full,60,41,17,60,1.7572,2.4664,True,3,10.1016/j.tca.2012.02.005,0.803,0.535,0.4633,1.2222,0.6871,0.8306,False,6,0.6316,0.494,0.951,False,,,,1.0,1.0,True,True,3,0,1,0.2321,1.1483,10.1016/j.tca.2012.02.005,0.2321,True,False,True,False,2,4,False,False,True,positive,B_clos > 0 in this stratum: the closure's own error exceeds what input insufficiency can account for,,0.004,2.723,
corner_60,whole_set,all,row,res,60,41,17,60,1.4356,2.4664,True,3,10.1016/j.tca.2012.02.005,0.7833,0.7134,0.618,0.7222,0.0089,0.1996,False,6,0.6259,0.1839,0.841,False,,,,1.0,1.0,True,True,3,0,1,-0.233,0.373,10.1016/j.tca.2012.02.005,-0.233,False,False,False,False,2,4,False,False,False,positive,"nothing: reported in the map, not stated as a finding",sign does not survive deletion of 10.1016/j.tca.2012.02.005 (+0.009 -> -0.233),-0.235,2.01,
corner_60,whole_set,all,pair,full,60,41,17,60,1.7572,2.4664,True,3,10.1016/j.tca.2012.02.005,0.803,0.535,0.4633,1.2222,0.6871,0.8306,False,6,0.6316,0.494,0.951,False,,,,1.0,1.0,True,True,3,0,1,0.2321,1.1483,10.1016/j.tca.2012.02.005,0.2321,True,False,True,False,2,4,False,False,True,positive,B_clos > 0 in this stratum: the closure's own error exceeds what input insufficiency can account for,,0.003,2.656,
corner_60,whole_set,all,pair,res,60,41,17,60,1.4356,2.4664,True,3,10.1016/j.tca.2012.02.005,0.7833,0.7134,0.618,0.7222,0.0089,0.1996,False,6,0.6259,0.1839,0.825,False,,,,1.0,1.0,True,True,3,0,1,-0.233,0.373,10.1016/j.tca.2012.02.005,-0.233,False,False,False,False,2,4,False,False,False,positive,"nothing: reported in the map, not stated as a finding",sign does not survive deletion of 10.1016/j.tca.2012.02.005 (+0.009 -> -0.233),-0.262,2.01,
corner_60,solvent_class,aliphatic_hydrocarbon,row,full,1,1,1,1,0.0014,0.0,False,1,10.1016/j.tca.2012.02.005,1.0,,,,,,,3,,,,True,,,,0.0,0.0167,False,False,1,1,1,,,,,False,False,False,False,0,4,False,False,,no estimate,"nothing: reported in the map, not stated as a finding",not boundable: n=1 < 40; the fixed cell is undefined at n=1,,,
corner_60,solvent_class,aliphatic_hydrocarbon,row,res,1,1,1,1,0.0031,0.0,False,1,10.1016/j.tca.2012.02.005,1.0,,,,,,,3,,,,True,,,,0.0,0.0167,False,False,1,1,1,,,,,False,False,False,False,0,4,False,False,,no estimate,"nothing: reported in the map, not stated as a finding",not boundable: n=1 < 40; the fixed cell is undefined at n=1,,,
corner_60,solvent_class,aliphatic_hydrocarbon,pair,full,1,1,1,1,0.0014,0.0,False,1,10.1016/j.tca.2012.02.005,1.0,,,,,,,3,,,,True,,,,0.0,0.0167,False,False,1,1,1,,,,,False,False,False,False,0,4,False,False,,no estimate,"nothing: reported in the map, not stated as a finding",not boundable: n=1 < 40; the fixed cell is undefined at n=1,,,
corner_60,solvent_class,aliphatic_hydrocarbon,pair,res,1,1,1,1,0.0031,0.0,False,1,10.1016/j.tca.2012.02.005,1.0,,,,,,,3,,,,True,,,,0.0,0.0167,False,False,1,1,1,,,,,False,False,False,False,0,4,False,False,,no estimate,"nothing: reported in the map, not stated as a finding",not boundable: n=1 < 40; the fixed cell is undefined at n=1,,,
corner_60,solvent_class,aprotic_acceptor,row,full,24,21,5,24,0.1574,0.7424,False,2,10.1016/j.tca.2012.02.005,0.6103,0.0679,0.0453,0.0895,0.0216,0.0669,False,3,0.2004,-0.2434,0.739,False,,,,0.0358,0.4,False,True,2,1,2,-0.0098,-0.0098,10.1016/j.tca.2012.02.005,-0.0098,False,False,False,False,0,4,False,False,False,positive,"nothing: reported in the map, not stated as a finding","not boundable: n=24 < 40; 1 of 2 deletions leave fewer than 16 rows and the fixed cell is then undefined (10.1016/j.fluid.2016.10.009), so the sign is not verifiable",-0.111,0.261,
corner_60,solvent_class,aprotic_acceptor,row,res,24,21,5,24,0.0921,0.7424,False,2,10.1016/j.tca.2012.02.005,0.5772,0.0688,0.0459,0.0233,-0.0454,0.0004,False,3,0.2004,-0.3087,0.472,False,,,,0.0257,0.4,False,True,2,1,2,-0.04,-0.04,10.1016/j.tca.2012.02.005,-0.04,False,False,False,False,0,4,False,False,False,non-positive,"nothing: reported in the map, not stated as a finding","not boundable: n=24 < 40; 1 of 2 deletions leave fewer than 16 rows and the fixed cell is then undefined (10.1016/j.fluid.2016.10.009), so the sign is not verifiable",-0.137,0.123,
corner_60,solvent_class,aprotic_acceptor,pair,full,24,21,5,24,0.1574,0.7424,False,2,10.1016/j.tca.2012.02.005,0.6103,0.0679,0.0453,0.0895,0.0216,0.0669,False,3,0.2004,-0.2434,0.738,False,,,,0.0358,0.4,False,True,2,1,2,-0.0098,-0.0098,10.1016/j.tca.2012.02.005,-0.0098,False,False,False,False,0,4,False,False,False,positive,"nothing: reported in the map, not stated as a finding","not boundable: n=24 < 40; 1 of 2 deletions leave fewer than 16 rows and the fixed cell is then undefined (10.1016/j.fluid.2016.10.009), so the sign is not verifiable",-0.103,0.267,
corner_60,solvent_class,aprotic_acceptor,pair,res,24,21,5,24,0.0921,0.7424,False,2,10.1016/j.tca.2012.02.005,0.5772,0.0688,0.0459,0.0233,-0.0454,0.0004,False,3,0.2004,-0.3087,0.49,False,,,,0.0257,0.4,False,True,2,1,2,-0.04,-0.04,10.1016/j.tca.2012.02.005,-0.04,False,False,False,False,0,4,False,False,False,non-positive,"nothing: reported in the map, not stated as a finding","not boundable: n=24 < 40; 1 of 2 deletions leave fewer than 16 rows and the fixed cell is then undefined (10.1016/j.fluid.2016.10.009), so the sign is not verifiable",-0.15,0.128,
corner_60,solvent_class,aromatic_hydrocarbon,row,full,7,7,1,7,1.0678,0.9426,False,1,10.1016/j.tca.2012.02.005,1.0,,,,,,,3,0.3613,0.3453,,True,,,,0.0709,0.1167,False,False,1,1,1,,,,,False,False,False,False,0,4,False,False,,no estimate,"nothing: reported in the map, not stated as a finding",not boundable: n=7 < 40; the fixed cell is undefined at n=7,,,
corner_60,solvent_class,aromatic_hydrocarbon,row,res,7,7,1,7,0.9905,0.9426,False,1,10.1016/j.tca.2012.02.005,1.0,,,,,,,3,0.3613,0.268,,True,,,,0.0805,0.1167,False,False,1,1,1,,,,,False,False,False,False,0,4,False,False,,no estimate,"nothing: reported in the map, not stated as a finding",not boundable: n=7 < 40; the fixed cell is undefined at n=7,,,
corner_60,solvent_class,aromatic_hydrocarbon,pair,full,7,7,1,7,1.0678,0.9426,False,1,10.1016/j.tca.2012.02.005,1.0,,,,,,,3,0.3613,0.3453,,True,,,,0.0709,0.1167,False,False,1,1,1,,,,,False,False,False,False,0,4,False,False,,no estimate,"nothing: reported in the map, not stated as a finding",not boundable: n=7 < 40; the fixed cell is undefined at n=7,,,
corner_60,solvent_class,aromatic_hydrocarbon,pair,res,7,7,1,7,0.9905,0.9426,False,1,10.1016/j.tca.2012.02.005,1.0,,,,,,,3,0.3613,0.268,,True,,,,0.0805,0.1167,False,False,1,1,1,,,,,False,False,False,False,0,4,False,False,,no estimate,"nothing: reported in the map, not stated as a finding",not boundable: n=7 < 40; the fixed cell is undefined at n=7,,,
corner_60,solvent_class,glycol_ether,row,full,7,7,1,7,2.7563,0.4601,False,1,10.1016/j.fluid.2013.06.028,1.0,,,,,,,3,0.3251,2.1061,,True,,,,0.183,0.1167,False,False,1,1,1,,,,,False,False,False,False,0,4,False,False,,no estimate,"nothing: reported in the map, not stated as a finding",not boundable: n=7 < 40; the fixed cell is undefined at n=7,,,
corner_60,solvent_class,glycol_ether,row,res,7,7,1,7,2.5331,0.4601,False,1,10.1016/j.fluid.2013.06.028,1.0,,,,,,,3,0.3251,1.8829,,True,,,,0.2059,0.1167,False,False,1,1,1,,,,,False,False,False,False,0,4,False,False,,no estimate,"nothing: reported in the map, not stated as a finding",not boundable: n=7 < 40; the fixed cell is undefined at n=7,,,
corner_60,solvent_class,glycol_ether,pair,full,7,7,1,7,2.7563,0.4601,False,1,10.1016/j.fluid.2013.06.028,1.0,,,,,,,3,0.3251,2.1061,,True,,,,0.183,0.1167,False,False,1,1,1,,,,,False,False,False,False,0,4,False,False,,no estimate,"nothing: reported in the map, not stated as a finding",not boundable: n=7 < 40; the fixed cell is undefined at n=7,,,
corner_60,solvent_class,glycol_ether,pair,res,7,7,1,7,2.5331,0.4601,False,1,10.1016/j.fluid.2013.06.028,1.0,,,,,,,3,0.3251,1.8829,,True,,,,0.2059,0.1167,False,False,1,1,1,,,,,False,False,False,False,0,4,False,False,,no estimate,"nothing: reported in the map, not stated as a finding",not boundable: n=7 < 40; the fixed cell is undefined at n=7,,,
corner_60,solvent_class,mono_alcohol,row,full,13,13,1,13,3.3808,1.3558,False,1,10.1016/j.tca.2012.02.005,1.0,,,,,,,3,1.5792,0.2224,,True,,,,0.4168,0.2167,False,False,1,1,1,,,,,False,False,False,False,0,4,False,False,,no estimate,"nothing: reported in the map, not stated as a finding",not boundable: n=13 < 40; the fixed cell is undefined at n=13,,,
corner_60,solvent_class,mono_alcohol,row,res,13,13,1,13,2.713,1.3558,False,1,10.1016/j.tca.2012.02.005,1.0,,,,,,,3,1.6816,-0.6501,,True,,,,0.4095,0.2167,False,False,1,1,1,,,,,False,False,False,False,0,4,False,False,,no estimate,"nothing: reported in the map, not stated as a finding",not boundable: n=13 < 40; the fixed cell is undefined at n=13,,,
corner_60,solvent_class,mono_alcohol,pair,full,13,13,1,13,3.3808,1.3558,False,1,10.1016/j.tca.2012.02.005,1.0,,,,,,,3,1.5792,0.2224,,True,,,,0.4168,0.2167,False,False,1,1,1,,,,,False,False,False,False,0,4,False,False,,no estimate,"nothing: reported in the map, not stated as a finding",not boundable: n=13 < 40; the fixed cell is undefined at n=13,,,
corner_60,solvent_class,mono_alcohol,pair,res,13,13,1,13,2.713,1.3558,False,1,10.1016/j.tca.2012.02.005,1.0,,,,,,,3,1.6816,-0.6501,,True,,,,0.4095,0.2167,False,False,1,1,1,,,,,False,False,False,False,0,4,False,False,,no estimate,"nothing: reported in the map, not stated as a finding",not boundable: n=13 < 40; the fixed cell is undefined at n=13,,,
corner_60,solvent_class,nh_protic,row,full,8,1,8,8,3.8671,0.0654,False,1,10.1016/j.tca.2012.02.005,1.0,,,,,,,3,0.0284,3.8103,,True,,,,0.2934,0.1333,False,False,1,1,1,,,,,False,False,False,False,0,4,False,False,,no estimate,"nothing: reported in the map, not stated as a finding",not boundable: n=8 < 40; the fixed cell is undefined at n=8,,,
corner_60,solvent_class,nh_protic,row,res,8,1,8,8,2.9986,0.0654,False,1,10.1016/j.tca.2012.02.005,1.0,,,,,,,3,0.0292,2.9402,,True,,,,0.2785,0.1333,False,False,1,1,1,,,,,False,False,False,False,0,4,False,False,,no estimate,"nothing: reported in the map, not stated as a finding",not boundable: n=8 < 40; the fixed cell is undefined at n=8,,,
corner_60,solvent_class,nh_protic,pair,full,8,1,8,8,3.8671,0.0654,False,1,10.1016/j.tca.2012.02.005,1.0,,,,,,,3,0.0284,3.8103,,True,,,,0.2934,0.1333,False,False,1,1,1,,,,,False,False,False,False,0,4,False,False,,no estimate,"nothing: reported in the map, not stated as a finding",not boundable: n=8 < 40; the fixed cell is undefined at n=8,,,
corner_60,solvent_class,nh_protic,pair,res,8,1,8,8,2.9986,0.0654,False,1,10.1016/j.tca.2012.02.005,1.0,,,,,,,3,0.0292,2.9402,,True,,,,0.2785,0.1333,False,False,1,1,1,,,,,False,False,False,False,0,4,False,False,,no estimate,"nothing: reported in the map, not stated as a finding",not boundable: n=8 < 40; the fixed cell is undefined at n=8,,,
corner_60,solvent_class_coarse,hb_acceptor_only,row,full,24,21,5,24,0.1574,0.7424,False,2,10.1016/j.tca.2012.02.005,0.6103,0.0679,0.0453,0.0895,0.0216,0.0669,False,3,0.2004,-0.2434,0.73,False,,,,0.0358,0.4,False,True,2,1,2,-0.0098,-0.0098,10.1016/j.tca.2012.02.005,-0.0098,False,False,False,False,0,4,False,False,False,positive,"nothing: reported in the map, not stated as a finding","not boundable: n=24 < 40; 1 of 2 deletions leave fewer than 16 rows and the fixed cell is then undefined (10.1016/j.fluid.2016.10.009), so the sign is not verifiable",-0.105,0.236,
corner_60,solvent_class_coarse,hb_acceptor_only,row,res,24,21,5,24,0.0921,0.7424,False,2,10.1016/j.tca.2012.02.005,0.5772,0.0688,0.0459,0.0233,-0.0454,0.0004,False,3,0.2004,-0.3087,0.491,False,,,,0.0257,0.4,False,True,2,1,2,-0.04,-0.04,10.1016/j.tca.2012.02.005,-0.04,False,False,False,False,0,4,False,False,False,non-positive,"nothing: reported in the map, not stated as a finding","not boundable: n=24 < 40; 1 of 2 deletions leave fewer than 16 rows and the fixed cell is then undefined (10.1016/j.fluid.2016.10.009), so the sign is not verifiable",-0.153,0.133,
corner_60,solvent_class_coarse,hb_acceptor_only,pair,full,24,21,5,24,0.1574,0.7424,False,2,10.1016/j.tca.2012.02.005,0.6103,0.0679,0.0453,0.0895,0.0216,0.0669,False,3,0.2004,-0.2434,0.73,False,,,,0.0358,0.4,False,True,2,1,2,-0.0098,-0.0098,10.1016/j.tca.2012.02.005,-0.0098,False,False,False,False,0,4,False,False,False,positive,"nothing: reported in the map, not stated as a finding","not boundable: n=24 < 40; 1 of 2 deletions leave fewer than 16 rows and the fixed cell is then undefined (10.1016/j.fluid.2016.10.009), so the sign is not verifiable",-0.119,0.23,
corner_60,solvent_class_coarse,hb_acceptor_only,pair,res,24,21,5,24,0.0921,0.7424,False,2,10.1016/j.tca.2012.02.005,0.5772,0.0688,0.0459,0.0233,-0.0454,0.0004,False,3,0.2004,-0.3087,0.494,False,,,,0.0257,0.4,False,True,2,1,2,-0.04,-0.04,10.1016/j.tca.2012.02.005,-0.04,False,False,False,False,0,4,False,False,False,non-positive,"nothing: reported in the map, not stated as a finding","not boundable: n=24 < 40; 1 of 2 deletions leave fewer than 16 rows and the fixed cell is then undefined (10.1016/j.fluid.2016.10.009), so the sign is not verifiable",-0.154,0.122,
corner_60,solvent_class_coarse,hb_donor_N,row,full,8,1,8,8,3.8671,0.0654,False,1,10.1016/j.tca.2012.02.005,1.0,,,,,,,3,0.0284,3.8103,,True,,,,0.2934,0.1333,False,False,1,1,1,,,,,False,False,False,False,0,4,False,False,,no estimate,"nothing: reported in the map, not stated as a finding",not boundable: n=8 < 40; the fixed cell is undefined at n=8,,,
corner_60,solvent_class_coarse,hb_donor_N,row,res,8,1,8,8,2.9986,0.0654,False,1,10.1016/j.tca.2012.02.005,1.0,,,,,,,3,0.0292,2.9402,,True,,,,0.2785,0.1333,False,False,1,1,1,,,,,False,False,False,False,0,4,False,False,,no estimate,"nothing: reported in the map, not stated as a finding",not boundable: n=8 < 40; the fixed cell is undefined at n=8,,,
corner_60,solvent_class_coarse,hb_donor_N,pair,full,8,1,8,8,3.8671,0.0654,False,1,10.1016/j.tca.2012.02.005,1.0,,,,,,,3,0.0284,3.8103,,True,,,,0.2934,0.1333,False,False,1,1,1,,,,,False,False,False,False,0,4,False,False,,no estimate,"nothing: reported in the map, not stated as a finding",not boundable: n=8 < 40; the fixed cell is undefined at n=8,,,
corner_60,solvent_class_coarse,hb_donor_N,pair,res,8,1,8,8,2.9986,0.0654,False,1,10.1016/j.tca.2012.02.005,1.0,,,,,,,3,0.0292,2.9402,,True,,,,0.2785,0.1333,False,False,1,1,1,,,,,False,False,False,False,0,4,False,False,,no estimate,"nothing: reported in the map, not stated as a finding",not boundable: n=8 < 40; the fixed cell is undefined at n=8,,,
corner_60,solvent_class_coarse,hb_donor_acceptor_O,row,full,20,20,2,20,3.1622,4.404,False,2,10.1016/j.tca.2012.02.005,0.6949,0.7695,0.5018,2.3927,1.6232,2.1587,False,3,1.2161,0.7299,0.961,False,,,,0.5998,0.3333,False,True,2,2,2,,,,,False,False,False,False,0,4,False,False,True,positive,"nothing: reported in the map, not stated as a finding","not boundable: n=20 < 40; 2 of 2 deletions leave fewer than 16 rows and the fixed cell is then undefined (10.1016/j.fluid.2013.06.028, 10.1016/j.tca.2012.02.005), so the sign is not verifiable",0.12,5.005,
corner_60,solvent_class_coarse,hb_donor_acceptor_O,row,res,20,20,2,20,2.6501,4.404,False,2,10.1016/j.tca.2012.02.005,0.6654,1.2972,0.7944,1.3528,0.0556,1.0613,False,3,1.7684,-0.8868,0.86,False,,,,0.6153,0.3333,False,True,2,2,2,,,,,False,False,False,False,0,4,False,False,False,positive,"nothing: reported in the map, not stated as a finding","not boundable: n=20 < 40; 2 of 2 deletions leave fewer than 16 rows and the fixed cell is then undefined (10.1016/j.fluid.2013.06.028, 10.1016/j.tca.2012.02.005), so the sign is not verifiable",-0.757,3.795,
corner_60,solvent_class_coarse,hb_donor_acceptor_O,pair,full,20,20,2,20,3.1622,4.404,False,2,10.1016/j.tca.2012.02.005,0.6949,0.7695,0.5018,2.3927,1.6232,2.1587,False,3,1.2161,0.7299,0.967,False,,,,0.5998,0.3333,False,True,2,2,2,,,,,False,False,False,False,0,4,False,False,True,positive,"nothing: reported in the map, not stated as a finding","not boundable: n=20 < 40; 2 of 2 deletions leave fewer than 16 rows and the fixed cell is then undefined (10.1016/j.fluid.2013.06.028, 10.1016/j.tca.2012.02.005), so the sign is not verifiable",0.191,5.066,
corner_60,solvent_class_coarse,hb_donor_acceptor_O,pair,res,20,20,2,20,2.6501,4.404,False,2,10.1016/j.tca.2012.02.005,0.6654,1.2972,0.7944,1.3528,0.0556,1.0613,False,3,1.7684,-0.8868,0.835,False,,,,0.6153,0.3333,False,True,2,2,2,,,,,False,False,False,False,0,4,False,False,False,positive,"nothing: reported in the map, not stated as a finding","not boundable: n=20 < 40; 2 of 2 deletions leave fewer than 16 rows and the fixed cell is then undefined (10.1016/j.fluid.2013.06.028, 10.1016/j.tca.2012.02.005), so the sign is not verifiable",-0.946,3.749,
corner_60,solvent_class_coarse,hydrocarbon_nonHB,row,full,8,7,2,8,0.9345,0.9154,False,1,10.1016/j.tca.2012.02.005,1.0,,,,,,,3,0.3137,0.3071,,False,,,,0.0709,0.1333,False,False,1,1,1,,,,,False,False,False,False,0,4,False,False,,no estimate,"nothing: reported in the map, not stated as a finding",not boundable: n=8 < 40; the fixed cell is undefined at n=8,,,
corner_60,solvent_class_coarse,hydrocarbon_nonHB,row,res,8,7,2,8,0.8671,0.9154,False,1,10.1016/j.tca.2012.02.005,1.0,,,,,,,3,0.3137,0.2397,,False,,,,0.0805,0.1333,False,False,1,1,1,,,,,False,False,False,False,0,4,False,False,,no estimate,"nothing: reported in the map, not stated as a finding",not boundable: n=8 < 40; the fixed cell is undefined at n=8,,,
corner_60,solvent_class_coarse,hydrocarbon_nonHB,pair,full,8,7,2,8,0.9345,0.9154,False,1,10.1016/j.tca.2012.02.005,1.0,,,,,,,3,0.3137,0.3071,,False,,,,0.0709,0.1333,False,False,1,1,1,,,,,False,False,False,False,0,4,False,False,,no estimate,"nothing: reported in the map, not stated as a finding",not boundable: n=8 < 40; the fixed cell is undefined at n=8,,,
corner_60,solvent_class_coarse,hydrocarbon_nonHB,pair,res,8,7,2,8,0.8671,0.9154,False,1,10.1016/j.tca.2012.02.005,1.0,,,,,,,3,0.3137,0.2397,,False,,,,0.0805,0.1333,False,False,1,1,1,,,,,False,False,False,False,0,4,False,False,,no estimate,"nothing: reported in the map, not stated as a finding",not boundable: n=8 < 40; the fixed cell is undefined at n=8,,,
corner_60,solvent_family_fine,aliphatic_hydrocarbon,row,full,1,1,1,1,0.0014,0.0,False,1,10.1016/j.tca.2012.02.005,1.0,,,,,,,3,,,,True,,,,0.0,0.0167,False,False,1,1,1,,,,,False,False,False,False,0,4,False,False,,no estimate,"nothing: reported in the map, not stated as a finding",not boundable: n=1 < 40; the fixed cell is undefined at n=1,,,
corner_60,solvent_family_fine,aliphatic_hydrocarbon,row,res,1,1,1,1,0.0031,0.0,False,1,10.1016/j.tca.2012.02.005,1.0,,,,,,,3,,,,True,,,,0.0,0.0167,False,False,1,1,1,,,,,False,False,False,False,0,4,False,False,,no estimate,"nothing: reported in the map, not stated as a finding",not boundable: n=1 < 40; the fixed cell is undefined at n=1,,,
corner_60,solvent_family_fine,aliphatic_hydrocarbon,pair,full,1,1,1,1,0.0014,0.0,False,1,10.1016/j.tca.2012.02.005,1.0,,,,,,,3,,,,True,,,,0.0,0.0167,False,False,1,1,1,,,,,False,False,False,False,0,4,False,False,,no estimate,"nothing: reported in the map, not stated as a finding",not boundable: n=1 < 40; the fixed cell is undefined at n=1,,,
corner_60,solvent_family_fine,aliphatic_hydrocarbon,pair,res,1,1,1,1,0.0031,0.0,False,1,10.1016/j.tca.2012.02.005,1.0,,,,,,,3,,,,True,,,,0.0,0.0167,False,False,1,1,1,,,,,False,False,False,False,0,4,False,False,,no estimate,"nothing: reported in the map, not stated as a finding",not boundable: n=1 < 40; the fixed cell is undefined at n=1,,,
corner_60,solvent_family_fine,amine_NH,row,full,8,1,8,8,3.8671,0.0654,False,1,10.1016/j.tca.2012.02.005,1.0,,,,,,,3,0.0284,3.8103,,True,,,,0.2934,0.1333,False,False,1,1,1,,,,,False,False,False,False,0,4,False,False,,no estimate,"nothing: reported in the map, not stated as a finding",not boundable: n=8 < 40; the fixed cell is undefined at n=8,,,
corner_60,solvent_family_fine,amine_NH,row,res,8,1,8,8,2.9986,0.0654,False,1,10.1016/j.tca.2012.02.005,1.0,,,,,,,3,0.0292,2.9402,,True,,,,0.2785,0.1333,False,False,1,1,1,,,,,False,False,False,False,0,4,False,False,,no estimate,"nothing: reported in the map, not stated as a finding",not boundable: n=8 < 40; the fixed cell is undefined at n=8,,,
corner_60,solvent_family_fine,amine_NH,pair,full,8,1,8,8,3.8671,0.0654,False,1,10.1016/j.tca.2012.02.005,1.0,,,,,,,3,0.0284,3.8103,,True,,,,0.2934,0.1333,False,False,1,1,1,,,,,False,False,False,False,0,4,False,False,,no estimate,"nothing: reported in the map, not stated as a finding",not boundable: n=8 < 40; the fixed cell is undefined at n=8,,,
corner_60,solvent_family_fine,amine_NH,pair,res,8,1,8,8,2.9986,0.0654,False,1,10.1016/j.tca.2012.02.005,1.0,,,,,,,3,0.0292,2.9402,,True,,,,0.2785,0.1333,False,False,1,1,1,,,,,False,False,False,False,0,4,False,False,,no estimate,"nothing: reported in the map, not stated as a finding",not boundable: n=8 < 40; the fixed cell is undefined at n=8,,,
corner_60,solvent_family_fine,aromatic_hydrocarbon,row,full,7,7,1,7,1.0678,0.9426,False,1,10.1016/j.tca.2012.02.005,1.0,,,,,,,3,0.3613,0.3453,,True,,,,0.0709,0.1167,False,False,1,1,1,,,,,False,False,False,False,0,4,False,False,,no estimate,"nothing: reported in the map, not stated as a finding",not boundable: n=7 < 40; the fixed cell is undefined at n=7,,,
corner_60,solvent_family_fine,aromatic_hydrocarbon,row,res,7,7,1,7,0.9905,0.9426,False,1,10.1016/j.tca.2012.02.005,1.0,,,,,,,3,0.3613,0.268,,True,,,,0.0805,0.1167,False,False,1,1,1,,,,,False,False,False,False,0,4,False,False,,no estimate,"nothing: reported in the map, not stated as a finding",not boundable: n=7 < 40; the fixed cell is undefined at n=7,,,
corner_60,solvent_family_fine,aromatic_hydrocarbon,pair,full,7,7,1,7,1.0678,0.9426,False,1,10.1016/j.tca.2012.02.005,1.0,,,,,,,3,0.3613,0.3453,,True,,,,0.0709,0.1167,False,False,1,1,1,,,,,False,False,False,False,0,4,False,False,,no estimate,"nothing: reported in the map, not stated as a finding",not boundable: n=7 < 40; the fixed cell is undefined at n=7,,,
corner_60,solvent_family_fine,aromatic_hydrocarbon,pair,res,7,7,1,7,0.9905,0.9426,False,1,10.1016/j.tca.2012.02.005,1.0,,,,,,,3,0.3613,0.268,,True,,,,0.0805,0.1167,False,False,1,1,1,,,,,False,False,False,False,0,4,False,False,,no estimate,"nothing: reported in the map, not stated as a finding",not boundable: n=7 < 40; the fixed cell is undefined at n=7,,,
corner_60,solvent_family_fine,azine,row,full,24,21,5,24,0.1574,0.7424,False,2,10.1016/j.tca.2012.02.005,0.6103,0.0679,0.0453,0.0895,0.0216,0.0669,False,3,0.2004,-0.2434,0.736,False,,,,0.0358,0.4,False,True,2,1,2,-0.0098,-0.0098,10.1016/j.tca.2012.02.005,-0.0098,False,False,False,False,0,4,False,False,False,positive,"nothing: reported in the map, not stated as a finding","not boundable: n=24 < 40; 1 of 2 deletions leave fewer than 16 rows and the fixed cell is then undefined (10.1016/j.fluid.2016.10.009), so the sign is not verifiable",-0.101,0.267,
corner_60,solvent_family_fine,azine,row,res,24,21,5,24,0.0921,0.7424,False,2,10.1016/j.tca.2012.02.005,0.5772,0.0688,0.0459,0.0233,-0.0454,0.0004,False,3,0.2004,-0.3087,0.478,False,,,,0.0257,0.4,False,True,2,1,2,-0.04,-0.04,10.1016/j.tca.2012.02.005,-0.04,False,False,False,False,0,4,False,False,False,non-positive,"nothing: reported in the map, not stated as a finding","not boundable: n=24 < 40; 1 of 2 deletions leave fewer than 16 rows and the fixed cell is then undefined (10.1016/j.fluid.2016.10.009), so the sign is not verifiable",-0.142,0.127,
corner_60,solvent_family_fine,azine,pair,full,24,21,5,24,0.1574,0.7424,False,2,10.1016/j.tca.2012.02.005,0.6103,0.0679,0.0453,0.0895,0.0216,0.0669,False,3,0.2004,-0.2434,0.737,False,,,,0.0358,0.4,False,True,2,1,2,-0.0098,-0.0098,10.1016/j.tca.2012.02.005,-0.0098,False,False,False,False,0,4,False,False,False,positive,"nothing: reported in the map, not stated as a finding","not boundable: n=24 < 40; 1 of 2 deletions leave fewer than 16 rows and the fixed cell is then undefined (10.1016/j.fluid.2016.10.009), so the sign is not verifiable",-0.108,0.251,
corner_60,solvent_family_fine,azine,pair,res,24,21,5,24,0.0921,0.7424,False,2,10.1016/j.tca.2012.02.005,0.5772,0.0688,0.0459,0.0233,-0.0454,0.0004,False,3,0.2004,-0.3087,0.488,False,,,,0.0257,0.4,False,True,2,1,2,-0.04,-0.04,10.1016/j.tca.2012.02.005,-0.04,False,False,False,False,0,4,False,False,False,non-positive,"nothing: reported in the map, not stated as a finding","not boundable: n=24 < 40; 1 of 2 deletions leave fewer than 16 rows and the fixed cell is then undefined (10.1016/j.fluid.2016.10.009), so the sign is not verifiable",-0.15,0.125,
corner_60,solvent_family_fine,glycol_ether,row,full,7,7,1,7,2.7563,0.4601,False,1,10.1016/j.fluid.2013.06.028,1.0,,,,,,,3,0.3251,2.1061,,True,,,,0.183,0.1167,False,False,1,1,1,,,,,False,False,False,False,0,4,False,False,,no estimate,"nothing: reported in the map, not stated as a finding",not boundable: n=7 < 40; the fixed cell is undefined at n=7,,,
corner_60,solvent_family_fine,glycol_ether,row,res,7,7,1,7,2.5331,0.4601,False,1,10.1016/j.fluid.2013.06.028,1.0,,,,,,,3,0.3251,1.8829,,True,,,,0.2059,0.1167,False,False,1,1,1,,,,,False,False,False,False,0,4,False,False,,no estimate,"nothing: reported in the map, not stated as a finding",not boundable: n=7 < 40; the fixed cell is undefined at n=7,,,
corner_60,solvent_family_fine,glycol_ether,pair,full,7,7,1,7,2.7563,0.4601,False,1,10.1016/j.fluid.2013.06.028,1.0,,,,,,,3,0.3251,2.1061,,True,,,,0.183,0.1167,False,False,1,1,1,,,,,False,False,False,False,0,4,False,False,,no estimate,"nothing: reported in the map, not stated as a finding",not boundable: n=7 < 40; the fixed cell is undefined at n=7,,,
corner_60,solvent_family_fine,glycol_ether,pair,res,7,7,1,7,2.5331,0.4601,False,1,10.1016/j.fluid.2013.06.028,1.0,,,,,,,3,0.3251,1.8829,,True,,,,0.2059,0.1167,False,False,1,1,1,,,,,False,False,False,False,0,4,False,False,,no estimate,"nothing: reported in the map, not stated as a finding",not boundable: n=7 < 40; the fixed cell is undefined at n=7,,,
corner_60,solvent_family_fine,mono_alcohol,row,full,13,13,1,13,3.3808,1.3558,False,1,10.1016/j.tca.2012.02.005,1.0,,,,,,,3,1.5792,0.2224,,True,,,,0.4168,0.2167,False,False,1,1,1,,,,,False,False,False,False,0,4,False,False,,no estimate,"nothing: reported in the map, not stated as a finding",not boundable: n=13 < 40; the fixed cell is undefined at n=13,,,
corner_60,solvent_family_fine,mono_alcohol,row,res,13,13,1,13,2.713,1.3558,False,1,10.1016/j.tca.2012.02.005,1.0,,,,,,,3,1.6816,-0.6501,,True,,,,0.4095,0.2167,False,False,1,1,1,,,,,False,False,False,False,0,4,False,False,,no estimate,"nothing: reported in the map, not stated as a finding",not boundable: n=13 < 40; the fixed cell is undefined at n=13,,,
corner_60,solvent_family_fine,mono_alcohol,pair,full,13,13,1,13,3.3808,1.3558,False,1,10.1016/j.tca.2012.02.005,1.0,,,,,,,3,1.5792,0.2224,,True,,,,0.4168,0.2167,False,False,1,1,1,,,,,False,False,False,False,0,4,False,False,,no estimate,"nothing: reported in the map, not stated as a finding",not boundable: n=13 < 40; the fixed cell is undefined at n=13,,,
corner_60,solvent_family_fine,mono_alcohol,pair,res,13,13,1,13,2.713,1.3558,False,1,10.1016/j.tca.2012.02.005,1.0,,,,,,,3,1.6816,-0.6501,,True,,,,0.4095,0.2167,False,False,1,1,1,,,,,False,False,False,False,0,4,False,False,,no estimate,"nothing: reported in the map, not stated as a finding",not boundable: n=13 < 40; the fixed cell is undefined at n=13,,,
corner_60,solute_role,organic_solute,row,full,60,41,17,60,1.7572,2.4664,True,3,10.1016/j.tca.2012.02.005,0.803,0.535,0.4633,1.2222,0.6871,0.8306,False,6,0.6316,0.494,0.948,False,,,,1.0,1.0,True,True,3,0,1,0.2321,1.1483,10.1016/j.tca.2012.02.005,0.2321,True,False,True,False,2,4,False,False,False,positive,B_clos > 0 in this stratum: the closure's own error exceeds what input insufficiency can account for,,-0.006,2.807,
corner_60,solute_role,organic_solute,row,res,60,41,17,60,1.4356,2.4664,True,3,10.1016/j.tca.2012.02.005,0.7833,0.7134,0.618,0.7222,0.0089,0.1996,False,6,0.6259,0.1839,0.835,False,,,,1.0,1.0,True,True,3,0,1,-0.233,0.373,10.1016/j.tca.2012.02.005,-0.233,False,False,False,False,2,4,False,False,False,positive,"nothing: reported in the map, not stated as a finding",sign does not survive deletion of 10.1016/j.tca.2012.02.005 (+0.009 -> -0.233),-0.252,1.995,
corner_60,solute_role,organic_solute,pair,full,60,41,17,60,1.7572,2.4664,True,3,10.1016/j.tca.2012.02.005,0.803,0.535,0.4633,1.2222,0.6871,0.8306,False,6,0.6316,0.494,0.955,False,,,,1.0,1.0,True,True,3,0,1,0.2321,1.1483,10.1016/j.tca.2012.02.005,0.2321,True,False,True,False,2,4,False,False,True,positive,B_clos > 0 in this stratum: the closure's own error exceeds what input insufficiency can account for,,0.014,2.675,
corner_60,solute_role,organic_solute,pair,res,60,41,17,60,1.4356,2.4664,True,3,10.1016/j.tca.2012.02.005,0.7833,0.7134,0.618,0.7222,0.0089,0.1996,False,6,0.6259,0.1839,0.833,False,,,,1.0,1.0,True,True,3,0,1,-0.233,0.373,10.1016/j.tca.2012.02.005,-0.233,False,False,False,False,2,4,False,False,False,positive,"nothing: reported in the map, not stated as a finding",sign does not survive deletion of 10.1016/j.tca.2012.02.005 (+0.009 -> -0.233),-0.282,1.981,
corner_60,solute_family,alkane,row,full,5,5,1,5,0.0909,0.0209,False,1,10.1016/j.fluid.2016.10.009,1.0,,,,,,,3,,,,True,,,,0.0043,0.0833,False,False,1,1,1,,,,,False,False,False,False,0,4,False,False,,no estimate,"nothing: reported in the map, not stated as a finding",not boundable: n=5 < 40; the fixed cell is undefined at n=5,,,
corner_60,solute_family,alkane,row,res,5,5,1,5,0.0223,0.0209,False,1,10.1016/j.fluid.2016.10.009,1.0,,,,,,,3,,,,True,,,,0.0013,0.0833,False,False,1,1,1,,,,,False,False,False,False,0,4,False,False,,no estimate,"nothing: reported in the map, not stated as a finding",not boundable: n=5 < 40; the fixed cell is undefined at n=5,,,
corner_60,solute_family,alkane,pair,full,5,5,1,5,0.0909,0.0209,False,1,10.1016/j.fluid.2016.10.009,1.0,,,,,,,3,,,,True,,,,0.0043,0.0833,False,False,1,1,1,,,,,False,False,False,False,0,4,False,False,,no estimate,"nothing: reported in the map, not stated as a finding",not boundable: n=5 < 40; the fixed cell is undefined at n=5,,,
corner_60,solute_family,alkane,pair,res,5,5,1,5,0.0223,0.0209,False,1,10.1016/j.fluid.2016.10.009,1.0,,,,,,,3,,,,True,,,,0.0013,0.0833,False,False,1,1,1,,,,,False,False,False,False,0,4,False,False,,no estimate,"nothing: reported in the map, not stated as a finding",not boundable: n=5 < 40; the fixed cell is undefined at n=5,,,
corner_60,solute_family,alkene,row,full,2,2,1,2,0.0711,0.0332,False,1,10.1016/j.fluid.2016.10.009,1.0,,,,,,,3,,,,True,,,,0.0013,0.0333,False,False,1,1,1,,,,,False,False,False,False,0,4,False,False,,no estimate,"nothing: reported in the map, not stated as a finding",not boundable: n=2 < 40; the fixed cell is undefined at n=2,,,
corner_60,solute_family,alkene,row,res,2,2,1,2,0.0424,0.0332,False,1,10.1016/j.fluid.2016.10.009,1.0,,,,,,,3,,,,True,,,,0.001,0.0333,False,False,1,1,1,,,,,False,False,False,False,0,4,False,False,,no estimate,"nothing: reported in the map, not stated as a finding",not boundable: n=2 < 40; the fixed cell is undefined at n=2,,,
corner_60,solute_family,alkene,pair,full,2,2,1,2,0.0711,0.0332,False,1,10.1016/j.fluid.2016.10.009,1.0,,,,,,,3,,,,True,,,,0.0013,0.0333,False,False,1,1,1,,,,,False,False,False,False,0,4,False,False,,no estimate,"nothing: reported in the map, not stated as a finding",not boundable: n=2 < 40; the fixed cell is undefined at n=2,,,
corner_60,solute_family,alkene,pair,res,2,2,1,2,0.0424,0.0332,False,1,10.1016/j.fluid.2016.10.009,1.0,,,,,,,3,,,,True,,,,0.001,0.0333,False,False,1,1,1,,,,,False,False,False,False,0,4,False,False,,no estimate,"nothing: reported in the map, not stated as a finding",not boundable: n=2 < 40; the fixed cell is undefined at n=2,,,
corner_60,solute_family,alkyne,row,full,1,1,1,1,0.7401,0.0,False,1,10.1016/j.fluid.2016.10.009,1.0,,,,,,,3,,,,True,,,,0.007,0.0167,False,False,1,1,1,,,,,False,False,False,False,0,4,False,False,,no estimate,"nothing: reported in the map, not stated as a finding",not boundable: n=1 < 40; the fixed cell is undefined at n=1,,,
corner_60,solute_family,alkyne,row,res,1,1,1,1,0.6038,0.0,False,1,10.1016/j.fluid.2016.10.009,1.0,,,,,,,3,,,,True,,,,0.007,0.0167,False,False,1,1,1,,,,,False,False,False,False,0,4,False,False,,no estimate,"nothing: reported in the map, not stated as a finding",not boundable: n=1 < 40; the fixed cell is undefined at n=1,,,
corner_60,solute_family,alkyne,pair,full,1,1,1,1,0.7401,0.0,False,1,10.1016/j.fluid.2016.10.009,1.0,,,,,,,3,,,,True,,,,0.007,0.0167,False,False,1,1,1,,,,,False,False,False,False,0,4,False,False,,no estimate,"nothing: reported in the map, not stated as a finding",not boundable: n=1 < 40; the fixed cell is undefined at n=1,,,
corner_60,solute_family,alkyne,pair,res,1,1,1,1,0.6038,0.0,False,1,10.1016/j.fluid.2016.10.009,1.0,,,,,,,3,,,,True,,,,0.007,0.0167,False,False,1,1,1,,,,,False,False,False,False,0,4,False,False,,no estimate,"nothing: reported in the map, not stated as a finding",not boundable: n=1 < 40; the fixed cell is undefined at n=1,,,
corner_60,solute_family,amine_NH,row,full,12,7,2,12,4.2267,1.8036,False,1,10.1016/j.tca.2012.02.005,1.0,,,,,,,3,1.8774,0.4719,,False,,,,0.4811,0.2,False,False,1,1,1,,,,,False,False,False,False,0,4,False,False,,no estimate,"nothing: reported in the map, not stated as a finding",not boundable: n=12 < 40; the fixed cell is undefined at n=12,,,
corner_60,solute_family,amine_NH,row,res,12,7,2,12,3.3615,1.8036,False,1,10.1016/j.tca.2012.02.005,1.0,,,,,,,3,1.9723,-0.5832,,False,,,,0.4683,0.2,False,False,1,1,1,,,,,False,False,False,False,0,4,False,False,,no estimate,"nothing: reported in the map, not stated as a finding",not boundable: n=12 < 40; the fixed cell is undefined at n=12,,,
corner_60,solute_family,amine_NH,pair,full,12,7,2,12,4.2267,1.8036,False,1,10.1016/j.tca.2012.02.005,1.0,,,,,,,3,1.8774,0.4719,,False,,,,0.4811,0.2,False,False,1,1,1,,,,,False,False,False,False,0,4,False,False,,no estimate,"nothing: reported in the map, not stated as a finding",not boundable: n=12 < 40; the fixed cell is undefined at n=12,,,
corner_60,solute_family,amine_NH,pair,res,12,7,2,12,3.3615,1.8036,False,1,10.1016/j.tca.2012.02.005,1.0,,,,,,,3,1.9723,-0.5832,,False,,,,0.4683,0.2,False,False,1,1,1,,,,,False,False,False,False,0,4,False,False,,no estimate,"nothing: reported in the map, not stated as a finding",not boundable: n=12 < 40; the fixed cell is undefined at n=12,,,
corner_60,solute_family,aromatic_hydrocarbon,row,full,7,7,2,7,1.6437,4.3938,False,2,10.1016/j.fluid.2013.06.028,0.9994,,,,,,,3,0.432,0.7796,,False,,,,0.1091,0.1167,False,True,2,2,2,,,,,False,False,False,False,0,4,False,False,,no estimate,"nothing: reported in the map, not stated as a finding",not boundable: n=7 < 40; the fixed cell is undefined at n=7,,,
corner_60,solute_family,aromatic_hydrocarbon,row,res,7,7,2,7,1.5136,4.3938,False,2,10.1016/j.fluid.2013.06.028,0.9999,,,,,,,3,0.432,0.6495,,False,,,,0.123,0.1167,False,True,2,2,2,,,,,False,False,False,False,0,4,False,False,,no estimate,"nothing: reported in the map, not stated as a finding",not boundable: n=7 < 40; the fixed cell is undefined at n=7,,,
corner_60,solute_family,aromatic_hydrocarbon,pair,full,7,7,2,7,1.6437,4.3938,False,2,10.1016/j.fluid.2013.06.028,0.9994,,,,,,,3,0.432,0.7796,,False,,,,0.1091,0.1167,False,True,2,2,2,,,,,False,False,False,False,0,4,False,False,,no estimate,"nothing: reported in the map, not stated as a finding",not boundable: n=7 < 40; the fixed cell is undefined at n=7,,,
corner_60,solute_family,aromatic_hydrocarbon,pair,res,7,7,2,7,1.5136,4.3938,False,2,10.1016/j.fluid.2013.06.028,0.9999,,,,,,,3,0.432,0.6495,,False,,,,0.123,0.1167,False,True,2,2,2,,,,,False,False,False,False,0,4,False,False,,no estimate,"nothing: reported in the map, not stated as a finding",not boundable: n=7 < 40; the fixed cell is undefined at n=7,,,
corner_60,solute_family,azine,row,full,6,5,2,6,0.0723,0.0222,False,1,10.1016/j.tca.2012.02.005,1.0,,,,,,,3,0.0435,-0.0146,,False,,,,0.0041,0.1,False,False,1,1,1,,,,,False,False,False,False,0,4,False,False,,no estimate,"nothing: reported in the map, not stated as a finding",not boundable: n=6 < 40; the fixed cell is undefined at n=6,,,
corner_60,solute_family,azine,row,res,6,5,2,6,0.1348,0.0222,False,1,10.1016/j.tca.2012.02.005,1.0,,,,,,,3,0.0182,0.0984,,False,,,,0.0094,0.1,False,False,1,1,1,,,,,False,False,False,False,0,4,False,False,,no estimate,"nothing: reported in the map, not stated as a finding",not boundable: n=6 < 40; the fixed cell is undefined at n=6,,,
corner_60,solute_family,azine,pair,full,6,5,2,6,0.0723,0.0222,False,1,10.1016/j.tca.2012.02.005,1.0,,,,,,,3,0.0435,-0.0146,,False,,,,0.0041,0.1,False,False,1,1,1,,,,,False,False,False,False,0,4,False,False,,no estimate,"nothing: reported in the map, not stated as a finding",not boundable: n=6 < 40; the fixed cell is undefined at n=6,,,
corner_60,solute_family,azine,pair,res,6,5,2,6,0.1348,0.0222,False,1,10.1016/j.tca.2012.02.005,1.0,,,,,,,3,0.0182,0.0984,,False,,,,0.0094,0.1,False,False,1,1,1,,,,,False,False,False,False,0,4,False,False,,no estimate,"nothing: reported in the map, not stated as a finding",not boundable: n=6 < 40; the fixed cell is undefined at n=6,,,
corner_60,solute_family,ester,row,full,2,2,1,2,0.0014,0.0002,False,1,10.1016/j.fluid.2016.10.009,1.0,,,,,,,3,,,,True,,,,0.0,0.0333,False,False,1,1,1,,,,,False,False,False,False,0,4,False,False,,no estimate,"nothing: reported in the map, not stated as a finding",not boundable: n=2 < 40; the fixed cell is undefined at n=2,,,
corner_60,solute_family,ester,row,res,2,2,1,2,0.0113,0.0002,False,1,10.1016/j.fluid.2016.10.009,1.0,,,,,,,3,,,,True,,,,0.0003,0.0333,False,False,1,1,1,,,,,False,False,False,False,0,4,False,False,,no estimate,"nothing: reported in the map, not stated as a finding",not boundable: n=2 < 40; the fixed cell is undefined at n=2,,,
corner_60,solute_family,ester,pair,full,2,2,1,2,0.0014,0.0002,False,1,10.1016/j.fluid.2016.10.009,1.0,,,,,,,3,,,,True,,,,0.0,0.0333,False,False,1,1,1,,,,,False,False,False,False,0,4,False,False,,no estimate,"nothing: reported in the map, not stated as a finding",not boundable: n=2 < 40; the fixed cell is undefined at n=2,,,
corner_60,solute_family,ester,pair,res,2,2,1,2,0.0113,0.0002,False,1,10.1016/j.fluid.2016.10.009,1.0,,,,,,,3,,,,True,,,,0.0003,0.0333,False,False,1,1,1,,,,,False,False,False,False,0,4,False,False,,no estimate,"nothing: reported in the map, not stated as a finding",not boundable: n=2 < 40; the fixed cell is undefined at n=2,,,
corner_60,solute_family,ether,row,full,1,1,1,1,0.0108,0.0,False,1,10.1016/j.fluid.2016.10.009,1.0,,,,,,,3,,,,True,,,,0.0001,0.0167,False,False,1,1,1,,,,,False,False,False,False,0,4,False,False,,no estimate,"nothing: reported in the map, not stated as a finding",not boundable: n=1 < 40; the fixed cell is undefined at n=1,,,
corner_60,solute_family,ether,row,res,1,1,1,1,0.011,0.0,False,1,10.1016/j.fluid.2016.10.009,1.0,,,,,,,3,,,,True,,,,0.0001,0.0167,False,False,1,1,1,,,,,False,False,False,False,0,4,False,False,,no estimate,"nothing: reported in the map, not stated as a finding",not boundable: n=1 < 40; the fixed cell is undefined at n=1,,,
corner_60,solute_family,ether,pair,full,1,1,1,1,0.0108,0.0,False,1,10.1016/j.fluid.2016.10.009,1.0,,,,,,,3,,,,True,,,,0.0001,0.0167,False,False,1,1,1,,,,,False,False,False,False,0,4,False,False,,no estimate,"nothing: reported in the map, not stated as a finding",not boundable: n=1 < 40; the fixed cell is undefined at n=1,,,
corner_60,solute_family,ether,pair,res,1,1,1,1,0.011,0.0,False,1,10.1016/j.fluid.2016.10.009,1.0,,,,,,,3,,,,True,,,,0.0001,0.0167,False,False,1,1,1,,,,,False,False,False,False,0,4,False,False,,no estimate,"nothing: reported in the map, not stated as a finding",not boundable: n=1 < 40; the fixed cell is undefined at n=1,,,
corner_60,solute_family,halogenated_aliphatic,row,full,3,3,1,3,0.0039,0.0456,False,1,10.1016/j.fluid.2016.10.009,1.0,,,,,,,3,,,,True,,,,0.0001,0.05,False,False,1,1,1,,,,,False,False,False,False,0,4,False,False,,no estimate,"nothing: reported in the map, not stated as a finding",not boundable: n=3 < 40; the fixed cell is undefined at n=3,,,
corner_60,solute_family,halogenated_aliphatic,row,res,3,3,1,3,0.0033,0.0456,False,1,10.1016/j.fluid.2016.10.009,1.0,,,,,,,3,,,,True,,,,0.0001,0.05,False,False,1,1,1,,,,,False,False,False,False,0,4,False,False,,no estimate,"nothing: reported in the map, not stated as a finding",not boundable: n=3 < 40; the fixed cell is undefined at n=3,,,
corner_60,solute_family,halogenated_aliphatic,pair,full,3,3,1,3,0.0039,0.0456,False,1,10.1016/j.fluid.2016.10.009,1.0,,,,,,,3,,,,True,,,,0.0001,0.05,False,False,1,1,1,,,,,False,False,False,False,0,4,False,False,,no estimate,"nothing: reported in the map, not stated as a finding",not boundable: n=3 < 40; the fixed cell is undefined at n=3,,,
corner_60,solute_family,halogenated_aliphatic,pair,res,3,3,1,3,0.0033,0.0456,False,1,10.1016/j.fluid.2016.10.009,1.0,,,,,,,3,,,,True,,,,0.0001,0.05,False,False,1,1,1,,,,,False,False,False,False,0,4,False,False,,no estimate,"nothing: reported in the map, not stated as a finding",not boundable: n=3 < 40; the fixed cell is undefined at n=3,,,
corner_60,solute_family,halogenated_aromatic,row,full,4,4,1,4,1.9488,0.0163,False,1,10.1016/j.fluid.2013.06.028,1.0,,,,,,,3,,,,True,,,,0.0739,0.0667,False,False,1,1,1,,,,,False,False,False,False,0,4,False,False,,no estimate,"nothing: reported in the map, not stated as a finding",not boundable: n=4 < 40; the fixed cell is undefined at n=4,,,
corner_60,solute_family,halogenated_aromatic,row,res,4,4,1,4,1.7846,0.0163,False,1,10.1016/j.fluid.2013.06.028,1.0,,,,,,,3,,,,True,,,,0.0829,0.0667,False,False,1,1,1,,,,,False,False,False,False,0,4,False,False,,no estimate,"nothing: reported in the map, not stated as a finding",not boundable: n=4 < 40; the fixed cell is undefined at n=4,,,
corner_60,solute_family,halogenated_aromatic,pair,full,4,4,1,4,1.9488,0.0163,False,1,10.1016/j.fluid.2013.06.028,1.0,,,,,,,3,,,,True,,,,0.0739,0.0667,False,False,1,1,1,,,,,False,False,False,False,0,4,False,False,,no estimate,"nothing: reported in the map, not stated as a finding",not boundable: n=4 < 40; the fixed cell is undefined at n=4,,,
corner_60,solute_family,halogenated_aromatic,pair,res,4,4,1,4,1.7846,0.0163,False,1,10.1016/j.fluid.2013.06.028,1.0,,,,,,,3,,,,True,,,,0.0829,0.0667,False,False,1,1,1,,,,,False,False,False,False,0,4,False,False,,no estimate,"nothing: reported in the map, not stated as a finding",not boundable: n=4 < 40; the fixed cell is undefined at n=4,,,
corner_60,solute_family,ketone,row,full,1,1,1,1,0.0871,0.0,False,1,10.1016/j.fluid.2016.10.009,1.0,,,,,,,3,,,,True,,,,0.0008,0.0167,False,False,1,1,1,,,,,False,False,False,False,0,4,False,False,,no estimate,"nothing: reported in the map, not stated as a finding",not boundable: n=1 < 40; the fixed cell is undefined at n=1,,,
corner_60,solute_family,ketone,row,res,1,1,1,1,0.0835,0.0,False,1,10.1016/j.fluid.2016.10.009,1.0,,,,,,,3,,,,True,,,,0.001,0.0167,False,False,1,1,1,,,,,False,False,False,False,0,4,False,False,,no estimate,"nothing: reported in the map, not stated as a finding",not boundable: n=1 < 40; the fixed cell is undefined at n=1,,,
corner_60,solute_family,ketone,pair,full,1,1,1,1,0.0871,0.0,False,1,10.1016/j.fluid.2016.10.009,1.0,,,,,,,3,,,,True,,,,0.0008,0.0167,False,False,1,1,1,,,,,False,False,False,False,0,4,False,False,,no estimate,"nothing: reported in the map, not stated as a finding",not boundable: n=1 < 40; the fixed cell is undefined at n=1,,,
corner_60,solute_family,ketone,pair,res,1,1,1,1,0.0835,0.0,False,1,10.1016/j.fluid.2016.10.009,1.0,,,,,,,3,,,,True,,,,0.001,0.0167,False,False,1,1,1,,,,,False,False,False,False,0,4,False,False,,no estimate,"nothing: reported in the map, not stated as a finding",not boundable: n=1 < 40; the fixed cell is undefined at n=1,,,
corner_60,solute_family,mono_alcohol,row,full,12,1,12,12,2.7702,0.1346,False,1,10.1016/j.tca.2012.02.005,1.0,,,,,,,3,0.0449,2.6805,,True,,,,0.3153,0.2,False,False,1,1,1,,,,,False,False,False,False,0,4,False,False,,no estimate,"nothing: reported in the map, not stated as a finding",not boundable: n=12 < 40; the fixed cell is undefined at n=12,,,
corner_60,solute_family,mono_alcohol,row,res,12,1,12,12,2.1054,0.1346,False,1,10.1016/j.tca.2012.02.005,1.0,,,,,,,3,0.0449,2.0157,,True,,,,0.2933,0.2,False,False,1,1,1,,,,,False,False,False,False,0,4,False,False,,no estimate,"nothing: reported in the map, not stated as a finding",not boundable: n=12 < 40; the fixed cell is undefined at n=12,,,
corner_60,solute_family,mono_alcohol,pair,full,12,1,12,12,2.7702,0.1346,False,1,10.1016/j.tca.2012.02.005,1.0,,,,,,,3,0.0449,2.6805,,True,,,,0.3153,0.2,False,False,1,1,1,,,,,False,False,False,False,0,4,False,False,,no estimate,"nothing: reported in the map, not stated as a finding",not boundable: n=12 < 40; the fixed cell is undefined at n=12,,,
corner_60,solute_family,mono_alcohol,pair,res,12,1,12,12,2.1054,0.1346,False,1,10.1016/j.tca.2012.02.005,1.0,,,,,,,3,0.0449,2.0157,,True,,,,0.2933,0.2,False,False,1,1,1,,,,,False,False,False,False,0,4,False,False,,no estimate,"nothing: reported in the map, not stated as a finding",not boundable: n=12 < 40; the fixed cell is undefined at n=12,,,
corner_60,solute_family,nitrile,row,full,1,1,1,1,0.0163,0.0,False,1,10.1016/j.fluid.2016.10.009,1.0,,,,,,,3,,,,True,,,,0.0002,0.0167,False,False,1,1,1,,,,,False,False,False,False,0,4,False,False,,no estimate,"nothing: reported in the map, not stated as a finding",not boundable: n=1 < 40; the fixed cell is undefined at n=1,,,
corner_60,solute_family,nitrile,row,res,1,1,1,1,0.0059,0.0,False,1,10.1016/j.fluid.2016.10.009,1.0,,,,,,,3,,,,True,,,,0.0001,0.0167,False,False,1,1,1,,,,,False,False,False,False,0,4,False,False,,no estimate,"nothing: reported in the map, not stated as a finding",not boundable: n=1 < 40; the fixed cell is undefined at n=1,,,
corner_60,solute_family,nitrile,pair,full,1,1,1,1,0.0163,0.0,False,1,10.1016/j.fluid.2016.10.009,1.0,,,,,,,3,,,,True,,,,0.0002,0.0167,False,False,1,1,1,,,,,False,False,False,False,0,4,False,False,,no estimate,"nothing: reported in the map, not stated as a finding",not boundable: n=1 < 40; the fixed cell is undefined at n=1,,,
corner_60,solute_family,nitrile,pair,res,1,1,1,1,0.0059,0.0,False,1,10.1016/j.fluid.2016.10.009,1.0,,,,,,,3,,,,True,,,,0.0001,0.0167,False,False,1,1,1,,,,,False,False,False,False,0,4,False,False,,no estimate,"nothing: reported in the map, not stated as a finding",not boundable: n=1 < 40; the fixed cell is undefined at n=1,,,
corner_60,solute_family,tertiary_amine,row,full,3,1,3,3,0.0906,0.7812,False,1,10.1016/j.tca.2012.02.005,1.0,,,,,,,3,,,,True,,,,0.0026,0.05,False,False,1,1,1,,,,,False,False,False,False,0,4,False,False,,no estimate,"nothing: reported in the map, not stated as a finding",not boundable: n=3 < 40; the fixed cell is undefined at n=3,,,
corner_60,solute_family,tertiary_amine,row,res,3,1,3,3,0.3534,0.7812,False,1,10.1016/j.tca.2012.02.005,1.0,,,,,,,3,,,,True,,,,0.0123,0.05,False,False,1,1,1,,,,,False,False,False,False,0,4,False,False,,no estimate,"nothing: reported in the map, not stated as a finding",not boundable: n=3 < 40; the fixed cell is undefined at n=3,,,
corner_60,solute_family,tertiary_amine,pair,full,3,1,3,3,0.0906,0.7812,False,1,10.1016/j.tca.2012.02.005,1.0,,,,,,,3,,,,True,,,,0.0026,0.05,False,False,1,1,1,,,,,False,False,False,False,0,4,False,False,,no estimate,"nothing: reported in the map, not stated as a finding",not boundable: n=3 < 40; the fixed cell is undefined at n=3,,,
corner_60,solute_family,tertiary_amine,pair,res,3,1,3,3,0.3534,0.7812,False,1,10.1016/j.tca.2012.02.005,1.0,,,,,,,3,,,,True,,,,0.0123,0.05,False,False,1,1,1,,,,,False,False,False,False,0,4,False,False,,no estimate,"nothing: reported in the map, not stated as a finding",not boundable: n=3 < 40; the fixed cell is undefined at n=3,,,
corner_60,solvent_class_x_solute_role,aliphatic_hydrocarbon | organic_solute,row,full,1,1,1,1,0.0014,0.0,False,1,10.1016/j.tca.2012.02.005,1.0,,,,,,,3,,,,True,,,,0.0,0.0167,False,False,1,1,1,,,,,False,False,False,False,0,4,False,False,,no estimate,"nothing: reported in the map, not stated as a finding",not boundable: n=1 < 40; the fixed cell is undefined at n=1,,,
corner_60,solvent_class_x_solute_role,aliphatic_hydrocarbon | organic_solute,row,res,1,1,1,1,0.0031,0.0,False,1,10.1016/j.tca.2012.02.005,1.0,,,,,,,3,,,,True,,,,0.0,0.0167,False,False,1,1,1,,,,,False,False,False,False,0,4,False,False,,no estimate,"nothing: reported in the map, not stated as a finding",not boundable: n=1 < 40; the fixed cell is undefined at n=1,,,
corner_60,solvent_class_x_solute_role,aliphatic_hydrocarbon | organic_solute,pair,full,1,1,1,1,0.0014,0.0,False,1,10.1016/j.tca.2012.02.005,1.0,,,,,,,3,,,,True,,,,0.0,0.0167,False,False,1,1,1,,,,,False,False,False,False,0,4,False,False,,no estimate,"nothing: reported in the map, not stated as a finding",not boundable: n=1 < 40; the fixed cell is undefined at n=1,,,
corner_60,solvent_class_x_solute_role,aliphatic_hydrocarbon | organic_solute,pair,res,1,1,1,1,0.0031,0.0,False,1,10.1016/j.tca.2012.02.005,1.0,,,,,,,3,,,,True,,,,0.0,0.0167,False,False,1,1,1,,,,,False,False,False,False,0,4,False,False,,no estimate,"nothing: reported in the map, not stated as a finding",not boundable: n=1 < 40; the fixed cell is undefined at n=1,,,
corner_60,solvent_class_x_solute_role,aprotic_acceptor | organic_solute,row,full,24,21,5,24,0.1574,0.7424,False,2,10.1016/j.tca.2012.02.005,0.6103,0.0679,0.0453,0.0895,0.0216,0.0669,False,3,0.2004,-0.2434,0.727,False,,,,0.0358,0.4,False,True,2,1,2,-0.0098,-0.0098,10.1016/j.tca.2012.02.005,-0.0098,False,False,False,False,0,4,False,False,False,positive,"nothing: reported in the map, not stated as a finding","not boundable: n=24 < 40; 1 of 2 deletions leave fewer than 16 rows and the fixed cell is then undefined (10.1016/j.fluid.2016.10.009), so the sign is not verifiable",-0.101,0.268,
corner_60,solvent_class_x_solute_role,aprotic_acceptor | organic_solute,row,res,24,21,5,24,0.0921,0.7424,False,2,10.1016/j.tca.2012.02.005,0.5772,0.0688,0.0459,0.0233,-0.0454,0.0004,False,3,0.2004,-0.3087,0.479,False,,,,0.0257,0.4,False,True,2,1,2,-0.04,-0.04,10.1016/j.tca.2012.02.005,-0.04,False,False,False,False,0,4,False,False,False,non-positive,"nothing: reported in the map, not stated as a finding","not boundable: n=24 < 40; 1 of 2 deletions leave fewer than 16 rows and the fixed cell is then undefined (10.1016/j.fluid.2016.10.009), so the sign is not verifiable",-0.164,0.123,
corner_60,solvent_class_x_solute_role,aprotic_acceptor | organic_solute,pair,full,24,21,5,24,0.1574,0.7424,False,2,10.1016/j.tca.2012.02.005,0.6103,0.0679,0.0453,0.0895,0.0216,0.0669,False,3,0.2004,-0.2434,0.726,False,,,,0.0358,0.4,False,True,2,1,2,-0.0098,-0.0098,10.1016/j.tca.2012.02.005,-0.0098,False,False,False,False,0,4,False,False,False,positive,"nothing: reported in the map, not stated as a finding","not boundable: n=24 < 40; 1 of 2 deletions leave fewer than 16 rows and the fixed cell is then undefined (10.1016/j.fluid.2016.10.009), so the sign is not verifiable",-0.098,0.219,
corner_60,solvent_class_x_solute_role,aprotic_acceptor | organic_solute,pair,res,24,21,5,24,0.0921,0.7424,False,2,10.1016/j.tca.2012.02.005,0.5772,0.0688,0.0459,0.0233,-0.0454,0.0004,False,3,0.2004,-0.3087,0.483,False,,,,0.0257,0.4,False,True,2,1,2,-0.04,-0.04,10.1016/j.tca.2012.02.005,-0.04,False,False,False,False,0,4,False,False,False,non-positive,"nothing: reported in the map, not stated as a finding","not boundable: n=24 < 40; 1 of 2 deletions leave fewer than 16 rows and the fixed cell is then undefined (10.1016/j.fluid.2016.10.009), so the sign is not verifiable",-0.155,0.142,
corner_60,solvent_class_x_solute_role,aromatic_hydrocarbon | organic_solute,row,full,7,7,1,7,1.0678,0.9426,False,1,10.1016/j.tca.2012.02.005,1.0,,,,,,,3,0.3613,0.3453,,True,,,,0.0709,0.1167,False,False,1,1,1,,,,,False,False,False,False,0,4,False,False,,no estimate,"nothing: reported in the map, not stated as a finding",not boundable: n=7 < 40; the fixed cell is undefined at n=7,,,
corner_60,solvent_class_x_solute_role,aromatic_hydrocarbon | organic_solute,row,res,7,7,1,7,0.9905,0.9426,False,1,10.1016/j.tca.2012.02.005,1.0,,,,,,,3,0.3613,0.268,,True,,,,0.0805,0.1167,False,False,1,1,1,,,,,False,False,False,False,0,4,False,False,,no estimate,"nothing: reported in the map, not stated as a finding",not boundable: n=7 < 40; the fixed cell is undefined at n=7,,,
corner_60,solvent_class_x_solute_role,aromatic_hydrocarbon | organic_solute,pair,full,7,7,1,7,1.0678,0.9426,False,1,10.1016/j.tca.2012.02.005,1.0,,,,,,,3,0.3613,0.3453,,True,,,,0.0709,0.1167,False,False,1,1,1,,,,,False,False,False,False,0,4,False,False,,no estimate,"nothing: reported in the map, not stated as a finding",not boundable: n=7 < 40; the fixed cell is undefined at n=7,,,
corner_60,solvent_class_x_solute_role,aromatic_hydrocarbon | organic_solute,pair,res,7,7,1,7,0.9905,0.9426,False,1,10.1016/j.tca.2012.02.005,1.0,,,,,,,3,0.3613,0.268,,True,,,,0.0805,0.1167,False,False,1,1,1,,,,,False,False,False,False,0,4,False,False,,no estimate,"nothing: reported in the map, not stated as a finding",not boundable: n=7 < 40; the fixed cell is undefined at n=7,,,
corner_60,solvent_class_x_solute_role,glycol_ether | organic_solute,row,full,7,7,1,7,2.7563,0.4601,False,1,10.1016/j.fluid.2013.06.028,1.0,,,,,,,3,0.3251,2.1061,,True,,,,0.183,0.1167,False,False,1,1,1,,,,,False,False,False,False,0,4,False,False,,no estimate,"nothing: reported in the map, not stated as a finding",not boundable: n=7 < 40; the fixed cell is undefined at n=7,,,
corner_60,solvent_class_x_solute_role,glycol_ether | organic_solute,row,res,7,7,1,7,2.5331,0.4601,False,1,10.1016/j.fluid.2013.06.028,1.0,,,,,,,3,0.3251,1.8829,,True,,,,0.2059,0.1167,False,False,1,1,1,,,,,False,False,False,False,0,4,False,False,,no estimate,"nothing: reported in the map, not stated as a finding",not boundable: n=7 < 40; the fixed cell is undefined at n=7,,,
corner_60,solvent_class_x_solute_role,glycol_ether | organic_solute,pair,full,7,7,1,7,2.7563,0.4601,False,1,10.1016/j.fluid.2013.06.028,1.0,,,,,,,3,0.3251,2.1061,,True,,,,0.183,0.1167,False,False,1,1,1,,,,,False,False,False,False,0,4,False,False,,no estimate,"nothing: reported in the map, not stated as a finding",not boundable: n=7 < 40; the fixed cell is undefined at n=7,,,
corner_60,solvent_class_x_solute_role,glycol_ether | organic_solute,pair,res,7,7,1,7,2.5331,0.4601,False,1,10.1016/j.fluid.2013.06.028,1.0,,,,,,,3,0.3251,1.8829,,True,,,,0.2059,0.1167,False,False,1,1,1,,,,,False,False,False,False,0,4,False,False,,no estimate,"nothing: reported in the map, not stated as a finding",not boundable: n=7 < 40; the fixed cell is undefined at n=7,,,
corner_60,solvent_class_x_solute_role,mono_alcohol | organic_solute,row,full,13,13,1,13,3.3808,1.3558,False,1,10.1016/j.tca.2012.02.005,1.0,,,,,,,3,1.5792,0.2224,,True,,,,0.4168,0.2167,False,False,1,1,1,,,,,False,False,False,False,0,4,False,False,,no estimate,"nothing: reported in the map, not stated as a finding",not boundable: n=13 < 40; the fixed cell is undefined at n=13,,,
corner_60,solvent_class_x_solute_role,mono_alcohol | organic_solute,row,res,13,13,1,13,2.713,1.3558,False,1,10.1016/j.tca.2012.02.005,1.0,,,,,,,3,1.6816,-0.6501,,True,,,,0.4095,0.2167,False,False,1,1,1,,,,,False,False,False,False,0,4,False,False,,no estimate,"nothing: reported in the map, not stated as a finding",not boundable: n=13 < 40; the fixed cell is undefined at n=13,,,
corner_60,solvent_class_x_solute_role,mono_alcohol | organic_solute,pair,full,13,13,1,13,3.3808,1.3558,False,1,10.1016/j.tca.2012.02.005,1.0,,,,,,,3,1.5792,0.2224,,True,,,,0.4168,0.2167,False,False,1,1,1,,,,,False,False,False,False,0,4,False,False,,no estimate,"nothing: reported in the map, not stated as a finding",not boundable: n=13 < 40; the fixed cell is undefined at n=13,,,
corner_60,solvent_class_x_solute_role,mono_alcohol | organic_solute,pair,res,13,13,1,13,2.713,1.3558,False,1,10.1016/j.tca.2012.02.005,1.0,,,,,,,3,1.6816,-0.6501,,True,,,,0.4095,0.2167,False,False,1,1,1,,,,,False,False,False,False,0,4,False,False,,no estimate,"nothing: reported in the map, not stated as a finding",not boundable: n=13 < 40; the fixed cell is undefined at n=13,,,
corner_60,solvent_class_x_solute_role,nh_protic | organic_solute,row,full,8,1,8,8,3.8671,0.0654,False,1,10.1016/j.tca.2012.02.005,1.0,,,,,,,3,0.0284,3.8103,,True,,,,0.2934,0.1333,False,False,1,1,1,,,,,False,False,False,False,0,4,False,False,,no estimate,"nothing: reported in the map, not stated as a finding",not boundable: n=8 < 40; the fixed cell is undefined at n=8,,,
corner_60,solvent_class_x_solute_role,nh_protic | organic_solute,row,res,8,1,8,8,2.9986,0.0654,False,1,10.1016/j.tca.2012.02.005,1.0,,,,,,,3,0.0292,2.9402,,True,,,,0.2785,0.1333,False,False,1,1,1,,,,,False,False,False,False,0,4,False,False,,no estimate,"nothing: reported in the map, not stated as a finding",not boundable: n=8 < 40; the fixed cell is undefined at n=8,,,
corner_60,solvent_class_x_solute_role,nh_protic | organic_solute,pair,full,8,1,8,8,3.8671,0.0654,False,1,10.1016/j.tca.2012.02.005,1.0,,,,,,,3,0.0284,3.8103,,True,,,,0.2934,0.1333,False,False,1,1,1,,,,,False,False,False,False,0,4,False,False,,no estimate,"nothing: reported in the map, not stated as a finding",not boundable: n=8 < 40; the fixed cell is undefined at n=8,,,
corner_60,solvent_class_x_solute_role,nh_protic | organic_solute,pair,res,8,1,8,8,2.9986,0.0654,False,1,10.1016/j.tca.2012.02.005,1.0,,,,,,,3,0.0292,2.9402,,True,,,,0.2785,0.1333,False,False,1,1,1,,,,,False,False,False,False,0,4,False,False,,no estimate,"nothing: reported in the map, not stated as a finding",not boundable: n=8 < 40; the fixed cell is undefined at n=8,,,
